InvoiceNo,StockCode,Description,Quantity,InvoiceDate,UnitPrice,CustomerID,Country
INV100115,TH-TSHIRT,Cotton Crew T-Shirt,2,2025-10-12 21:00,15.67,17007,United Kingdom
INV100926,TH-HOOD,Fleece Hoodie,1,2025-12-09 21:00,42.8,17113,United Kingdom
INV100278,TH-SOCK,Ankle Socks 3pk,4,2026-04-30 23:00,10.21,17018,United Kingdom
INV100131,TH-SHORT,Chino Shorts,2,2026-01-22 08:00,36.03,17008,United Kingdom
INV100822,TH-SCARF,Wool Scarf,1,2025-04-12 01:00,20.72,17102,United Kingdom
INV100148,TH-SCARF,Wool Scarf,3,2026-03-11 00:00,22.15,17009,United Kingdom
INV101002,TH-JACK,Denim Jacket,1,2025-04-30 06:00,74.93,17120,United Kingdom
INV100777,TH-BELT,Leather Belt,3,2025-05-04 03:00,24.39,17097,United Kingdom
INV100408,TH-CAP,Logo Cap,1,2026-04-28 02:00,15.19,17026,United Kingdom
INV100641,TH-JEAN,Slim Fit Jeans,1,2026-05-08 01:00,49.1,17052,United Kingdom
INV100001,TH-SCARF,Wool Scarf,4,2025-12-15 04:00,23.56,17001,United Kingdom
INV100035,TH-SOCK,Ankle Socks 3pk,4,2026-03-29 21:00,10.2,17002,United Kingdom
INV100361,TH-JEAN,Slim Fit Jeans,2,2025-11-19 04:00,39.72,17023,United Kingdom
INV100285,TH-HOOD,Fleece Hoodie,2,2025-10-03 04:00,46.31,17019,United Kingdom
INV100475,TH-SOCK,Ankle Socks 3pk,3,2026-04-25 21:00,8.33,17033,United Kingdom
INV100986,TH-SHOE,Canvas Sneakers,3,2025-06-21 07:00,47.64,17119,United Kingdom
INV100380,TH-SHIRT,Oxford Shirt,3,2026-06-12 08:00,28.44,17024,United Kingdom
INV100211,TH-DRESS,Summer Dress,3,2025-07-13 08:00,63.59,17014,United Kingdom
INV100258,TH-SHORT,Chino Shorts,4,2025-10-04 21:00,37.67,17017,United Kingdom
INV100946,TH-BELT,Leather Belt,2,2025-01-11 07:00,30.62,17116,United Kingdom
INV100012,TH-SHORT,Chino Shorts,2,2026-04-17 05:00,34.55,17001,United Kingdom
INV100170,TH-TSHIRT,Cotton Crew T-Shirt,4,2026-07-06 12:00,17.8,17010,United Kingdom
INV100365,TH-HOOD,Fleece Hoodie,1,2026-03-28 22:00,32.23,17023,United Kingdom
INV100097,TH-CAP,Logo Cap,1,2025-08-06 03:00,16.95,17006,United Kingdom
INV101082,TH-JEAN,Slim Fit Jeans,2,2025-01-16 08:00,59.08,17128,United Kingdom
INV100841,TH-SCARF,Wool Scarf,2,2025-10-07 22:00,21.19,17104,United Kingdom
INV100060,TH-SOCK,Ankle Socks 3pk,3,2025-06-23 08:00,10.0,17004,United Kingdom
INV100169,TH-SHORT,Chino Shorts,4,2026-06-18 21:00,31.69,17010,United Kingdom
INV100115,TH-SHOE,Canvas Sneakers,2,2025-10-12 21:00,46.8,17007,United Kingdom
INV100123,TH-SHIRT,Oxford Shirt,3,2026-06-08 03:00,36.41,17007,United Kingdom
INV100009,TH-SHORT,Chino Shorts,2,2026-02-03 03:00,30.96,17001,United Kingdom
INV100116,TH-SHIRT,Oxford Shirt,1,2025-10-20 00:00,38.07,17007,United Kingdom
INV100001,TH-CAP,Logo Cap,1,2025-12-15 04:00,15.51,17001,United Kingdom
INV100837,TH-SHIRT,Oxford Shirt,2,2025-07-21 07:00,35.5,17104,United Kingdom
INV100853,TH-TSHIRT,Cotton Crew T-Shirt,1,2026-01-07 00:00,14.91,17105,United Kingdom
INV100670,TH-JEAN,Slim Fit Jeans,3,2026-05-20 06:00,39.95,17058,United Kingdom
INV100208,TH-JACK,Denim Jacket,2,2026-06-09 04:00,77.59,17013,United Kingdom
INV100169,TH-SHOE,Canvas Sneakers,4,2026-06-18 21:00,45.4,17010,United Kingdom
INV100269,TH-SOCK,Ankle Socks 3pk,3,2026-01-02 01:00,10.35,17018,United Kingdom
INV100186,TH-JACK,Denim Jacket,4,2025-12-03 05:00,66.71,17012,United Kingdom
INV100476,TH-JACK,Denim Jacket,3,2026-06-06 12:00,56.59,17033,United Kingdom
INV100701,TH-SHIRT,Oxford Shirt,3,2026-03-20 02:00,29.07,17066,United Kingdom
INV101116,TH-SHIRT,Oxford Shirt,2,2024-12-19 08:00,24.45,17138,United Kingdom
INV100373,TH-TSHIRT,Cotton Crew T-Shirt,3,2026-01-31 21:00,14.74,17024,United Kingdom
INV101122,TH-SHORT,Chino Shorts,1,2025-01-26 23:00,24.87,17140,United Kingdom
INV100971,TH-DRESS,Summer Dress,3,2024-09-01 01:00,67.03,17118,United Kingdom
INV100729,TH-TSHIRT,Cotton Crew T-Shirt,1,2026-06-12 21:00,10.66,17079,United Kingdom
INV100485,TH-CAP,Logo Cap,1,2025-12-05 08:00,13.51,17035,United Kingdom
INV100974,TH-SHIRT,Oxford Shirt,2,2024-11-10 20:00,42.29,17118,United Kingdom
INV100315,TH-TSHIRT,Cotton Crew T-Shirt,2,2026-04-08 06:00,14.51,17020,United Kingdom
INV100062,TH-SHORT,Chino Shorts,3,2025-07-03 02:00,34.84,17004,United Kingdom
INV100489,TH-SCARF,Wool Scarf,2,2026-01-19 20:00,19.34,17035,United Kingdom
INV101054,TH-SOCK,Ankle Socks 3pk,3,2025-07-31 21:00,9.9,17125,United Kingdom
INV100829,TH-DRESS,Summer Dress,2,2025-06-21 22:00,61.33,17103,United Kingdom
INV100903,TH-SCARF,Wool Scarf,3,2025-08-07 02:00,22.39,17111,United Kingdom
INV101055,TH-SHIRT,Oxford Shirt,1,2025-09-14 12:00,42.15,17125,United Kingdom
INV100261,TH-HOOD,Fleece Hoodie,4,2025-12-06 22:00,43.02,17017,United Kingdom
INV100238,TH-SHIRT,Oxford Shirt,1,2026-05-19 07:00,33.9,17015,United Kingdom
INV100911,TH-JACK,Denim Jacket,1,2025-09-06 23:00,68.36,17112,United Kingdom
INV100479,TH-HOOD,Fleece Hoodie,3,2026-01-30 21:00,35.2,17034,United Kingdom
INV101096,TH-BELT,Leather Belt,1,2025-04-21 23:00,29.63,17129,United Kingdom
INV100049,TH-JACK,Denim Jacket,1,2025-10-25 02:00,77.77,17003,United Kingdom
INV100148,TH-SOCK,Ankle Socks 3pk,3,2026-03-11 00:00,11.61,17009,United Kingdom
INV100385,TH-HOOD,Fleece Hoodie,2,2026-02-16 04:00,37.96,17025,United Kingdom
INV100651,TH-SHOE,Canvas Sneakers,3,2026-06-15 12:00,36.81,17054,United Kingdom
INV100822,TH-SHIRT,Oxford Shirt,3,2025-04-12 01:00,33.1,17102,United Kingdom
INV100021,TH-SCARF,Wool Scarf,3,2025-11-09 05:00,23.99,17002,United Kingdom
INV100880,TH-SOCK,Ankle Socks 3pk,3,2025-07-24 07:00,10.11,17109,United Kingdom
INV100739,TH-BELT,Leather Belt,1,2026-06-26 12:00,20.97,17084,United Kingdom
INV100985,TH-CAP,Logo Cap,1,2025-06-13 04:00,18.21,17119,United Kingdom
INV100712,TH-SHORT,Chino Shorts,2,2026-04-09 03:00,31.28,17068,United Kingdom
INV100058,TH-JACK,Denim Jacket,3,2026-05-11 21:00,77.51,17003,United Kingdom
INV100230,TH-SOCK,Ankle Socks 3pk,1,2026-02-09 08:00,10.69,17015,United Kingdom
INV100277,TH-DRESS,Summer Dress,2,2026-04-24 20:00,57.53,17018,United Kingdom
INV100443,TH-SHIRT,Oxford Shirt,3,2025-09-18 03:00,32.96,17031,United Kingdom
INV100891,TH-TSHIRT,Cotton Crew T-Shirt,3,2025-11-20 02:00,16.32,17110,United Kingdom
INV100786,TH-SOCK,Ankle Socks 3pk,3,2025-06-07 06:00,9.14,17098,United Kingdom
INV100323,TH-SHORT,Chino Shorts,3,2025-11-04 07:00,32.9,17021,United Kingdom
INV100008,TH-JEAN,Slim Fit Jeans,4,2026-02-01 23:00,47.56,17001,United Kingdom
INV100340,TH-HOOD,Fleece Hoodie,3,2025-09-15 22:00,46.33,17022,United Kingdom
INV100283,TH-TSHIRT,Cotton Crew T-Shirt,1,2026-07-03 12:00,16.72,17018,United Kingdom
INV100291,TH-CAP,Logo Cap,2,2025-11-21 08:00,16.51,17019,United Kingdom
INV100790,TH-SHORT,Chino Shorts,1,2025-11-27 12:00,33.39,17098,United Kingdom
INV100489,TH-SHORT,Chino Shorts,1,2026-01-19 20:00,27.36,17035,United Kingdom
INV100821,TH-BELT,Leather Belt,1,2025-03-29 03:00,27.04,17102,United Kingdom
INV100530,TH-SCARF,Wool Scarf,3,2026-02-02 23:00,19.02,17040,United Kingdom
INV100250,TH-DRESS,Summer Dress,3,2025-11-06 20:00,59.49,17016,United Kingdom
INV101144,TH-SCARF,Wool Scarf,1,2024-11-11 12:00,16.98,17152,United Kingdom
INV101089,TH-SHIRT,Oxford Shirt,1,2025-01-30 00:00,37.2,17129,United Kingdom
INV100673,TH-BELT,Leather Belt,3,2026-03-17 03:00,24.1,17059,United Kingdom
INV100473,TH-SCARF,Wool Scarf,2,2026-04-25 03:00,21.79,17033,United Kingdom
INV100074,TH-BELT,Leather Belt,3,2026-06-24 01:00,27.98,17004,United Kingdom
INV100361,TH-SHORT,Chino Shorts,1,2025-11-19 04:00,27.11,17023,United Kingdom
INV100625,TH-CAP,Logo Cap,3,2026-02-07 07:00,13.99,17048,United Kingdom
INV100936,TH-JACK,Denim Jacket,3,2024-12-31 20:00,71.27,17115,United Kingdom
INV100294,TH-CAP,Logo Cap,4,2026-01-01 21:00,15.6,17019,United Kingdom
INV100047,TH-CAP,Logo Cap,2,2025-09-14 20:00,17.17,17003,United Kingdom
INV100663,TH-SHOE,Canvas Sneakers,3,2026-05-15 03:00,40.16,17057,United Kingdom
INV100273,TH-SOCK,Ankle Socks 3pk,4,2026-02-25 20:00,11.06,17018,United Kingdom
INV100520,TH-SHIRT,Oxford Shirt,3,2026-06-28 04:00,31.93,17038,United Kingdom
INV100802,TH-JACK,Denim Jacket,2,2025-04-25 21:00,64.1,17100,United Kingdom
INV101083,TH-SOCK,Ankle Socks 3pk,2,2025-04-10 01:00,11.58,17128,United Kingdom
INV100240,TH-JACK,Denim Jacket,2,2026-06-13 00:00,76.14,17015,United Kingdom
INV100192,TH-CAP,Logo Cap,1,2026-02-08 04:00,15.58,17012,United Kingdom
INV100281,TH-CAP,Logo Cap,4,2026-06-03 20:00,16.63,17018,United Kingdom
INV100860,TH-DRESS,Summer Dress,3,2025-11-12 22:00,56.66,17106,United Kingdom
INV100989,TH-SHOE,Canvas Sneakers,1,2025-08-22 04:00,55.51,17119,United Kingdom
INV100673,TH-SHIRT,Oxford Shirt,1,2026-03-17 03:00,34.3,17059,United Kingdom
INV100589,TH-SHOE,Canvas Sneakers,3,2026-06-02 06:00,37.63,17045,United Kingdom
INV100174,TH-SOCK,Ankle Socks 3pk,2,2025-11-18 07:00,11.33,17011,United Kingdom
INV100310,TH-SCARF,Wool Scarf,4,2026-01-21 08:00,24.19,17020,United Kingdom
INV100498,TH-DRESS,Summer Dress,2,2026-02-05 23:00,55.4,17036,United Kingdom
INV100330,TH-BELT,Leather Belt,1,2026-02-06 04:00,25.28,17021,United Kingdom
INV100345,TH-SHIRT,Oxford Shirt,3,2025-12-24 03:00,37.97,17022,United Kingdom
INV100741,TH-JEAN,Slim Fit Jeans,2,2026-07-04 12:00,41.43,17085,United Kingdom
INV101046,TH-SHOE,Canvas Sneakers,2,2024-11-12 08:00,49.87,17125,United Kingdom
INV101074,TH-TSHIRT,Cotton Crew T-Shirt,3,2025-02-02 02:00,17.56,17127,United Kingdom
INV101076,TH-DRESS,Summer Dress,3,2025-03-02 00:00,63.09,17127,United Kingdom
INV100486,TH-JACK,Denim Jacket,3,2025-12-18 04:00,60.59,17035,United Kingdom
INV100591,TH-BELT,Leather Belt,1,2025-09-18 02:00,24.81,17046,United Kingdom
INV100255,TH-SHORT,Chino Shorts,3,2026-04-13 03:00,35.15,17016,United Kingdom
INV100184,TH-SHOE,Canvas Sneakers,4,2025-11-15 21:00,47.84,17012,United Kingdom
INV100196,TH-SCARF,Wool Scarf,1,2026-04-01 04:00,20.64,17012,United Kingdom
INV101026,TH-DRESS,Summer Dress,1,2025-01-01 21:00,60.23,17123,United Kingdom
INV100705,TH-SHORT,Chino Shorts,1,2026-06-01 05:00,31.37,17066,United Kingdom
INV100264,TH-TSHIRT,Cotton Crew T-Shirt,3,2026-01-16 00:00,17.21,17017,United Kingdom
INV101066,TH-SHIRT,Oxford Shirt,1,2024-07-09 08:00,38.11,17127,United Kingdom
INV100067,TH-SHORT,Chino Shorts,4,2026-02-20 03:00,32.55,17004,United Kingdom
INV100478,TH-SHOE,Canvas Sneakers,2,2026-01-15 06:00,45.25,17034,United Kingdom
INV100712,TH-SHOE,Canvas Sneakers,1,2026-04-09 03:00,39.17,17068,United Kingdom
INV100061,TH-SHOE,Canvas Sneakers,4,2025-06-25 21:00,52.95,17004,United Kingdom
INV100996,TH-SHORT,Chino Shorts,1,2024-12-15 08:00,36.6,17120,United Kingdom
INV100331,TH-JEAN,Slim Fit Jeans,1,2026-03-01 03:00,47.74,17021,United Kingdom
INV100465,TH-HOOD,Fleece Hoodie,2,2025-11-11 05:00,38.1,17033,United Kingdom
INV100038,TH-SHORT,Chino Shorts,4,2026-05-30 23:00,34.87,17002,United Kingdom
INV100997,TH-JACK,Denim Jacket,3,2024-12-22 02:00,68.95,17120,United Kingdom
INV100289,TH-SHIRT,Oxford Shirt,1,2025-10-31 20:00,32.96,17019,United Kingdom
INV101005,TH-JEAN,Slim Fit Jeans,1,2024-11-24 20:00,54.28,17121,United Kingdom
INV100765,TH-CAP,Logo Cap,2,2025-11-16 23:00,17.5,17095,United Kingdom
INV100695,TH-JEAN,Slim Fit Jeans,1,2026-01-29 07:00,43.69,17065,United Kingdom
INV100854,TH-TSHIRT,Cotton Crew T-Shirt,1,2026-01-09 06:00,16.36,17105,United Kingdom
INV100658,TH-SHOE,Canvas Sneakers,2,2026-01-21 06:00,37.47,17056,United Kingdom
INV100285,TH-SHOE,Canvas Sneakers,3,2025-10-03 04:00,48.76,17019,United Kingdom
INV100243,TH-JEAN,Slim Fit Jeans,2,2026-07-04 20:00,50.64,17015,United Kingdom
INV101032,TH-BELT,Leather Belt,3,2025-04-29 23:00,27.77,17123,United Kingdom
INV100400,TH-HOOD,Fleece Hoodie,2,2025-11-22 01:00,35.98,17026,United Kingdom
INV100904,TH-JACK,Denim Jacket,2,2025-10-04 07:00,63.03,17111,United Kingdom
INV100516,TH-SHOE,Canvas Sneakers,2,2025-12-19 02:00,42.92,17038,United Kingdom
INV100922,TH-DRESS,Summer Dress,2,2025-11-16 20:00,50.37,17113,United Kingdom
INV100137,TH-JACK,Denim Jacket,2,2025-09-14 22:00,73.76,17009,United Kingdom
INV100209,TH-SCARF,Wool Scarf,1,2026-07-09 12:00,24.67,17013,United Kingdom
INV100182,TH-DRESS,Summer Dress,4,2026-06-20 07:00,54.18,17011,United Kingdom
INV100552,TH-BELT,Leather Belt,3,2026-05-21 20:00,20.87,17041,United Kingdom
INV100899,TH-CAP,Logo Cap,3,2025-04-14 03:00,16.19,17111,United Kingdom
INV101028,TH-TSHIRT,Cotton Crew T-Shirt,3,2025-03-03 22:00,15.45,17123,United Kingdom
INV100069,TH-SHOE,Canvas Sneakers,3,2026-04-03 05:00,50.67,17004,United Kingdom
INV100305,TH-JEAN,Slim Fit Jeans,1,2025-10-29 05:00,57.9,17020,United Kingdom
INV101038,TH-SHORT,Chino Shorts,2,2024-09-24 02:00,32.05,17124,United Kingdom
INV100265,TH-JACK,Denim Jacket,2,2026-01-28 06:00,70.2,17017,United Kingdom
INV100697,TH-JACK,Denim Jacket,1,2026-02-22 03:00,66.28,17065,United Kingdom
INV100145,TH-SHIRT,Oxford Shirt,3,2026-01-26 07:00,36.16,17009,United Kingdom
INV100588,TH-SOCK,Ankle Socks 3pk,1,2026-04-25 21:00,8.47,17045,United Kingdom
INV100025,TH-BELT,Leather Belt,2,2025-12-23 00:00,26.6,17002,United Kingdom
INV100242,TH-SCARF,Wool Scarf,1,2026-07-02 06:00,24.86,17015,United Kingdom
INV101072,TH-SHOE,Canvas Sneakers,3,2024-11-04 04:00,45.38,17127,United Kingdom
INV100416,TH-SOCK,Ankle Socks 3pk,2,2026-05-06 20:00,9.58,17027,United Kingdom
INV100632,TH-JEAN,Slim Fit Jeans,1,2026-01-21 04:00,42.13,17050,United Kingdom
INV100664,TH-DRESS,Summer Dress,2,2026-06-05 23:00,49.59,17057,United Kingdom
INV100468,TH-JACK,Denim Jacket,1,2026-01-09 01:00,63.93,17033,United Kingdom
INV101007,TH-SCARF,Wool Scarf,1,2025-02-27 21:00,22.37,17121,United Kingdom
INV100295,TH-JEAN,Slim Fit Jeans,4,2026-01-12 02:00,49.37,17019,United Kingdom
INV100689,TH-SHOE,Canvas Sneakers,3,2026-04-23 06:00,43.84,17063,United Kingdom
INV100215,TH-BELT,Leather Belt,4,2025-09-27 03:00,29.44,17014,United Kingdom
INV100644,TH-SHORT,Chino Shorts,1,2026-04-21 03:00,28.12,17053,United Kingdom
INV100120,TH-SHORT,Chino Shorts,4,2025-12-21 08:00,31.79,17007,United Kingdom
INV100299,TH-SCARF,Wool Scarf,3,2026-06-25 05:00,25.31,17019,United Kingdom
INV100170,TH-SHORT,Chino Shorts,2,2026-07-06 12:00,32.9,17010,United Kingdom
INV101073,TH-TSHIRT,Cotton Crew T-Shirt,2,2024-12-25 07:00,18.39,17127,United Kingdom
INV101012,TH-TSHIRT,Cotton Crew T-Shirt,2,2025-08-19 00:00,15.84,17121,United Kingdom
INV100954,TH-SCARF,Wool Scarf,3,2025-07-24 21:00,23.67,17116,United Kingdom
INV100778,TH-TSHIRT,Cotton Crew T-Shirt,1,2025-05-12 05:00,16.02,17097,United Kingdom
INV100034,TH-JACK,Denim Jacket,2,2026-03-23 20:00,65.23,17002,United Kingdom
INV100615,TH-CAP,Logo Cap,2,2026-01-23 21:00,14.71,17047,United Kingdom
INV100072,TH-JEAN,Slim Fit Jeans,2,2026-05-12 03:00,53.61,17004,United Kingdom
INV100083,TH-BELT,Leather Belt,1,2026-01-16 05:00,25.59,17005,United Kingdom
INV100684,TH-SHOE,Canvas Sneakers,1,2026-03-08 04:00,36.36,17062,United Kingdom
INV100057,TH-HOOD,Fleece Hoodie,2,2026-05-09 02:00,37.29,17003,United Kingdom
INV100660,TH-SHIRT,Oxford Shirt,1,2026-04-30 23:00,33.44,17056,United Kingdom
INV100706,TH-JACK,Denim Jacket,1,2026-06-17 12:00,66.43,17066,United Kingdom
INV100936,TH-TSHIRT,Cotton Crew T-Shirt,1,2024-12-31 20:00,15.71,17115,United Kingdom
INV101100,TH-BELT,Leather Belt,2,2024-07-21 08:00,18.86,17130,United Kingdom
INV100463,TH-SOCK,Ankle Socks 3pk,2,2026-07-04 12:00,8.03,17032,United Kingdom
INV100912,TH-TSHIRT,Cotton Crew T-Shirt,1,2025-09-09 21:00,14.81,17112,United Kingdom
INV100063,TH-HOOD,Fleece Hoodie,2,2025-07-24 05:00,47.53,17004,United Kingdom
INV100159,TH-SHORT,Chino Shorts,4,2025-11-01 22:00,33.47,17010,United Kingdom
INV100635,TH-HOOD,Fleece Hoodie,3,2026-06-25 12:00,38.53,17050,United Kingdom
INV100153,TH-DRESS,Summer Dress,4,2026-05-22 00:00,65.99,17009,United Kingdom
INV100852,TH-BELT,Leather Belt,3,2025-12-15 00:00,22.87,17105,United Kingdom
INV100123,TH-SCARF,Wool Scarf,4,2026-06-08 03:00,21.46,17007,United Kingdom
INV100328,TH-SHIRT,Oxford Shirt,2,2026-01-04 00:00,37.7,17021,United Kingdom
INV100070,TH-HOOD,Fleece Hoodie,1,2026-04-03 20:00,41.85,17004,United Kingdom
INV100772,TH-JEAN,Slim Fit Jeans,1,2025-11-01 08:00,51.73,17096,United Kingdom
INV100122,TH-BELT,Leather Belt,2,2026-03-31 08:00,27.36,17007,United Kingdom
INV100153,TH-SHOE,Canvas Sneakers,1,2026-05-22 00:00,43.3,17009,United Kingdom
INV100394,TH-JACK,Denim Jacket,1,2026-06-12 21:00,66.82,17025,United Kingdom
INV100378,TH-TSHIRT,Cotton Crew T-Shirt,2,2026-05-29 08:00,13.78,17024,United Kingdom
INV100072,TH-HOOD,Fleece Hoodie,4,2026-05-12 03:00,43.67,17004,United Kingdom
INV100695,TH-SOCK,Ankle Socks 3pk,1,2026-01-29 07:00,7.91,17065,United Kingdom
INV100158,TH-TSHIRT,Cotton Crew T-Shirt,2,2025-10-02 02:00,16.26,17010,United Kingdom
INV100570,TH-SCARF,Wool Scarf,1,2026-05-08 04:00,18.55,17043,United Kingdom
INV100190,TH-SHIRT,Oxford Shirt,2,2026-01-27 03:00,36.33,17012,United Kingdom
INV100346,TH-TSHIRT,Cotton Crew T-Shirt,3,2026-01-16 06:00,15.56,17022,United Kingdom
INV100293,TH-SHORT,Chino Shorts,2,2025-12-23 04:00,35.1,17019,United Kingdom
INV100716,TH-SHORT,Chino Shorts,2,2026-07-04 12:00,22.53,17070,United Kingdom
INV100580,TH-SHIRT,Oxford Shirt,3,2026-05-15 07:00,29.75,17044,United Kingdom
INV100104,TH-SHOE,Canvas Sneakers,4,2026-01-03 23:00,48.09,17006,United Kingdom
INV100337,TH-TSHIRT,Cotton Crew T-Shirt,1,2026-05-20 03:00,17.24,17021,United Kingdom
INV100359,TH-DRESS,Summer Dress,3,2025-07-16 20:00,47.89,17023,United Kingdom
INV101086,TH-SHORT,Chino Shorts,3,2025-06-27 12:00,35.31,17128,United Kingdom
INV100172,TH-SHORT,Chino Shorts,4,2025-10-08 21:00,32.14,17011,United Kingdom
INV100068,TH-DRESS,Summer Dress,2,2026-02-24 04:00,60.2,17004,United Kingdom
INV100347,TH-SHIRT,Oxford Shirt,3,2026-02-03 23:00,38.59,17022,United Kingdom
INV100777,TH-SOCK,Ankle Socks 3pk,1,2025-05-04 03:00,8.83,17097,United Kingdom
INV100196,TH-SHORT,Chino Shorts,2,2026-04-01 04:00,32.43,17012,United Kingdom
INV101036,TH-SHORT,Chino Shorts,2,2024-07-07 05:00,35.35,17124,United Kingdom
INV100812,TH-JEAN,Slim Fit Jeans,2,2025-07-30 00:00,43.58,17101,United Kingdom
INV100928,TH-HOOD,Fleece Hoodie,1,2025-06-17 03:00,34.89,17114,United Kingdom
INV100661,TH-SOCK,Ankle Socks 3pk,2,2026-06-15 12:00,9.45,17056,United Kingdom
INV100277,TH-JEAN,Slim Fit Jeans,1,2026-04-24 20:00,53.96,17018,United Kingdom
INV100180,TH-SHOE,Canvas Sneakers,2,2026-03-26 21:00,49.96,17011,United Kingdom
INV100322,TH-SHIRT,Oxford Shirt,2,2025-11-02 20:00,34.0,17021,United Kingdom
INV100019,TH-SCARF,Wool Scarf,3,2026-07-12 12:00,20.83,17001,United Kingdom
INV100713,TH-SOCK,Ankle Socks 3pk,3,2026-04-09 08:00,8.15,17068,United Kingdom
INV100441,TH-SOCK,Ankle Socks 3pk,3,2026-07-05 12:00,7.79,17030,United Kingdom
INV100479,TH-SCARF,Wool Scarf,1,2026-01-30 21:00,17.77,17034,United Kingdom
INV100847,TH-SCARF,Wool Scarf,3,2025-12-06 21:00,22.24,17104,United Kingdom
INV100778,TH-JEAN,Slim Fit Jeans,2,2025-05-12 05:00,54.24,17097,United Kingdom
INV100180,TH-BELT,Leather Belt,4,2026-03-26 21:00,28.23,17011,United Kingdom
INV100152,TH-SHORT,Chino Shorts,1,2026-04-20 03:00,37.23,17009,United Kingdom
INV100472,TH-DRESS,Summer Dress,2,2026-04-20 00:00,47.77,17033,United Kingdom
INV100421,TH-JEAN,Slim Fit Jeans,1,2025-08-30 01:00,41.73,17028,United Kingdom
INV100111,TH-SOCK,Ankle Socks 3pk,2,2026-04-29 06:00,11.26,17006,United Kingdom
INV101034,TH-CAP,Logo Cap,1,2024-06-27 05:00,17.8,17124,United Kingdom
INV100011,TH-SHORT,Chino Shorts,4,2026-03-26 20:00,30.7,17001,United Kingdom
INV100310,TH-HOOD,Fleece Hoodie,1,2026-01-21 08:00,39.1,17020,United Kingdom
INV100934,TH-HOOD,Fleece Hoodie,2,2024-11-05 23:00,45.32,17115,United Kingdom
INV100215,TH-DRESS,Summer Dress,2,2025-09-27 03:00,66.44,17014,United Kingdom
INV100062,TH-SHIRT,Oxford Shirt,4,2025-07-03 02:00,39.23,17004,United Kingdom
INV100735,TH-TSHIRT,Cotton Crew T-Shirt,2,2026-07-14 12:00,10.68,17082,United Kingdom
INV101095,TH-JACK,Denim Jacket,3,2025-04-20 04:00,83.91,17129,United Kingdom
INV100271,TH-SHIRT,Oxford Shirt,1,2026-01-11 01:00,35.41,17018,United Kingdom
INV100067,TH-CAP,Logo Cap,2,2026-02-20 03:00,19.24,17004,United Kingdom
INV100269,TH-SCARF,Wool Scarf,3,2026-01-02 01:00,22.92,17018,United Kingdom
INV100730,TH-SHORT,Chino Shorts,2,2026-07-02 12:00,24.23,17079,United Kingdom
INV100065,TH-SHORT,Chino Shorts,2,2026-01-05 00:00,32.86,17004,United Kingdom
INV100381,TH-SCARF,Wool Scarf,2,2026-07-15 12:00,19.74,17024,United Kingdom
INV100339,TH-BELT,Leather Belt,2,2026-07-02 12:00,27.82,17021,United Kingdom
INV100250,TH-JEAN,Slim Fit Jeans,1,2025-11-06 20:00,58.37,17016,United Kingdom
INV100446,TH-CAP,Logo Cap,2,2025-12-30 02:00,15.14,17031,United Kingdom
INV101136,TH-BELT,Leather Belt,1,2025-01-09 07:00,20.04,17148,United Kingdom
INV100257,TH-SHOE,Canvas Sneakers,1,2025-10-04 03:00,45.0,17017,United Kingdom
INV100938,TH-JEAN,Slim Fit Jeans,3,2025-03-18 06:00,58.78,17115,United Kingdom
INV100302,TH-SCARF,Wool Scarf,3,2025-10-04 06:00,24.81,17020,United Kingdom
INV101098,TH-JACK,Denim Jacket,1,2025-07-05 23:00,85.54,17129,United Kingdom
INV100904,TH-DRESS,Summer Dress,3,2025-10-04 07:00,56.65,17111,United Kingdom
INV100977,TH-JEAN,Slim Fit Jeans,3,2024-12-31 05:00,59.7,17118,United Kingdom
INV100039,TH-SOCK,Ankle Socks 3pk,3,2026-06-18 21:00,10.56,17002,United Kingdom
INV100010,TH-SHIRT,Oxford Shirt,1,2026-02-08 23:00,41.19,17001,United Kingdom
INV100316,TH-SHOE,Canvas Sneakers,2,2026-04-11 08:00,52.17,17020,United Kingdom
INV100060,TH-SHIRT,Oxford Shirt,1,2025-06-23 08:00,36.62,17004,United Kingdom
INV101134,TH-TSHIRT,Cotton Crew T-Shirt,2,2024-09-26 23:00,9.55,17147,United Kingdom
INV100208,TH-JACK,Denim Jacket,4,2026-06-09 04:00,73.6,17013,United Kingdom
INV100353,TH-CAP,Logo Cap,3,2026-06-01 21:00,16.64,17022,United Kingdom
INV101005,TH-HOOD,Fleece Hoodie,1,2024-11-24 20:00,46.73,17121,United Kingdom
INV100541,TH-SHIRT,Oxford Shirt,3,2026-07-01 12:00,29.75,17040,United Kingdom
INV100502,TH-SOCK,Ankle Socks 3pk,3,2025-12-05 20:00,9.31,17037,United Kingdom
INV100685,TH-JEAN,Slim Fit Jeans,3,2026-04-13 08:00,50.51,17062,United Kingdom
INV100910,TH-JEAN,Slim Fit Jeans,2,2025-09-01 20:00,47.57,17112,United Kingdom
INV100544,TH-SHORT,Chino Shorts,3,2026-02-03 04:00,27.81,17041,United Kingdom
INV100278,TH-SHIRT,Oxford Shirt,4,2026-04-30 23:00,32.43,17018,United Kingdom
INV101052,TH-SHIRT,Oxford Shirt,3,2025-05-22 05:00,35.85,17125,United Kingdom
INV100002,TH-HOOD,Fleece Hoodie,3,2025-12-15 21:00,45.84,17001,United Kingdom
INV100209,TH-SHOE,Canvas Sneakers,3,2026-07-09 12:00,48.64,17013,United Kingdom
INV100004,TH-DRESS,Summer Dress,3,2026-01-04 06:00,65.31,17001,United Kingdom
INV100715,TH-SHIRT,Oxford Shirt,1,2026-07-08 12:00,30.0,17069,United Kingdom
INV101064,TH-CAP,Logo Cap,1,2025-10-23 12:00,19.73,17126,United Kingdom
INV100883,TH-SHOE,Canvas Sneakers,3,2025-08-28 23:00,42.31,17109,United Kingdom
INV100035,TH-DRESS,Summer Dress,2,2026-03-29 21:00,63.48,17002,United Kingdom
INV100410,TH-DRESS,Summer Dress,1,2025-06-21 00:00,44.92,17027,United Kingdom
INV100262,TH-BELT,Leather Belt,1,2025-12-12 03:00,28.95,17017,United Kingdom
INV100153,TH-BELT,Leather Belt,1,2026-05-22 00:00,29.89,17009,United Kingdom
INV100969,TH-SOCK,Ankle Socks 3pk,1,2025-10-21 12:00,9.83,17117,United Kingdom
INV101161,TH-CAP,Logo Cap,2,2026-06-16 12:00,1389.97,17160,United Kingdom
INV101039,TH-TSHIRT,Cotton Crew T-Shirt,3,2024-09-29 03:00,15.26,17124,United Kingdom
INV100575,TH-SHOE,Canvas Sneakers,1,2025-11-27 06:00,45.01,17044,United Kingdom
INV100092,TH-CAP,Logo Cap,3,2026-04-20 22:00,15.6,17005,United Kingdom
INV100096,TH-SHORT,Chino Shorts,3,2025-08-05 23:00,30.29,17006,United Kingdom
INV101149,TH-SHOE,Canvas Sneakers,2,2025-02-24 12:00,33.28,17155,United Kingdom
INV100558,TH-SCARF,Wool Scarf,3,2025-12-15 07:00,18.25,17042,United Kingdom
INV100291,TH-SHOE,Canvas Sneakers,1,2025-11-21 08:00,49.27,17019,United Kingdom
INV100284,TH-JACK,Denim Jacket,4,2025-10-01 06:00,70.74,17019,United Kingdom
INV101102,TH-SOCK,Ankle Socks 3pk,2,2025-03-07 02:00,6.56,17131,United Kingdom
INV100598,TH-SOCK,Ankle Socks 3pk,1,2026-02-13 01:00,8.39,17046,United Kingdom
INV100044,TH-SOCK,Ankle Socks 3pk,2,2025-06-28 23:00,9.37,17003,United Kingdom
INV100717,TH-DRESS,Summer Dress,1,2026-07-15 12:00,46.14,17071,United Kingdom
INV100788,TH-CAP,Logo Cap,1,2025-07-26 22:00,16.48,17098,United Kingdom
INV100776,TH-SHIRT,Oxford Shirt,2,2025-03-24 02:00,35.47,17097,United Kingdom
INV100036,TH-DRESS,Summer Dress,1,2026-04-12 06:00,66.04,17002,United Kingdom
INV101085,TH-SHIRT,Oxford Shirt,1,2025-05-18 05:00,38.51,17128,United Kingdom
INV100551,TH-SHIRT,Oxford Shirt,1,2026-04-18 22:00,28.04,17041,United Kingdom
INV100008,TH-SHORT,Chino Shorts,1,2026-02-01 23:00,35.31,17001,United Kingdom
INV100066,TH-SOCK,Ankle Socks 3pk,3,2026-02-08 04:00,11.56,17004,United Kingdom
INV100295,TH-CAP,Logo Cap,1,2026-01-12 02:00,15.31,17019,United Kingdom
INV100275,TH-JACK,Denim Jacket,3,2026-03-11 02:00,72.36,17018,United Kingdom
INV100145,TH-DRESS,Summer Dress,2,2026-01-26 07:00,53.38,17009,United Kingdom
INV101089,TH-SHOE,Canvas Sneakers,3,2025-01-30 00:00,50.32,17129,United Kingdom
INV100330,TH-DRESS,Summer Dress,3,2026-02-06 04:00,66.48,17021,United Kingdom
INV100263,TH-DRESS,Summer Dress,4,2026-01-05 20:00,53.49,17017,United Kingdom
INV100754,TH-SHORT,Chino Shorts,2,2026-05-31 08:00,27.16,17093,United Kingdom
INV100914,TH-JEAN,Slim Fit Jeans,2,2025-11-15 21:00,51.49,17112,United Kingdom
INV100353,TH-DRESS,Summer Dress,2,2026-06-01 21:00,61.4,17022,United Kingdom
INV100587,TH-SHORT,Chino Shorts,3,2026-04-24 01:00,24.87,17045,United Kingdom
INV100558,TH-SHOE,Canvas Sneakers,2,2025-12-15 07:00,37.78,17042,United Kingdom
INV100292,TH-SOCK,Ankle Socks 3pk,2,2025-11-22 01:00,9.38,17019,United Kingdom
INV100811,TH-BELT,Leather Belt,2,2025-07-30 00:00,26.22,17101,United Kingdom
INV100293,TH-HOOD,Fleece Hoodie,3,2025-12-23 04:00,46.47,17019,United Kingdom
INV100370,TH-SHIRT,Oxford Shirt,1,2025-11-23 00:00,32.52,17024,United Kingdom
INV100071,TH-CAP,Logo Cap,4,2026-04-18 00:00,15.73,17004,United Kingdom
INV100289,TH-SCARF,Wool Scarf,2,2025-10-31 20:00,23.26,17019,United Kingdom
INV101112,TH-SOCK,Ankle Socks 3pk,1,2025-05-15 12:00,6.63,17136,United Kingdom
INV100966,TH-SOCK,Ankle Socks 3pk,1,2025-09-02 05:00,9.6,17117,United Kingdom
INV100803,TH-SHIRT,Oxford Shirt,1,2025-05-03 23:00,37.53,17100,United Kingdom
INV100637,TH-SHOE,Canvas Sneakers,3,2026-05-18 20:00,45.8,17051,United Kingdom
INV100092,TH-SCARF,Wool Scarf,1,2026-04-20 22:00,26.03,17005,United Kingdom
INV100220,TH-HOOD,Fleece Hoodie,1,2026-01-22 03:00,43.34,17014,United Kingdom
INV101046,TH-CAP,Logo Cap,1,2024-11-12 08:00,16.73,17125,United Kingdom
INV100993,TH-TSHIRT,Cotton Crew T-Shirt,1,2024-10-20 20:00,14.81,17120,United Kingdom
INV100332,TH-DRESS,Summer Dress,4,2026-03-14 03:00,60.59,17021,United Kingdom
INV100835,TH-CAP,Logo Cap,3,2025-11-30 07:00,17.46,17103,United Kingdom
INV100331,TH-BELT,Leather Belt,1,2026-03-01 03:00,24.93,17021,United Kingdom
INV100164,TH-DRESS,Summer Dress,4,2026-01-13 07:00,61.96,17010,United Kingdom
INV100636,TH-HOOD,Fleece Hoodie,1,2026-05-17 06:00,37.68,17051,United Kingdom
INV100752,TH-DRESS,Summer Dress,1,2026-07-12 12:00,50.07,17091,United Kingdom
INV100335,TH-SHOE,Canvas Sneakers,4,2026-04-13 23:00,49.96,17021,United Kingdom
INV100246,TH-SHIRT,Oxford Shirt,3,2025-07-28 22:00,33.96,17016,United Kingdom
INV101130,TH-SHOE,Canvas Sneakers,2,2025-03-23 12:00,35.36,17145,United Kingdom
INV100214,TH-DRESS,Summer Dress,2,2025-08-16 05:00,53.93,17014,United Kingdom
INV101063,TH-JACK,Denim Jacket,1,2025-09-25 20:00,74.6,17126,United Kingdom
INV100339,TH-DRESS,Summer Dress,4,2026-07-02 12:00,59.37,17021,United Kingdom
INV100485,TH-HOOD,Fleece Hoodie,1,2025-12-05 08:00,36.19,17035,United Kingdom
INV100168,TH-DRESS,Summer Dress,2,2026-05-22 23:00,59.0,17010,United Kingdom
INV100546,TH-JEAN,Slim Fit Jeans,3,2026-02-23 21:00,47.22,17041,United Kingdom
INV100204,TH-SHIRT,Oxford Shirt,3,2026-03-31 03:00,35.53,17013,United Kingdom
INV100849,TH-SCARF,Wool Scarf,3,2025-06-24 08:00,19.77,17105,United Kingdom
INV100173,TH-SHIRT,Oxford Shirt,3,2025-10-29 03:00,34.7,17011,United Kingdom
INV101037,TH-SHOE,Canvas Sneakers,3,2024-07-20 20:00,48.77,17124,United Kingdom
INV100056,TH-SCARF,Wool Scarf,1,2026-03-16 20:00,25.91,17003,United Kingdom
INV100527,TH-SHIRT,Oxford Shirt,2,2026-06-04 12:00,28.27,17039,United Kingdom
INV100938,TH-SOCK,Ankle Socks 3pk,3,2025-03-18 06:00,10.51,17115,United Kingdom
INV100683,TH-SHORT,Chino Shorts,2,2026-07-10 12:00,29.71,17061,United Kingdom
INV100767,TH-SCARF,Wool Scarf,2,2025-12-18 01:00,20.58,17095,United Kingdom
INV100650,TH-SOCK,Ankle Socks 3pk,1,2026-04-14 23:00,8.64,17054,United Kingdom
INV100843,TH-DRESS,Summer Dress,1,2025-11-07 03:00,53.39,17104,United Kingdom
INV100048,TH-TSHIRT,Cotton Crew T-Shirt,1,2025-09-23 20:00,15.18,17003,United Kingdom
INV100469,TH-SOCK,Ankle Socks 3pk,1,2026-02-05 01:00,8.92,17033,United Kingdom
INV100069,TH-TSHIRT,Cotton Crew T-Shirt,2,2026-04-03 05:00,15.63,17004,United Kingdom
INV101097,TH-SOCK,Ankle Socks 3pk,3,2025-06-06 01:00,11.11,17129,United Kingdom
INV100738,TH-TSHIRT,Cotton Crew T-Shirt,1,2026-06-09 03:00,12.25,17084,United Kingdom
INV100831,TH-DRESS,Summer Dress,2,2025-07-28 08:00,53.59,17103,United Kingdom
INV100163,TH-TSHIRT,Cotton Crew T-Shirt,1,2025-12-19 07:00,17.84,17010,United Kingdom
INV100082,TH-SHIRT,Oxford Shirt,1,2025-12-31 22:00,38.35,17005,United Kingdom
INV100028,TH-HOOD,Fleece Hoodie,3,2026-01-11 08:00,40.89,17002,United Kingdom
INV101050,TH-TSHIRT,Cotton Crew T-Shirt,2,2025-04-17 22:00,18.6,17125,United Kingdom
INV100941,TH-BELT,Leather Belt,2,2025-05-04 02:00,25.03,17115,United Kingdom
INV100887,TH-SHOE,Canvas Sneakers,2,2025-10-12 23:00,43.59,17110,United Kingdom
INV101115,TH-BELT,Leather Belt,1,2024-11-15 03:00,17.59,17138,United Kingdom
INV100097,TH-TSHIRT,Cotton Crew T-Shirt,3,2025-08-06 03:00,14.7,17006,United Kingdom
INV101164,TH-CAP,Logo Cap,3,2026-07-04 12:00,824.53,17163,United Kingdom
INV100338,TH-SHOE,Canvas Sneakers,2,2026-06-12 06:00,47.64,17021,United Kingdom
INV100259,TH-SHIRT,Oxford Shirt,3,2025-11-27 22:00,33.1,17017,United Kingdom
INV100507,TH-SHIRT,Oxford Shirt,1,2026-04-11 22:00,27.27,17037,United Kingdom
INV100040,TH-SOCK,Ankle Socks 3pk,2,2026-06-19 00:00,10.42,17002,United Kingdom
INV100589,TH-TSHIRT,Cotton Crew T-Shirt,1,2026-06-02 06:00,13.5,17045,United Kingdom
INV100946,TH-TSHIRT,Cotton Crew T-Shirt,3,2025-01-11 07:00,17.82,17116,United Kingdom
INV100818,TH-HOOD,Fleece Hoodie,1,2025-10-22 20:00,39.11,17101,United Kingdom
INV100921,TH-JEAN,Slim Fit Jeans,1,2025-11-15 06:00,47.47,17113,United Kingdom
INV100316,TH-SCARF,Wool Scarf,3,2026-04-11 08:00,21.72,17020,United Kingdom
INV100420,TH-BELT,Leather Belt,1,2025-08-10 07:00,21.07,17028,United Kingdom
INV100230,TH-TSHIRT,Cotton Crew T-Shirt,4,2026-02-09 08:00,16.61,17015,United Kingdom
INV100639,TH-CAP,Logo Cap,1,2026-06-09 04:00,12.7,17051,United Kingdom
INV100815,TH-SHIRT,Oxford Shirt,3,2025-08-25 05:00,37.22,17101,United Kingdom
INV100901,TH-DRESS,Summer Dress,1,2025-05-11 05:00,59.61,17111,United Kingdom
INV100829,TH-DRESS,Summer Dress,1,2025-06-21 22:00,57.48,17103,United Kingdom
INV101025,TH-SOCK,Ankle Socks 3pk,1,2024-12-31 05:00,10.63,17123,United Kingdom
INV100971,TH-SCARF,Wool Scarf,1,2024-09-01 01:00,27.2,17118,United Kingdom
INV100965,TH-DRESS,Summer Dress,2,2025-09-01 03:00,59.83,17117,United Kingdom
INV100239,TH-JACK,Denim Jacket,2,2026-05-19 23:00,69.74,17015,United Kingdom
INV100683,TH-CAP,Logo Cap,2,2026-07-10 12:00,12.63,17061,United Kingdom
INV100312,TH-BELT,Leather Belt,1,2026-03-06 04:00,28.39,17020,United Kingdom
INV100407,TH-HOOD,Fleece Hoodie,2,2026-04-27 22:00,34.93,17026,United Kingdom
INV100305,TH-SOCK,Ankle Socks 3pk,1,2025-10-29 05:00,10.07,17020,United Kingdom
INV100731,TH-JACK,Denim Jacket,1,2026-06-22 12:00,50.81,17080,United Kingdom
INV100951,TH-DRESS,Summer Dress,2,2025-05-11 22:00,59.26,17116,United Kingdom
INV100193,TH-SOCK,Ankle Socks 3pk,1,2026-02-10 08:00,9.21,17012,United Kingdom
INV100078,TH-SHORT,Chino Shorts,3,2025-11-18 03:00,37.25,17005,United Kingdom
INV100512,TH-CAP,Logo Cap,1,2025-10-08 21:00,15.27,17038,United Kingdom
INV100394,TH-SHOE,Canvas Sneakers,1,2026-06-12 21:00,38.99,17025,United Kingdom
INV100656,TH-SCARF,Wool Scarf,3,2026-04-12 08:00,18.97,17055,United Kingdom
INV100730,TH-SOCK,Ankle Socks 3pk,1,2026-07-02 12:00,7.53,17079,United Kingdom
INV100630,TH-SHIRT,Oxford Shirt,2,2026-06-24 07:00,32.6,17049,United Kingdom
INV101113,TH-SOCK,Ankle Socks 3pk,1,2025-05-06 06:00,6.5,17137,United Kingdom
INV100836,TH-JACK,Denim Jacket,1,2026-01-04 12:00,65.91,17103,United Kingdom
INV100016,TH-SHOE,Canvas Sneakers,4,2026-06-16 00:00,46.19,17001,United Kingdom
INV100193,TH-SOCK,Ankle Socks 3pk,4,2026-02-10 08:00,11.15,17012,United Kingdom
INV100953,TH-SOCK,Ankle Socks 3pk,2,2025-06-12 03:00,12.12,17116,United Kingdom
INV100942,TH-SHIRT,Oxford Shirt,1,2025-05-13 23:00,41.28,17115,United Kingdom
INV100318,TH-HOOD,Fleece Hoodie,3,2026-06-07 00:00,38.28,17020,United Kingdom
INV101075,TH-BELT,Leather Belt,3,2025-02-04 07:00,28.52,17127,United Kingdom
INV100077,TH-HOOD,Fleece Hoodie,4,2025-11-09 06:00,37.4,17005,United Kingdom
INV101071,TH-HOOD,Fleece Hoodie,1,2024-10-27 21:00,41.01,17127,United Kingdom
INV100361,TH-SHIRT,Oxford Shirt,3,2025-11-19 04:00,27.05,17023,United Kingdom
INV100129,TH-TSHIRT,Cotton Crew T-Shirt,3,2025-12-15 01:00,16.19,17008,United Kingdom
INV100568,TH-SHIRT,Oxford Shirt,3,2026-04-13 07:00,30.91,17043,United Kingdom
INV100213,TH-SHIRT,Oxford Shirt,1,2025-08-12 22:00,34.45,17014,United Kingdom
INV100370,TH-SCARF,Wool Scarf,1,2025-11-23 00:00,18.92,17024,United Kingdom
INV100191,TH-SHOE,Canvas Sneakers,2,2026-02-01 02:00,46.22,17012,United Kingdom
INV100873,TH-SHOE,Canvas Sneakers,1,2025-09-23 22:00,39.61,17108,United Kingdom
INV100150,TH-SHORT,Chino Shorts,3,2026-04-04 21:00,30.83,17009,United Kingdom
INV100642,TH-SOCK,Ankle Socks 3pk,1,2026-06-03 05:00,7.69,17052,United Kingdom
INV100151,TH-SHOE,Canvas Sneakers,3,2026-04-10 21:00,46.61,17009,United Kingdom
INV101120,TH-TSHIRT,Cotton Crew T-Shirt,2,2025-08-07 12:00,11.14,17139,United Kingdom
INV100237,TH-HOOD,Fleece Hoodie,1,2026-05-10 21:00,47.58,17015,United Kingdom
INV100047,TH-SHORT,Chino Shorts,2,2025-09-14 20:00,30.41,17003,United Kingdom
INV100583,TH-SHIRT,Oxford Shirt,3,2026-01-11 01:00,29.08,17045,United Kingdom
INV100245,TH-CAP,Logo Cap,4,2025-07-18 01:00,17.58,17016,United Kingdom
INV100252,TH-HOOD,Fleece Hoodie,1,2025-12-22 22:00,40.31,17016,United Kingdom
INV100531,TH-JEAN,Slim Fit Jeans,2,2026-02-23 02:00,42.85,17040,United Kingdom
INV100049,TH-CAP,Logo Cap,1,2025-10-25 02:00,18.24,17003,United Kingdom
INV100406,TH-BELT,Leather Belt,1,2026-04-26 23:00,22.22,17026,United Kingdom
INV100688,TH-HOOD,Fleece Hoodie,2,2026-03-18 20:00,33.62,17063,United Kingdom
INV100383,TH-SHIRT,Oxford Shirt,1,2026-01-26 20:00,27.73,17025,United Kingdom
INV100569,TH-SCARF,Wool Scarf,1,2026-05-05 08:00,18.15,17043,United Kingdom
INV100711,TH-CAP,Logo Cap,1,2026-06-20 12:00,14.04,17067,United Kingdom
INV100807,TH-TSHIRT,Cotton Crew T-Shirt,1,2025-10-05 06:00,14.23,17100,United Kingdom
INV100543,TH-SHORT,Chino Shorts,3,2026-01-15 03:00,27.06,17041,United Kingdom
INV100551,TH-SHORT,Chino Shorts,1,2026-04-18 22:00,26.87,17041,United Kingdom
INV101061,TH-JACK,Denim Jacket,3,2025-09-13 08:00,75.74,17126,United Kingdom
INV101006,TH-SCARF,Wool Scarf,3,2025-02-17 21:00,23.07,17121,United Kingdom
INV100241,TH-SHIRT,Oxford Shirt,3,2026-06-16 01:00,39.29,17015,United Kingdom
INV101012,TH-CAP,Logo Cap,3,2025-08-19 00:00,19.14,17121,United Kingdom
INV100879,TH-SHIRT,Oxford Shirt,3,2025-06-12 02:00,37.8,17109,United Kingdom
INV100283,TH-SHORT,Chino Shorts,1,2026-07-03 12:00,34.6,17018,United Kingdom
INV100499,TH-SOCK,Ankle Socks 3pk,3,2026-04-15 21:00,9.57,17036,United Kingdom
INV100531,TH-DRESS,Summer Dress,1,2026-02-23 02:00,44.3,17040,United Kingdom
INV100964,TH-SOCK,Ankle Socks 3pk,1,2025-07-28 01:00,12.06,17117,United Kingdom
INV101027,TH-SHOE,Canvas Sneakers,3,2025-01-30 04:00,51.01,17123,United Kingdom
INV100124,TH-TSHIRT,Cotton Crew T-Shirt,1,2026-07-04 12:00,16.64,17007,United Kingdom
INV100274,TH-SHORT,Chino Shorts,3,2026-03-07 05:00,36.67,17018,United Kingdom
INV100603,TH-JACK,Denim Jacket,1,2026-06-19 02:00,56.24,17046,United Kingdom
INV101005,TH-SCARF,Wool Scarf,2,2024-11-24 20:00,24.3,17121,United Kingdom
INV100147,TH-BELT,Leather Belt,4,2026-02-21 04:00,25.03,17009,United Kingdom
INV100798,TH-SOCK,Ankle Socks 3pk,3,2025-10-16 21:00,10.31,17099,United Kingdom
INV100304,TH-BELT,Leather Belt,3,2025-10-08 07:00,23.8,17020,United Kingdom
INV100222,TH-BELT,Leather Belt,1,2026-02-14 08:00,25.8,17014,United Kingdom
INV100004,TH-CAP,Logo Cap,4,2026-01-04 06:00,16.24,17001,United Kingdom
INV100239,TH-SHIRT,Oxford Shirt,2,2026-05-19 23:00,32.7,17015,United Kingdom
INV100527,TH-BELT,Leather Belt,1,2026-06-04 12:00,24.14,17039,United Kingdom
INV100685,TH-SOCK,Ankle Socks 3pk,3,2026-04-13 08:00,9.18,17062,United Kingdom
INV100151,TH-TSHIRT,Cotton Crew T-Shirt,1,2026-04-10 21:00,16.57,17009,United Kingdom
INV100864,TH-BELT,Leather Belt,2,2026-02-10 12:00,22.36,17106,United Kingdom
INV100798,TH-SCARF,Wool Scarf,2,2025-10-16 21:00,19.5,17099,United Kingdom
INV100190,TH-DRESS,Summer Dress,1,2026-01-27 03:00,66.93,17012,United Kingdom
INV100435,TH-SHIRT,Oxford Shirt,3,2026-01-05 08:00,33.04,17030,United Kingdom
INV100389,TH-SOCK,Ankle Socks 3pk,3,2026-04-05 00:00,7.87,17025,United Kingdom
INV100148,TH-JEAN,Slim Fit Jeans,3,2026-03-11 00:00,48.08,17009,United Kingdom
INV100289,TH-JEAN,Slim Fit Jeans,4,2025-10-31 20:00,57.8,17019,United Kingdom
INV100077,TH-SHORT,Chino Shorts,1,2025-11-09 06:00,33.45,17005,United Kingdom
INV100336,TH-SHOE,Canvas Sneakers,3,2026-04-21 08:00,50.12,17021,United Kingdom
INV100101,TH-SHIRT,Oxford Shirt,4,2025-11-21 08:00,38.52,17006,United Kingdom
INV100457,TH-SHORT,Chino Shorts,3,2026-01-01 07:00,29.88,17032,United Kingdom
INV100781,TH-JACK,Denim Jacket,2,2025-06-26 04:00,60.01,17097,United Kingdom
INV100852,TH-SHORT,Chino Shorts,2,2025-12-15 00:00,33.28,17105,United Kingdom
INV101007,TH-DRESS,Summer Dress,1,2025-02-27 21:00,57.68,17121,United Kingdom
INV100999,TH-JACK,Denim Jacket,2,2025-01-29 05:00,74.72,17120,United Kingdom
INV100153,TH-SHIRT,Oxford Shirt,2,2026-05-22 00:00,40.82,17009,United Kingdom
INV100275,TH-DRESS,Summer Dress,1,2026-03-11 02:00,56.19,17018,United Kingdom
INV101130,TH-DRESS,Summer Dress,1,2025-03-23 12:00,44.37,17145,United Kingdom
INV100567,TH-JEAN,Slim Fit Jeans,1,2026-01-01 23:00,44.87,17043,United Kingdom
INV100196,TH-CAP,Logo Cap,1,2026-04-01 04:00,16.38,17012,United Kingdom
INV101039,TH-BELT,Leather Belt,2,2024-09-29 03:00,25.21,17124,United Kingdom
INV100918,TH-SOCK,Ankle Socks 3pk,3,2026-01-18 12:00,9.2,17112,United Kingdom
INV100196,TH-CAP,Logo Cap,1,2026-04-01 04:00,17.96,17012,United Kingdom
INV100018,TH-SOCK,Ankle Socks 3pk,3,2026-06-21 08:00,11.54,17001,United Kingdom
INV100082,TH-JACK,Denim Jacket,1,2025-12-31 22:00,81.87,17005,United Kingdom
INV100155,TH-BELT,Leather Belt,2,2026-06-21 22:00,24.92,17009,United Kingdom
INV100492,TH-HOOD,Fleece Hoodie,2,2026-04-16 07:00,36.69,17035,United Kingdom
INV100064,TH-JEAN,Slim Fit Jeans,4,2025-10-08 06:00,59.83,17004,United Kingdom
INV100273,TH-DRESS,Summer Dress,4,2026-02-25 20:00,66.25,17018,United Kingdom
INV100877,TH-DRESS,Summer Dress,2,2025-05-21 02:00,50.69,17109,United Kingdom
INV100028,TH-JACK,Denim Jacket,4,2026-01-11 08:00,70.7,17002,United Kingdom
INV100039,TH-JACK,Denim Jacket,4,2026-06-18 21:00,77.28,17002,United Kingdom
INV100174,TH-JACK,Denim Jacket,1,2025-11-18 07:00,77.52,17011,United Kingdom
INV100693,TH-BELT,Leather Belt,2,2026-02-09 22:00,23.3,17064,United Kingdom
INV100132,TH-HOOD,Fleece Hoodie,2,2026-03-25 20:00,40.41,17008,United Kingdom
INV100015,TH-DRESS,Summer Dress,1,2026-05-24 07:00,53.81,17001,United Kingdom
INV100044,TH-SHOE,Canvas Sneakers,1,2025-06-28 23:00,52.74,17003,United Kingdom
INV100267,TH-BELT,Leather Belt,3,2025-11-08 22:00,26.03,17018,United Kingdom
INV100672,TH-SHOE,Canvas Sneakers,1,2026-01-30 08:00,44.52,17059,United Kingdom
INV100399,TH-BELT,Leather Belt,1,2025-11-06 00:00,21.6,17026,United Kingdom
INV100147,TH-JACK,Denim Jacket,3,2026-02-21 04:00,74.83,17009,United Kingdom
INV101131,TH-SHOE,Canvas Sneakers,1,2024-09-18 01:00,29.41,17146,United Kingdom
INV100382,TH-CAP,Logo Cap,2,2025-12-11 08:00,14.84,17025,United Kingdom
INV100205,TH-JACK,Denim Jacket,2,2026-04-07 01:00,79.38,17013,United Kingdom
INV100156,TH-DRESS,Summer Dress,1,2026-06-27 12:00,55.64,17009,United Kingdom
INV101157,TH-CAP,Logo Cap,811,2026-03-18 05:00,15.44,17159,United Kingdom
INV100331,TH-BELT,Leather Belt,1,2026-03-01 03:00,29.55,17021,United Kingdom
INV100022,TH-BELT,Leather Belt,2,2025-11-09 06:00,28.5,17002,United Kingdom
INV100699,TH-CAP,Logo Cap,2,2026-04-29 20:00,14.26,17065,United Kingdom
INV100328,TH-DRESS,Summer Dress,4,2026-01-04 00:00,53.25,17021,United Kingdom
INV100182,TH-SHIRT,Oxford Shirt,4,2026-06-20 07:00,34.44,17011,United Kingdom
INV100421,TH-JEAN,Slim Fit Jeans,2,2025-08-30 01:00,45.01,17028,United Kingdom
INV100734,TH-HOOD,Fleece Hoodie,2,2026-06-26 21:00,32.44,17082,United Kingdom
INV100889,TH-JACK,Denim Jacket,3,2025-10-30 21:00,65.73,17110,United Kingdom
INV100989,TH-BELT,Leather Belt,1,2025-08-22 04:00,31.02,17119,United Kingdom
INV100083,TH-JACK,Denim Jacket,3,2026-01-16 05:00,78.73,17005,United Kingdom
INV100003,TH-CAP,Logo Cap,2,2025-12-31 05:00,17.93,17001,United Kingdom
INV100119,TH-JEAN,Slim Fit Jeans,4,2025-11-30 07:00,60.47,17007,United Kingdom
INV101025,TH-TSHIRT,Cotton Crew T-Shirt,2,2024-12-31 05:00,17.89,17123,United Kingdom
INV100069,TH-SOCK,Ankle Socks 3pk,1,2026-04-03 05:00,11.35,17004,United Kingdom
INV100294,TH-DRESS,Summer Dress,2,2026-01-01 21:00,52.95,17019,United Kingdom
INV101008,TH-TSHIRT,Cotton Crew T-Shirt,1,2025-03-04 21:00,18.57,17121,United Kingdom
INV100788,TH-SOCK,Ankle Socks 3pk,1,2025-07-26 22:00,10.73,17098,United Kingdom
INV101110,TH-JEAN,Slim Fit Jeans,2,2025-03-22 08:00,39.27,17136,United Kingdom
INV100854,TH-HOOD,Fleece Hoodie,3,2026-01-09 06:00,36.59,17105,United Kingdom
INV100034,TH-SHOE,Canvas Sneakers,3,2026-03-23 20:00,44.31,17002,United Kingdom
INV100217,TH-SHOE,Canvas Sneakers,1,2025-10-26 01:00,46.17,17014,United Kingdom
INV101043,TH-CAP,Logo Cap,1,2024-12-06 02:00,18.81,17124,United Kingdom
INV101018,TH-SHIRT,Oxford Shirt,2,2025-03-16 01:00,33.79,17122,United Kingdom
INV100963,TH-SHIRT,Oxford Shirt,3,2025-07-17 22:00,37.31,17117,United Kingdom
INV101071,TH-SOCK,Ankle Socks 3pk,2,2024-10-27 21:00,9.94,17127,United Kingdom
INV100994,TH-JEAN,Slim Fit Jeans,2,2024-11-20 20:00,61.35,17120,United Kingdom
INV100354,TH-SHORT,Chino Shorts,4,2026-06-07 20:00,36.09,17022,United Kingdom
INV100579,TH-SHOE,Canvas Sneakers,2,2026-04-28 07:00,37.88,17044,United Kingdom
INV100502,TH-SHIRT,Oxford Shirt,1,2025-12-05 20:00,31.24,17037,United Kingdom
INV100092,TH-BELT,Leather Belt,2,2026-04-20 22:00,24.78,17005,United Kingdom
INV100461,TH-HOOD,Fleece Hoodie,2,2026-02-23 21:00,36.34,17032,United Kingdom
INV100481,TH-DRESS,Summer Dress,3,2026-04-13 03:00,50.71,17034,United Kingdom
INV100555,TH-BELT,Leather Belt,2,2025-10-09 22:00,20.29,17042,United Kingdom
INV100134,TH-JEAN,Slim Fit Jeans,2,2026-05-05 01:00,49.78,17008,United Kingdom
INV100431,TH-HOOD,Fleece Hoodie,3,2026-03-12 05:00,34.93,17029,United Kingdom
INV100875,TH-CAP,Logo Cap,1,2025-11-19 12:00,16.23,17108,United Kingdom
INV100944,TH-CAP,Logo Cap,3,2024-12-18 21:00,19.45,17116,United Kingdom
INV100077,TH-DRESS,Summer Dress,3,2025-11-09 06:00,61.51,17005,United Kingdom
INV100212,TH-JEAN,Slim Fit Jeans,2,2025-07-31 06:00,54.38,17014,United Kingdom
INV100297,TH-TSHIRT,Cotton Crew T-Shirt,1,2026-05-04 00:00,17.04,17019,United Kingdom
INV100773,TH-TSHIRT,Cotton Crew T-Shirt,3,2025-11-06 06:00,15.02,17096,United Kingdom
INV100171,TH-SHORT,Chino Shorts,4,2025-09-25 23:00,33.54,17011,United Kingdom
INV100836,TH-SHORT,Chino Shorts,3,2026-01-04 12:00,31.77,17103,United Kingdom
INV100130,TH-SOCK,Ankle Socks 3pk,4,2026-01-18 20:00,10.52,17008,United Kingdom
INV100169,TH-CAP,Logo Cap,4,2026-06-18 21:00,16.83,17010,United Kingdom
INV100150,TH-BELT,Leather Belt,2,2026-04-04 21:00,25.36,17009,United Kingdom
INV100765,TH-BELT,Leather Belt,3,2025-11-16 23:00,21.85,17095,United Kingdom
INV100743,TH-SOCK,Ankle Socks 3pk,2,2026-07-06 12:00,7.26,17086,United Kingdom
INV100459,TH-SHOE,Canvas Sneakers,3,2026-02-03 03:00,39.18,17032,United Kingdom
INV100480,TH-SHIRT,Oxford Shirt,3,2026-02-01 06:00,27.58,17034,United Kingdom
INV100737,TH-SHIRT,Oxford Shirt,2,2026-07-13 12:00,27.42,17083,United Kingdom
INV100590,TH-SHIRT,Oxford Shirt,1,2026-07-11 12:00,31.26,17045,United Kingdom
INV100986,TH-JACK,Denim Jacket,1,2025-06-21 07:00,78.0,17119,United Kingdom
INV100613,TH-SHOE,Canvas Sneakers,1,2026-01-04 08:00,44.58,17047,United Kingdom
INV100774,TH-JEAN,Slim Fit Jeans,2,2025-11-25 08:00,53.96,17096,United Kingdom
INV100980,TH-SHIRT,Oxford Shirt,2,2025-03-17 01:00,39.33,17119,United Kingdom
INV100333,TH-SCARF,Wool Scarf,1,2026-03-28 08:00,22.93,17021,United Kingdom
INV100362,TH-TSHIRT,Cotton Crew T-Shirt,3,2025-12-16 03:00,12.9,17023,United Kingdom
INV100340,TH-BELT,Leather Belt,3,2025-09-15 22:00,28.34,17022,United Kingdom
INV100384,TH-DRESS,Summer Dress,2,2026-02-10 01:00,50.54,17025,United Kingdom
INV100804,TH-SHOE,Canvas Sneakers,3,2025-05-20 05:00,45.5,17100,United Kingdom
INV100055,TH-BELT,Leather Belt,2,2026-02-01 01:00,28.88,17003,United Kingdom
INV100430,TH-SCARF,Wool Scarf,3,2026-03-08 03:00,21.4,17029,United Kingdom
INV100095,TH-BELT,Leather Belt,1,2026-06-30 12:00,29.59,17005,United Kingdom
INV100157,TH-SHORT,Chino Shorts,4,2025-09-11 06:00,35.95,17010,United Kingdom
INV100598,TH-SHORT,Chino Shorts,2,2026-02-13 01:00,27.73,17046,United Kingdom
INV101143,TH-TSHIRT,Cotton Crew T-Shirt,2,2024-08-26 03:00,9.43,17152,United Kingdom
INV100220,TH-TSHIRT,Cotton Crew T-Shirt,4,2026-01-22 03:00,16.0,17014,United Kingdom
INV100066,TH-SHOE,Canvas Sneakers,3,2026-02-08 04:00,53.24,17004,United Kingdom
INV100092,TH-BELT,Leather Belt,3,2026-04-20 22:00,26.08,17005,United Kingdom
INV100503,TH-DRESS,Summer Dress,1,2025-12-06 04:00,48.58,17037,United Kingdom
INV101010,TH-BELT,Leather Belt,1,2025-05-24 02:00,28.11,17121,United Kingdom
INV100926,TH-CAP,Logo Cap,1,2025-12-09 21:00,14.99,17113,United Kingdom
INV101136,TH-SHORT,Chino Shorts,2,2025-01-09 07:00,22.72,17148,United Kingdom
INV100863,TH-HOOD,Fleece Hoodie,1,2026-02-01 01:00,39.15,17106,United Kingdom
INV100005,TH-BELT,Leather Belt,3,2026-01-13 07:00,25.16,17001,United Kingdom
INV100402,TH-BELT,Leather Belt,1,2025-12-23 08:00,22.89,17026,United Kingdom
INV100333,TH-HOOD,Fleece Hoodie,3,2026-03-28 08:00,43.45,17021,United Kingdom
INV100310,TH-HOOD,Fleece Hoodie,2,2026-01-21 08:00,37.51,17020,United Kingdom
INV100283,TH-TSHIRT,Cotton Crew T-Shirt,1,2026-07-03 12:00,16.58,17018,United Kingdom
INV100267,TH-BELT,Leather Belt,2,2025-11-08 22:00,29.42,17018,United Kingdom
INV100856,TH-BELT,Leather Belt,2,2026-03-02 12:00,25.99,17105,United Kingdom
INV100612,TH-SOCK,Ankle Socks 3pk,2,2025-11-14 00:00,8.29,17047,United Kingdom
INV100929,TH-CAP,Logo Cap,2,2025-09-01 20:00,16.87,17114,United Kingdom
INV101093,TH-SCARF,Wool Scarf,3,2025-03-12 05:00,23.25,17129,United Kingdom
INV100575,TH-SHORT,Chino Shorts,1,2025-11-27 06:00,31.44,17044,United Kingdom
INV100359,TH-DRESS,Summer Dress,3,2025-07-16 20:00,51.89,17023,United Kingdom
INV100356,TH-CAP,Logo Cap,3,2026-06-28 21:00,17.86,17022,United Kingdom
INV100088,TH-SHIRT,Oxford Shirt,1,2026-02-19 07:00,40.48,17005,United Kingdom
INV100482,TH-SHORT,Chino Shorts,2,2026-06-14 02:00,28.7,17034,United Kingdom
INV100611,TH-SCARF,Wool Scarf,3,2025-11-03 23:00,18.23,17047,United Kingdom
INV100087,TH-DRESS,Summer Dress,3,2026-02-19 01:00,59.65,17005,United Kingdom
INV100235,TH-SHORT,Chino Shorts,2,2026-04-25 21:00,30.48,17015,United Kingdom
INV100486,TH-SHIRT,Oxford Shirt,2,2025-12-18 04:00,32.77,17035,United Kingdom
INV100301,TH-TSHIRT,Cotton Crew T-Shirt,4,2025-09-13 04:00,15.54,17020,United Kingdom
INV100061,TH-CAP,Logo Cap,3,2025-06-25 21:00,16.48,17004,United Kingdom
INV100254,TH-SOCK,Ankle Socks 3pk,2,2026-03-25 20:00,10.73,17016,United Kingdom
INV100703,TH-HOOD,Fleece Hoodie,3,2026-04-12 02:00,35.87,17066,United Kingdom
INV100868,TH-HOOD,Fleece Hoodie,3,2025-12-29 04:00,34.91,17107,United Kingdom
INV100340,TH-SOCK,Ankle Socks 3pk,4,2025-09-15 22:00,11.14,17022,United Kingdom
INV100277,TH-JEAN,Slim Fit Jeans,3,2026-04-24 20:00,58.9,17018,United Kingdom
INV100326,TH-SHIRT,Oxford Shirt,2,2025-12-06 04:00,34.46,17021,United Kingdom
INV100091,TH-BELT,Leather Belt,3,2026-03-26 07:00,28.18,17005,United Kingdom
INV100018,TH-SHOE,Canvas Sneakers,2,2026-06-21 08:00,54.81,17001,United Kingdom
INV100290,TH-SCARF,Wool Scarf,2,2025-11-20 05:00,23.25,17019,United Kingdom
INV100540,TH-SHIRT,Oxford Shirt,2,2026-05-02 03:00,30.75,17040,United Kingdom
INV100645,TH-SHIRT,Oxford Shirt,2,2026-04-22 06:00,31.21,17053,United Kingdom
INV101104,TH-BELT,Leather Belt,2,2025-03-15 04:00,16.41,17132,United Kingdom
INV100608,TH-SOCK,Ankle Socks 3pk,1,2025-10-06 01:00,7.96,17047,United Kingdom
INV100865,TH-DRESS,Summer Dress,1,2025-11-04 08:00,50.43,17107,United Kingdom
INV100215,TH-HOOD,Fleece Hoodie,1,2025-09-27 03:00,38.71,17014,United Kingdom
INV100522,TH-HOOD,Fleece Hoodie,1,2025-09-21 04:00,38.77,17039,United Kingdom
INV100825,TH-BELT,Leather Belt,2,2025-10-20 21:00,24.2,17102,United Kingdom
INV100768,TH-CAP,Logo Cap,1,2026-02-26 12:00,16.08,17095,United Kingdom
INV100187,TH-DRESS,Summer Dress,2,2025-12-12 21:00,57.34,17012,United Kingdom
INV100493,TH-JACK,Denim Jacket,3,2026-04-18 22:00,59.05,17035,United Kingdom
INV100078,TH-SHIRT,Oxford Shirt,1,2025-11-18 03:00,37.96,17005,United Kingdom
INV100819,TH-SOCK,Ankle Socks 3pk,3,2025-11-18 06:00,9.63,17101,United Kingdom
INV100276,TH-CAP,Logo Cap,4,2026-04-12 21:00,19.27,17018,United Kingdom
INV100273,TH-BELT,Leather Belt,2,2026-02-25 20:00,26.02,17018,United Kingdom
INV100109,TH-TSHIRT,Cotton Crew T-Shirt,4,2026-03-10 22:00,15.45,17006,United Kingdom
INV100433,TH-JEAN,Slim Fit Jeans,2,2026-07-03 12:00,45.82,17029,United Kingdom
INV101030,TH-BELT,Leather Belt,1,2025-03-25 03:00,28.32,17123,United Kingdom
INV100937,TH-SHOE,Canvas Sneakers,2,2025-02-23 21:00,51.24,17115,United Kingdom
INV100245,TH-CAP,Logo Cap,3,2025-07-18 01:00,16.47,17016,United Kingdom
INV100524,TH-JACK,Denim Jacket,2,2026-01-17 23:00,67.36,17039,United Kingdom
INV100936,TH-BELT,Leather Belt,3,2024-12-31 20:00,25.06,17115,United Kingdom
INV100133,TH-SHORT,Chino Shorts,3,2026-04-13 22:00,30.73,17008,United Kingdom
INV100109,TH-BELT,Leather Belt,2,2026-03-10 22:00,28.52,17006,United Kingdom
INV100254,TH-CAP,Logo Cap,4,2026-03-25 20:00,18.08,17016,United Kingdom
INV100532,TH-SHIRT,Oxford Shirt,2,2026-03-17 04:00,32.78,17040,United Kingdom
INV100937,TH-SHOE,Canvas Sneakers,1,2025-02-23 21:00,57.24,17115,United Kingdom
INV100883,TH-JACK,Denim Jacket,2,2025-08-28 23:00,72.04,17109,United Kingdom
INV100484,TH-TSHIRT,Cotton Crew T-Shirt,3,2026-07-07 12:00,13.23,17034,United Kingdom
INV100309,TH-SHORT,Chino Shorts,1,2026-01-12 22:00,34.87,17020,United Kingdom
INV100048,TH-SHIRT,Oxford Shirt,2,2025-09-23 20:00,38.6,17003,United Kingdom
INV101122,TH-SOCK,Ankle Socks 3pk,1,2025-01-26 23:00,6.76,17140,United Kingdom
INV100003,TH-SOCK,Ankle Socks 3pk,3,2025-12-31 05:00,11.7,17001,United Kingdom
INV100942,TH-BELT,Leather Belt,3,2025-05-13 23:00,25.27,17115,United Kingdom
INV100758,TH-BELT,Leather Belt,1,2025-08-28 22:00,24.59,17095,United Kingdom
INV100041,TH-SHORT,Chino Shorts,1,2026-06-29 12:00,37.18,17002,United Kingdom
INV100287,TH-SHIRT,Oxford Shirt,3,2025-10-20 02:00,39.91,17019,United Kingdom
INV100357,TH-JACK,Denim Jacket,3,2026-06-29 05:00,81.71,17022,United Kingdom
INV101044,TH-SHIRT,Oxford Shirt,2,2025-02-27 12:00,40.1,17124,United Kingdom
INV100266,TH-SOCK,Ankle Socks 3pk,4,2026-07-06 12:00,11.12,17017,United Kingdom
INV100410,TH-DRESS,Summer Dress,2,2025-06-21 00:00,54.69,17027,United Kingdom
INV100118,TH-HOOD,Fleece Hoodie,3,2025-10-30 00:00,39.76,17007,United Kingdom
INV100707,TH-SHOE,Canvas Sneakers,1,2026-01-02 01:00,37.14,17067,United Kingdom
INV100437,TH-TSHIRT,Cotton Crew T-Shirt,1,2026-02-02 06:00,12.17,17030,United Kingdom
INV101049,TH-SOCK,Ankle Socks 3pk,2,2025-01-30 23:00,10.1,17125,United Kingdom
INV100610,TH-JEAN,Slim Fit Jeans,2,2025-11-01 20:00,44.83,17047,United Kingdom
INV100598,TH-HOOD,Fleece Hoodie,3,2026-02-13 01:00,38.15,17046,United Kingdom
INV101077,TH-SHOE,Canvas Sneakers,1,2025-03-20 12:00,55.44,17127,United Kingdom
INV100113,TH-JEAN,Slim Fit Jeans,4,2026-06-04 20:00,48.73,17006,United Kingdom
INV100091,TH-SOCK,Ankle Socks 3pk,3,2026-03-26 07:00,11.41,17005,United Kingdom
INV100130,TH-BELT,Leather Belt,1,2026-01-18 20:00,24.19,17008,United Kingdom
INV101048,TH-BELT,Leather Belt,1,2025-01-04 20:00,28.5,17125,United Kingdom
INV100851,TH-JACK,Denim Jacket,3,2025-08-07 02:00,74.2,17105,United Kingdom
INV100099,TH-SCARF,Wool Scarf,3,2025-10-08 02:00,21.77,17006,United Kingdom
INV100011,TH-SOCK,Ankle Socks 3pk,3,2026-03-26 20:00,10.3,17001,United Kingdom
INV100266,TH-CAP,Logo Cap,1,2026-07-06 12:00,17.28,17017,United Kingdom
INV101003,TH-SHORT,Chino Shorts,2,2025-05-15 21:00,31.39,17120,United Kingdom
INV100868,TH-JEAN,Slim Fit Jeans,3,2025-12-29 04:00,44.25,17107,United Kingdom
INV100553,TH-SHORT,Chino Shorts,2,2026-06-05 04:00,26.09,17041,United Kingdom
INV100505,TH-HOOD,Fleece Hoodie,3,2026-03-16 05:00,36.99,17037,United Kingdom
INV100283,TH-SOCK,Ankle Socks 3pk,4,2026-07-03 12:00,10.15,17018,United Kingdom
INV100232,TH-JEAN,Slim Fit Jeans,1,2026-03-26 01:00,49.57,17015,United Kingdom
INV100460,TH-JEAN,Slim Fit Jeans,2,2026-02-04 08:00,40.86,17032,United Kingdom
INV100143,TH-BELT,Leather Belt,2,2026-01-23 07:00,25.92,17009,United Kingdom
INV100104,TH-HOOD,Fleece Hoodie,3,2026-01-03 23:00,47.43,17006,United Kingdom
INV100136,TH-SOCK,Ankle Socks 3pk,4,2025-08-31 03:00,9.81,17009,United Kingdom
INV100100,TH-JACK,Denim Jacket,2,2025-10-12 08:00,75.63,17006,United Kingdom
INV100699,TH-SCARF,Wool Scarf,3,2026-04-29 20:00,17.72,17065,United Kingdom
INV100718,TH-SOCK,Ankle Socks 3pk,1,2026-06-27 00:00,8.47,17072,United Kingdom
INV100868,TH-SCARF,Wool Scarf,1,2025-12-29 04:00,23.73,17107,United Kingdom
INV100160,TH-HOOD,Fleece Hoodie,1,2025-11-09 20:00,46.93,17010,United Kingdom
INV100906,TH-JACK,Denim Jacket,3,2025-10-08 21:00,67.48,17111,United Kingdom
INV100359,TH-BELT,Leather Belt,2,2025-07-16 20:00,22.68,17023,United Kingdom
INV100541,TH-DRESS,Summer Dress,3,2026-07-01 12:00,54.01,17040,United Kingdom
INV100168,TH-JACK,Denim Jacket,3,2026-05-22 23:00,80.56,17010,United Kingdom
INV100236,TH-JACK,Denim Jacket,2,2026-05-01 22:00,68.36,17015,United Kingdom
INV100025,TH-TSHIRT,Cotton Crew T-Shirt,3,2025-12-23 00:00,14.85,17002,United Kingdom
INV100193,TH-SHORT,Chino Shorts,2,2026-02-10 08:00,33.38,17012,United Kingdom
INV100314,TH-SHORT,Chino Shorts,2,2026-03-20 22:00,30.83,17020,United Kingdom
INV100449,TH-SCARF,Wool Scarf,3,2026-06-10 08:00,18.59,17031,United Kingdom
INV100773,TH-TSHIRT,Cotton Crew T-Shirt,1,2025-11-06 06:00,13.57,17096,United Kingdom
INV100206,TH-SHOE,Canvas Sneakers,3,2026-04-18 05:00,50.06,17013,United Kingdom
INV100573,TH-HOOD,Fleece Hoodie,1,2026-07-09 12:00,38.99,17043,United Kingdom
INV100558,TH-HOOD,Fleece Hoodie,3,2025-12-15 07:00,36.79,17042,United Kingdom
INV100719,TH-SOCK,Ankle Socks 3pk,1,2026-07-14 12:00,8.05,17072,United Kingdom
INV100262,TH-BELT,Leather Belt,1,2025-12-12 03:00,29.86,17017,United Kingdom
INV100471,TH-BELT,Leather Belt,3,2026-03-17 22:00,22.26,17033,United Kingdom
INV100782,TH-HOOD,Fleece Hoodie,3,2025-07-28 05:00,42.86,17097,United Kingdom
INV100017,TH-SHIRT,Oxford Shirt,4,2026-06-16 04:00,34.31,17001,United Kingdom
INV100262,TH-JEAN,Slim Fit Jeans,2,2025-12-12 03:00,55.0,17017,United Kingdom
INV100045,TH-DRESS,Summer Dress,4,2025-07-25 03:00,63.32,17003,United Kingdom
INV100913,TH-SHORT,Chino Shorts,2,2025-11-10 20:00,28.3,17112,United Kingdom
INV100070,TH-JACK,Denim Jacket,3,2026-04-03 20:00,82.74,17004,United Kingdom
INV101045,TH-SHIRT,Oxford Shirt,2,2024-11-07 06:00,39.6,17125,United Kingdom
INV100338,TH-BELT,Leather Belt,1,2026-06-12 06:00,28.54,17021,United Kingdom
INV100314,TH-SHIRT,Oxford Shirt,4,2026-03-20 22:00,35.94,17020,United Kingdom
INV100973,TH-BELT,Leather Belt,1,2024-09-27 04:00,25.51,17118,United Kingdom
INV100397,TH-HOOD,Fleece Hoodie,1,2025-08-26 20:00,39.0,17026,United Kingdom
INV101098,TH-SHORT,Chino Shorts,2,2025-07-05 23:00,33.48,17129,United Kingdom
INV100410,TH-TSHIRT,Cotton Crew T-Shirt,2,2025-06-21 00:00,14.51,17027,United Kingdom
INV100120,TH-TSHIRT,Cotton Crew T-Shirt,2,2025-12-21 08:00,17.48,17007,United Kingdom
INV100941,TH-JEAN,Slim Fit Jeans,2,2025-05-04 02:00,53.5,17115,United Kingdom
INV100330,TH-SOCK,Ankle Socks 3pk,2,2026-02-06 04:00,11.21,17021,United Kingdom
INV100405,TH-BELT,Leather Belt,3,2026-03-16 07:00,19.93,17026,United Kingdom
INV100144,TH-SHOE,Canvas Sneakers,2,2026-01-25 23:00,51.84,17009,United Kingdom
INV100399,TH-SCARF,Wool Scarf,1,2025-11-06 00:00,17.82,17026,United Kingdom
INV100294,TH-CAP,Logo Cap,3,2026-01-01 21:00,18.59,17019,United Kingdom
INV100826,TH-SCARF,Wool Scarf,2,2025-10-27 22:00,20.33,17102,United Kingdom
INV101030,TH-JACK,Denim Jacket,1,2025-03-25 03:00,69.43,17123,United Kingdom
INV100319,TH-JACK,Denim Jacket,3,2026-06-10 20:00,73.53,17020,United Kingdom
INV100910,TH-SHIRT,Oxford Shirt,3,2025-09-01 20:00,37.05,17112,United Kingdom
INV101050,TH-BELT,Leather Belt,3,2025-04-17 22:00,29.58,17125,United Kingdom
INV100065,TH-SHORT,Chino Shorts,3,2026-01-05 00:00,33.13,17004,United Kingdom
INV100850,TH-SOCK,Ankle Socks 3pk,3,2025-06-26 01:00,10.33,17105,United Kingdom
INV101145,TH-DRESS,Summer Dress,1,2025-08-07 12:00,38.36,17153,United Kingdom
INV100584,TH-HOOD,Fleece Hoodie,2,2026-01-12 05:00,36.9,17045,United Kingdom
INV100330,TH-SHIRT,Oxford Shirt,2,2026-02-06 04:00,34.36,17021,United Kingdom
INV100417,TH-DRESS,Summer Dress,1,2026-06-01 12:00,51.22,17027,United Kingdom
INV100972,TH-SCARF,Wool Scarf,2,2024-09-12 21:00,25.94,17118,United Kingdom
INV100272,TH-SHORT,Chino Shorts,2,2026-02-23 22:00,37.12,17018,United Kingdom
INV100674,TH-SHORT,Chino Shorts,1,2026-03-26 01:00,28.24,17059,United Kingdom
INV101049,TH-TSHIRT,Cotton Crew T-Shirt,1,2025-01-30 23:00,15.44,17125,United Kingdom
INV100153,TH-CAP,Logo Cap,3,2026-05-22 00:00,17.03,17009,United Kingdom
INV100040,TH-CAP,Logo Cap,3,2026-06-19 00:00,18.28,17002,United Kingdom
INV100246,TH-SHORT,Chino Shorts,3,2025-07-28 22:00,31.54,17016,United Kingdom
INV100825,TH-BELT,Leather Belt,1,2025-10-20 21:00,23.89,17102,United Kingdom
INV100048,TH-BELT,Leather Belt,3,2025-09-23 20:00,26.88,17003,United Kingdom
INV100213,TH-CAP,Logo Cap,3,2025-08-12 22:00,15.7,17014,United Kingdom
INV101098,TH-DRESS,Summer Dress,2,2025-07-05 23:00,64.28,17129,United Kingdom
INV100766,TH-SCARF,Wool Scarf,1,2025-11-30 23:00,21.28,17095,United Kingdom
INV100051,TH-JEAN,Slim Fit Jeans,3,2025-12-03 08:00,48.12,17003,United Kingdom
INV100355,TH-SHIRT,Oxford Shirt,2,2026-06-24 00:00,40.2,17022,United Kingdom
INV101064,TH-CAP,Logo Cap,2,2025-10-23 12:00,19.29,17126,United Kingdom
INV100504,TH-HOOD,Fleece Hoodie,2,2026-02-11 22:00,37.61,17037,United Kingdom
INV100946,TH-HOOD,Fleece Hoodie,2,2025-01-11 07:00,42.86,17116,United Kingdom
INV100207,TH-SHOE,Canvas Sneakers,2,2026-04-20 05:00,51.6,17013,United Kingdom
INV100840,TH-SCARF,Wool Scarf,3,2025-09-01 04:00,20.86,17104,United Kingdom
INV100272,TH-BELT,Leather Belt,4,2026-02-23 22:00,28.12,17018,United Kingdom
INV100521,TH-JEAN,Slim Fit Jeans,3,2026-07-09 12:00,49.75,17038,United Kingdom
INV100997,TH-SHIRT,Oxford Shirt,1,2024-12-22 02:00,35.73,17120,United Kingdom
INV100172,TH-CAP,Logo Cap,2,2025-10-08 21:00,16.68,17011,United Kingdom
INV100141,TH-CAP,Logo Cap,3,2025-12-30 03:00,18.29,17009,United Kingdom
INV100520,TH-SHOE,Canvas Sneakers,1,2026-06-28 04:00,37.93,17038,United Kingdom
INV100711,TH-CAP,Logo Cap,2,2026-06-20 12:00,13.91,17067,United Kingdom
INV100134,TH-BELT,Leather Belt,1,2026-05-05 01:00,29.21,17008,United Kingdom
INV100405,TH-SHOE,Canvas Sneakers,1,2026-03-16 07:00,45.87,17026,United Kingdom
INV100513,TH-SHOE,Canvas Sneakers,1,2025-11-04 03:00,43.56,17038,United Kingdom
INV100535,TH-SCARF,Wool Scarf,1,2026-03-30 00:00,19.53,17040,United Kingdom
INV100649,TH-TSHIRT,Cotton Crew T-Shirt,3,2026-03-07 22:00,12.04,17054,United Kingdom
INV100612,TH-CAP,Logo Cap,3,2025-11-14 00:00,13.03,17047,United Kingdom
INV100549,TH-SHIRT,Oxford Shirt,1,2026-03-22 22:00,34.1,17041,United Kingdom
INV101025,TH-SHOE,Canvas Sneakers,1,2024-12-31 05:00,54.43,17123,United Kingdom
INV100322,TH-BELT,Leather Belt,2,2025-11-02 20:00,28.62,17021,United Kingdom
INV100590,TH-SHIRT,Oxford Shirt,3,2026-07-11 12:00,31.14,17045,United Kingdom
INV100351,TH-JEAN,Slim Fit Jeans,3,2026-04-10 05:00,57.89,17022,United Kingdom
INV100194,TH-CAP,Logo Cap,1,2026-02-21 21:00,17.15,17012,United Kingdom
INV100246,TH-SCARF,Wool Scarf,4,2025-07-28 22:00,25.02,17016,United Kingdom
INV101014,TH-DRESS,Summer Dress,2,2024-09-21 23:00,68.72,17122,United Kingdom
INV100228,TH-TSHIRT,Cotton Crew T-Shirt,4,2025-11-26 05:00,17.34,17015,United Kingdom
INV101088,TH-SHORT,Chino Shorts,3,2025-01-25 01:00,37.8,17129,United Kingdom
INV100978,TH-TSHIRT,Cotton Crew T-Shirt,3,2025-02-03 06:00,16.69,17118,United Kingdom
INV100722,TH-SOCK,Ankle Socks 3pk,1,2026-06-24 12:00,8.39,17074,United Kingdom
INV101108,TH-JACK,Denim Jacket,1,2024-12-18 12:00,43.63,17134,United Kingdom
INV100681,TH-DRESS,Summer Dress,3,2026-03-05 02:00,45.95,17061,United Kingdom
INV100300,TH-JEAN,Slim Fit Jeans,2,2026-07-07 12:00,54.17,17019,United Kingdom
INV100571,TH-HOOD,Fleece Hoodie,1,2026-05-29 04:00,37.89,17043,United Kingdom
INV100716,TH-SHIRT,Oxford Shirt,2,2026-07-04 12:00,28.7,17070,United Kingdom
INV100540,TH-HOOD,Fleece Hoodie,2,2026-05-02 03:00,37.17,17040,United Kingdom
INV100412,TH-TSHIRT,Cotton Crew T-Shirt,2,2025-10-14 20:00,13.91,17027,United Kingdom
INV100687,TH-JEAN,Slim Fit Jeans,1,2026-06-20 12:00,39.91,17062,United Kingdom
INV100439,TH-SHOE,Canvas Sneakers,3,2026-03-08 00:00,42.6,17030,United Kingdom
INV100188,TH-SOCK,Ankle Socks 3pk,3,2025-12-27 02:00,9.92,17012,United Kingdom
INV101085,TH-HOOD,Fleece Hoodie,1,2025-05-18 05:00,42.02,17128,United Kingdom
INV101024,TH-SHOE,Canvas Sneakers,1,2024-12-18 22:00,52.24,17123,United Kingdom
INV100808,TH-SCARF,Wool Scarf,2,2025-11-30 12:00,21.46,17100,United Kingdom
INV100177,TH-SOCK,Ankle Socks 3pk,4,2025-12-25 07:00,10.62,17011,United Kingdom
INV101120,TH-SCARF,Wool Scarf,2,2025-08-07 12:00,16.84,17139,United Kingdom
INV100742,TH-SHOE,Canvas Sneakers,2,2026-06-22 03:00,41.12,17086,United Kingdom
INV100287,TH-HOOD,Fleece Hoodie,4,2025-10-20 02:00,41.4,17019,United Kingdom
INV100949,TH-SHIRT,Oxford Shirt,1,2025-02-28 01:00,36.35,17116,United Kingdom
INV100095,TH-JEAN,Slim Fit Jeans,2,2026-06-30 12:00,57.48,17005,United Kingdom
INV101109,TH-TSHIRT,Cotton Crew T-Shirt,1,2024-12-23 12:00,10.09,17135,United Kingdom
INV101020,TH-BELT,Leather Belt,1,2025-05-13 03:00,26.75,17122,United Kingdom
INV100686,TH-JACK,Denim Jacket,1,2026-04-28 08:00,61.66,17062,United Kingdom
INV100998,TH-SHORT,Chino Shorts,2,2025-01-19 03:00,37.47,17120,United Kingdom
INV100478,TH-TSHIRT,Cotton Crew T-Shirt,3,2026-01-15 06:00,13.26,17034,United Kingdom
INV100328,TH-JEAN,Slim Fit Jeans,2,2026-01-04 00:00,55.83,17021,United Kingdom
INV100881,TH-CAP,Logo Cap,2,2025-07-24 20:00,17.62,17109,United Kingdom
INV100988,TH-SOCK,Ankle Socks 3pk,1,2025-08-07 00:00,9.89,17119,United Kingdom
INV101074,TH-SHORT,Chino Shorts,3,2025-02-02 02:00,37.06,17127,United Kingdom
INV100552,TH-SHOE,Canvas Sneakers,1,2026-05-21 20:00,36.22,17041,United Kingdom
INV100286,TH-DRESS,Summer Dress,2,2025-10-04 03:00,57.75,17019,United Kingdom
INV100104,TH-SHORT,Chino Shorts,2,2026-01-03 23:00,32.7,17006,United Kingdom
INV100260,TH-HOOD,Fleece Hoodie,4,2025-11-28 02:00,39.35,17017,United Kingdom
INV100676,TH-JACK,Denim Jacket,2,2026-02-02 06:00,68.53,17060,United Kingdom
INV100068,TH-TSHIRT,Cotton Crew T-Shirt,2,2026-02-24 04:00,15.99,17004,United Kingdom
INV100030,TH-BELT,Leather Belt,2,2026-02-02 21:00,25.44,17002,United Kingdom
INV100750,TH-JEAN,Slim Fit Jeans,1,2026-07-14 12:00,35.85,17090,United Kingdom
INV100805,TH-SHIRT,Oxford Shirt,1,2025-05-29 20:00,30.97,17100,United Kingdom
INV100847,TH-DRESS,Summer Dress,3,2025-12-06 21:00,54.51,17104,United Kingdom
INV100288,TH-BELT,Leather Belt,4,2025-10-27 23:00,29.05,17019,United Kingdom
INV100781,TH-CAP,Logo Cap,3,2025-06-26 04:00,15.4,17097,United Kingdom
INV101009,TH-JEAN,Slim Fit Jeans,3,2025-03-18 23:00,59.95,17121,United Kingdom
INV101009,TH-TSHIRT,Cotton Crew T-Shirt,3,2025-03-18 23:00,16.04,17121,United Kingdom
INV100556,TH-JACK,Denim Jacket,1,2025-11-18 08:00,66.47,17042,United Kingdom
INV100856,TH-DRESS,Summer Dress,3,2026-03-02 12:00,54.51,17105,United Kingdom
INV100492,TH-CAP,Logo Cap,2,2026-04-16 07:00,13.53,17035,United Kingdom
INV100255,TH-SHOE,Canvas Sneakers,2,2026-04-13 03:00,44.34,17016,United Kingdom
INV100662,TH-SOCK,Ankle Socks 3pk,3,2026-02-17 04:00,8.32,17057,United Kingdom
INV100963,TH-BELT,Leather Belt,1,2025-07-17 22:00,29.34,17117,United Kingdom
INV100139,TH-HOOD,Fleece Hoodie,4,2025-11-28 01:00,38.65,17009,United Kingdom
INV100922,TH-SHORT,Chino Shorts,2,2025-11-16 20:00,31.3,17113,United Kingdom
INV100273,TH-SHOE,Canvas Sneakers,3,2026-02-25 20:00,54.07,17018,United Kingdom
INV100288,TH-HOOD,Fleece Hoodie,2,2025-10-27 23:00,44.47,17019,United Kingdom
INV101093,TH-SCARF,Wool Scarf,3,2025-03-12 05:00,25.35,17129,United Kingdom
INV100097,TH-BELT,Leather Belt,4,2025-08-06 03:00,28.44,17006,United Kingdom
INV100038,TH-JEAN,Slim Fit Jeans,4,2026-05-30 23:00,53.46,17002,United Kingdom
INV100728,TH-TSHIRT,Cotton Crew T-Shirt,2,2026-06-23 12:00,12.4,17078,United Kingdom
INV100497,TH-HOOD,Fleece Hoodie,3,2026-01-11 23:00,32.64,17036,United Kingdom
INV100756,TH-SHIRT,Oxford Shirt,1,2026-06-24 22:00,26.46,17094,United Kingdom
INV100119,TH-SHIRT,Oxford Shirt,2,2025-11-30 07:00,39.69,17007,United Kingdom
INV100223,TH-CAP,Logo Cap,3,2026-03-11 02:00,15.82,17014,United Kingdom
INV101058,TH-CAP,Logo Cap,1,2025-05-06 20:00,17.69,17126,United Kingdom
INV100776,TH-SCARF,Wool Scarf,2,2025-03-24 02:00,20.84,17097,United Kingdom
INV100338,TH-BELT,Leather Belt,1,2026-06-12 06:00,30.0,17021,United Kingdom
INV100094,TH-BELT,Leather Belt,4,2026-06-19 04:00,24.22,17005,United Kingdom
INV100105,TH-DRESS,Summer Dress,1,2026-01-06 20:00,64.52,17006,United Kingdom
INV100509,TH-DRESS,Summer Dress,3,2026-05-25 02:00,45.92,17037,United Kingdom
INV100075,TH-DRESS,Summer Dress,4,2026-07-06 12:00,56.95,17004,United Kingdom
INV100191,TH-DRESS,Summer Dress,4,2026-02-01 02:00,54.97,17012,United Kingdom
INV100948,TH-CAP,Logo Cap,1,2025-02-06 05:00,17.14,17116,United Kingdom
INV100010,TH-SHOE,Canvas Sneakers,2,2026-02-08 23:00,43.88,17001,United Kingdom
INV100949,TH-SHIRT,Oxford Shirt,1,2025-02-28 01:00,39.74,17116,United Kingdom
INV100240,TH-SHOE,Canvas Sneakers,4,2026-06-13 00:00,44.84,17015,United Kingdom
INV100133,TH-CAP,Logo Cap,3,2026-04-13 22:00,18.67,17008,United Kingdom
INV100392,TH-JACK,Denim Jacket,3,2026-05-23 04:00,62.17,17025,United Kingdom
INV100106,TH-SCARF,Wool Scarf,4,2026-01-16 21:00,21.24,17006,United Kingdom
INV100803,TH-SHIRT,Oxford Shirt,2,2025-05-03 23:00,33.18,17100,United Kingdom
INV100005,TH-SHIRT,Oxford Shirt,4,2026-01-13 07:00,40.35,17001,United Kingdom
INV100677,TH-JACK,Denim Jacket,2,2026-03-09 07:00,59.11,17060,United Kingdom
INV100208,TH-BELT,Leather Belt,3,2026-06-09 04:00,27.9,17013,United Kingdom
INV100003,TH-DRESS,Summer Dress,3,2025-12-31 05:00,55.31,17001,United Kingdom
INV100867,TH-HOOD,Fleece Hoodie,2,2025-11-21 22:00,38.01,17107,United Kingdom
INV100622,TH-SHIRT,Oxford Shirt,2,2025-10-29 23:00,27.97,17048,United Kingdom
INV101084,TH-JEAN,Slim Fit Jeans,3,2025-04-14 23:00,52.02,17128,United Kingdom
INV100775,TH-SOCK,Ankle Socks 3pk,1,2025-12-19 12:00,10.73,17096,United Kingdom
INV101013,TH-DRESS,Summer Dress,1,2025-10-03 12:00,60.59,17121,United Kingdom
INV100023,TH-SHOE,Canvas Sneakers,1,2025-11-11 22:00,44.3,17002,United Kingdom
INV100187,TH-TSHIRT,Cotton Crew T-Shirt,4,2025-12-12 21:00,15.32,17012,United Kingdom
INV100129,TH-JEAN,Slim Fit Jeans,2,2025-12-15 01:00,57.95,17008,United Kingdom
INV100186,TH-HOOD,Fleece Hoodie,3,2025-12-03 05:00,39.87,17012,United Kingdom
INV100216,TH-BELT,Leather Belt,4,2025-09-30 02:00,26.08,17014,United Kingdom
INV101078,TH-DRESS,Summer Dress,3,2024-10-22 01:00,65.32,17128,United Kingdom
INV100076,TH-SCARF,Wool Scarf,4,2025-10-11 00:00,26.02,17005,United Kingdom
INV100487,TH-JACK,Denim Jacket,3,2025-12-19 05:00,65.0,17035,United Kingdom
INV100411,TH-SCARF,Wool Scarf,1,2025-08-24 20:00,21.38,17027,United Kingdom
INV100122,TH-SHIRT,Oxford Shirt,4,2026-03-31 08:00,35.69,17007,United Kingdom
INV100998,TH-JACK,Denim Jacket,3,2025-01-19 03:00,81.77,17120,United Kingdom
INV100073,TH-JEAN,Slim Fit Jeans,1,2026-05-23 00:00,53.35,17004,United Kingdom
INV100647,TH-SHIRT,Oxford Shirt,3,2026-06-16 08:00,28.67,17053,United Kingdom
INV101121,TH-SHORT,Chino Shorts,2,2024-10-31 00:00,21.52,17140,United Kingdom
INV100335,TH-SOCK,Ankle Socks 3pk,2,2026-04-13 23:00,10.23,17021,United Kingdom
INV100578,TH-CAP,Logo Cap,3,2026-03-08 01:00,13.61,17044,United Kingdom
INV100489,TH-SHOE,Canvas Sneakers,2,2026-01-19 20:00,43.45,17035,United Kingdom
INV100568,TH-SCARF,Wool Scarf,2,2026-04-13 07:00,17.75,17043,United Kingdom
INV100508,TH-SOCK,Ankle Socks 3pk,1,2026-05-22 06:00,8.1,17037,United Kingdom
INV100139,TH-SHOE,Canvas Sneakers,3,2025-11-28 01:00,52.35,17009,United Kingdom
INV100007,TH-HOOD,Fleece Hoodie,2,2026-01-28 07:00,43.75,17001,United Kingdom
INV101148,TH-SCARF,Wool Scarf,2,2024-12-25 08:00,14.33,17155,United Kingdom
INV100965,TH-SHORT,Chino Shorts,2,2025-09-01 03:00,33.24,17117,United Kingdom
INV101064,TH-SHOE,Canvas Sneakers,1,2025-10-23 12:00,51.76,17126,United Kingdom
INV100422,TH-SOCK,Ankle Socks 3pk,1,2025-11-05 21:00,9.62,17028,United Kingdom
INV100669,TH-SHIRT,Oxford Shirt,2,2026-05-16 03:00,28.75,17058,United Kingdom
INV100244,TH-SCARF,Wool Scarf,3,2026-07-12 12:00,25.91,17015,United Kingdom
INV100661,TH-HOOD,Fleece Hoodie,3,2026-06-15 12:00,38.36,17056,United Kingdom
INV100047,TH-CAP,Logo Cap,3,2025-09-14 20:00,16.55,17003,United Kingdom
INV100621,TH-SOCK,Ankle Socks 3pk,2,2025-09-04 06:00,9.41,17048,United Kingdom
INV101138,TH-CAP,Logo Cap,2,2024-09-10 22:00,12.24,17149,United Kingdom
INV100176,TH-TSHIRT,Cotton Crew T-Shirt,4,2025-12-24 20:00,17.17,17011,United Kingdom
INV100004,TH-TSHIRT,Cotton Crew T-Shirt,2,2026-01-04 06:00,17.23,17001,United Kingdom
INV100141,TH-JEAN,Slim Fit Jeans,1,2025-12-30 03:00,52.72,17009,United Kingdom
INV100812,TH-HOOD,Fleece Hoodie,3,2025-07-30 00:00,38.12,17101,United Kingdom
INV101092,TH-SCARF,Wool Scarf,1,2025-03-11 03:00,23.3,17129,United Kingdom
INV100400,TH-SHIRT,Oxford Shirt,3,2025-11-22 01:00,31.3,17026,United Kingdom
INV101139,TH-SCARF,Wool Scarf,2,2024-10-03 12:00,14.48,17149,United Kingdom
INV100286,TH-SHIRT,Oxford Shirt,3,2025-10-04 03:00,40.29,17019,United Kingdom
INV100952,TH-SCARF,Wool Scarf,2,2025-06-10 03:00,26.53,17116,United Kingdom
INV100201,TH-SOCK,Ankle Socks 3pk,4,2025-11-29 01:00,10.22,17013,United Kingdom
INV100797,TH-JEAN,Slim Fit Jeans,2,2025-09-19 22:00,49.59,17099,United Kingdom
INV100966,TH-JEAN,Slim Fit Jeans,2,2025-09-02 05:00,61.06,17117,United Kingdom
INV100179,TH-DRESS,Summer Dress,3,2026-03-08 00:00,66.14,17011,United Kingdom
INV100586,TH-HOOD,Fleece Hoodie,3,2026-02-18 08:00,37.53,17045,United Kingdom
INV100189,TH-BELT,Leather Belt,2,2026-01-17 21:00,27.67,17012,United Kingdom
INV100796,TH-HOOD,Fleece Hoodie,2,2025-08-27 23:00,36.4,17099,United Kingdom
INV100031,TH-DRESS,Summer Dress,1,2026-02-07 06:00,63.5,17002,United Kingdom
INV100623,TH-JEAN,Slim Fit Jeans,2,2025-11-18 03:00,48.32,17048,United Kingdom
INV100110,TH-SHIRT,Oxford Shirt,2,2026-04-21 21:00,37.19,17006,United Kingdom
INV100192,TH-SHORT,Chino Shorts,1,2026-02-08 04:00,36.22,17012,United Kingdom
INV100084,TH-JEAN,Slim Fit Jeans,3,2026-01-27 06:00,58.06,17005,United Kingdom
INV100176,TH-BELT,Leather Belt,3,2025-12-24 20:00,29.14,17011,United Kingdom
INV100267,TH-DRESS,Summer Dress,2,2025-11-08 22:00,62.88,17018,United Kingdom
INV100851,TH-SHORT,Chino Shorts,3,2025-08-07 02:00,33.42,17105,United Kingdom
INV100019,TH-BELT,Leather Belt,4,2026-07-12 12:00,27.08,17001,United Kingdom
INV100103,TH-SHIRT,Oxford Shirt,2,2025-12-11 00:00,41.01,17006,United Kingdom
INV100357,TH-SCARF,Wool Scarf,4,2026-06-29 05:00,22.87,17022,United Kingdom
INV101020,TH-TSHIRT,Cotton Crew T-Shirt,2,2025-05-13 03:00,18.4,17122,United Kingdom
INV100869,TH-TSHIRT,Cotton Crew T-Shirt,2,2026-01-14 02:00,15.28,17107,United Kingdom
INV100548,TH-CAP,Logo Cap,2,2026-03-11 02:00,13.12,17041,United Kingdom
INV100290,TH-SCARF,Wool Scarf,1,2025-11-20 05:00,22.98,17019,United Kingdom
INV100160,TH-TSHIRT,Cotton Crew T-Shirt,2,2025-11-09 20:00,16.28,17010,United Kingdom
INV100381,TH-SHORT,Chino Shorts,3,2026-07-15 12:00,28.12,17024,United Kingdom
INV100288,TH-TSHIRT,Cotton Crew T-Shirt,2,2025-10-27 23:00,14.43,17019,United Kingdom
INV100300,TH-SHOE,Canvas Sneakers,3,2026-07-07 12:00,54.24,17019,United Kingdom
INV100258,TH-DRESS,Summer Dress,4,2025-10-04 21:00,61.34,17017,United Kingdom
INV100397,TH-CAP,Logo Cap,2,2025-08-26 20:00,15.68,17026,United Kingdom
INV100805,TH-SOCK,Ankle Socks 3pk,3,2025-05-29 20:00,9.83,17100,United Kingdom
INV100690,TH-BELT,Leather Belt,3,2026-07-12 12:00,20.57,17063,United Kingdom
INV101045,TH-HOOD,Fleece Hoodie,3,2024-11-07 06:00,39.65,17125,United Kingdom
INV100124,TH-BELT,Leather Belt,4,2026-07-04 12:00,25.57,17007,United Kingdom
INV101040,TH-DRESS,Summer Dress,2,2024-10-02 00:00,60.08,17124,United Kingdom
INV100234,TH-SCARF,Wool Scarf,2,2026-03-30 23:00,26.03,17015,United Kingdom
INV100656,TH-TSHIRT,Cotton Crew T-Shirt,1,2026-04-12 08:00,12.05,17055,United Kingdom
INV100967,TH-JACK,Denim Jacket,3,2025-09-11 02:00,85.74,17117,United Kingdom
INV100344,TH-DRESS,Summer Dress,4,2025-12-14 02:00,61.94,17022,United Kingdom
INV100218,TH-JACK,Denim Jacket,4,2025-11-03 01:00,76.27,17014,United Kingdom
INV100047,TH-BELT,Leather Belt,3,2025-09-14 20:00,27.43,17003,United Kingdom
INV101007,TH-CAP,Logo Cap,2,2025-02-27 21:00,16.37,17121,United Kingdom
INV100957,TH-BELT,Leather Belt,2,2025-04-15 20:00,26.24,17117,United Kingdom
INV100134,TH-BELT,Leather Belt,1,2026-05-05 01:00,27.08,17008,United Kingdom
INV100106,TH-SCARF,Wool Scarf,1,2026-01-16 21:00,22.27,17006,United Kingdom
INV100275,TH-CAP,Logo Cap,3,2026-03-11 02:00,16.21,17018,United Kingdom
INV100602,TH-DRESS,Summer Dress,1,2026-06-18 20:00,54.46,17046,United Kingdom
INV101034,TH-SHOE,Canvas Sneakers,1,2024-06-27 05:00,53.05,17124,United Kingdom
INV100785,TH-DRESS,Summer Dress,3,2025-05-21 06:00,57.15,17098,United Kingdom
INV100028,TH-CAP,Logo Cap,3,2026-01-11 08:00,18.57,17002,United Kingdom
INV100967,TH-JEAN,Slim Fit Jeans,3,2025-09-11 02:00,63.15,17117,United Kingdom
INV101156,TH-CAP,Logo Cap,507,2026-05-31 12:00,15.3,17158,United Kingdom
INV100041,TH-CAP,Logo Cap,4,2026-06-29 12:00,18.16,17002,United Kingdom
INV100565,TH-CAP,Logo Cap,2,2026-06-26 12:00,14.04,17042,United Kingdom
INV100320,TH-JACK,Denim Jacket,2,2026-06-25 12:00,77.61,17020,United Kingdom
INV101142,TH-BELT,Leather Belt,1,2025-05-12 12:00,19.64,17151,United Kingdom
INV100733,TH-HOOD,Fleece Hoodie,2,2026-07-13 12:00,29.8,17081,United Kingdom
INV101090,TH-SHOE,Canvas Sneakers,1,2025-02-12 00:00,53.94,17129,United Kingdom
INV100636,TH-BELT,Leather Belt,1,2026-05-17 06:00,22.09,17051,United Kingdom
INV100609,TH-SCARF,Wool Scarf,1,2025-10-10 02:00,18.59,17047,United Kingdom
INV100197,TH-SCARF,Wool Scarf,2,2026-07-04 12:00,23.07,17012,United Kingdom
INV100475,TH-JACK,Denim Jacket,2,2026-04-25 21:00,64.52,17033,United Kingdom
INV100858,TH-SHOE,Canvas Sneakers,3,2025-10-20 22:00,44.27,17106,United Kingdom
INV101013,TH-SHIRT,Oxford Shirt,1,2025-10-03 12:00,36.27,17121,United Kingdom
INV100276,TH-JACK,Denim Jacket,1,2026-04-12 21:00,80.4,17018,United Kingdom
INV100044,TH-SOCK,Ankle Socks 3pk,3,2025-06-28 23:00,9.36,17003,United Kingdom
INV100413,TH-DRESS,Summer Dress,2,2025-10-21 23:00,46.99,17027,United Kingdom
INV101154,TH-JACK,Denim Jacket,429,2026-02-27 05:00,67.24,17158,United Kingdom
INV100812,TH-SOCK,Ankle Socks 3pk,3,2025-07-30 00:00,9.09,17101,United Kingdom
INV100151,TH-SHORT,Chino Shorts,2,2026-04-10 21:00,33.06,17009,United Kingdom
INV100473,TH-BELT,Leather Belt,1,2026-04-25 03:00,23.16,17033,United Kingdom
INV100117,TH-CAP,Logo Cap,1,2025-10-25 01:00,19.12,17007,United Kingdom
INV100416,TH-SOCK,Ankle Socks 3pk,1,2026-05-06 20:00,8.87,17027,United Kingdom
INV100758,TH-BELT,Leather Belt,2,2025-08-28 22:00,24.36,17095,United Kingdom
INV100485,TH-SHORT,Chino Shorts,1,2025-12-05 08:00,27.11,17035,United Kingdom
INV100791,TH-BELT,Leather Belt,2,2025-07-03 02:00,27.73,17099,United Kingdom
INV100958,TH-TSHIRT,Cotton Crew T-Shirt,2,2025-04-21 08:00,18.25,17117,United Kingdom
INV100815,TH-SHOE,Canvas Sneakers,1,2025-08-25 05:00,43.74,17101,United Kingdom
INV100524,TH-BELT,Leather Belt,2,2026-01-17 23:00,20.78,17039,United Kingdom
INV100028,TH-SHORT,Chino Shorts,4,2026-01-11 08:00,35.31,17002,United Kingdom
INV100714,TH-SHOE,Canvas Sneakers,3,2026-07-12 12:00,45.62,17068,United Kingdom
INV100081,TH-TSHIRT,Cotton Crew T-Shirt,3,2025-12-27 05:00,14.88,17005,United Kingdom
INV100048,TH-SOCK,Ankle Socks 3pk,2,2025-09-23 20:00,9.96,17003,United Kingdom
INV101064,TH-BELT,Leather Belt,1,2025-10-23 12:00,29.96,17126,United Kingdom
INV100095,TH-CAP,Logo Cap,2,2026-06-30 12:00,16.67,17005,United Kingdom
INV100778,TH-DRESS,Summer Dress,1,2025-05-12 05:00,57.92,17097,United Kingdom
INV100987,TH-TSHIRT,Cotton Crew T-Shirt,2,2025-06-24 23:00,16.64,17119,United Kingdom
INV100655,TH-BELT,Leather Belt,3,2026-04-02 07:00,21.78,17055,United Kingdom
INV100710,TH-BELT,Leather Belt,2,2026-04-17 22:00,20.8,17067,United Kingdom
INV101111,TH-TSHIRT,Cotton Crew T-Shirt,1,2025-04-01 07:00,11.28,17136,United Kingdom
INV100089,TH-DRESS,Summer Dress,2,2026-03-13 08:00,59.24,17005,United Kingdom
INV100893,TH-JACK,Denim Jacket,3,2025-12-23 02:00,71.28,17110,United Kingdom
INV100551,TH-SOCK,Ankle Socks 3pk,3,2026-04-18 22:00,9.44,17041,United Kingdom
INV100432,TH-HOOD,Fleece Hoodie,3,2026-03-17 08:00,37.15,17029,United Kingdom
INV100018,TH-SCARF,Wool Scarf,4,2026-06-21 08:00,21.39,17001,United Kingdom
INV100950,TH-SOCK,Ankle Socks 3pk,1,2025-03-30 20:00,12.05,17116,United Kingdom
INV100594,TH-SCARF,Wool Scarf,3,2025-10-25 01:00,18.07,17046,United Kingdom
INV100060,TH-HOOD,Fleece Hoodie,2,2025-06-23 08:00,40.67,17004,United Kingdom
INV100816,TH-SHIRT,Oxford Shirt,2,2025-09-23 06:00,35.24,17101,United Kingdom
INV100042,TH-HOOD,Fleece Hoodie,2,2025-06-23 07:00,42.07,17003,United Kingdom
INV100349,TH-SOCK,Ankle Socks 3pk,2,2026-04-06 02:00,10.25,17022,United Kingdom
INV100518,TH-HOOD,Fleece Hoodie,3,2026-02-26 08:00,38.18,17038,United Kingdom
INV100357,TH-JEAN,Slim Fit Jeans,1,2026-06-29 05:00,49.17,17022,United Kingdom
INV101041,TH-JEAN,Slim Fit Jeans,3,2024-11-20 07:00,61.77,17124,United Kingdom
INV100268,TH-DRESS,Summer Dress,1,2025-12-20 23:00,59.89,17018,United Kingdom
INV100680,TH-TSHIRT,Cotton Crew T-Shirt,3,2026-07-05 12:00,14.31,17060,United Kingdom
INV100977,TH-CAP,Logo Cap,2,2024-12-31 05:00,17.87,17118,United Kingdom
INV100770,TH-CAP,Logo Cap,3,2025-10-12 05:00,16.28,17096,United Kingdom
INV100642,TH-SOCK,Ankle Socks 3pk,1,2026-06-03 05:00,8.5,17052,United Kingdom
INV100015,TH-SHIRT,Oxford Shirt,1,2026-05-24 07:00,38.45,17001,United Kingdom
INV100251,TH-SCARF,Wool Scarf,1,2025-11-14 05:00,20.78,17016,United Kingdom
INV100449,TH-SHIRT,Oxford Shirt,2,2026-06-10 08:00,33.95,17031,United Kingdom
INV100694,TH-SCARF,Wool Scarf,2,2026-06-22 12:00,21.0,17064,United Kingdom
INV100002,TH-JACK,Denim Jacket,3,2025-12-15 21:00,82.52,17001,United Kingdom
INV100652,TH-CAP,Logo Cap,1,2025-12-27 21:00,13.34,17055,United Kingdom
INV100898,TH-TSHIRT,Cotton Crew T-Shirt,3,2025-04-11 05:00,16.36,17111,United Kingdom
INV100961,TH-TSHIRT,Cotton Crew T-Shirt,3,2025-05-29 04:00,18.4,17117,United Kingdom
INV100224,TH-SOCK,Ankle Socks 3pk,3,2026-03-18 05:00,10.52,17014,United Kingdom
INV100642,TH-JEAN,Slim Fit Jeans,1,2026-06-03 05:00,50.22,17052,United Kingdom
INV100311,TH-TSHIRT,Cotton Crew T-Shirt,4,2026-02-04 23:00,16.65,17020,United Kingdom
INV100720,TH-BELT,Leather Belt,2,2026-06-25 23:00,17.9,17073,United Kingdom
INV100279,TH-TSHIRT,Cotton Crew T-Shirt,2,2026-05-20 04:00,14.91,17018,United Kingdom
INV101056,TH-BELT,Leather Belt,3,2025-03-23 20:00,30.87,17126,United Kingdom
INV100600,TH-BELT,Leather Belt,2,2026-02-17 08:00,24.94,17046,United Kingdom
INV101167,TH-SHIRT,Oxford Shirt,1,2024-12-30 12:00,17.54,17166,United Kingdom
INV100596,TH-SOCK,Ankle Socks 3pk,1,2026-01-13 01:00,8.98,17046,United Kingdom
INV100771,TH-SHIRT,Oxford Shirt,3,2025-10-19 01:00,37.07,17096,United Kingdom
INV100084,TH-HOOD,Fleece Hoodie,1,2026-01-27 06:00,38.62,17005,United Kingdom
INV100749,TH-SHOE,Canvas Sneakers,1,2026-07-05 23:00,35.45,17090,United Kingdom
INV100828,TH-HOOD,Fleece Hoodie,2,2025-12-05 12:00,40.44,17102,United Kingdom
INV100976,TH-SOCK,Ankle Socks 3pk,2,2024-12-30 08:00,11.25,17118,United Kingdom
INV100154,TH-SHIRT,Oxford Shirt,3,2026-05-29 21:00,38.85,17009,United Kingdom
INV100523,TH-CAP,Logo Cap,1,2025-10-18 07:00,15.33,17039,United Kingdom
INV100310,TH-SCARF,Wool Scarf,3,2026-01-21 08:00,20.73,17020,United Kingdom
INV100116,TH-SHOE,Canvas Sneakers,4,2025-10-20 00:00,43.21,17007,United Kingdom
INV101162,TH-TSHIRT,Cotton Crew T-Shirt,2,2026-07-04 12:00,1355.37,17161,United Kingdom
INV100256,TH-DRESS,Summer Dress,4,2026-06-30 12:00,55.86,17016,United Kingdom
INV100393,TH-SHOE,Canvas Sneakers,3,2026-05-28 04:00,36.15,17025,United Kingdom
INV101012,TH-CAP,Logo Cap,3,2025-08-19 00:00,16.88,17121,United Kingdom
INV100996,TH-JACK,Denim Jacket,1,2024-12-15 08:00,72.43,17120,United Kingdom
INV100088,TH-SHOE,Canvas Sneakers,3,2026-02-19 07:00,47.76,17005,United Kingdom
INV100299,TH-SOCK,Ankle Socks 3pk,2,2026-06-25 05:00,9.88,17019,United Kingdom
INV100962,TH-SHIRT,Oxford Shirt,3,2025-07-15 22:00,40.78,17117,United Kingdom
INV100112,TH-SHOE,Canvas Sneakers,1,2026-06-02 03:00,50.88,17006,United Kingdom
INV101148,TH-TSHIRT,Cotton Crew T-Shirt,2,2024-12-25 08:00,10.93,17155,United Kingdom
INV101091,TH-SHOE,Canvas Sneakers,1,2025-03-07 05:00,55.79,17129,United Kingdom
INV101071,TH-DRESS,Summer Dress,2,2024-10-27 21:00,56.22,17127,United Kingdom
INV101067,TH-SHIRT,Oxford Shirt,3,2024-08-04 04:00,41.65,17127,United Kingdom
INV100335,TH-SHORT,Chino Shorts,4,2026-04-13 23:00,31.17,17021,United Kingdom
INV101099,TH-SHIRT,Oxford Shirt,2,2025-07-29 12:00,39.93,17129,United Kingdom
INV100949,TH-TSHIRT,Cotton Crew T-Shirt,3,2025-02-28 01:00,15.25,17116,United Kingdom
INV101042,TH-HOOD,Fleece Hoodie,1,2024-11-21 20:00,45.41,17124,United Kingdom
INV100838,TH-JEAN,Slim Fit Jeans,3,2025-08-23 07:00,46.11,17104,United Kingdom
INV100687,TH-SHORT,Chino Shorts,3,2026-06-20 12:00,26.53,17062,United Kingdom
INV101022,TH-SOCK,Ankle Socks 3pk,1,2024-11-20 06:00,9.93,17123,United Kingdom
INV100234,TH-JACK,Denim Jacket,3,2026-03-30 23:00,67.46,17015,United Kingdom
INV100267,TH-SHOE,Canvas Sneakers,1,2025-11-08 22:00,46.61,17018,United Kingdom
INV100414,TH-SHORT,Chino Shorts,2,2025-12-08 05:00,26.3,17027,United Kingdom
INV100323,TH-JACK,Denim Jacket,1,2025-11-04 07:00,76.82,17021,United Kingdom
INV100107,TH-DRESS,Summer Dress,3,2026-01-26 02:00,64.87,17006,United Kingdom
INV100122,TH-SHORT,Chino Shorts,3,2026-03-31 08:00,36.31,17007,United Kingdom
INV101038,TH-BELT,Leather Belt,3,2024-09-24 02:00,25.99,17124,United Kingdom
INV100851,TH-HOOD,Fleece Hoodie,3,2025-08-07 02:00,42.1,17105,United Kingdom
INV100496,TH-SOCK,Ankle Socks 3pk,3,2025-11-23 05:00,9.27,17036,United Kingdom
INV100546,TH-JEAN,Slim Fit Jeans,3,2026-02-23 21:00,49.77,17041,United Kingdom
INV101023,TH-SHORT,Chino Shorts,1,2024-12-06 00:00,39.17,17123,United Kingdom
INV100191,TH-HOOD,Fleece Hoodie,4,2026-02-01 02:00,47.51,17012,United Kingdom
INV100797,TH-JACK,Denim Jacket,3,2025-09-19 22:00,60.7,17099,United Kingdom
INV100865,TH-DRESS,Summer Dress,3,2025-11-04 08:00,58.12,17107,United Kingdom
INV100672,TH-SHORT,Chino Shorts,3,2026-01-30 08:00,29.35,17059,United Kingdom
INV100256,TH-SHOE,Canvas Sneakers,1,2026-06-30 12:00,48.87,17016,United Kingdom
INV100667,TH-JEAN,Slim Fit Jeans,3,2026-01-01 00:00,41.88,17058,United Kingdom
INV100810,TH-SCARF,Wool Scarf,3,2025-07-22 08:00,23.89,17101,United Kingdom
INV100779,TH-SCARF,Wool Scarf,1,2025-06-02 20:00,23.55,17097,United Kingdom
INV100706,TH-BELT,Leather Belt,2,2026-06-17 12:00,20.27,17066,United Kingdom
INV100517,TH-DRESS,Summer Dress,2,2025-12-27 21:00,50.51,17038,United Kingdom
INV100117,TH-SHORT,Chino Shorts,1,2025-10-25 01:00,32.92,17007,United Kingdom
INV100199,TH-SHORT,Chino Shorts,4,2025-11-23 08:00,33.15,17013,United Kingdom
INV100070,TH-SHORT,Chino Shorts,1,2026-04-03 20:00,34.79,17004,United Kingdom
INV100349,TH-CAP,Logo Cap,3,2026-04-06 02:00,15.89,17022,United Kingdom
INV100417,TH-DRESS,Summer Dress,1,2026-06-01 12:00,54.67,17027,United Kingdom
INV101158,TH-HOOD,Fleece Hoodie,675,2026-04-09 07:00,37.72,17159,United Kingdom
INV100265,TH-SCARF,Wool Scarf,4,2026-01-28 06:00,24.92,17017,United Kingdom
INV100795,TH-BELT,Leather Belt,2,2025-08-24 21:00,24.09,17099,United Kingdom
INV100617,TH-SHOE,Canvas Sneakers,2,2026-04-30 08:00,41.75,17047,United Kingdom
INV100887,TH-JACK,Denim Jacket,2,2025-10-12 23:00,67.18,17110,United Kingdom
INV100579,TH-BELT,Leather Belt,3,2026-04-28 07:00,21.52,17044,United Kingdom
INV101023,TH-SOCK,Ankle Socks 3pk,2,2024-12-06 00:00,9.64,17123,United Kingdom
INV101045,TH-CAP,Logo Cap,2,2024-11-07 06:00,18.46,17125,United Kingdom
INV100527,TH-DRESS,Summer Dress,3,2026-06-04 12:00,55.19,17039,United Kingdom
INV100939,TH-HOOD,Fleece Hoodie,3,2025-04-17 06:00,47.52,17115,United Kingdom
INV100221,TH-JACK,Denim Jacket,2,2026-01-31 20:00,74.44,17014,United Kingdom
INV100097,TH-BELT,Leather Belt,4,2025-08-06 03:00,29.25,17006,United Kingdom
INV100162,TH-DRESS,Summer Dress,2,2025-12-11 01:00,62.53,17010,United Kingdom
INV100997,TH-DRESS,Summer Dress,1,2024-12-22 02:00,62.29,17120,United Kingdom
INV100465,TH-HOOD,Fleece Hoodie,2,2025-11-11 05:00,35.85,17033,United Kingdom
INV100203,TH-SOCK,Ankle Socks 3pk,1,2026-03-11 05:00,11.06,17013,United Kingdom
INV100820,TH-BELT,Leather Belt,2,2025-12-03 12:00,23.82,17101,United Kingdom
INV100788,TH-JACK,Denim Jacket,1,2025-07-26 22:00,60.9,17098,United Kingdom
INV100324,TH-SOCK,Ankle Socks 3pk,3,2025-11-06 00:00,10.68,17021,United Kingdom
INV100276,TH-TSHIRT,Cotton Crew T-Shirt,1,2026-04-12 21:00,15.87,17018,United Kingdom
INV100390,TH-SOCK,Ankle Socks 3pk,1,2026-04-24 22:00,8.0,17025,United Kingdom
INV100736,TH-SOCK,Ankle Socks 3pk,1,2026-06-27 00:00,8.07,17083,United Kingdom
INV100143,TH-BELT,Leather Belt,3,2026-01-23 07:00,24.83,17009,United Kingdom
INV100554,TH-SCARF,Wool Scarf,2,2026-07-10 12:00,18.85,17041,United Kingdom
INV100134,TH-BELT,Leather Belt,3,2026-05-05 01:00,29.32,17008,United Kingdom
INV100921,TH-CAP,Logo Cap,2,2025-11-15 06:00,15.76,17113,United Kingdom
INV100692,TH-SHORT,Chino Shorts,3,2026-02-04 21:00,30.1,17064,United Kingdom
INV100376,TH-HOOD,Fleece Hoodie,1,2026-03-16 01:00,32.41,17024,United Kingdom
INV100976,TH-TSHIRT,Cotton Crew T-Shirt,1,2024-12-30 08:00,17.29,17118,United Kingdom
INV101127,TH-JEAN,Slim Fit Jeans,2,2024-11-09 22:00,32.27,17143,United Kingdom
INV100011,TH-SHORT,Chino Shorts,2,2026-03-26 20:00,31.89,17001,United Kingdom
INV100041,TH-SHIRT,Oxford Shirt,2,2026-06-29 12:00,41.21,17002,United Kingdom
INV100311,TH-JACK,Denim Jacket,3,2026-02-04 23:00,72.13,17020,United Kingdom
INV100020,TH-JACK,Denim Jacket,3,2025-11-06 04:00,67.17,17002,United Kingdom
INV100558,TH-HOOD,Fleece Hoodie,2,2025-12-15 07:00,35.3,17042,United Kingdom
INV100995,TH-HOOD,Fleece Hoodie,3,2024-12-10 07:00,44.5,17120,United Kingdom
INV100587,TH-SHIRT,Oxford Shirt,2,2026-04-24 01:00,30.78,17045,United Kingdom
INV100033,TH-TSHIRT,Cotton Crew T-Shirt,3,2026-03-21 05:00,15.15,17002,United Kingdom
INV100002,TH-SCARF,Wool Scarf,1,2025-12-15 21:00,20.77,17001,United Kingdom
INV100560,TH-SCARF,Wool Scarf,1,2026-03-27 08:00,18.86,17042,United Kingdom
INV100003,TH-SCARF,Wool Scarf,1,2025-12-31 05:00,23.98,17001,United Kingdom
INV100131,TH-JEAN,Slim Fit Jeans,4,2026-01-22 08:00,54.16,17008,United Kingdom
INV101060,TH-HOOD,Fleece Hoodie,1,2025-07-27 20:00,42.55,17126,United Kingdom
INV100527,TH-CAP,Logo Cap,1,2026-06-04 12:00,15.7,17039,United Kingdom
INV100022,TH-JEAN,Slim Fit Jeans,3,2025-11-09 06:00,49.04,17002,United Kingdom
INV100988,TH-JEAN,Slim Fit Jeans,3,2025-08-07 00:00,53.99,17119,United Kingdom
INV100370,TH-SOCK,Ankle Socks 3pk,1,2025-11-23 00:00,7.91,17024,United Kingdom
INV100095,TH-SCARF,Wool Scarf,3,2026-06-30 12:00,24.93,17005,United Kingdom
INV100010,TH-TSHIRT,Cotton Crew T-Shirt,1,2026-02-08 23:00,17.65,17001,United Kingdom
INV100360,TH-SHIRT,Oxford Shirt,2,2025-09-04 22:00,29.73,17023,United Kingdom
INV100790,TH-SCARF,Wool Scarf,1,2025-11-27 12:00,19.03,17098,United Kingdom
INV100235,TH-SHOE,Canvas Sneakers,2,2026-04-25 21:00,43.56,17015,United Kingdom
INV100950,TH-CAP,Logo Cap,2,2025-03-30 20:00,20.03,17116,United Kingdom
INV100923,TH-SCARF,Wool Scarf,3,2025-11-19 21:00,19.95,17113,United Kingdom
INV100577,TH-JEAN,Slim Fit Jeans,2,2026-01-08 22:00,50.39,17044,United Kingdom
INV100179,TH-BELT,Leather Belt,1,2026-03-08 00:00,24.94,17011,United Kingdom
INV100526,TH-SHOE,Canvas Sneakers,1,2026-04-05 00:00,37.1,17039,United Kingdom
INV101107,TH-SHOE,Canvas Sneakers,1,2024-10-28 04:00,36.08,17134,United Kingdom
INV100983,TH-HOOD,Fleece Hoodie,1,2025-05-01 00:00,47.53,17119,United Kingdom
INV101081,TH-HOOD,Fleece Hoodie,1,2025-01-08 03:00,48.19,17128,United Kingdom
INV100162,TH-SHORT,Chino Shorts,4,2025-12-11 01:00,34.06,17010,United Kingdom
INV100877,TH-SOCK,Ankle Socks 3pk,1,2025-05-21 02:00,9.67,17109,United Kingdom
INV100491,TH-SHORT,Chino Shorts,3,2026-01-26 00:00,31.32,17035,United Kingdom
INV100425,TH-SHORT,Chino Shorts,1,2026-03-09 04:00,27.85,17028,United Kingdom
INV100400,TH-HOOD,Fleece Hoodie,1,2025-11-22 01:00,34.78,17026,United Kingdom
INV101022,TH-SHIRT,Oxford Shirt,3,2024-11-20 06:00,36.67,17123,United Kingdom
INV100482,TH-SHORT,Chino Shorts,1,2026-06-14 02:00,27.97,17034,United Kingdom
INV100190,TH-SHOE,Canvas Sneakers,1,2026-01-27 03:00,53.01,17012,United Kingdom
INV100593,TH-BELT,Leather Belt,1,2025-10-09 02:00,25.22,17046,United Kingdom
INV100102,TH-HOOD,Fleece Hoodie,4,2025-11-23 02:00,42.05,17006,United Kingdom
INV100126,TH-BELT,Leather Belt,3,2025-08-11 21:00,28.34,17008,United Kingdom
INV100805,TH-SHIRT,Oxford Shirt,2,2025-05-29 20:00,33.43,17100,United Kingdom
INV100290,TH-TSHIRT,Cotton Crew T-Shirt,2,2025-11-20 05:00,17.84,17019,United Kingdom
INV101080,TH-SHORT,Chino Shorts,3,2024-11-16 04:00,38.93,17128,United Kingdom
INV101050,TH-TSHIRT,Cotton Crew T-Shirt,1,2025-04-17 22:00,16.62,17125,United Kingdom
INV101011,TH-SCARF,Wool Scarf,2,2025-07-27 21:00,24.05,17121,United Kingdom
INV100665,TH-TSHIRT,Cotton Crew T-Shirt,1,2026-06-13 05:00,12.63,17057,United Kingdom
INV100032,TH-CAP,Logo Cap,4,2026-03-05 01:00,18.05,17002,United Kingdom
INV100509,TH-DRESS,Summer Dress,1,2026-05-25 02:00,49.87,17037,United Kingdom
INV100266,TH-JEAN,Slim Fit Jeans,1,2026-07-06 12:00,51.63,17017,United Kingdom
INV101040,TH-DRESS,Summer Dress,1,2024-10-02 00:00,62.77,17124,United Kingdom
INV101014,TH-SOCK,Ankle Socks 3pk,3,2024-09-21 23:00,10.67,17122,United Kingdom
INV100143,TH-BELT,Leather Belt,3,2026-01-23 07:00,27.68,17009,United Kingdom
INV100592,TH-TSHIRT,Cotton Crew T-Shirt,3,2025-09-20 20:00,12.75,17046,United Kingdom
INV100086,TH-SHIRT,Oxford Shirt,4,2026-02-06 22:00,39.39,17005,United Kingdom
INV100890,TH-JEAN,Slim Fit Jeans,3,2025-11-09 02:00,52.55,17110,United Kingdom
INV100828,TH-DRESS,Summer Dress,3,2025-12-05 12:00,61.81,17102,United Kingdom
INV100823,TH-TSHIRT,Cotton Crew T-Shirt,3,2025-07-03 05:00,16.28,17102,United Kingdom
INV101124,TH-JEAN,Slim Fit Jeans,2,2025-06-21 22:00,35.19,17141,United Kingdom
INV100118,TH-DRESS,Summer Dress,1,2025-10-30 00:00,64.26,17007,United Kingdom
INV100899,TH-SHORT,Chino Shorts,1,2025-04-14 03:00,27.24,17111,United Kingdom
INV100981,TH-SOCK,Ankle Socks 3pk,2,2025-04-13 06:00,10.09,17119,United Kingdom
INV100024,TH-JEAN,Slim Fit Jeans,3,2025-12-14 06:00,49.65,17002,United Kingdom
INV100942,TH-JEAN,Slim Fit Jeans,3,2025-05-13 23:00,58.13,17115,United Kingdom
INV100080,TH-DRESS,Summer Dress,4,2025-11-30 06:00,61.55,17005,United Kingdom
INV100916,TH-JACK,Denim Jacket,1,2025-11-29 06:00,75.17,17112,United Kingdom
INV100356,TH-SOCK,Ankle Socks 3pk,3,2026-06-28 21:00,11.44,17022,United Kingdom
INV100252,TH-SHIRT,Oxford Shirt,4,2025-12-22 22:00,35.55,17016,United Kingdom
INV100961,TH-HOOD,Fleece Hoodie,1,2025-05-29 04:00,39.78,17117,United Kingdom
INV100038,TH-SHOE,Canvas Sneakers,4,2026-05-30 23:00,44.12,17002,United Kingdom
INV100047,TH-CAP,Logo Cap,1,2025-09-14 20:00,17.2,17003,United Kingdom
INV100467,TH-JEAN,Slim Fit Jeans,2,2025-12-25 23:00,43.82,17033,United Kingdom
INV100221,TH-SHOE,Canvas Sneakers,1,2026-01-31 20:00,49.32,17014,United Kingdom
INV100793,TH-SHOE,Canvas Sneakers,1,2025-07-27 01:00,46.19,17099,United Kingdom
INV100128,TH-SHORT,Chino Shorts,2,2025-12-11 02:00,30.7,17008,United Kingdom
INV100885,TH-SHOE,Canvas Sneakers,1,2025-12-21 12:00,49.81,17109,United Kingdom
INV101079,TH-SOCK,Ankle Socks 3pk,3,2024-10-23 01:00,12.17,17128,United Kingdom
INV100975,TH-SOCK,Ankle Socks 3pk,1,2024-12-20 22:00,10.85,17118,United Kingdom
INV100270,TH-SHORT,Chino Shorts,3,2026-01-03 20:00,34.33,17018,United Kingdom
INV100021,TH-HOOD,Fleece Hoodie,2,2025-11-09 05:00,41.08,17002,United Kingdom
INV100393,TH-SHIRT,Oxford Shirt,2,2026-05-28 04:00,34.19,17025,United Kingdom
INV100897,TH-SHOE,Canvas Sneakers,1,2025-01-24 08:00,42.85,17111,United Kingdom
INV101059,TH-DRESS,Summer Dress,1,2025-06-18 07:00,63.19,17126,United Kingdom
INV101015,TH-SHIRT,Oxford Shirt,3,2024-10-02 00:00,42.81,17122,United Kingdom
INV100898,TH-TSHIRT,Cotton Crew T-Shirt,3,2025-04-11 05:00,13.39,17111,United Kingdom
INV100048,TH-DRESS,Summer Dress,4,2025-09-23 20:00,59.51,17003,United Kingdom
INV100782,TH-SHIRT,Oxford Shirt,2,2025-07-28 05:00,30.25,17097,United Kingdom
INV100886,TH-TSHIRT,Cotton Crew T-Shirt,1,2025-09-06 20:00,15.22,17110,United Kingdom
INV101141,TH-SCARF,Wool Scarf,2,2025-02-11 05:00,14.71,17151,United Kingdom
INV100061,TH-SOCK,Ankle Socks 3pk,1,2025-06-25 21:00,10.86,17004,United Kingdom
INV100477,TH-SOCK,Ankle Socks 3pk,3,2025-12-31 22:00,9.39,17034,United Kingdom
INV100451,TH-TSHIRT,Cotton Crew T-Shirt,2,2026-06-24 12:00,14.89,17031,United Kingdom
INV100873,TH-SHOE,Canvas Sneakers,3,2025-09-23 22:00,45.26,17108,United Kingdom
INV100162,TH-SOCK,Ankle Socks 3pk,4,2025-12-11 01:00,9.38,17010,United Kingdom
INV100306,TH-DRESS,Summer Dress,3,2025-10-30 20:00,57.79,17020,United Kingdom
INV100161,TH-SHIRT,Oxford Shirt,1,2025-11-23 06:00,34.97,17010,United Kingdom
INV100694,TH-JEAN,Slim Fit Jeans,3,2026-06-22 12:00,41.0,17064,United Kingdom
INV100709,TH-SHOE,Canvas Sneakers,2,2026-04-12 20:00,42.78,17067,United Kingdom
INV101109,TH-TSHIRT,Cotton Crew T-Shirt,1,2024-12-23 12:00,10.99,17135,United Kingdom
INV100601,TH-SHOE,Canvas Sneakers,2,2026-06-14 20:00,40.09,17046,United Kingdom
INV100306,TH-SHOE,Canvas Sneakers,2,2025-10-30 20:00,54.59,17020,United Kingdom
INV100102,TH-SHOE,Canvas Sneakers,1,2025-11-23 02:00,50.92,17006,United Kingdom
INV100620,TH-HOOD,Fleece Hoodie,2,2025-08-15 00:00,32.76,17048,United Kingdom
INV100280,TH-SHIRT,Oxford Shirt,3,2026-05-31 03:00,36.29,17018,United Kingdom
INV100643,TH-JEAN,Slim Fit Jeans,2,2026-06-24 12:00,48.17,17052,United Kingdom
INV100065,TH-BELT,Leather Belt,2,2026-01-05 00:00,29.46,17004,United Kingdom
INV100065,TH-SHIRT,Oxford Shirt,4,2026-01-05 00:00,34.58,17004,United Kingdom
INV100593,TH-BELT,Leather Belt,1,2025-10-09 02:00,24.25,17046,United Kingdom
INV101074,TH-SOCK,Ankle Socks 3pk,3,2025-02-02 02:00,9.77,17127,United Kingdom
INV100759,TH-SHIRT,Oxford Shirt,2,2025-09-17 01:00,31.94,17095,United Kingdom
INV100260,TH-JEAN,Slim Fit Jeans,2,2025-11-28 02:00,60.35,17017,United Kingdom
INV100364,TH-SOCK,Ankle Socks 3pk,3,2026-02-27 04:00,8.16,17023,United Kingdom
INV101070,TH-SHOE,Canvas Sneakers,2,2024-10-15 08:00,45.19,17127,United Kingdom
INV100006,TH-JACK,Denim Jacket,3,2026-01-18 07:00,78.23,17001,United Kingdom
INV100862,TH-CAP,Logo Cap,2,2026-01-21 23:00,16.86,17106,United Kingdom
INV101163,TH-TSHIRT,Cotton Crew T-Shirt,1,2026-06-14 12:00,1170.6,17162,United Kingdom
INV100806,TH-TSHIRT,Cotton Crew T-Shirt,1,2025-08-03 22:00,15.94,17100,United Kingdom
INV100700,TH-SHORT,Chino Shorts,3,2026-07-07 12:00,27.92,17065,United Kingdom
INV100157,TH-DRESS,Summer Dress,2,2025-09-11 06:00,64.12,17010,United Kingdom
INV100842,TH-BELT,Leather Belt,1,2025-10-19 06:00,24.45,17104,United Kingdom
INV100550,TH-DRESS,Summer Dress,3,2026-04-05 07:00,47.72,17041,United Kingdom
INV100239,TH-SOCK,Ankle Socks 3pk,4,2026-05-19 23:00,9.62,17015,United Kingdom
INV101033,TH-SHORT,Chino Shorts,3,2025-05-22 12:00,36.95,17123,United Kingdom
INV100235,TH-SHORT,Chino Shorts,1,2026-04-25 21:00,35.29,17015,United Kingdom
INV100154,TH-HOOD,Fleece Hoodie,3,2026-05-29 21:00,38.94,17009,United Kingdom
INV100116,TH-HOOD,Fleece Hoodie,1,2025-10-20 00:00,45.92,17007,United Kingdom
INV100769,TH-BELT,Leather Belt,1,2025-09-16 02:00,27.36,17096,United Kingdom
INV100327,TH-DRESS,Summer Dress,2,2025-12-11 01:00,59.01,17021,United Kingdom
INV101002,TH-SHORT,Chino Shorts,1,2025-04-30 06:00,33.98,17120,United Kingdom
INV100146,TH-SHORT,Chino Shorts,3,2026-02-08 02:00,34.21,17009,United Kingdom
INV100797,TH-JACK,Denim Jacket,1,2025-09-19 22:00,65.59,17099,United Kingdom
INV100582,TH-SHIRT,Oxford Shirt,3,2026-06-08 12:00,31.93,17044,United Kingdom
INV100665,TH-JACK,Denim Jacket,2,2026-06-13 05:00,59.15,17057,United Kingdom
INV100088,TH-CAP,Logo Cap,2,2026-02-19 07:00,15.4,17005,United Kingdom
INV100356,TH-SCARF,Wool Scarf,3,2026-06-28 21:00,23.96,17022,United Kingdom
INV100230,TH-SHORT,Chino Shorts,2,2026-02-09 08:00,34.96,17015,United Kingdom
INV100211,TH-CAP,Logo Cap,2,2025-07-13 08:00,15.34,17014,United Kingdom
INV100128,TH-JEAN,Slim Fit Jeans,2,2025-12-11 02:00,58.0,17008,United Kingdom
INV100629,TH-SCARF,Wool Scarf,3,2026-04-22 05:00,19.15,17049,United Kingdom
INV100400,TH-SOCK,Ankle Socks 3pk,1,2025-11-22 01:00,7.93,17026,United Kingdom
INV101141,TH-DRESS,Summer Dress,2,2025-02-11 05:00,39.18,17151,United Kingdom
INV100767,TH-HOOD,Fleece Hoodie,2,2025-12-18 01:00,42.18,17095,United Kingdom
INV101126,TH-BELT,Leather Belt,2,2025-07-08 12:00,18.13,17142,United Kingdom
INV100870,TH-SOCK,Ankle Socks 3pk,1,2026-02-23 12:00,9.86,17107,United Kingdom
INV100389,TH-JACK,Denim Jacket,1,2026-04-05 00:00,61.88,17025,United Kingdom
INV100892,TH-JACK,Denim Jacket,3,2025-12-14 20:00,66.74,17110,United Kingdom
INV101069,TH-TSHIRT,Cotton Crew T-Shirt,1,2024-10-08 22:00,15.08,17127,United Kingdom
INV100026,TH-BELT,Leather Belt,2,2025-12-25 05:00,29.87,17002,United Kingdom
INV100009,TH-SHORT,Chino Shorts,2,2026-02-03 03:00,33.89,17001,United Kingdom
INV100915,TH-SCARF,Wool Scarf,1,2025-11-21 23:00,21.37,17112,United Kingdom
INV100781,TH-DRESS,Summer Dress,3,2025-06-26 04:00,54.73,17097,United Kingdom
INV100116,TH-CAP,Logo Cap,2,2025-10-20 00:00,17.52,17007,United Kingdom
INV100284,TH-HOOD,Fleece Hoodie,1,2025-10-01 06:00,44.75,17019,United Kingdom
INV100115,TH-JEAN,Slim Fit Jeans,4,2025-10-12 21:00,48.99,17007,United Kingdom
INV101059,TH-CAP,Logo Cap,3,2025-06-18 07:00,17.03,17126,United Kingdom
INV100475,TH-HOOD,Fleece Hoodie,2,2026-04-25 21:00,38.52,17033,United Kingdom
INV100563,TH-DRESS,Summer Dress,1,2026-04-11 07:00,53.47,17042,United Kingdom
INV100771,TH-SOCK,Ankle Socks 3pk,1,2025-10-19 01:00,10.63,17096,United Kingdom
INV100956,TH-SCARF,Wool Scarf,3,2025-08-03 12:00,26.26,17116,United Kingdom
INV100780,TH-CAP,Logo Cap,2,2025-06-03 04:00,15.6,17097,United Kingdom
INV100121,TH-SHOE,Canvas Sneakers,3,2025-12-23 22:00,53.53,17007,United Kingdom
INV101045,TH-SHORT,Chino Shorts,1,2024-11-07 06:00,37.83,17125,United Kingdom
INV100210,TH-JEAN,Slim Fit Jeans,3,2025-07-04 20:00,49.62,17014,United Kingdom
INV100932,TH-SOCK,Ankle Socks 3pk,2,2025-11-24 21:00,10.0,17114,United Kingdom
INV100100,TH-JACK,Denim Jacket,1,2025-10-12 08:00,67.42,17006,United Kingdom
INV100968,TH-BELT,Leather Belt,2,2025-09-17 04:00,25.64,17117,United Kingdom
INV100291,TH-JEAN,Slim Fit Jeans,1,2025-11-21 08:00,57.44,17019,United Kingdom
INV100562,TH-CAP,Logo Cap,1,2026-04-10 00:00,13.61,17042,United Kingdom
INV100782,TH-CAP,Logo Cap,3,2025-07-28 05:00,16.74,17097,United Kingdom
INV100307,TH-HOOD,Fleece Hoodie,3,2025-11-05 08:00,41.87,17020,United Kingdom
INV100522,TH-JEAN,Slim Fit Jeans,1,2025-09-21 04:00,44.94,17039,United Kingdom
INV100995,TH-SHOE,Canvas Sneakers,2,2024-12-10 07:00,54.64,17120,United Kingdom
INV100809,TH-DRESS,Summer Dress,3,2025-06-30 07:00,60.86,17101,United Kingdom
INV100734,TH-HOOD,Fleece Hoodie,1,2026-06-26 21:00,35.06,17082,United Kingdom
INV100967,TH-SCARF,Wool Scarf,3,2025-09-11 02:00,23.25,17117,United Kingdom
INV100015,TH-HOOD,Fleece Hoodie,2,2026-05-24 07:00,39.24,17001,United Kingdom
INV101063,TH-SOCK,Ankle Socks 3pk,2,2025-09-25 20:00,10.74,17126,United Kingdom
INV100027,TH-JACK,Denim Jacket,2,2026-01-07 03:00,79.49,17002,United Kingdom
INV101004,TH-JEAN,Slim Fit Jeans,3,2025-05-27 12:00,53.29,17120,United Kingdom
INV100097,TH-SOCK,Ankle Socks 3pk,3,2025-08-06 03:00,9.47,17006,United Kingdom
INV101036,TH-JEAN,Slim Fit Jeans,3,2024-07-07 05:00,51.58,17124,United Kingdom
INV100327,TH-CAP,Logo Cap,1,2025-12-11 01:00,17.14,17021,United Kingdom
INV100625,TH-HOOD,Fleece Hoodie,1,2026-02-07 07:00,35.09,17048,United Kingdom
INV100667,TH-SCARF,Wool Scarf,3,2026-01-01 00:00,17.5,17058,United Kingdom
INV100670,TH-SHOE,Canvas Sneakers,2,2026-05-20 06:00,42.76,17058,United Kingdom
INV100579,TH-HOOD,Fleece Hoodie,2,2026-04-28 07:00,33.5,17044,United Kingdom
INV100977,TH-BELT,Leather Belt,1,2024-12-31 05:00,25.56,17118,United Kingdom
INV100301,TH-SCARF,Wool Scarf,3,2025-09-13 04:00,24.46,17020,United Kingdom
INV100031,TH-DRESS,Summer Dress,3,2026-02-07 06:00,62.08,17002,United Kingdom
INV100162,TH-CAP,Logo Cap,1,2025-12-11 01:00,15.87,17010,United Kingdom
INV100631,TH-SHOE,Canvas Sneakers,2,2026-06-30 12:00,42.12,17049,United Kingdom
INV100940,TH-SCARF,Wool Scarf,1,2025-04-26 22:00,27.26,17115,United Kingdom
INV100389,TH-JEAN,Slim Fit Jeans,3,2026-04-05 00:00,47.84,17025,United Kingdom
INV100440,TH-SHIRT,Oxford Shirt,3,2026-05-21 20:00,31.33,17030,United Kingdom
INV100278,TH-SHIRT,Oxford Shirt,1,2026-04-30 23:00,33.55,17018,United Kingdom
INV100321,TH-BELT,Leather Belt,2,2025-10-11 05:00,28.76,17021,United Kingdom
INV100472,TH-DRESS,Summer Dress,2,2026-04-20 00:00,55.35,17033,United Kingdom
INV100059,TH-JEAN,Slim Fit Jeans,1,2026-06-27 12:00,48.31,17003,United Kingdom
INV100282,TH-DRESS,Summer Dress,1,2026-06-15 05:00,58.44,17018,United Kingdom
INV100013,TH-JACK,Denim Jacket,1,2026-04-27 02:00,81.08,17001,United Kingdom
INV101082,TH-CAP,Logo Cap,2,2025-01-16 08:00,18.34,17128,United Kingdom
INV100492,TH-SOCK,Ankle Socks 3pk,2,2026-04-16 07:00,9.29,17035,United Kingdom
INV100214,TH-BELT,Leather Belt,1,2025-08-16 05:00,27.79,17014,United Kingdom
INV100999,TH-SHORT,Chino Shorts,1,2025-01-29 05:00,38.79,17120,United Kingdom
INV100384,TH-CAP,Logo Cap,1,2026-02-10 01:00,14.72,17025,United Kingdom
INV100983,TH-SHORT,Chino Shorts,2,2025-05-01 00:00,34.36,17119,United Kingdom
INV100357,TH-SCARF,Wool Scarf,1,2026-06-29 05:00,21.71,17022,United Kingdom
INV100166,TH-JACK,Denim Jacket,2,2026-03-13 22:00,78.37,17010,United Kingdom
INV100111,TH-CAP,Logo Cap,4,2026-04-29 06:00,17.06,17006,United Kingdom
INV100500,TH-SHOE,Canvas Sneakers,2,2026-05-03 03:00,37.77,17036,United Kingdom
INV100075,TH-BELT,Leather Belt,1,2026-07-06 12:00,29.77,17004,United Kingdom
INV100381,TH-CAP,Logo Cap,3,2026-07-15 12:00,14.24,17024,United Kingdom
INV100159,TH-TSHIRT,Cotton Crew T-Shirt,4,2025-11-01 22:00,16.65,17010,United Kingdom
INV100113,TH-SHOE,Canvas Sneakers,4,2026-06-04 20:00,54.05,17006,United Kingdom
INV100373,TH-SOCK,Ankle Socks 3pk,3,2026-01-31 21:00,9.69,17024,United Kingdom
INV100311,TH-SHIRT,Oxford Shirt,4,2026-02-04 23:00,36.29,17020,United Kingdom
INV100225,TH-SHORT,Chino Shorts,3,2026-06-25 12:00,30.16,17014,United Kingdom
INV100628,TH-JEAN,Slim Fit Jeans,3,2026-03-27 04:00,45.02,17049,United Kingdom
INV100304,TH-SHOE,Canvas Sneakers,3,2025-10-08 07:00,44.75,17020,United Kingdom
INV100329,TH-SCARF,Wool Scarf,3,2026-01-11 20:00,25.91,17021,United Kingdom
INV100407,TH-SHOE,Canvas Sneakers,1,2026-04-27 22:00,39.42,17026,United Kingdom
INV100301,TH-SCARF,Wool Scarf,4,2025-09-13 04:00,21.86,17020,United Kingdom
INV100181,TH-SCARF,Wool Scarf,1,2026-05-21 23:00,23.36,17011,United Kingdom
INV100050,TH-SHOE,Canvas Sneakers,3,2025-11-27 23:00,54.95,17003,United Kingdom
INV100948,TH-SHIRT,Oxford Shirt,1,2025-02-06 05:00,34.54,17116,United Kingdom
INV100540,TH-TSHIRT,Cotton Crew T-Shirt,1,2026-05-02 03:00,12.9,17040,United Kingdom
INV100462,TH-SHORT,Chino Shorts,2,2026-04-07 23:00,25.1,17032,United Kingdom
INV100276,TH-SOCK,Ankle Socks 3pk,3,2026-04-12 21:00,10.23,17018,United Kingdom
INV100033,TH-SOCK,Ankle Socks 3pk,3,2026-03-21 05:00,10.37,17002,United Kingdom
INV100987,TH-HOOD,Fleece Hoodie,3,2025-06-24 23:00,48.44,17119,United Kingdom
INV100024,TH-SHIRT,Oxford Shirt,4,2025-12-14 06:00,37.44,17002,United Kingdom
INV100231,TH-CAP,Logo Cap,4,2026-02-19 20:00,18.06,17015,United Kingdom
INV100105,TH-DRESS,Summer Dress,3,2026-01-06 20:00,53.89,17006,United Kingdom
INV100449,TH-TSHIRT,Cotton Crew T-Shirt,3,2026-06-10 08:00,12.66,17031,United Kingdom
INV100136,TH-JEAN,Slim Fit Jeans,1,2025-08-31 03:00,48.19,17009,United Kingdom
INV100079,TH-TSHIRT,Cotton Crew T-Shirt,3,2025-11-26 21:00,17.91,17005,United Kingdom
INV100866,TH-SCARF,Wool Scarf,1,2025-11-11 08:00,22.34,17107,United Kingdom
INV100775,TH-JACK,Denim Jacket,1,2025-12-19 12:00,73.75,17096,United Kingdom
INV100940,TH-JACK,Denim Jacket,3,2025-04-26 22:00,79.75,17115,United Kingdom
INV100911,TH-SHOE,Canvas Sneakers,3,2025-09-06 23:00,45.57,17112,United Kingdom
INV100317,TH-DRESS,Summer Dress,1,2026-05-10 05:00,65.44,17020,United Kingdom
INV100066,TH-SHORT,Chino Shorts,3,2026-02-08 04:00,36.47,17004,United Kingdom
INV100259,TH-SCARF,Wool Scarf,1,2025-11-27 22:00,23.37,17017,United Kingdom
INV100221,TH-SOCK,Ankle Socks 3pk,1,2026-01-31 20:00,9.97,17014,United Kingdom
INV101070,TH-BELT,Leather Belt,1,2024-10-15 08:00,27.15,17127,United Kingdom
INV100384,TH-HOOD,Fleece Hoodie,1,2026-02-10 01:00,39.07,17025,United Kingdom
INV100263,TH-SOCK,Ankle Socks 3pk,4,2026-01-05 20:00,10.64,17017,United Kingdom
INV101015,TH-CAP,Logo Cap,2,2024-10-02 00:00,16.23,17122,United Kingdom
INV100621,TH-BELT,Leather Belt,2,2025-09-04 06:00,20.62,17048,United Kingdom
INV101097,TH-DRESS,Summer Dress,2,2025-06-06 01:00,62.54,17129,United Kingdom
INV100993,TH-TSHIRT,Cotton Crew T-Shirt,2,2024-10-20 20:00,18.2,17120,United Kingdom
INV101036,TH-DRESS,Summer Dress,3,2024-07-07 05:00,63.75,17124,United Kingdom
INV100877,TH-SOCK,Ankle Socks 3pk,2,2025-05-21 02:00,9.11,17109,United Kingdom
INV100056,TH-JACK,Denim Jacket,2,2026-03-16 20:00,69.55,17003,United Kingdom
INV100094,TH-TSHIRT,Cotton Crew T-Shirt,2,2026-06-19 04:00,17.42,17005,United Kingdom
INV100296,TH-SOCK,Ankle Socks 3pk,2,2026-03-08 00:00,10.35,17019,United Kingdom
INV100336,TH-DRESS,Summer Dress,1,2026-04-21 08:00,63.91,17021,United Kingdom
INV101132,TH-JEAN,Slim Fit Jeans,2,2024-11-23 12:00,34.59,17146,United Kingdom
INV100197,TH-DRESS,Summer Dress,2,2026-07-04 12:00,55.66,17012,United Kingdom
INV100555,TH-SOCK,Ankle Socks 3pk,3,2025-10-09 22:00,9.59,17042,United Kingdom
INV100583,TH-JEAN,Slim Fit Jeans,1,2026-01-11 01:00,40.7,17045,United Kingdom
INV100622,TH-HOOD,Fleece Hoodie,1,2025-10-29 23:00,37.2,17048,United Kingdom
INV100671,TH-CAP,Logo Cap,2,2026-06-07 12:00,13.0,17058,United Kingdom
INV100306,TH-BELT,Leather Belt,4,2025-10-30 20:00,30.34,17020,United Kingdom
INV100845,TH-JEAN,Slim Fit Jeans,1,2025-11-14 01:00,44.98,17104,United Kingdom
INV101091,TH-SHOE,Canvas Sneakers,3,2025-03-07 05:00,53.35,17129,United Kingdom
INV100017,TH-HOOD,Fleece Hoodie,2,2026-06-16 04:00,38.98,17001,United Kingdom
INV100257,TH-SCARF,Wool Scarf,1,2025-10-04 03:00,21.0,17017,United Kingdom
INV100935,TH-BELT,Leather Belt,1,2024-11-17 07:00,29.95,17115,United Kingdom
INV100470,TH-CAP,Logo Cap,2,2026-02-15 08:00,14.86,17033,United Kingdom
INV101066,TH-JEAN,Slim Fit Jeans,2,2024-07-09 08:00,55.86,17127,United Kingdom
INV100255,TH-JACK,Denim Jacket,2,2026-04-13 03:00,72.16,17016,United Kingdom
INV100099,TH-JEAN,Slim Fit Jeans,1,2025-10-08 02:00,54.26,17006,United Kingdom
INV100427,TH-SHORT,Chino Shorts,2,2026-06-01 12:00,28.3,17028,United Kingdom
INV101077,TH-SHOE,Canvas Sneakers,1,2025-03-20 12:00,49.1,17127,United Kingdom
INV100884,TH-HOOD,Fleece Hoodie,3,2025-09-03 22:00,41.09,17109,United Kingdom
INV101096,TH-TSHIRT,Cotton Crew T-Shirt,2,2025-04-21 23:00,17.41,17129,United Kingdom
INV101068,TH-SHIRT,Oxford Shirt,1,2024-09-01 02:00,35.87,17127,United Kingdom
INV100195,TH-HOOD,Fleece Hoodie,4,2026-03-04 04:00,44.73,17012,United Kingdom
INV100123,TH-HOOD,Fleece Hoodie,1,2026-06-08 03:00,40.65,17007,United Kingdom
INV100469,TH-SHIRT,Oxford Shirt,1,2026-02-05 01:00,29.3,17033,United Kingdom
INV100979,TH-JACK,Denim Jacket,1,2025-02-12 12:00,73.63,17118,United Kingdom
INV100285,TH-HOOD,Fleece Hoodie,1,2025-10-03 04:00,37.36,17019,United Kingdom
INV100354,TH-SHIRT,Oxford Shirt,1,2026-06-07 20:00,35.82,17022,United Kingdom
INV101070,TH-HOOD,Fleece Hoodie,3,2024-10-15 08:00,43.6,17127,United Kingdom
INV100105,TH-HOOD,Fleece Hoodie,4,2026-01-06 20:00,40.2,17006,United Kingdom
INV100096,TH-SHIRT,Oxford Shirt,1,2025-08-05 23:00,40.15,17006,United Kingdom
INV101090,TH-SHORT,Chino Shorts,1,2025-02-12 00:00,38.08,17129,United Kingdom
INV100213,TH-HOOD,Fleece Hoodie,4,2025-08-12 22:00,44.44,17014,United Kingdom
INV101068,TH-CAP,Logo Cap,1,2024-09-01 02:00,17.68,17127,United Kingdom
INV100480,TH-BELT,Leather Belt,1,2026-02-01 06:00,21.15,17034,United Kingdom
INV100451,TH-HOOD,Fleece Hoodie,1,2026-06-24 12:00,33.47,17031,United Kingdom
INV100174,TH-JEAN,Slim Fit Jeans,1,2025-11-18 07:00,54.44,17011,United Kingdom
INV100219,TH-CAP,Logo Cap,2,2025-12-03 06:00,16.74,17014,United Kingdom
INV101088,TH-TSHIRT,Cotton Crew T-Shirt,3,2025-01-25 01:00,18.28,17129,United Kingdom
INV100002,TH-JACK,Denim Jacket,1,2025-12-15 21:00,71.63,17001,United Kingdom
INV100752,TH-BELT,Leather Belt,2,2026-07-12 12:00,22.17,17091,United Kingdom
INV100950,TH-BELT,Leather Belt,1,2025-03-30 20:00,31.54,17116,United Kingdom
INV101139,TH-SHORT,Chino Shorts,1,2024-10-03 12:00,21.9,17149,United Kingdom
INV100507,TH-TSHIRT,Cotton Crew T-Shirt,2,2026-04-11 22:00,14.25,17037,United Kingdom
INV100053,TH-HOOD,Fleece Hoodie,4,2025-12-25 00:00,42.35,17003,United Kingdom
INV100212,TH-TSHIRT,Cotton Crew T-Shirt,2,2025-07-31 06:00,15.89,17014,United Kingdom
INV100534,TH-JACK,Denim Jacket,3,2026-03-21 07:00,55.21,17040,United Kingdom
INV100619,TH-TSHIRT,Cotton Crew T-Shirt,3,2025-07-21 02:00,13.79,17048,United Kingdom
INV100318,TH-JACK,Denim Jacket,1,2026-06-07 00:00,69.92,17020,United Kingdom
INV100034,TH-JACK,Denim Jacket,3,2026-03-23 20:00,68.83,17002,United Kingdom
INV101042,TH-HOOD,Fleece Hoodie,1,2024-11-21 20:00,47.94,17124,United Kingdom
INV100011,TH-BELT,Leather Belt,4,2026-03-26 20:00,30.12,17001,United Kingdom
INV101083,TH-HOOD,Fleece Hoodie,3,2025-04-10 01:00,39.3,17128,United Kingdom
INV100299,TH-CAP,Logo Cap,3,2026-06-25 05:00,17.02,17019,United Kingdom
INV100814,TH-JACK,Denim Jacket,2,2025-08-24 23:00,75.61,17101,United Kingdom
INV100582,TH-SOCK,Ankle Socks 3pk,3,2026-06-08 12:00,8.9,17044,United Kingdom
INV100943,TH-HOOD,Fleece Hoodie,2,2025-07-12 12:00,39.83,17115,United Kingdom
INV100046,TH-BELT,Leather Belt,4,2025-08-22 03:00,26.83,17003,United Kingdom
INV100362,TH-SHIRT,Oxford Shirt,2,2025-12-16 03:00,27.06,17023,United Kingdom
INV100548,TH-SHIRT,Oxford Shirt,3,2026-03-11 02:00,34.3,17041,United Kingdom
INV100198,TH-BELT,Leather Belt,1,2025-11-03 05:00,28.2,17013,United Kingdom
INV100127,TH-SHIRT,Oxford Shirt,1,2025-10-07 08:00,39.68,17008,United Kingdom
INV100719,TH-CAP,Logo Cap,2,2026-07-14 12:00,13.34,17072,United Kingdom
INV100609,TH-SOCK,Ankle Socks 3pk,2,2025-10-10 02:00,9.48,17047,United Kingdom
INV100148,TH-CAP,Logo Cap,4,2026-03-11 00:00,16.58,17009,United Kingdom
INV100717,TH-DRESS,Summer Dress,2,2026-07-15 12:00,50.71,17071,United Kingdom
INV101084,TH-BELT,Leather Belt,3,2025-04-14 23:00,25.33,17128,United Kingdom
INV100591,TH-HOOD,Fleece Hoodie,2,2025-09-18 02:00,32.04,17046,United Kingdom
INV100451,TH-DRESS,Summer Dress,3,2026-06-24 12:00,54.42,17031,United Kingdom
INV101038,TH-SCARF,Wool Scarf,3,2024-09-24 02:00,25.97,17124,United Kingdom
INV100099,TH-HOOD,Fleece Hoodie,2,2025-10-08 02:00,46.64,17006,United Kingdom
INV100992,TH-HOOD,Fleece Hoodie,1,2024-10-15 04:00,46.62,17120,United Kingdom
INV100945,TH-CAP,Logo Cap,1,2025-01-06 21:00,18.73,17116,United Kingdom
INV100692,TH-DRESS,Summer Dress,3,2026-02-04 21:00,49.03,17064,United Kingdom
INV100897,TH-JACK,Denim Jacket,1,2025-01-24 08:00,68.19,17111,United Kingdom
INV100859,TH-SCARF,Wool Scarf,2,2025-11-01 20:00,24.0,17106,United Kingdom
INV101124,TH-SHOE,Canvas Sneakers,1,2025-06-21 22:00,32.28,17141,United Kingdom
INV100273,TH-SCARF,Wool Scarf,2,2026-02-25 20:00,24.42,17018,United Kingdom
INV100415,TH-SOCK,Ankle Socks 3pk,3,2026-05-04 04:00,7.94,17027,United Kingdom
INV100217,TH-BELT,Leather Belt,3,2025-10-26 01:00,28.9,17014,United Kingdom
INV100233,TH-HOOD,Fleece Hoodie,1,2026-03-30 00:00,38.89,17015,United Kingdom
INV100221,TH-HOOD,Fleece Hoodie,2,2026-01-31 20:00,40.13,17014,United Kingdom
INV100829,TH-SHORT,Chino Shorts,3,2025-06-21 22:00,32.71,17103,United Kingdom
INV100418,TH-SCARF,Wool Scarf,3,2025-06-12 08:00,21.52,17028,United Kingdom
INV100329,TH-JEAN,Slim Fit Jeans,4,2026-01-11 20:00,55.43,17021,United Kingdom
INV100779,TH-DRESS,Summer Dress,1,2025-06-02 20:00,57.92,17097,United Kingdom
INV100052,TH-TSHIRT,Cotton Crew T-Shirt,3,2025-12-09 23:00,15.86,17003,United Kingdom
INV100952,TH-SHOE,Canvas Sneakers,2,2025-06-10 03:00,46.01,17116,United Kingdom
INV100188,TH-SHIRT,Oxford Shirt,3,2025-12-27 02:00,33.99,17012,United Kingdom
INV101032,TH-JACK,Denim Jacket,3,2025-04-29 23:00,72.37,17123,United Kingdom
INV100776,TH-SHIRT,Oxford Shirt,2,2025-03-24 02:00,34.44,17097,United Kingdom
INV100826,TH-DRESS,Summer Dress,3,2025-10-27 22:00,60.71,17102,United Kingdom
INV100016,TH-HOOD,Fleece Hoodie,4,2026-06-16 00:00,45.62,17001,United Kingdom
INV101041,TH-SCARF,Wool Scarf,1,2024-11-20 07:00,21.99,17124,United Kingdom
INV100100,TH-DRESS,Summer Dress,1,2025-10-12 08:00,55.52,17006,United Kingdom
INV100755,TH-JACK,Denim Jacket,1,2026-06-26 12:00,57.09,17093,United Kingdom
INV100533,TH-SCARF,Wool Scarf,2,2026-03-17 20:00,19.61,17040,United Kingdom
INV100108,TH-BELT,Leather Belt,2,2026-03-03 00:00,27.7,17006,United Kingdom
INV100090,TH-SCARF,Wool Scarf,3,2026-03-19 23:00,25.13,17005,United Kingdom
INV100971,TH-JACK,Denim Jacket,2,2024-09-01 01:00,71.12,17118,United Kingdom
INV100302,TH-SHIRT,Oxford Shirt,2,2025-10-04 06:00,40.59,17020,United Kingdom
INV100454,TH-SOCK,Ankle Socks 3pk,3,2025-09-25 08:00,9.49,17032,United Kingdom
INV100351,TH-SOCK,Ankle Socks 3pk,2,2026-04-10 05:00,9.55,17022,United Kingdom
INV101060,TH-SOCK,Ankle Socks 3pk,3,2025-07-27 20:00,12.09,17126,United Kingdom
INV100067,TH-SOCK,Ankle Socks 3pk,1,2026-02-20 03:00,9.99,17004,United Kingdom
INV100794,TH-SCARF,Wool Scarf,2,2025-08-23 03:00,23.91,17099,United Kingdom
INV100202,TH-JEAN,Slim Fit Jeans,4,2026-01-10 03:00,54.99,17013,United Kingdom
INV100428,TH-SCARF,Wool Scarf,3,2025-11-09 07:00,17.63,17029,United Kingdom
INV100775,TH-SCARF,Wool Scarf,1,2025-12-19 12:00,20.83,17096,United Kingdom
INV100687,TH-SHOE,Canvas Sneakers,3,2026-06-20 12:00,40.22,17062,United Kingdom
INV100990,TH-HOOD,Fleece Hoodie,2,2025-09-16 12:00,39.84,17119,United Kingdom
INV100178,TH-SOCK,Ankle Socks 3pk,4,2026-02-03 02:00,9.32,17011,United Kingdom
INV101062,TH-SHOE,Canvas Sneakers,1,2025-09-24 04:00,45.74,17126,United Kingdom
INV101021,TH-SOCK,Ankle Socks 3pk,1,2025-06-25 12:00,11.93,17122,United Kingdom
INV100308,TH-SHORT,Chino Shorts,3,2025-11-28 00:00,33.94,17020,United Kingdom
INV100080,TH-BELT,Leather Belt,4,2025-11-30 06:00,29.96,17005,United Kingdom
INV100233,TH-SHIRT,Oxford Shirt,3,2026-03-30 00:00,36.56,17015,United Kingdom
INV100867,TH-SHOE,Canvas Sneakers,2,2025-11-21 22:00,45.32,17107,United Kingdom
INV100493,TH-SCARF,Wool Scarf,3,2026-04-18 22:00,19.89,17035,United Kingdom
INV100888,TH-HOOD,Fleece Hoodie,1,2025-10-22 01:00,40.5,17110,United Kingdom
INV100187,TH-BELT,Leather Belt,4,2025-12-12 21:00,29.07,17012,United Kingdom
INV100797,TH-DRESS,Summer Dress,1,2025-09-19 22:00,51.72,17099,United Kingdom
INV100839,TH-SHOE,Canvas Sneakers,3,2025-08-27 23:00,49.62,17104,United Kingdom
INV101065,TH-SHOE,Canvas Sneakers,3,2024-06-17 00:00,55.11,17127,United Kingdom
INV100771,TH-SHIRT,Oxford Shirt,1,2025-10-19 01:00,32.4,17096,United Kingdom
INV100175,TH-SOCK,Ankle Socks 3pk,1,2025-12-24 08:00,9.22,17011,United Kingdom
INV100261,TH-SHORT,Chino Shorts,3,2025-12-06 22:00,36.77,17017,United Kingdom
INV100387,TH-HOOD,Fleece Hoodie,1,2026-03-18 07:00,39.34,17025,United Kingdom
INV100121,TH-TSHIRT,Cotton Crew T-Shirt,3,2025-12-23 22:00,15.09,17007,United Kingdom
INV100226,TH-JACK,Denim Jacket,3,2025-11-08 20:00,74.94,17015,United Kingdom
INV100074,TH-SHIRT,Oxford Shirt,1,2026-06-24 01:00,34.52,17004,United Kingdom
INV100421,TH-SHIRT,Oxford Shirt,3,2025-08-30 01:00,31.86,17028,United Kingdom
INV100248,TH-JEAN,Slim Fit Jeans,3,2025-09-22 01:00,59.68,17016,United Kingdom
INV100282,TH-JEAN,Slim Fit Jeans,1,2026-06-15 05:00,52.36,17018,United Kingdom
INV100500,TH-HOOD,Fleece Hoodie,2,2026-05-03 03:00,39.5,17036,United Kingdom
INV101062,TH-SHOE,Canvas Sneakers,2,2025-09-24 04:00,52.34,17126,United Kingdom
INV100015,TH-SCARF,Wool Scarf,3,2026-05-24 07:00,25.07,17001,United Kingdom
INV100443,TH-JACK,Denim Jacket,3,2025-09-18 03:00,58.35,17031,United Kingdom
INV101055,TH-SOCK,Ankle Socks 3pk,1,2025-09-14 12:00,10.2,17125,United Kingdom
INV100326,TH-SHORT,Chino Shorts,3,2025-12-06 04:00,31.45,17021,United Kingdom
INV100609,TH-SOCK,Ankle Socks 3pk,2,2025-10-10 02:00,9.1,17047,United Kingdom
INV100435,TH-BELT,Leather Belt,3,2026-01-05 08:00,22.42,17030,United Kingdom
INV100037,TH-SHIRT,Oxford Shirt,3,2026-04-24 01:00,40.94,17002,United Kingdom
INV100200,TH-SHIRT,Oxford Shirt,3,2025-11-29 00:00,33.65,17013,United Kingdom
INV100995,TH-BELT,Leather Belt,2,2024-12-10 07:00,29.3,17120,United Kingdom
INV100036,TH-HOOD,Fleece Hoodie,4,2026-04-12 06:00,39.53,17002,United Kingdom
INV100082,TH-DRESS,Summer Dress,1,2025-12-31 22:00,53.66,17005,United Kingdom
INV100423,TH-JACK,Denim Jacket,3,2026-01-03 08:00,64.06,17028,United Kingdom
INV100274,TH-SCARF,Wool Scarf,2,2026-03-07 05:00,25.9,17018,United Kingdom
INV100955,TH-SHORT,Chino Shorts,3,2025-08-02 05:00,32.64,17116,United Kingdom
INV100032,TH-DRESS,Summer Dress,4,2026-03-05 01:00,62.88,17002,United Kingdom
INV100981,TH-CAP,Logo Cap,2,2025-04-13 06:00,19.68,17119,United Kingdom
INV100682,TH-SOCK,Ankle Socks 3pk,2,2026-04-01 02:00,9.53,17061,United Kingdom
INV100920,TH-BELT,Leather Belt,2,2025-10-16 01:00,27.59,17113,United Kingdom
INV101079,TH-JACK,Denim Jacket,1,2024-10-23 01:00,83.92,17128,United Kingdom
INV100012,TH-HOOD,Fleece Hoodie,3,2026-04-17 05:00,37.48,17001,United Kingdom
INV100095,TH-TSHIRT,Cotton Crew T-Shirt,1,2026-06-30 12:00,15.09,17005,United Kingdom
INV100964,TH-DRESS,Summer Dress,3,2025-07-28 01:00,67.14,17117,United Kingdom
INV100667,TH-CAP,Logo Cap,2,2026-01-01 00:00,15.4,17058,United Kingdom
INV100562,TH-SHORT,Chino Shorts,3,2026-04-10 00:00,31.19,17042,United Kingdom
INV101097,TH-JACK,Denim Jacket,2,2025-06-06 01:00,80.01,17129,United Kingdom
INV100931,TH-BELT,Leather Belt,1,2025-11-24 02:00,24.82,17114,United Kingdom
INV100353,TH-SOCK,Ankle Socks 3pk,1,2026-06-01 21:00,10.08,17022,United Kingdom
INV100779,TH-SOCK,Ankle Socks 3pk,3,2025-06-02 20:00,8.7,17097,United Kingdom
INV100030,TH-SOCK,Ankle Socks 3pk,1,2026-02-02 21:00,10.16,17002,United Kingdom
INV100329,TH-BELT,Leather Belt,1,2026-01-11 20:00,29.56,17021,United Kingdom
INV100152,TH-JEAN,Slim Fit Jeans,1,2026-04-20 03:00,60.68,17009,United Kingdom
INV100268,TH-DRESS,Summer Dress,4,2025-12-20 23:00,60.47,17018,United Kingdom
INV101010,TH-JACK,Denim Jacket,2,2025-05-24 02:00,69.54,17121,United Kingdom
INV100798,TH-TSHIRT,Cotton Crew T-Shirt,3,2025-10-16 21:00,15.69,17099,United Kingdom
INV100791,TH-HOOD,Fleece Hoodie,1,2025-07-03 02:00,38.06,17099,United Kingdom
INV100419,TH-JEAN,Slim Fit Jeans,1,2025-08-10 06:00,39.89,17028,United Kingdom
INV100434,TH-BELT,Leather Belt,2,2025-12-23 23:00,19.87,17030,United Kingdom
INV100524,TH-HOOD,Fleece Hoodie,2,2026-01-17 23:00,36.1,17039,United Kingdom
INV100881,TH-SHORT,Chino Shorts,1,2025-07-24 20:00,33.03,17109,United Kingdom
INV100635,TH-HOOD,Fleece Hoodie,2,2026-06-25 12:00,31.86,17050,United Kingdom
INV100344,TH-HOOD,Fleece Hoodie,1,2025-12-14 02:00,46.78,17022,United Kingdom
INV100059,TH-SHOE,Canvas Sneakers,3,2026-06-27 12:00,48.46,17003,United Kingdom
INV100992,TH-CAP,Logo Cap,3,2024-10-15 04:00,20.08,17120,United Kingdom
INV100305,TH-JEAN,Slim Fit Jeans,4,2025-10-29 05:00,54.69,17020,United Kingdom
INV100909,TH-TSHIRT,Cotton Crew T-Shirt,1,2025-08-30 02:00,14.8,17112,United Kingdom
INV100622,TH-JACK,Denim Jacket,3,2025-10-29 23:00,57.22,17048,United Kingdom
INV100291,TH-JEAN,Slim Fit Jeans,1,2025-11-21 08:00,47.67,17019,United Kingdom
INV100054,TH-SHOE,Canvas Sneakers,1,2026-01-15 00:00,55.11,17003,United Kingdom
INV100072,TH-BELT,Leather Belt,2,2026-05-12 03:00,24.88,17004,United Kingdom
INV101001,TH-TSHIRT,Cotton Crew T-Shirt,2,2025-04-28 01:00,15.37,17120,United Kingdom
INV100795,TH-HOOD,Fleece Hoodie,2,2025-08-24 21:00,34.32,17099,United Kingdom
INV101052,TH-CAP,Logo Cap,2,2025-05-22 05:00,17.84,17125,United Kingdom
INV100420,TH-BELT,Leather Belt,3,2025-08-10 07:00,23.17,17028,United Kingdom
INV101083,TH-SOCK,Ankle Socks 3pk,3,2025-04-10 01:00,10.76,17128,United Kingdom
INV100908,TH-SHOE,Canvas Sneakers,1,2025-08-08 05:00,49.91,17112,United Kingdom
INV100412,TH-JACK,Denim Jacket,3,2025-10-14 20:00,58.56,17027,United Kingdom
INV100043,TH-TSHIRT,Cotton Crew T-Shirt,3,2025-06-26 21:00,16.27,17003,United Kingdom
INV101001,TH-HOOD,Fleece Hoodie,3,2025-04-28 01:00,40.0,17120,United Kingdom
INV100308,TH-SHORT,Chino Shorts,4,2025-11-28 00:00,33.72,17020,United Kingdom
INV100181,TH-SOCK,Ankle Socks 3pk,2,2026-05-21 23:00,11.2,17011,United Kingdom
INV100132,TH-JEAN,Slim Fit Jeans,3,2026-03-25 20:00,59.86,17008,United Kingdom
INV100690,TH-HOOD,Fleece Hoodie,2,2026-07-12 12:00,35.5,17063,United Kingdom
INV100210,TH-SOCK,Ankle Socks 3pk,2,2025-07-04 20:00,11.72,17014,United Kingdom
INV100248,TH-BELT,Leather Belt,2,2025-09-22 01:00,27.98,17016,United Kingdom
INV100958,TH-SHORT,Chino Shorts,1,2025-04-21 08:00,36.95,17117,United Kingdom
INV100206,TH-SHORT,Chino Shorts,3,2026-04-18 05:00,34.62,17013,United Kingdom
INV100423,TH-JACK,Denim Jacket,1,2026-01-03 08:00,54.98,17028,United Kingdom
INV100148,TH-BELT,Leather Belt,4,2026-03-11 00:00,29.67,17009,United Kingdom
INV100807,TH-SOCK,Ankle Socks 3pk,2,2025-10-05 06:00,10.68,17100,United Kingdom
INV100865,TH-BELT,Leather Belt,3,2025-11-04 08:00,23.4,17107,United Kingdom
INV100576,TH-JACK,Denim Jacket,3,2026-01-07 20:00,66.76,17044,United Kingdom
INV100358,TH-SHIRT,Oxford Shirt,1,2026-07-14 12:00,32.63,17022,United Kingdom
INV100974,TH-SHOE,Canvas Sneakers,1,2024-11-10 20:00,46.15,17118,United Kingdom
INV100332,TH-BELT,Leather Belt,1,2026-03-14 03:00,29.68,17021,United Kingdom
INV101094,TH-DRESS,Summer Dress,3,2025-03-12 22:00,55.25,17129,United Kingdom
INV100516,TH-JEAN,Slim Fit Jeans,1,2025-12-19 02:00,49.28,17038,United Kingdom
INV100539,TH-SCARF,Wool Scarf,1,2026-05-01 22:00,18.61,17040,United Kingdom
INV100107,TH-SOCK,Ankle Socks 3pk,3,2026-01-26 02:00,9.23,17006,United Kingdom
INV100325,TH-CAP,Logo Cap,4,2025-11-19 22:00,18.45,17021,United Kingdom
INV100315,TH-SHOE,Canvas Sneakers,3,2026-04-08 06:00,54.68,17020,United Kingdom
INV100919,TH-CAP,Logo Cap,1,2025-07-08 03:00,15.36,17113,United Kingdom
INV101033,TH-DRESS,Summer Dress,1,2025-05-22 12:00,57.95,17123,United Kingdom
INV101069,TH-SHORT,Chino Shorts,3,2024-10-08 22:00,32.9,17127,United Kingdom
INV100277,TH-TSHIRT,Cotton Crew T-Shirt,1,2026-04-24 20:00,15.79,17018,United Kingdom
INV100729,TH-SHIRT,Oxford Shirt,2,2026-06-12 21:00,27.78,17079,United Kingdom
INV100011,TH-SHORT,Chino Shorts,2,2026-03-26 20:00,35.58,17001,United Kingdom
INV100138,TH-DRESS,Summer Dress,4,2025-10-21 08:00,57.12,17009,United Kingdom
INV100629,TH-SHOE,Canvas Sneakers,1,2026-04-22 05:00,39.12,17049,United Kingdom
INV100007,TH-DRESS,Summer Dress,4,2026-01-28 07:00,61.69,17001,United Kingdom
INV100081,TH-SHIRT,Oxford Shirt,2,2025-12-27 05:00,40.09,17005,United Kingdom
INV100778,TH-HOOD,Fleece Hoodie,2,2025-05-12 05:00,40.78,17097,United Kingdom
INV100861,TH-SOCK,Ankle Socks 3pk,2,2025-11-17 23:00,8.48,17106,United Kingdom
INV100548,TH-SHORT,Chino Shorts,3,2026-03-11 02:00,24.99,17041,United Kingdom
INV100126,TH-SHIRT,Oxford Shirt,2,2025-08-11 21:00,33.49,17008,United Kingdom
INV100140,TH-TSHIRT,Cotton Crew T-Shirt,4,2025-12-19 08:00,14.23,17009,United Kingdom
INV100732,TH-BELT,Leather Belt,2,2026-06-26 03:00,21.98,17081,United Kingdom
INV100413,TH-SHORT,Chino Shorts,2,2025-10-21 23:00,30.33,17027,United Kingdom
INV100126,TH-HOOD,Fleece Hoodie,3,2025-08-11 21:00,45.28,17008,United Kingdom
INV100578,TH-SCARF,Wool Scarf,1,2026-03-08 01:00,17.48,17044,United Kingdom
INV100014,TH-HOOD,Fleece Hoodie,4,2026-05-08 00:00,40.93,17001,United Kingdom
INV100155,TH-SCARF,Wool Scarf,3,2026-06-21 22:00,25.01,17009,United Kingdom
INV101068,TH-JEAN,Slim Fit Jeans,1,2024-09-01 02:00,61.48,17127,United Kingdom
INV100088,TH-SOCK,Ankle Socks 3pk,1,2026-02-19 07:00,10.43,17005,United Kingdom
INV100838,TH-SCARF,Wool Scarf,1,2025-08-23 07:00,22.46,17104,United Kingdom
INV100140,TH-SHORT,Chino Shorts,2,2025-12-19 08:00,32.69,17009,United Kingdom
INV101029,TH-JACK,Denim Jacket,1,2025-03-09 02:00,68.75,17123,United Kingdom
INV101028,TH-SHIRT,Oxford Shirt,1,2025-03-03 22:00,35.83,17123,United Kingdom
INV100888,TH-DRESS,Summer Dress,3,2025-10-22 01:00,58.89,17110,United Kingdom
INV100878,TH-SHOE,Canvas Sneakers,1,2025-05-22 20:00,41.06,17109,United Kingdom
INV100046,TH-SCARF,Wool Scarf,3,2025-08-22 03:00,22.35,17003,United Kingdom
INV101034,TH-DRESS,Summer Dress,3,2024-06-27 05:00,61.93,17124,United Kingdom
INV100941,TH-SHORT,Chino Shorts,2,2025-05-04 02:00,34.78,17115,United Kingdom
INV101048,TH-SHOE,Canvas Sneakers,3,2025-01-04 20:00,45.36,17125,United Kingdom
INV100450,TH-JACK,Denim Jacket,3,2026-06-12 01:00,64.27,17031,United Kingdom
INV100587,TH-SHORT,Chino Shorts,2,2026-04-24 01:00,30.32,17045,United Kingdom
INV100220,TH-CAP,Logo Cap,2,2026-01-22 03:00,18.32,17014,United Kingdom
INV100074,TH-SHOE,Canvas Sneakers,2,2026-06-24 01:00,55.18,17004,United Kingdom
INV101152,TH-HOOD,Fleece Hoodie,891,2026-02-21 23:00,39.19,17157,United Kingdom
INV100653,TH-DRESS,Summer Dress,1,2026-02-01 02:00,49.41,17055,United Kingdom
INV100884,TH-BELT,Leather Belt,1,2025-09-03 22:00,22.92,17109,United Kingdom
INV101018,TH-SHOE,Canvas Sneakers,3,2025-03-16 01:00,46.53,17122,United Kingdom
INV100923,TH-SOCK,Ankle Socks 3pk,3,2025-11-19 21:00,9.77,17113,United Kingdom
INV100081,TH-HOOD,Fleece Hoodie,3,2025-12-27 05:00,42.9,17005,United Kingdom
INV100695,TH-BELT,Leather Belt,2,2026-01-29 07:00,20.02,17065,United Kingdom
INV100845,TH-HOOD,Fleece Hoodie,2,2025-11-14 01:00,43.4,17104,United Kingdom
INV100725,TH-SCARF,Wool Scarf,1,2026-06-29 23:00,15.41,17076,United Kingdom
INV100823,TH-CAP,Logo Cap,1,2025-07-03 05:00,16.3,17102,United Kingdom
INV100428,TH-SHIRT,Oxford Shirt,3,2025-11-09 07:00,30.38,17029,United Kingdom
INV100660,TH-BELT,Leather Belt,1,2026-04-30 23:00,20.91,17056,United Kingdom
INV100052,TH-DRESS,Summer Dress,4,2025-12-09 23:00,54.43,17003,United Kingdom
INV100655,TH-SOCK,Ankle Socks 3pk,3,2026-04-02 07:00,9.7,17055,United Kingdom
INV100042,TH-SHOE,Canvas Sneakers,3,2025-06-23 07:00,45.2,17003,United Kingdom
INV100413,TH-DRESS,Summer Dress,2,2025-10-21 23:00,54.86,17027,United Kingdom
INV100878,TH-SCARF,Wool Scarf,1,2025-05-22 20:00,19.38,17109,United Kingdom
INV100884,TH-JACK,Denim Jacket,2,2025-09-03 22:00,71.04,17109,United Kingdom
INV100099,TH-CAP,Logo Cap,3,2025-10-08 02:00,18.17,17006,United Kingdom
INV100521,TH-DRESS,Summer Dress,2,2026-07-09 12:00,50.19,17038,United Kingdom
INV100321,TH-JEAN,Slim Fit Jeans,4,2025-10-11 05:00,54.13,17021,United Kingdom
INV100515,TH-JEAN,Slim Fit Jeans,1,2025-12-03 05:00,48.3,17038,United Kingdom
INV100944,TH-SHOE,Canvas Sneakers,2,2024-12-18 21:00,50.1,17116,United Kingdom
INV100832,TH-HOOD,Fleece Hoodie,2,2025-08-10 07:00,34.99,17103,United Kingdom
INV100727,TH-BELT,Leather Belt,1,2026-07-13 12:00,22.18,17077,United Kingdom
INV100418,TH-SOCK,Ankle Socks 3pk,2,2025-06-12 08:00,8.29,17028,United Kingdom
INV100290,TH-DRESS,Summer Dress,3,2025-11-20 05:00,60.55,17019,United Kingdom
INV100175,TH-SCARF,Wool Scarf,3,2025-12-24 08:00,23.56,17011,United Kingdom
INV100332,TH-CAP,Logo Cap,1,2026-03-14 03:00,18.05,17021,United Kingdom
INV100801,TH-SCARF,Wool Scarf,2,2025-02-23 21:00,20.43,17100,United Kingdom
INV100063,TH-DRESS,Summer Dress,2,2025-07-24 05:00,63.35,17004,United Kingdom
INV100009,TH-HOOD,Fleece Hoodie,3,2026-02-03 03:00,45.97,17001,United Kingdom
INV100976,TH-SHIRT,Oxford Shirt,1,2024-12-30 08:00,35.42,17118,United Kingdom
INV100960,TH-SOCK,Ankle Socks 3pk,2,2025-05-17 07:00,11.81,17117,United Kingdom
INV100614,TH-TSHIRT,Cotton Crew T-Shirt,2,2026-01-14 06:00,14.5,17047,United Kingdom
INV100467,TH-BELT,Leather Belt,2,2025-12-25 23:00,24.11,17033,United Kingdom
INV100204,TH-HOOD,Fleece Hoodie,4,2026-03-31 03:00,46.22,17013,United Kingdom
INV100252,TH-CAP,Logo Cap,3,2025-12-22 22:00,19.12,17016,United Kingdom
INV100565,TH-TSHIRT,Cotton Crew T-Shirt,1,2026-06-26 12:00,13.37,17042,United Kingdom
INV100191,TH-JEAN,Slim Fit Jeans,4,2026-02-01 02:00,57.94,17012,United Kingdom
INV100996,TH-SHOE,Canvas Sneakers,3,2024-12-15 08:00,46.02,17120,United Kingdom
INV100840,TH-SHOE,Canvas Sneakers,3,2025-09-01 04:00,49.74,17104,United Kingdom
INV100846,TH-SOCK,Ankle Socks 3pk,2,2025-12-01 08:00,9.12,17104,United Kingdom
INV100896,TH-TSHIRT,Cotton Crew T-Shirt,3,2026-03-03 12:00,13.54,17110,United Kingdom
INV100633,TH-SHIRT,Oxford Shirt,2,2026-04-04 20:00,28.22,17050,United Kingdom
INV100579,TH-SHIRT,Oxford Shirt,1,2026-04-28 07:00,31.14,17044,United Kingdom
INV100468,TH-BELT,Leather Belt,2,2026-01-09 01:00,20.43,17033,United Kingdom
INV100104,TH-SCARF,Wool Scarf,4,2026-01-03 23:00,26.15,17006,United Kingdom
INV100517,TH-SOCK,Ankle Socks 3pk,1,2025-12-27 21:00,9.64,17038,United Kingdom
INV101057,TH-HOOD,Fleece Hoodie,2,2025-04-06 03:00,48.93,17126,United Kingdom
INV100355,TH-DRESS,Summer Dress,3,2026-06-24 00:00,59.12,17022,United Kingdom
INV100861,TH-JEAN,Slim Fit Jeans,2,2025-11-17 23:00,55.57,17106,United Kingdom
INV100232,TH-JEAN,Slim Fit Jeans,4,2026-03-26 01:00,53.67,17015,United Kingdom
INV101021,TH-DRESS,Summer Dress,3,2025-06-25 12:00,61.04,17122,United Kingdom
INV100990,TH-TSHIRT,Cotton Crew T-Shirt,2,2025-09-16 12:00,17.23,17119,United Kingdom
INV100439,TH-CAP,Logo Cap,1,2026-03-08 00:00,12.77,17030,United Kingdom
INV100566,TH-SOCK,Ankle Socks 3pk,2,2025-12-16 04:00,9.6,17043,United Kingdom
INV100173,TH-SCARF,Wool Scarf,3,2025-10-29 03:00,21.47,17011,United Kingdom
INV100822,TH-BELT,Leather Belt,3,2025-04-12 01:00,25.77,17102,United Kingdom
INV100128,TH-SHORT,Chino Shorts,3,2025-12-11 02:00,37.05,17008,United Kingdom
INV100504,TH-SHOE,Canvas Sneakers,3,2026-02-11 22:00,38.02,17037,United Kingdom
INV100453,TH-HOOD,Fleece Hoodie,3,2025-08-16 08:00,36.89,17032,United Kingdom
INV100307,TH-DRESS,Summer Dress,2,2025-11-05 08:00,67.02,17020,United Kingdom
INV100352,TH-SOCK,Ankle Socks 3pk,1,2026-05-31 00:00,10.94,17022,United Kingdom
INV100198,TH-CAP,Logo Cap,1,2025-11-03 05:00,16.12,17013,United Kingdom
INV100189,TH-SOCK,Ankle Socks 3pk,3,2026-01-17 21:00,9.47,17012,United Kingdom
INV100049,TH-SHIRT,Oxford Shirt,3,2025-10-25 02:00,35.15,17003,United Kingdom
INV101047,TH-HOOD,Fleece Hoodie,1,2024-12-13 23:00,49.25,17125,United Kingdom
INV100096,TH-SCARF,Wool Scarf,1,2025-08-05 23:00,22.99,17006,United Kingdom
INV100514,TH-SHIRT,Oxford Shirt,1,2025-11-07 06:00,33.93,17038,United Kingdom
INV100561,TH-JEAN,Slim Fit Jeans,3,2026-04-01 07:00,40.24,17042,United Kingdom
INV100197,TH-SHIRT,Oxford Shirt,2,2026-07-04 12:00,39.57,17012,United Kingdom
INV100467,TH-JACK,Denim Jacket,3,2025-12-25 23:00,57.65,17033,United Kingdom
INV100229,TH-JACK,Denim Jacket,4,2026-01-16 20:00,77.4,17015,United Kingdom
INV100979,TH-JACK,Denim Jacket,2,2025-02-12 12:00,69.64,17118,United Kingdom
INV100937,TH-TSHIRT,Cotton Crew T-Shirt,1,2025-02-23 21:00,15.89,17115,United Kingdom
INV100376,TH-BELT,Leather Belt,1,2026-03-16 01:00,21.84,17024,United Kingdom
INV100312,TH-DRESS,Summer Dress,1,2026-03-06 04:00,64.03,17020,United Kingdom
INV100963,TH-SOCK,Ankle Socks 3pk,1,2025-07-17 22:00,10.15,17117,United Kingdom
INV100320,TH-BELT,Leather Belt,3,2026-06-25 12:00,29.09,17020,United Kingdom
INV100118,TH-SHOE,Canvas Sneakers,1,2025-10-30 00:00,47.47,17007,United Kingdom
INV101125,TH-SCARF,Wool Scarf,2,2025-07-22 12:00,15.66,17141,United Kingdom
INV100554,TH-CAP,Logo Cap,1,2026-07-10 12:00,13.6,17041,United Kingdom
INV100477,TH-BELT,Leather Belt,1,2025-12-31 22:00,22.3,17034,United Kingdom
INV100149,TH-CAP,Logo Cap,4,2026-03-29 02:00,17.88,17009,United Kingdom
INV101055,TH-SOCK,Ankle Socks 3pk,3,2025-09-14 12:00,9.93,17125,United Kingdom
INV100417,TH-SHIRT,Oxford Shirt,3,2026-06-01 12:00,27.98,17027,United Kingdom
INV100264,TH-SHOE,Canvas Sneakers,3,2026-01-16 00:00,46.55,17017,United Kingdom
INV100183,TH-HOOD,Fleece Hoodie,3,2026-07-09 12:00,38.86,17011,United Kingdom
INV100960,TH-BELT,Leather Belt,1,2025-05-17 07:00,28.48,17117,United Kingdom
INV100487,TH-CAP,Logo Cap,1,2025-12-19 05:00,14.85,17035,United Kingdom
INV100258,TH-SHORT,Chino Shorts,1,2025-10-04 21:00,36.64,17017,United Kingdom
INV100156,TH-JACK,Denim Jacket,4,2026-06-27 12:00,78.35,17009,United Kingdom
INV100612,TH-SHOE,Canvas Sneakers,3,2025-11-14 00:00,45.57,17047,United Kingdom
INV100199,TH-JEAN,Slim Fit Jeans,3,2025-11-23 08:00,56.67,17013,United Kingdom
INV101137,TH-SCARF,Wool Scarf,1,2025-03-09 12:00,16.86,17148,United Kingdom
INV100405,TH-CAP,Logo Cap,1,2026-03-16 07:00,13.72,17026,United Kingdom
INV100517,TH-SCARF,Wool Scarf,1,2025-12-27 21:00,18.07,17038,United Kingdom
INV100202,TH-SHIRT,Oxford Shirt,1,2026-01-10 03:00,37.54,17013,United Kingdom
INV100145,TH-JEAN,Slim Fit Jeans,4,2026-01-26 07:00,49.47,17009,United Kingdom
INV100900,TH-SOCK,Ankle Socks 3pk,3,2025-04-23 20:00,9.1,17111,United Kingdom
INV100444,TH-BELT,Leather Belt,2,2025-11-20 05:00,22.08,17031,United Kingdom
INV100690,TH-SOCK,Ankle Socks 3pk,3,2026-07-12 12:00,9.22,17063,United Kingdom
INV101000,TH-SOCK,Ankle Socks 3pk,1,2025-04-11 01:00,11.39,17120,United Kingdom
INV100784,TH-BELT,Leather Belt,1,2025-11-17 12:00,22.85,17097,United Kingdom
INV100166,TH-JACK,Denim Jacket,1,2026-03-13 22:00,72.03,17010,United Kingdom
INV100056,TH-BELT,Leather Belt,1,2026-03-16 20:00,27.78,17003,United Kingdom
INV100571,TH-SCARF,Wool Scarf,1,2026-05-29 04:00,17.46,17043,United Kingdom
INV100780,TH-HOOD,Fleece Hoodie,1,2025-06-03 04:00,38.94,17097,United Kingdom
INV100915,TH-DRESS,Summer Dress,2,2025-11-21 23:00,57.76,17112,United Kingdom
INV101146,TH-DRESS,Summer Dress,2,2024-10-18 12:00,44.08,17154,United Kingdom
INV100324,TH-HOOD,Fleece Hoodie,3,2025-11-06 00:00,41.16,17021,United Kingdom
INV100122,TH-SOCK,Ankle Socks 3pk,3,2026-03-31 08:00,11.66,17007,United Kingdom
INV100014,TH-SHIRT,Oxford Shirt,4,2026-05-08 00:00,34.1,17001,United Kingdom
INV100393,TH-SHORT,Chino Shorts,3,2026-05-28 04:00,26.5,17025,United Kingdom
INV100249,TH-SHIRT,Oxford Shirt,2,2025-10-16 08:00,35.37,17016,United Kingdom
INV100483,TH-SOCK,Ankle Socks 3pk,2,2026-06-24 05:00,9.69,17034,United Kingdom
INV100634,TH-SOCK,Ankle Socks 3pk,1,2026-04-18 08:00,9.76,17050,United Kingdom
INV100358,TH-BELT,Leather Belt,2,2026-07-14 12:00,24.32,17022,United Kingdom
INV100504,TH-SHORT,Chino Shorts,1,2026-02-11 22:00,31.4,17037,United Kingdom
INV100511,TH-JEAN,Slim Fit Jeans,3,2026-06-17 12:00,40.15,17037,United Kingdom
INV100839,TH-CAP,Logo Cap,2,2025-08-27 23:00,16.47,17104,United Kingdom
INV101033,TH-BELT,Leather Belt,1,2025-05-22 12:00,27.72,17123,United Kingdom
INV100946,TH-SCARF,Wool Scarf,3,2025-01-11 07:00,21.41,17116,United Kingdom
INV100328,TH-TSHIRT,Cotton Crew T-Shirt,2,2026-01-04 00:00,14.25,17021,United Kingdom
INV100265,TH-BELT,Leather Belt,1,2026-01-28 06:00,25.0,17017,United Kingdom
INV100545,TH-TSHIRT,Cotton Crew T-Shirt,1,2026-02-20 21:00,12.84,17041,United Kingdom
INV100255,TH-JEAN,Slim Fit Jeans,1,2026-04-13 03:00,48.86,17016,United Kingdom
INV101123,TH-JEAN,Slim Fit Jeans,1,2025-02-22 12:00,33.14,17140,United Kingdom
INV100376,TH-JACK,Denim Jacket,1,2026-03-16 01:00,68.52,17024,United Kingdom
INV100668,TH-JEAN,Slim Fit Jeans,1,2026-03-08 02:00,41.79,17058,United Kingdom
INV100023,TH-DRESS,Summer Dress,3,2025-11-11 22:00,60.35,17002,United Kingdom
INV100653,TH-TSHIRT,Cotton Crew T-Shirt,1,2026-02-01 02:00,12.97,17055,United Kingdom
INV100435,TH-BELT,Leather Belt,2,2026-01-05 08:00,21.11,17030,United Kingdom
INV100917,TH-HOOD,Fleece Hoodie,1,2025-12-16 22:00,39.89,17112,United Kingdom
INV100896,TH-SHOE,Canvas Sneakers,1,2026-03-03 12:00,50.1,17110,United Kingdom
INV100609,TH-TSHIRT,Cotton Crew T-Shirt,2,2025-10-10 02:00,13.42,17047,United Kingdom
INV101046,TH-SHOE,Canvas Sneakers,1,2024-11-12 08:00,46.46,17125,United Kingdom
INV100757,TH-SHIRT,Oxford Shirt,2,2026-07-09 12:00,26.1,17094,United Kingdom
INV100396,TH-BELT,Leather Belt,3,2025-08-18 07:00,21.45,17026,United Kingdom
INV100331,TH-SHORT,Chino Shorts,1,2026-03-01 03:00,30.47,17021,United Kingdom
INV100203,TH-DRESS,Summer Dress,2,2026-03-11 05:00,57.3,17013,United Kingdom
INV101151,TH-CAP,Logo Cap,755,2026-06-24 12:00,14.79,17156,United Kingdom
INV101047,TH-HOOD,Fleece Hoodie,3,2024-12-13 23:00,45.02,17125,United Kingdom
INV100696,TH-SHOE,Canvas Sneakers,2,2026-02-08 04:00,40.85,17065,United Kingdom
INV100053,TH-SHOE,Canvas Sneakers,4,2025-12-25 00:00,44.56,17003,United Kingdom
INV101026,TH-TSHIRT,Cotton Crew T-Shirt,2,2025-01-01 21:00,17.98,17123,United Kingdom
INV100774,TH-DRESS,Summer Dress,3,2025-11-25 08:00,49.45,17096,United Kingdom
INV100372,TH-SHORT,Chino Shorts,3,2026-01-03 01:00,31.5,17024,United Kingdom
INV100764,TH-SCARF,Wool Scarf,3,2025-11-12 05:00,21.64,17095,United Kingdom
INV101081,TH-HOOD,Fleece Hoodie,1,2025-01-08 03:00,44.36,17128,United Kingdom
INV100947,TH-SOCK,Ankle Socks 3pk,2,2025-02-01 03:00,11.34,17116,United Kingdom
INV101146,TH-JEAN,Slim Fit Jeans,2,2024-10-18 12:00,36.22,17154,United Kingdom
INV100343,TH-JACK,Denim Jacket,3,2025-10-30 00:00,68.08,17022,United Kingdom
INV100024,TH-HOOD,Fleece Hoodie,1,2025-12-14 06:00,47.04,17002,United Kingdom
INV100218,TH-SHOE,Canvas Sneakers,1,2025-11-03 01:00,52.59,17014,United Kingdom
INV100942,TH-DRESS,Summer Dress,2,2025-05-13 23:00,58.79,17115,United Kingdom
INV100557,TH-SCARF,Wool Scarf,2,2025-12-11 00:00,18.16,17042,United Kingdom
INV100933,TH-JACK,Denim Jacket,2,2026-01-30 12:00,74.76,17114,United Kingdom
INV100668,TH-BELT,Leather Belt,2,2026-03-08 02:00,20.35,17058,United Kingdom
INV100686,TH-SHOE,Canvas Sneakers,3,2026-04-28 08:00,39.4,17062,United Kingdom
INV100324,TH-SCARF,Wool Scarf,3,2025-11-06 00:00,23.81,17021,United Kingdom
INV100533,TH-JEAN,Slim Fit Jeans,2,2026-03-17 20:00,46.49,17040,United Kingdom
INV100346,TH-JEAN,Slim Fit Jeans,1,2026-01-16 06:00,54.46,17022,United Kingdom
INV100321,TH-TSHIRT,Cotton Crew T-Shirt,2,2025-10-11 05:00,17.33,17021,United Kingdom
INV100893,TH-TSHIRT,Cotton Crew T-Shirt,1,2025-12-23 02:00,13.54,17110,United Kingdom
INV100424,TH-SOCK,Ankle Socks 3pk,3,2026-02-19 22:00,8.31,17028,United Kingdom
INV100523,TH-JACK,Denim Jacket,3,2025-10-18 07:00,64.14,17039,United Kingdom
INV100485,TH-SCARF,Wool Scarf,1,2025-12-05 08:00,19.39,17035,United Kingdom
INV100059,TH-DRESS,Summer Dress,2,2026-06-27 12:00,66.27,17003,United Kingdom
INV100151,TH-HOOD,Fleece Hoodie,2,2026-04-10 21:00,37.31,17009,United Kingdom
INV100390,TH-JEAN,Slim Fit Jeans,3,2026-04-24 22:00,44.02,17025,United Kingdom
INV100250,TH-SHOE,Canvas Sneakers,2,2025-11-06 20:00,46.18,17016,United Kingdom
INV100336,TH-SHORT,Chino Shorts,4,2026-04-21 08:00,36.19,17021,United Kingdom
INV101002,TH-CAP,Logo Cap,2,2025-04-30 06:00,16.27,17120,United Kingdom
INV100284,TH-HOOD,Fleece Hoodie,4,2025-10-01 06:00,38.8,17019,United Kingdom
INV101086,TH-TSHIRT,Cotton Crew T-Shirt,3,2025-06-27 12:00,16.72,17128,United Kingdom
INV101067,TH-JACK,Denim Jacket,2,2024-08-04 04:00,68.59,17127,United Kingdom
INV101118,TH-SOCK,Ankle Socks 3pk,2,2025-06-23 23:00,7.01,17139,United Kingdom
INV101016,TH-DRESS,Summer Dress,1,2024-11-21 07:00,63.14,17122,United Kingdom
INV100917,TH-HOOD,Fleece Hoodie,2,2025-12-16 22:00,42.91,17112,United Kingdom
INV100058,TH-SCARF,Wool Scarf,4,2026-05-11 21:00,22.17,17003,United Kingdom
INV101039,TH-BELT,Leather Belt,3,2024-09-29 03:00,27.14,17124,United Kingdom
INV100046,TH-SHIRT,Oxford Shirt,2,2025-08-22 03:00,39.14,17003,United Kingdom
INV100202,TH-SHIRT,Oxford Shirt,2,2026-01-10 03:00,33.13,17013,United Kingdom
INV100940,TH-SHIRT,Oxford Shirt,1,2025-04-26 22:00,42.03,17115,United Kingdom
INV100987,TH-CAP,Logo Cap,2,2025-06-24 23:00,16.62,17119,United Kingdom
INV100391,TH-BELT,Leather Belt,2,2026-05-18 01:00,24.93,17025,United Kingdom
INV101013,TH-SHORT,Chino Shorts,3,2025-10-03 12:00,36.44,17121,United Kingdom
INV100186,TH-JACK,Denim Jacket,4,2025-12-03 05:00,75.48,17012,United Kingdom
INV100291,TH-JEAN,Slim Fit Jeans,4,2025-11-21 08:00,58.76,17019,United Kingdom
INV100369,TH-SHORT,Chino Shorts,2,2025-11-12 03:00,26.0,17024,United Kingdom
INV100705,TH-SHORT,Chino Shorts,1,2026-06-01 05:00,25.58,17066,United Kingdom
INV100603,TH-SHOE,Canvas Sneakers,3,2026-06-19 02:00,37.6,17046,United Kingdom
INV100447,TH-JEAN,Slim Fit Jeans,1,2026-03-04 04:00,43.24,17031,United Kingdom
INV100440,TH-TSHIRT,Cotton Crew T-Shirt,1,2026-05-21 20:00,14.19,17030,United Kingdom
INV100536,TH-CAP,Logo Cap,2,2026-04-05 23:00,13.21,17040,United Kingdom
INV100846,TH-JACK,Denim Jacket,1,2025-12-01 08:00,61.35,17104,United Kingdom
INV100477,TH-SOCK,Ankle Socks 3pk,2,2025-12-31 22:00,8.13,17034,United Kingdom
INV100581,TH-DRESS,Summer Dress,2,2026-05-17 04:00,52.33,17044,United Kingdom
INV100060,TH-JEAN,Slim Fit Jeans,4,2025-06-23 08:00,55.9,17004,United Kingdom
INV100889,TH-CAP,Logo Cap,1,2025-10-30 21:00,16.36,17110,United Kingdom
INV101051,TH-SHORT,Chino Shorts,2,2025-04-28 08:00,39.07,17125,United Kingdom
INV100241,TH-SHOE,Canvas Sneakers,1,2026-06-16 01:00,52.89,17015,United Kingdom
INV100249,TH-HOOD,Fleece Hoodie,2,2025-10-16 08:00,40.85,17016,United Kingdom
INV100418,TH-SHOE,Canvas Sneakers,1,2025-06-12 08:00,43.78,17028,United Kingdom
INV100987,TH-SOCK,Ankle Socks 3pk,3,2025-06-24 23:00,11.57,17119,United Kingdom
INV100284,TH-TSHIRT,Cotton Crew T-Shirt,1,2025-10-01 06:00,16.65,17019,United Kingdom
INV100390,TH-DRESS,Summer Dress,2,2026-04-24 22:00,52.71,17025,United Kingdom
INV101078,TH-BELT,Leather Belt,2,2024-10-22 01:00,30.22,17128,United Kingdom
INV100556,TH-SHOE,Canvas Sneakers,3,2025-11-18 08:00,40.9,17042,United Kingdom
INV100137,TH-SHORT,Chino Shorts,4,2025-09-14 22:00,33.81,17009,United Kingdom
INV100893,TH-SHOE,Canvas Sneakers,3,2025-12-23 02:00,44.8,17110,United Kingdom
INV101022,TH-DRESS,Summer Dress,3,2024-11-20 06:00,60.6,17123,United Kingdom
INV100341,TH-SOCK,Ankle Socks 3pk,2,2025-09-18 00:00,10.91,17022,United Kingdom
INV100344,TH-JACK,Denim Jacket,2,2025-12-14 02:00,68.44,17022,United Kingdom
INV100446,TH-TSHIRT,Cotton Crew T-Shirt,1,2025-12-30 02:00,13.92,17031,United Kingdom
INV101095,TH-JEAN,Slim Fit Jeans,2,2025-04-20 04:00,60.69,17129,United Kingdom
INV100058,TH-DRESS,Summer Dress,2,2026-05-11 21:00,59.17,17003,United Kingdom
INV100298,TH-BELT,Leather Belt,3,2026-06-22 21:00,27.09,17019,United Kingdom
INV100963,TH-JACK,Denim Jacket,2,2025-07-17 22:00,85.31,17117,United Kingdom
INV100165,TH-JACK,Denim Jacket,2,2026-03-08 00:00,66.0,17010,United Kingdom
INV100469,TH-DRESS,Summer Dress,3,2026-02-05 01:00,53.55,17033,United Kingdom
INV100280,TH-SHOE,Canvas Sneakers,2,2026-05-31 03:00,44.42,17018,United Kingdom
INV100497,TH-SHOE,Canvas Sneakers,2,2026-01-11 23:00,42.59,17036,United Kingdom
INV100553,TH-TSHIRT,Cotton Crew T-Shirt,3,2026-06-05 04:00,12.86,17041,United Kingdom
INV100411,TH-SHIRT,Oxford Shirt,3,2025-08-24 20:00,30.98,17027,United Kingdom
INV100424,TH-SHORT,Chino Shorts,3,2026-02-19 22:00,29.16,17028,United Kingdom
INV100828,TH-SHIRT,Oxford Shirt,1,2025-12-05 12:00,37.08,17102,United Kingdom
INV101069,TH-TSHIRT,Cotton Crew T-Shirt,1,2024-10-08 22:00,17.39,17127,United Kingdom
INV100334,TH-SCARF,Wool Scarf,1,2026-03-28 22:00,23.8,17021,United Kingdom
INV100244,TH-BELT,Leather Belt,2,2026-07-12 12:00,27.48,17015,United Kingdom
INV100268,TH-TSHIRT,Cotton Crew T-Shirt,2,2025-12-20 23:00,15.01,17018,United Kingdom
INV100358,TH-HOOD,Fleece Hoodie,1,2026-07-14 12:00,37.92,17022,United Kingdom
INV100064,TH-SHIRT,Oxford Shirt,1,2025-10-08 06:00,38.22,17004,United Kingdom
INV100145,TH-SOCK,Ankle Socks 3pk,2,2026-01-26 07:00,10.23,17009,United Kingdom
INV100577,TH-CAP,Logo Cap,3,2026-01-08 22:00,14.66,17044,United Kingdom
INV100533,TH-SCARF,Wool Scarf,3,2026-03-17 20:00,17.1,17040,United Kingdom
INV100800,TH-JACK,Denim Jacket,3,2026-01-18 12:00,60.28,17099,United Kingdom
INV100023,TH-SOCK,Ankle Socks 3pk,3,2025-11-11 22:00,9.29,17002,United Kingdom
INV100154,TH-SHORT,Chino Shorts,4,2026-05-29 21:00,31.95,17009,United Kingdom
INV100560,TH-SCARF,Wool Scarf,3,2026-03-27 08:00,17.17,17042,United Kingdom
INV100193,TH-SHOE,Canvas Sneakers,2,2026-02-10 08:00,49.32,17012,United Kingdom
INV100436,TH-JACK,Denim Jacket,3,2026-01-05 21:00,58.16,17030,United Kingdom
INV100591,TH-JACK,Denim Jacket,1,2025-09-18 02:00,63.71,17046,United Kingdom
INV100721,TH-BELT,Leather Belt,2,2026-07-07 12:00,17.84,17073,United Kingdom
INV100838,TH-TSHIRT,Cotton Crew T-Shirt,1,2025-08-23 07:00,15.92,17104,United Kingdom
INV100610,TH-CAP,Logo Cap,2,2025-11-01 20:00,12.67,17047,United Kingdom
INV100087,TH-BELT,Leather Belt,1,2026-02-19 01:00,28.56,17005,United Kingdom
INV100262,TH-SHORT,Chino Shorts,3,2025-12-12 03:00,36.94,17017,United Kingdom
INV100348,TH-SHOE,Canvas Sneakers,2,2026-03-13 01:00,49.77,17022,United Kingdom
INV100458,TH-BELT,Leather Belt,2,2026-01-05 07:00,23.31,17032,United Kingdom
INV100879,TH-HOOD,Fleece Hoodie,2,2025-06-12 02:00,38.8,17109,United Kingdom
INV100069,TH-DRESS,Summer Dress,4,2026-04-03 05:00,66.95,17004,United Kingdom
INV100519,TH-JACK,Denim Jacket,1,2026-03-31 01:00,55.75,17038,United Kingdom
INV100170,TH-SHOE,Canvas Sneakers,2,2026-07-06 12:00,52.86,17010,United Kingdom
INV100253,TH-CAP,Logo Cap,2,2025-12-29 20:00,18.85,17016,United Kingdom
INV100387,TH-CAP,Logo Cap,3,2026-03-18 07:00,12.8,17025,United Kingdom
INV100131,TH-DRESS,Summer Dress,1,2026-01-22 08:00,59.53,17008,United Kingdom
INV100272,TH-DRESS,Summer Dress,3,2026-02-23 22:00,55.69,17018,United Kingdom
INV100341,TH-SHIRT,Oxford Shirt,1,2025-09-18 00:00,34.71,17022,United Kingdom
INV100927,TH-JACK,Denim Jacket,1,2025-12-24 12:00,71.71,17113,United Kingdom
INV100478,TH-BELT,Leather Belt,2,2026-01-15 06:00,19.98,17034,United Kingdom
INV100058,TH-JACK,Denim Jacket,3,2026-05-11 21:00,78.97,17003,United Kingdom
INV100299,TH-JEAN,Slim Fit Jeans,2,2026-06-25 05:00,52.97,17019,United Kingdom
INV100744,TH-DRESS,Summer Dress,2,2026-06-25 12:00,47.35,17087,United Kingdom
INV100297,TH-TSHIRT,Cotton Crew T-Shirt,1,2026-05-04 00:00,16.19,17019,United Kingdom
INV100066,TH-BELT,Leather Belt,4,2026-02-08 04:00,29.47,17004,United Kingdom
INV100365,TH-SHOE,Canvas Sneakers,2,2026-03-28 22:00,37.87,17023,United Kingdom
INV100006,TH-SOCK,Ankle Socks 3pk,4,2026-01-18 07:00,10.1,17001,United Kingdom
INV100185,TH-JEAN,Slim Fit Jeans,1,2025-12-02 20:00,49.73,17012,United Kingdom
INV100470,TH-DRESS,Summer Dress,1,2026-02-15 08:00,53.37,17033,United Kingdom
INV100156,TH-JEAN,Slim Fit Jeans,4,2026-06-27 12:00,51.79,17009,United Kingdom
INV101068,TH-SHOE,Canvas Sneakers,2,2024-09-01 02:00,48.23,17127,United Kingdom
INV100079,TH-SHORT,Chino Shorts,2,2025-11-26 21:00,32.91,17005,United Kingdom
INV101101,TH-SOCK,Ankle Socks 3pk,1,2024-09-27 12:00,7.08,17130,United Kingdom
INV100862,TH-JEAN,Slim Fit Jeans,1,2026-01-21 23:00,46.87,17106,United Kingdom
INV100651,TH-SHORT,Chino Shorts,1,2026-06-15 12:00,25.53,17054,United Kingdom
INV100395,TH-SCARF,Wool Scarf,2,2026-07-05 12:00,21.45,17025,United Kingdom
INV100958,TH-DRESS,Summer Dress,2,2025-04-21 08:00,61.47,17117,United Kingdom
INV100453,TH-SHOE,Canvas Sneakers,2,2025-08-16 08:00,37.42,17032,United Kingdom
INV100442,TH-SHORT,Chino Shorts,3,2025-09-02 21:00,31.59,17031,United Kingdom
INV100069,TH-DRESS,Summer Dress,2,2026-04-03 05:00,54.02,17004,United Kingdom
INV100230,TH-SHIRT,Oxford Shirt,1,2026-02-09 08:00,37.61,17015,United Kingdom
INV100577,TH-SOCK,Ankle Socks 3pk,1,2026-01-08 22:00,8.74,17044,United Kingdom
INV100826,TH-SHORT,Chino Shorts,3,2025-10-27 22:00,33.16,17102,United Kingdom
INV101096,TH-SCARF,Wool Scarf,3,2025-04-21 23:00,22.63,17129,United Kingdom
INV100993,TH-SCARF,Wool Scarf,3,2024-10-20 20:00,26.06,17120,United Kingdom
INV100040,TH-TSHIRT,Cotton Crew T-Shirt,2,2026-06-19 00:00,17.27,17002,United Kingdom
INV100886,TH-CAP,Logo Cap,3,2025-09-06 20:00,15.47,17110,United Kingdom
INV100847,TH-TSHIRT,Cotton Crew T-Shirt,1,2025-12-06 21:00,13.28,17104,United Kingdom
INV100142,TH-TSHIRT,Cotton Crew T-Shirt,1,2026-01-17 03:00,14.56,17009,United Kingdom
INV100108,TH-JEAN,Slim Fit Jeans,1,2026-03-03 00:00,51.42,17006,United Kingdom
INV100337,TH-JEAN,Slim Fit Jeans,4,2026-05-20 03:00,60.25,17021,United Kingdom
INV100223,TH-HOOD,Fleece Hoodie,1,2026-03-11 02:00,44.59,17014,United Kingdom
INV100767,TH-SOCK,Ankle Socks 3pk,3,2025-12-18 01:00,9.39,17095,United Kingdom
INV100374,TH-JACK,Denim Jacket,3,2026-02-24 00:00,60.5,17024,United Kingdom
INV100089,TH-HOOD,Fleece Hoodie,3,2026-03-13 08:00,41.68,17005,United Kingdom
INV100489,TH-JEAN,Slim Fit Jeans,3,2026-01-19 20:00,49.17,17035,United Kingdom
INV100223,TH-SCARF,Wool Scarf,1,2026-03-11 02:00,21.44,17014,United Kingdom
INV100137,TH-SOCK,Ankle Socks 3pk,4,2025-09-14 22:00,11.65,17009,United Kingdom
INV100506,TH-HOOD,Fleece Hoodie,3,2026-04-10 03:00,34.83,17037,United Kingdom
INV100473,TH-SHOE,Canvas Sneakers,1,2026-04-25 03:00,39.68,17033,United Kingdom
INV100090,TH-SHIRT,Oxford Shirt,1,2026-03-19 23:00,33.21,17005,United Kingdom
INV100519,TH-SHORT,Chino Shorts,1,2026-03-31 01:00,29.01,17038,United Kingdom
INV100276,TH-JEAN,Slim Fit Jeans,2,2026-04-12 21:00,60.62,17018,United Kingdom
INV100080,TH-DRESS,Summer Dress,1,2025-11-30 06:00,65.18,17005,United Kingdom
INV100079,TH-SCARF,Wool Scarf,3,2025-11-26 21:00,24.21,17005,United Kingdom
INV100235,TH-SOCK,Ankle Socks 3pk,4,2026-04-25 21:00,10.6,17015,United Kingdom
INV100468,TH-BELT,Leather Belt,2,2026-01-09 01:00,22.79,17033,United Kingdom
INV101011,TH-JACK,Denim Jacket,3,2025-07-27 21:00,76.92,17121,United Kingdom
INV100038,TH-JACK,Denim Jacket,3,2026-05-30 23:00,78.57,17002,United Kingdom
INV100338,TH-SOCK,Ankle Socks 3pk,3,2026-06-12 06:00,10.99,17021,United Kingdom
INV100350,TH-DRESS,Summer Dress,2,2026-04-08 01:00,64.89,17022,United Kingdom
INV100654,TH-JEAN,Slim Fit Jeans,3,2026-03-03 01:00,44.85,17055,United Kingdom
INV100600,TH-SHOE,Canvas Sneakers,3,2026-02-17 08:00,41.32,17046,United Kingdom
INV100118,TH-TSHIRT,Cotton Crew T-Shirt,4,2025-10-30 00:00,17.85,17007,United Kingdom
INV101060,TH-SHIRT,Oxford Shirt,2,2025-07-27 20:00,34.47,17126,United Kingdom
INV100990,TH-TSHIRT,Cotton Crew T-Shirt,3,2025-09-16 12:00,18.34,17119,United Kingdom
INV100318,TH-SCARF,Wool Scarf,4,2026-06-07 00:00,25.93,17020,United Kingdom
INV100424,TH-SOCK,Ankle Socks 3pk,1,2026-02-19 22:00,8.94,17028,United Kingdom
INV100144,TH-SCARF,Wool Scarf,3,2026-01-25 23:00,23.21,17009,United Kingdom
INV100042,TH-JACK,Denim Jacket,2,2025-06-23 07:00,73.31,17003,United Kingdom
INV100001,TH-CAP,Logo Cap,3,2025-12-15 04:00,15.77,17001,United Kingdom
INV100919,TH-SCARF,Wool Scarf,2,2025-07-08 03:00,23.05,17113,United Kingdom
INV100613,TH-JEAN,Slim Fit Jeans,2,2026-01-04 08:00,46.54,17047,United Kingdom
INV100438,TH-DRESS,Summer Dress,3,2026-02-08 07:00,54.37,17030,United Kingdom
INV100815,TH-HOOD,Fleece Hoodie,3,2025-08-25 05:00,35.73,17101,United Kingdom
INV100182,TH-CAP,Logo Cap,1,2026-06-20 07:00,17.78,17011,United Kingdom
INV100269,TH-JACK,Denim Jacket,4,2026-01-02 01:00,70.23,17018,United Kingdom
INV100274,TH-SHIRT,Oxford Shirt,2,2026-03-07 05:00,39.06,17018,United Kingdom
INV100774,TH-SHOE,Canvas Sneakers,1,2025-11-25 08:00,42.15,17096,United Kingdom
INV101019,TH-JEAN,Slim Fit Jeans,2,2025-05-03 22:00,61.58,17122,United Kingdom
INV101042,TH-HOOD,Fleece Hoodie,2,2024-11-21 20:00,47.04,17124,United Kingdom
INV100583,TH-SHIRT,Oxford Shirt,2,2026-01-11 01:00,28.72,17045,United Kingdom
INV100222,TH-SOCK,Ankle Socks 3pk,1,2026-02-14 08:00,10.34,17014,United Kingdom
INV100785,TH-SHIRT,Oxford Shirt,3,2025-05-21 06:00,30.08,17098,United Kingdom
INV100788,TH-JACK,Denim Jacket,1,2025-07-26 22:00,65.57,17098,United Kingdom
INV100622,TH-JACK,Denim Jacket,2,2025-10-29 23:00,58.31,17048,United Kingdom
INV100028,TH-JACK,Denim Jacket,2,2026-01-11 08:00,65.22,17002,United Kingdom
INV100157,TH-DRESS,Summer Dress,1,2025-09-11 06:00,60.64,17010,United Kingdom
INV101047,TH-SHORT,Chino Shorts,3,2024-12-13 23:00,35.23,17125,United Kingdom
INV100549,TH-CAP,Logo Cap,1,2026-03-22 22:00,12.62,17041,United Kingdom
INV100243,TH-BELT,Leather Belt,4,2026-07-04 20:00,26.1,17015,United Kingdom
INV100940,TH-HOOD,Fleece Hoodie,3,2025-04-26 22:00,41.31,17115,United Kingdom
INV100627,TH-SOCK,Ankle Socks 3pk,3,2026-02-01 20:00,8.44,17049,United Kingdom
INV100616,TH-DRESS,Summer Dress,2,2026-03-21 01:00,53.79,17047,United Kingdom
INV100309,TH-DRESS,Summer Dress,2,2026-01-12 22:00,57.63,17020,United Kingdom
INV100085,TH-SCARF,Wool Scarf,4,2026-01-30 03:00,23.51,17005,United Kingdom
INV100432,TH-SCARF,Wool Scarf,3,2026-03-17 08:00,20.0,17029,United Kingdom
INV100465,TH-BELT,Leather Belt,3,2025-11-11 05:00,20.5,17033,United Kingdom
INV100607,TH-BELT,Leather Belt,3,2025-09-15 07:00,21.94,17047,United Kingdom
INV100537,TH-SHORT,Chino Shorts,3,2026-04-26 20:00,30.07,17040,United Kingdom
INV100127,TH-SHIRT,Oxford Shirt,2,2025-10-07 08:00,40.47,17008,United Kingdom
INV101015,TH-SHORT,Chino Shorts,3,2024-10-02 00:00,33.89,17122,United Kingdom
INV100550,TH-SHOE,Canvas Sneakers,3,2026-04-05 07:00,42.66,17041,United Kingdom
INV100362,TH-SOCK,Ankle Socks 3pk,3,2025-12-16 03:00,8.58,17023,United Kingdom
INV100363,TH-JEAN,Slim Fit Jeans,3,2026-02-14 22:00,47.71,17023,United Kingdom
INV100093,TH-SHORT,Chino Shorts,1,2026-05-03 20:00,34.72,17005,United Kingdom
INV100956,TH-CAP,Logo Cap,3,2025-08-03 12:00,20.07,17116,United Kingdom
INV101066,TH-DRESS,Summer Dress,2,2024-07-09 08:00,67.93,17127,United Kingdom
INV100905,TH-SHIRT,Oxford Shirt,1,2025-10-07 02:00,33.78,17111,United Kingdom
INV100213,TH-TSHIRT,Cotton Crew T-Shirt,1,2025-08-12 22:00,16.74,17014,United Kingdom
INV101069,TH-SHIRT,Oxford Shirt,3,2024-10-08 22:00,36.71,17127,United Kingdom
INV100303,TH-JEAN,Slim Fit Jeans,1,2025-10-04 23:00,49.99,17020,United Kingdom
INV101075,TH-JACK,Denim Jacket,3,2025-02-04 07:00,76.93,17127,United Kingdom
INV101106,TH-DRESS,Summer Dress,1,2024-09-23 12:00,40.36,17133,United Kingdom
INV100129,TH-CAP,Logo Cap,4,2025-12-15 01:00,18.5,17008,United Kingdom
INV100308,TH-SHORT,Chino Shorts,3,2025-11-28 00:00,29.9,17020,United Kingdom
INV101034,TH-SCARF,Wool Scarf,2,2024-06-27 05:00,23.01,17124,United Kingdom
INV100304,TH-SHIRT,Oxford Shirt,2,2025-10-08 07:00,32.75,17020,United Kingdom
INV100991,TH-SCARF,Wool Scarf,3,2024-10-07 02:00,23.95,17120,United Kingdom
INV100842,TH-SHIRT,Oxford Shirt,2,2025-10-19 06:00,37.09,17104,United Kingdom
INV100953,TH-SHOE,Canvas Sneakers,1,2025-06-12 03:00,47.47,17116,United Kingdom
INV100727,TH-SCARF,Wool Scarf,2,2026-07-13 12:00,16.2,17077,United Kingdom
INV100551,TH-CAP,Logo Cap,3,2026-04-18 22:00,12.99,17041,United Kingdom
INV100322,TH-SHIRT,Oxford Shirt,3,2025-11-02 20:00,32.75,17021,United Kingdom
INV100085,TH-JEAN,Slim Fit Jeans,3,2026-01-30 03:00,48.21,17005,United Kingdom
INV101006,TH-TSHIRT,Cotton Crew T-Shirt,1,2025-02-17 21:00,15.37,17121,United Kingdom
INV100343,TH-DRESS,Summer Dress,3,2025-10-30 00:00,54.04,17022,United Kingdom
INV100928,TH-TSHIRT,Cotton Crew T-Shirt,1,2025-06-17 03:00,14.16,17114,United Kingdom
INV100968,TH-DRESS,Summer Dress,2,2025-09-17 04:00,70.09,17117,United Kingdom
INV100460,TH-DRESS,Summer Dress,1,2026-02-04 08:00,47.44,17032,United Kingdom
INV100448,TH-TSHIRT,Cotton Crew T-Shirt,3,2026-05-24 07:00,12.13,17031,United Kingdom
INV100111,TH-SHOE,Canvas Sneakers,4,2026-04-29 06:00,49.22,17006,United Kingdom
INV100792,TH-SCARF,Wool Scarf,3,2025-07-03 02:00,22.93,17099,United Kingdom
INV100482,TH-BELT,Leather Belt,1,2026-06-14 02:00,24.77,17034,United Kingdom
INV100827,TH-JEAN,Slim Fit Jeans,2,2025-11-06 07:00,53.2,17102,United Kingdom
INV100402,TH-JACK,Denim Jacket,2,2025-12-23 08:00,59.92,17026,United Kingdom
INV100759,TH-SOCK,Ankle Socks 3pk,2,2025-09-17 01:00,9.27,17095,United Kingdom
INV100079,TH-HOOD,Fleece Hoodie,1,2025-11-26 21:00,39.69,17005,United Kingdom
INV100109,TH-JEAN,Slim Fit Jeans,2,2026-03-10 22:00,58.49,17006,United Kingdom
INV100292,TH-SHIRT,Oxford Shirt,4,2025-11-22 01:00,35.23,17019,United Kingdom
INV100882,TH-SOCK,Ankle Socks 3pk,2,2025-08-08 21:00,9.09,17109,United Kingdom
INV101024,TH-CAP,Logo Cap,1,2024-12-18 22:00,18.47,17123,United Kingdom
INV100517,TH-BELT,Leather Belt,3,2025-12-27 21:00,20.01,17038,United Kingdom
INV100227,TH-JACK,Denim Jacket,2,2025-11-12 22:00,67.5,17015,United Kingdom
INV100102,TH-SHORT,Chino Shorts,1,2025-11-23 02:00,32.26,17006,United Kingdom
INV101065,TH-BELT,Leather Belt,2,2024-06-17 00:00,25.02,17127,United Kingdom
INV100645,TH-SOCK,Ankle Socks 3pk,1,2026-04-22 06:00,9.26,17053,United Kingdom
INV101043,TH-BELT,Leather Belt,3,2024-12-06 02:00,26.12,17124,United Kingdom
INV100640,TH-SCARF,Wool Scarf,3,2026-07-04 12:00,19.37,17051,United Kingdom
INV100046,TH-JACK,Denim Jacket,1,2025-08-22 03:00,69.81,17003,United Kingdom
INV100884,TH-BELT,Leather Belt,3,2025-09-03 22:00,25.62,17109,United Kingdom
INV100804,TH-SHORT,Chino Shorts,3,2025-05-20 05:00,28.55,17100,United Kingdom
INV101036,TH-SHIRT,Oxford Shirt,3,2024-07-07 05:00,41.79,17124,United Kingdom
INV100252,TH-SOCK,Ankle Socks 3pk,1,2025-12-22 22:00,11.29,17016,United Kingdom
INV100807,TH-CAP,Logo Cap,2,2025-10-05 06:00,15.74,17100,United Kingdom
INV100174,TH-HOOD,Fleece Hoodie,1,2025-11-18 07:00,45.17,17011,United Kingdom
INV100196,TH-JEAN,Slim Fit Jeans,2,2026-04-01 04:00,54.33,17012,United Kingdom
INV101133,TH-BELT,Leather Belt,1,2024-09-18 20:00,16.47,17147,United Kingdom
INV100678,TH-JEAN,Slim Fit Jeans,1,2026-04-17 08:00,42.53,17060,United Kingdom
INV100168,TH-BELT,Leather Belt,2,2026-05-22 23:00,27.89,17010,United Kingdom
INV100429,TH-SOCK,Ankle Socks 3pk,2,2026-01-06 02:00,8.34,17029,United Kingdom
INV100874,TH-SHIRT,Oxford Shirt,3,2025-11-01 23:00,36.69,17108,United Kingdom
INV100807,TH-DRESS,Summer Dress,3,2025-10-05 06:00,49.47,17100,United Kingdom
INV100063,TH-SHIRT,Oxford Shirt,4,2025-07-24 05:00,33.48,17004,United Kingdom
INV100738,TH-BELT,Leather Belt,1,2026-06-09 03:00,18.35,17084,United Kingdom
INV100855,TH-TSHIRT,Cotton Crew T-Shirt,3,2026-02-22 22:00,16.09,17105,United Kingdom
INV101076,TH-SHORT,Chino Shorts,3,2025-03-02 00:00,31.98,17127,United Kingdom
INV100128,TH-DRESS,Summer Dress,3,2025-12-11 02:00,63.35,17008,United Kingdom
INV100052,TH-SHIRT,Oxford Shirt,3,2025-12-09 23:00,34.05,17003,United Kingdom
INV100144,TH-SCARF,Wool Scarf,1,2026-01-25 23:00,23.91,17009,United Kingdom
INV100775,TH-JEAN,Slim Fit Jeans,3,2025-12-19 12:00,48.62,17096,United Kingdom
INV100546,TH-SCARF,Wool Scarf,3,2026-02-23 21:00,18.45,17041,United Kingdom
INV100445,TH-SHOE,Canvas Sneakers,2,2025-11-20 07:00,43.89,17031,United Kingdom
INV100070,TH-SCARF,Wool Scarf,1,2026-04-03 20:00,22.98,17004,United Kingdom
INV101008,TH-DRESS,Summer Dress,2,2025-03-04 21:00,61.68,17121,United Kingdom
INV100866,TH-SHIRT,Oxford Shirt,2,2025-11-11 08:00,36.28,17107,United Kingdom
INV100107,TH-CAP,Logo Cap,4,2026-01-26 02:00,15.93,17006,United Kingdom
INV100593,TH-SHOE,Canvas Sneakers,1,2025-10-09 02:00,42.95,17046,United Kingdom
INV100648,TH-HOOD,Fleece Hoodie,2,2026-07-06 12:00,35.09,17053,United Kingdom
INV100403,TH-SOCK,Ankle Socks 3pk,2,2026-03-02 01:00,9.11,17026,United Kingdom
INV100763,TH-JACK,Denim Jacket,3,2025-10-25 02:00,64.82,17095,United Kingdom
INV100211,TH-JACK,Denim Jacket,4,2025-07-13 08:00,76.59,17014,United Kingdom
INV100984,TH-JEAN,Slim Fit Jeans,2,2025-06-03 23:00,52.87,17119,United Kingdom
INV100397,TH-HOOD,Fleece Hoodie,1,2025-08-26 20:00,37.5,17026,United Kingdom
INV100320,TH-SOCK,Ankle Socks 3pk,2,2026-06-25 12:00,9.19,17020,United Kingdom
INV100133,TH-SHOE,Canvas Sneakers,2,2026-04-13 22:00,50.81,17008,United Kingdom
INV100939,TH-TSHIRT,Cotton Crew T-Shirt,2,2025-04-17 06:00,15.27,17115,United Kingdom
INV100855,TH-DRESS,Summer Dress,1,2026-02-22 22:00,51.86,17105,United Kingdom
INV100589,TH-SOCK,Ankle Socks 3pk,2,2026-06-02 06:00,8.63,17045,United Kingdom
INV100813,TH-SHIRT,Oxford Shirt,3,2025-08-02 20:00,36.41,17101,United Kingdom
INV100587,TH-SHIRT,Oxford Shirt,1,2026-04-24 01:00,29.19,17045,United Kingdom
INV100509,TH-BELT,Leather Belt,1,2026-05-25 02:00,24.89,17037,United Kingdom
INV101095,TH-SCARF,Wool Scarf,2,2025-04-20 04:00,23.04,17129,United Kingdom
INV100409,TH-JACK,Denim Jacket,3,2026-06-10 12:00,61.84,17026,United Kingdom
INV100641,TH-DRESS,Summer Dress,2,2026-05-08 01:00,48.06,17052,United Kingdom
INV100959,TH-CAP,Logo Cap,1,2025-05-10 02:00,19.8,17117,United Kingdom
INV101081,TH-SOCK,Ankle Socks 3pk,1,2025-01-08 03:00,11.4,17128,United Kingdom
INV100974,TH-HOOD,Fleece Hoodie,1,2024-11-10 20:00,40.34,17118,United Kingdom
INV100496,TH-DRESS,Summer Dress,3,2025-11-23 05:00,53.94,17036,United Kingdom
INV100182,TH-BELT,Leather Belt,3,2026-06-20 07:00,29.03,17011,United Kingdom
INV100274,TH-DRESS,Summer Dress,2,2026-03-07 05:00,57.24,17018,United Kingdom
INV100038,TH-SHOE,Canvas Sneakers,2,2026-05-30 23:00,46.45,17002,United Kingdom
INV100162,TH-CAP,Logo Cap,4,2025-12-11 01:00,17.0,17010,United Kingdom
INV100922,TH-DRESS,Summer Dress,1,2025-11-16 20:00,53.67,17113,United Kingdom
INV100872,TH-HOOD,Fleece Hoodie,2,2025-08-01 23:00,42.83,17108,United Kingdom
INV100226,TH-SHORT,Chino Shorts,4,2025-11-08 20:00,29.77,17015,United Kingdom
INV100904,TH-SHOE,Canvas Sneakers,1,2025-10-04 07:00,45.99,17111,United Kingdom
INV100477,TH-SOCK,Ankle Socks 3pk,3,2025-12-31 22:00,7.67,17034,United Kingdom
INV100724,TH-JACK,Denim Jacket,2,2026-06-24 12:00,48.72,17075,United Kingdom
INV100164,TH-SCARF,Wool Scarf,1,2026-01-13 07:00,20.69,17010,United Kingdom
INV100464,TH-SHIRT,Oxford Shirt,2,2025-11-04 21:00,27.22,17033,United Kingdom
INV100538,TH-DRESS,Summer Dress,2,2026-04-28 23:00,53.13,17040,United Kingdom
INV100383,TH-JEAN,Slim Fit Jeans,1,2026-01-26 20:00,41.82,17025,United Kingdom
INV101004,TH-BELT,Leather Belt,2,2025-05-27 12:00,28.32,17120,United Kingdom
INV100304,TH-CAP,Logo Cap,1,2025-10-08 07:00,18.37,17020,United Kingdom
INV101020,TH-JEAN,Slim Fit Jeans,1,2025-05-13 03:00,59.31,17122,United Kingdom
INV100879,TH-SCARF,Wool Scarf,2,2025-06-12 02:00,23.51,17109,United Kingdom
INV100343,TH-SCARF,Wool Scarf,2,2025-10-30 00:00,23.35,17022,United Kingdom
INV101135,TH-SOCK,Ankle Socks 3pk,2,2024-11-13 12:00,6.68,17147,United Kingdom
INV100287,TH-SCARF,Wool Scarf,4,2025-10-20 02:00,25.07,17019,United Kingdom
INV100262,TH-TSHIRT,Cotton Crew T-Shirt,4,2025-12-12 03:00,14.47,17017,United Kingdom
INV100832,TH-HOOD,Fleece Hoodie,2,2025-08-10 07:00,41.18,17103,United Kingdom
INV100118,TH-SCARF,Wool Scarf,3,2025-10-30 00:00,21.27,17007,United Kingdom
INV100323,TH-SHIRT,Oxford Shirt,1,2025-11-04 07:00,32.75,17021,United Kingdom
INV100994,TH-SHOE,Canvas Sneakers,3,2024-11-20 20:00,47.12,17120,United Kingdom
INV100106,TH-CAP,Logo Cap,3,2026-01-16 21:00,19.18,17006,United Kingdom
INV100092,TH-SHIRT,Oxford Shirt,2,2026-04-20 22:00,40.01,17005,United Kingdom
INV100260,TH-SHOE,Canvas Sneakers,3,2025-11-28 02:00,54.12,17017,United Kingdom
INV100161,TH-JEAN,Slim Fit Jeans,2,2025-11-23 06:00,57.63,17010,United Kingdom
INV101031,TH-HOOD,Fleece Hoodie,2,2025-04-07 01:00,43.17,17123,United Kingdom
INV100703,TH-JACK,Denim Jacket,3,2026-04-12 02:00,62.12,17066,United Kingdom
INV100253,TH-JEAN,Slim Fit Jeans,1,2025-12-29 20:00,54.74,17016,United Kingdom
INV100144,TH-TSHIRT,Cotton Crew T-Shirt,3,2026-01-25 23:00,15.32,17009,United Kingdom
INV100224,TH-SCARF,Wool Scarf,3,2026-03-18 05:00,24.68,17014,United Kingdom
INV100659,TH-JEAN,Slim Fit Jeans,3,2026-02-14 02:00,47.33,17056,United Kingdom
INV100763,TH-SHOE,Canvas Sneakers,3,2025-10-25 02:00,48.56,17095,United Kingdom
INV100107,TH-SHOE,Canvas Sneakers,2,2026-01-26 02:00,54.6,17006,United Kingdom
INV100446,TH-SHOE,Canvas Sneakers,3,2025-12-30 02:00,41.49,17031,United Kingdom
INV100374,TH-DRESS,Summer Dress,1,2026-02-24 00:00,56.02,17024,United Kingdom
INV100146,TH-SHORT,Chino Shorts,2,2026-02-08 02:00,34.33,17009,United Kingdom
INV101044,TH-SOCK,Ankle Socks 3pk,3,2025-02-27 12:00,11.71,17124,United Kingdom
INV100614,TH-SHIRT,Oxford Shirt,2,2026-01-14 06:00,32.52,17047,United Kingdom
INV100624,TH-CAP,Logo Cap,3,2026-01-04 08:00,14.99,17048,United Kingdom
INV100355,TH-HOOD,Fleece Hoodie,1,2026-06-24 00:00,38.94,17022,United Kingdom
INV100880,TH-HOOD,Fleece Hoodie,1,2025-07-24 07:00,35.35,17109,United Kingdom
INV100971,TH-JEAN,Slim Fit Jeans,1,2024-09-01 01:00,58.47,17118,United Kingdom
INV100564,TH-SHORT,Chino Shorts,3,2026-06-09 21:00,27.17,17042,United Kingdom
INV100765,TH-DRESS,Summer Dress,3,2025-11-16 23:00,61.84,17095,United Kingdom
INV100606,TH-SHORT,Chino Shorts,3,2025-09-11 23:00,30.45,17047,United Kingdom
INV101023,TH-SOCK,Ankle Socks 3pk,2,2024-12-06 00:00,10.68,17123,United Kingdom
INV100803,TH-DRESS,Summer Dress,1,2025-05-03 23:00,52.17,17100,United Kingdom
INV100074,TH-SOCK,Ankle Socks 3pk,3,2026-06-24 01:00,10.34,17004,United Kingdom
INV100534,TH-SOCK,Ankle Socks 3pk,2,2026-03-21 07:00,9.13,17040,United Kingdom
INV100803,TH-CAP,Logo Cap,2,2025-05-03 23:00,15.31,17100,United Kingdom
INV100789,TH-JACK,Denim Jacket,1,2025-09-08 01:00,72.54,17098,United Kingdom
INV100415,TH-DRESS,Summer Dress,3,2026-05-04 04:00,54.79,17027,United Kingdom
INV100016,TH-SHORT,Chino Shorts,1,2026-06-16 00:00,30.12,17001,United Kingdom
INV100112,TH-SHORT,Chino Shorts,1,2026-06-02 03:00,32.05,17006,United Kingdom
INV100178,TH-HOOD,Fleece Hoodie,1,2026-02-03 02:00,39.64,17011,United Kingdom
INV100192,TH-JACK,Denim Jacket,3,2026-02-08 04:00,67.78,17012,United Kingdom
INV100467,TH-CAP,Logo Cap,1,2025-12-25 23:00,15.45,17033,United Kingdom
INV100051,TH-TSHIRT,Cotton Crew T-Shirt,3,2025-12-03 08:00,16.75,17003,United Kingdom
INV100514,TH-SCARF,Wool Scarf,2,2025-11-07 06:00,19.72,17038,United Kingdom
INV100163,TH-SHIRT,Oxford Shirt,4,2025-12-19 07:00,37.18,17010,United Kingdom
INV100039,TH-SHORT,Chino Shorts,1,2026-06-18 21:00,30.84,17002,United Kingdom
INV100970,TH-BELT,Leather Belt,3,2024-08-14 20:00,28.49,17118,United Kingdom
INV100726,TH-SHIRT,Oxford Shirt,1,2026-07-09 12:00,28.02,17076,United Kingdom
INV100389,TH-JACK,Denim Jacket,3,2026-04-05 00:00,63.37,17025,United Kingdom
INV100029,TH-SHOE,Canvas Sneakers,2,2026-01-31 22:00,50.15,17002,United Kingdom
INV101157,TH-SHOE,Canvas Sneakers,362,2026-03-18 05:00,39.41,17159,United Kingdom
INV100983,TH-BELT,Leather Belt,3,2025-05-01 00:00,31.28,17119,United Kingdom
INV100303,TH-SCARF,Wool Scarf,2,2025-10-04 23:00,22.19,17020,United Kingdom
INV100461,TH-SHOE,Canvas Sneakers,1,2026-02-23 21:00,45.42,17032,United Kingdom
INV100506,TH-JACK,Denim Jacket,1,2026-04-10 03:00,54.53,17037,United Kingdom
INV100350,TH-CAP,Logo Cap,4,2026-04-08 01:00,16.29,17022,United Kingdom
INV100233,TH-DRESS,Summer Dress,3,2026-03-30 00:00,65.07,17015,United Kingdom
INV100669,TH-SHORT,Chino Shorts,1,2026-05-16 03:00,31.62,17058,United Kingdom
INV100034,TH-SCARF,Wool Scarf,2,2026-03-23 20:00,24.26,17002,United Kingdom
INV100183,TH-SCARF,Wool Scarf,2,2026-07-09 12:00,24.72,17011,United Kingdom
INV100123,TH-SHOE,Canvas Sneakers,3,2026-06-08 03:00,48.54,17007,United Kingdom
INV100445,TH-TSHIRT,Cotton Crew T-Shirt,3,2025-11-20 07:00,12.34,17031,United Kingdom
INV100898,TH-SHOE,Canvas Sneakers,1,2025-04-11 05:00,42.56,17111,United Kingdom
INV100172,TH-SOCK,Ankle Socks 3pk,1,2025-10-08 21:00,10.61,17011,United Kingdom
INV100816,TH-HOOD,Fleece Hoodie,1,2025-09-23 06:00,34.73,17101,United Kingdom
INV100197,TH-DRESS,Summer Dress,4,2026-07-04 12:00,58.74,17012,United Kingdom
INV100195,TH-JACK,Denim Jacket,4,2026-03-04 04:00,71.06,17012,United Kingdom
INV100533,TH-DRESS,Summer Dress,1,2026-03-17 20:00,48.81,17040,United Kingdom
INV100178,TH-TSHIRT,Cotton Crew T-Shirt,2,2026-02-03 02:00,14.35,17011,United Kingdom
INV100525,TH-JEAN,Slim Fit Jeans,2,2026-02-13 05:00,47.52,17039,United Kingdom
INV100459,TH-CAP,Logo Cap,1,2026-02-03 03:00,13.27,17032,United Kingdom
INV100973,TH-DRESS,Summer Dress,1,2024-09-27 04:00,64.9,17118,United Kingdom
INV100240,TH-SCARF,Wool Scarf,3,2026-06-13 00:00,23.24,17015,United Kingdom
INV100068,TH-SHIRT,Oxford Shirt,1,2026-02-24 04:00,37.12,17004,United Kingdom
INV100044,TH-SCARF,Wool Scarf,2,2025-06-28 23:00,21.09,17003,United Kingdom
INV100835,TH-SOCK,Ankle Socks 3pk,2,2025-11-30 07:00,9.16,17103,United Kingdom
INV100945,TH-DRESS,Summer Dress,1,2025-01-06 21:00,64.63,17116,United Kingdom
INV100176,TH-JEAN,Slim Fit Jeans,1,2025-12-24 20:00,59.64,17011,United Kingdom
INV100712,TH-SHORT,Chino Shorts,2,2026-04-09 03:00,25.2,17068,United Kingdom
INV100146,TH-SCARF,Wool Scarf,1,2026-02-08 02:00,24.53,17009,United Kingdom
INV100010,TH-BELT,Leather Belt,1,2026-02-08 23:00,24.33,17001,United Kingdom
INV100900,TH-CAP,Logo Cap,1,2025-04-23 20:00,17.5,17111,United Kingdom
INV100876,TH-JEAN,Slim Fit Jeans,3,2025-05-17 04:00,46.59,17109,United Kingdom
INV100159,TH-SHIRT,Oxford Shirt,1,2025-11-01 22:00,36.47,17010,United Kingdom
INV100050,TH-JACK,Denim Jacket,2,2025-11-27 23:00,78.08,17003,United Kingdom
INV100375,TH-JEAN,Slim Fit Jeans,2,2026-03-07 07:00,46.03,17024,United Kingdom
INV101031,TH-SHORT,Chino Shorts,2,2025-04-07 01:00,34.3,17123,United Kingdom
INV100018,TH-TSHIRT,Cotton Crew T-Shirt,2,2026-06-21 08:00,15.51,17001,United Kingdom
INV100617,TH-TSHIRT,Cotton Crew T-Shirt,2,2026-04-30 08:00,12.34,17047,United Kingdom
INV100484,TH-JEAN,Slim Fit Jeans,3,2026-07-07 12:00,40.17,17034,United Kingdom
INV100094,TH-SHORT,Chino Shorts,2,2026-06-19 04:00,32.8,17005,United Kingdom
INV100265,TH-SCARF,Wool Scarf,1,2026-01-28 06:00,26.05,17017,United Kingdom
INV101155,TH-SHOE,Canvas Sneakers,415,2026-03-04 00:00,42.96,17158,United Kingdom
INV100555,TH-SOCK,Ankle Socks 3pk,1,2025-10-09 22:00,8.83,17042,United Kingdom
INV100072,TH-SHOE,Canvas Sneakers,4,2026-05-12 03:00,46.25,17004,United Kingdom
INV100354,TH-SHOE,Canvas Sneakers,3,2026-06-07 20:00,47.09,17022,United Kingdom
INV100437,TH-DRESS,Summer Dress,2,2026-02-02 06:00,44.55,17030,United Kingdom
INV100906,TH-SCARF,Wool Scarf,1,2025-10-08 21:00,22.18,17111,United Kingdom
INV100886,TH-CAP,Logo Cap,1,2025-09-06 20:00,14.56,17110,United Kingdom
INV100501,TH-HOOD,Fleece Hoodie,1,2026-06-12 12:00,31.68,17036,United Kingdom
INV100534,TH-BELT,Leather Belt,3,2026-03-21 07:00,22.96,17040,United Kingdom
INV100470,TH-JEAN,Slim Fit Jeans,3,2026-02-15 08:00,49.54,17033,United Kingdom
INV100008,TH-CAP,Logo Cap,1,2026-02-01 23:00,16.35,17001,United Kingdom
INV100806,TH-SCARF,Wool Scarf,3,2025-08-03 22:00,20.75,17100,United Kingdom
INV100846,TH-JEAN,Slim Fit Jeans,3,2025-12-01 08:00,52.3,17104,United Kingdom
INV100126,TH-SHORT,Chino Shorts,4,2025-08-11 21:00,37.24,17008,United Kingdom
INV100933,TH-SHORT,Chino Shorts,3,2026-01-30 12:00,33.5,17114,United Kingdom
INV100811,TH-SCARF,Wool Scarf,1,2025-07-30 00:00,19.37,17101,United Kingdom
INV100627,TH-SHORT,Chino Shorts,1,2026-02-01 20:00,28.74,17049,United Kingdom
INV100435,TH-SOCK,Ankle Socks 3pk,2,2026-01-05 08:00,7.82,17030,United Kingdom
INV101082,TH-JACK,Denim Jacket,3,2025-01-16 08:00,72.99,17128,United Kingdom
INV100101,TH-HOOD,Fleece Hoodie,4,2025-11-21 08:00,41.84,17006,United Kingdom
INV100862,TH-HOOD,Fleece Hoodie,2,2026-01-21 23:00,40.23,17106,United Kingdom
INV100218,TH-JACK,Denim Jacket,2,2025-11-03 01:00,78.25,17014,United Kingdom
INV100525,TH-DRESS,Summer Dress,2,2026-02-13 05:00,56.05,17039,United Kingdom
INV100362,TH-SOCK,Ankle Socks 3pk,2,2025-12-16 03:00,8.92,17023,United Kingdom
INV100432,TH-JEAN,Slim Fit Jeans,2,2026-03-17 08:00,45.65,17029,United Kingdom
INV100652,TH-SHIRT,Oxford Shirt,3,2025-12-27 21:00,33.05,17055,United Kingdom
INV100136,TH-JEAN,Slim Fit Jeans,3,2025-08-31 03:00,59.85,17009,United Kingdom
INV100240,TH-SHORT,Chino Shorts,1,2026-06-13 00:00,37.86,17015,United Kingdom
INV100184,TH-HOOD,Fleece Hoodie,2,2025-11-15 21:00,43.18,17012,United Kingdom
INV100138,TH-SHOE,Canvas Sneakers,4,2025-10-21 08:00,50.36,17009,United Kingdom
INV100857,TH-SHORT,Chino Shorts,2,2025-10-07 05:00,29.2,17106,United Kingdom
INV100688,TH-SCARF,Wool Scarf,1,2026-03-18 20:00,19.24,17063,United Kingdom
INV100974,TH-JACK,Denim Jacket,2,2024-11-10 20:00,69.38,17118,United Kingdom
INV101094,TH-DRESS,Summer Dress,3,2025-03-12 22:00,55.67,17129,United Kingdom
INV100142,TH-CAP,Logo Cap,4,2026-01-17 03:00,17.3,17009,United Kingdom
INV100774,TH-TSHIRT,Cotton Crew T-Shirt,2,2025-11-25 08:00,14.71,17096,United Kingdom
INV100235,TH-HOOD,Fleece Hoodie,2,2026-04-25 21:00,38.52,17015,United Kingdom
INV100227,TH-BELT,Leather Belt,4,2025-11-12 22:00,30.35,17015,United Kingdom
INV100500,TH-JACK,Denim Jacket,3,2026-05-03 03:00,59.88,17036,United Kingdom
INV100959,TH-SHIRT,Oxford Shirt,2,2025-05-10 02:00,37.24,17117,United Kingdom
INV100578,TH-HOOD,Fleece Hoodie,3,2026-03-08 01:00,32.22,17044,United Kingdom
INV100056,TH-BELT,Leather Belt,4,2026-03-16 20:00,25.78,17003,United Kingdom
INV100471,TH-SHIRT,Oxford Shirt,3,2026-03-17 22:00,29.18,17033,United Kingdom
INV100845,TH-DRESS,Summer Dress,1,2025-11-14 01:00,60.99,17104,United Kingdom
INV100572,TH-SHOE,Canvas Sneakers,1,2026-06-07 04:00,36.65,17043,United Kingdom
INV100029,TH-TSHIRT,Cotton Crew T-Shirt,1,2026-01-31 22:00,17.45,17002,United Kingdom
INV100832,TH-SOCK,Ankle Socks 3pk,1,2025-08-10 07:00,8.94,17103,United Kingdom
INV100140,TH-SHOE,Canvas Sneakers,1,2025-12-19 08:00,47.82,17009,United Kingdom
INV100563,TH-BELT,Leather Belt,1,2026-04-11 07:00,22.79,17042,United Kingdom
INV100156,TH-SOCK,Ankle Socks 3pk,3,2026-06-27 12:00,9.4,17009,United Kingdom
INV100030,TH-SHORT,Chino Shorts,2,2026-02-02 21:00,32.7,17002,United Kingdom
INV100426,TH-JACK,Denim Jacket,3,2026-03-12 22:00,62.06,17028,United Kingdom
INV100250,TH-HOOD,Fleece Hoodie,3,2025-11-06 20:00,39.92,17016,United Kingdom
INV100268,TH-JEAN,Slim Fit Jeans,2,2025-12-20 23:00,55.46,17018,United Kingdom
INV100309,TH-JACK,Denim Jacket,2,2026-01-12 22:00,80.36,17020,United Kingdom
INV100542,TH-SHOE,Canvas Sneakers,1,2026-01-08 22:00,36.62,17041,United Kingdom
INV100869,TH-SHORT,Chino Shorts,2,2026-01-14 02:00,33.34,17107,United Kingdom
INV100895,TH-JEAN,Slim Fit Jeans,3,2026-01-25 20:00,46.88,17110,United Kingdom
INV100231,TH-JACK,Denim Jacket,3,2026-02-19 20:00,69.49,17015,United Kingdom
INV100240,TH-SOCK,Ankle Socks 3pk,4,2026-06-13 00:00,9.34,17015,United Kingdom
INV101096,TH-SOCK,Ankle Socks 3pk,1,2025-04-21 23:00,10.87,17129,United Kingdom
INV100851,TH-DRESS,Summer Dress,1,2025-08-07 02:00,58.66,17105,United Kingdom
INV100382,TH-HOOD,Fleece Hoodie,1,2025-12-11 08:00,35.56,17025,United Kingdom
INV100077,TH-DRESS,Summer Dress,3,2025-11-09 06:00,54.51,17005,United Kingdom
INV100415,TH-SCARF,Wool Scarf,2,2026-05-04 04:00,19.56,17027,United Kingdom
INV100766,TH-SOCK,Ankle Socks 3pk,1,2025-11-30 23:00,8.95,17095,United Kingdom
INV100145,TH-SCARF,Wool Scarf,1,2026-01-26 07:00,21.6,17009,United Kingdom
INV100044,TH-BELT,Leather Belt,1,2025-06-28 23:00,26.05,17003,United Kingdom
INV100751,TH-SHOE,Canvas Sneakers,2,2026-07-01 01:00,34.55,17091,United Kingdom
INV100029,TH-SOCK,Ankle Socks 3pk,3,2026-01-31 22:00,11.04,17002,United Kingdom
INV100113,TH-JACK,Denim Jacket,4,2026-06-04 20:00,80.71,17006,United Kingdom
INV100206,TH-JEAN,Slim Fit Jeans,2,2026-04-18 05:00,57.88,17013,United Kingdom
INV100352,TH-TSHIRT,Cotton Crew T-Shirt,2,2026-05-31 00:00,17.2,17022,United Kingdom
INV100236,TH-SOCK,Ankle Socks 3pk,3,2026-05-01 22:00,10.93,17015,United Kingdom
INV100934,TH-CAP,Logo Cap,1,2024-11-05 23:00,16.8,17115,United Kingdom
INV100986,TH-SCARF,Wool Scarf,3,2025-06-21 07:00,26.98,17119,United Kingdom
INV100173,TH-SHIRT,Oxford Shirt,4,2025-10-29 03:00,36.54,17011,United Kingdom
INV100424,TH-BELT,Leather Belt,3,2026-02-19 22:00,22.95,17028,United Kingdom
INV101137,TH-SHORT,Chino Shorts,2,2025-03-09 12:00,22.5,17148,United Kingdom
INV100595,TH-SHORT,Chino Shorts,3,2026-01-02 03:00,27.08,17046,United Kingdom
INV101019,TH-DRESS,Summer Dress,1,2025-05-03 22:00,55.89,17122,United Kingdom
INV101049,TH-SCARF,Wool Scarf,2,2025-01-30 23:00,26.85,17125,United Kingdom
INV100257,TH-CAP,Logo Cap,4,2025-10-04 03:00,19.2,17017,United Kingdom
INV101050,TH-SOCK,Ankle Socks 3pk,3,2025-04-17 22:00,11.53,17125,United Kingdom
INV100824,TH-SCARF,Wool Scarf,2,2025-07-09 07:00,22.34,17102,United Kingdom
INV100546,TH-DRESS,Summer Dress,1,2026-02-23 21:00,46.08,17041,United Kingdom
INV100373,TH-SHORT,Chino Shorts,1,2026-01-31 21:00,26.49,17024,United Kingdom
INV100994,TH-JEAN,Slim Fit Jeans,3,2024-11-20 20:00,55.83,17120,United Kingdom
INV100009,TH-JEAN,Slim Fit Jeans,1,2026-02-03 03:00,55.43,17001,United Kingdom
INV100022,TH-DRESS,Summer Dress,1,2025-11-09 06:00,66.72,17002,United Kingdom
INV100833,TH-JEAN,Slim Fit Jeans,2,2025-09-06 02:00,55.1,17103,United Kingdom
INV100871,TH-SHORT,Chino Shorts,2,2025-02-28 05:00,34.43,17108,United Kingdom
INV100335,TH-BELT,Leather Belt,3,2026-04-13 23:00,30.31,17021,United Kingdom
INV100503,TH-CAP,Logo Cap,3,2025-12-06 04:00,13.66,17037,United Kingdom
INV100024,TH-SCARF,Wool Scarf,2,2025-12-14 06:00,23.62,17002,United Kingdom
INV100553,TH-CAP,Logo Cap,3,2026-06-05 04:00,14.72,17041,United Kingdom
INV100735,TH-CAP,Logo Cap,1,2026-07-14 12:00,13.81,17082,United Kingdom
INV100590,TH-JEAN,Slim Fit Jeans,2,2026-07-11 12:00,47.47,17045,United Kingdom
INV100952,TH-JEAN,Slim Fit Jeans,1,2025-06-10 03:00,51.45,17116,United Kingdom
INV100206,TH-JACK,Denim Jacket,1,2026-04-18 05:00,75.05,17013,United Kingdom
INV100799,TH-JACK,Denim Jacket,3,2025-11-15 02:00,64.86,17099,United Kingdom
INV100387,TH-BELT,Leather Belt,2,2026-03-18 07:00,22.71,17025,United Kingdom
INV100172,TH-JACK,Denim Jacket,3,2025-10-08 21:00,68.93,17011,United Kingdom
INV100585,TH-SOCK,Ankle Socks 3pk,3,2026-01-29 02:00,9.09,17045,United Kingdom
INV100608,TH-JEAN,Slim Fit Jeans,1,2025-10-06 01:00,50.27,17047,United Kingdom
INV100317,TH-SHOE,Canvas Sneakers,2,2026-05-10 05:00,44.56,17020,United Kingdom
INV101054,TH-SHORT,Chino Shorts,2,2025-07-31 21:00,31.39,17125,United Kingdom
INV100889,TH-SCARF,Wool Scarf,3,2025-10-30 21:00,21.56,17110,United Kingdom
INV100217,TH-SCARF,Wool Scarf,1,2025-10-26 01:00,25.34,17014,United Kingdom
INV100813,TH-JEAN,Slim Fit Jeans,1,2025-08-02 20:00,48.09,17101,United Kingdom
INV100098,TH-JACK,Denim Jacket,4,2025-09-28 00:00,75.39,17006,United Kingdom
INV100701,TH-SHORT,Chino Shorts,1,2026-03-20 02:00,31.34,17066,United Kingdom
INV100941,TH-SHORT,Chino Shorts,3,2025-05-04 02:00,36.17,17115,United Kingdom
INV100747,TH-JACK,Denim Jacket,2,2026-06-13 03:00,51.08,17089,United Kingdom
INV100126,TH-SCARF,Wool Scarf,4,2025-08-11 21:00,21.73,17008,United Kingdom
INV100796,TH-TSHIRT,Cotton Crew T-Shirt,3,2025-08-27 23:00,15.57,17099,United Kingdom
INV100103,TH-SHIRT,Oxford Shirt,2,2025-12-11 00:00,35.28,17006,United Kingdom
INV100084,TH-CAP,Logo Cap,2,2026-01-27 06:00,17.59,17005,United Kingdom
INV100075,TH-BELT,Leather Belt,3,2026-07-06 12:00,30.31,17004,United Kingdom
INV100392,TH-CAP,Logo Cap,2,2026-05-23 04:00,15.27,17025,United Kingdom
INV100323,TH-DRESS,Summer Dress,3,2025-11-04 07:00,54.44,17021,United Kingdom
INV100657,TH-SCARF,Wool Scarf,1,2026-07-04 12:00,21.17,17055,United Kingdom
INV100866,TH-SOCK,Ankle Socks 3pk,3,2025-11-11 08:00,9.49,17107,United Kingdom
INV101111,TH-SHORT,Chino Shorts,1,2025-04-01 07:00,20.33,17136,United Kingdom
INV100683,TH-SHOE,Canvas Sneakers,3,2026-07-10 12:00,42.09,17061,United Kingdom
INV100036,TH-SCARF,Wool Scarf,4,2026-04-12 06:00,20.8,17002,United Kingdom
INV100560,TH-DRESS,Summer Dress,3,2026-03-27 08:00,49.93,17042,United Kingdom
INV100018,TH-SHIRT,Oxford Shirt,3,2026-06-21 08:00,36.19,17001,United Kingdom
INV101102,TH-TSHIRT,Cotton Crew T-Shirt,2,2025-03-07 02:00,10.61,17131,United Kingdom
INV100698,TH-HOOD,Fleece Hoodie,1,2026-04-02 21:00,34.65,17065,United Kingdom
INV100068,TH-SCARF,Wool Scarf,4,2026-02-24 04:00,22.71,17004,United Kingdom
INV100736,TH-SOCK,Ankle Socks 3pk,1,2026-06-27 00:00,8.54,17083,United Kingdom
INV100054,TH-JEAN,Slim Fit Jeans,2,2026-01-15 00:00,58.23,17003,United Kingdom
INV101014,TH-SHOE,Canvas Sneakers,2,2024-09-21 23:00,47.37,17122,United Kingdom
INV100495,TH-HOOD,Fleece Hoodie,1,2025-11-16 20:00,38.44,17036,United Kingdom
INV100547,TH-TSHIRT,Cotton Crew T-Shirt,2,2026-02-26 02:00,13.56,17041,United Kingdom
INV100519,TH-CAP,Logo Cap,2,2026-03-31 01:00,12.62,17038,United Kingdom
INV100135,TH-HOOD,Fleece Hoodie,1,2026-06-26 12:00,47.08,17008,United Kingdom
INV100159,TH-HOOD,Fleece Hoodie,2,2025-11-01 22:00,44.68,17010,United Kingdom
INV100026,TH-JEAN,Slim Fit Jeans,4,2025-12-25 05:00,47.85,17002,United Kingdom
INV100292,TH-SHIRT,Oxford Shirt,4,2025-11-22 01:00,33.18,17019,United Kingdom
INV100296,TH-JACK,Denim Jacket,1,2026-03-08 00:00,81.53,17019,United Kingdom
INV100227,TH-SOCK,Ankle Socks 3pk,1,2025-11-12 22:00,9.77,17015,United Kingdom
INV101147,TH-SCARF,Wool Scarf,2,2024-12-07 21:00,13.99,17155,United Kingdom
INV101099,TH-SOCK,Ankle Socks 3pk,2,2025-07-29 12:00,10.43,17129,United Kingdom
INV100599,TH-DRESS,Summer Dress,3,2026-02-15 08:00,46.31,17046,United Kingdom
INV100894,TH-SHORT,Chino Shorts,2,2025-12-27 00:00,33.99,17110,United Kingdom
INV100612,TH-JACK,Denim Jacket,2,2025-11-14 00:00,59.82,17047,United Kingdom
INV100371,TH-JACK,Denim Jacket,2,2025-12-01 22:00,65.02,17024,United Kingdom
INV100209,TH-HOOD,Fleece Hoodie,4,2026-07-09 12:00,42.6,17013,United Kingdom
INV100247,TH-SOCK,Ankle Socks 3pk,3,2025-09-01 20:00,11.05,17016,United Kingdom
INV100577,TH-SHIRT,Oxford Shirt,3,2026-01-08 22:00,34.17,17044,United Kingdom
INV100439,TH-SOCK,Ankle Socks 3pk,1,2026-03-08 00:00,7.99,17030,United Kingdom
INV100358,TH-SOCK,Ankle Socks 3pk,1,2026-07-14 12:00,9.45,17022,United Kingdom
INV100076,TH-JEAN,Slim Fit Jeans,2,2025-10-11 00:00,58.87,17005,United Kingdom
INV100159,TH-SHIRT,Oxford Shirt,1,2025-11-01 22:00,40.48,17010,United Kingdom
INV100025,TH-TSHIRT,Cotton Crew T-Shirt,3,2025-12-23 00:00,15.45,17002,United Kingdom
INV100333,TH-SOCK,Ankle Socks 3pk,3,2026-03-28 08:00,10.68,17021,United Kingdom
INV100745,TH-SOCK,Ankle Socks 3pk,2,2026-06-12 05:00,7.2,17088,United Kingdom
INV100794,TH-CAP,Logo Cap,1,2025-08-23 03:00,16.31,17099,United Kingdom
INV100297,TH-SOCK,Ankle Socks 3pk,4,2026-05-04 00:00,11.54,17019,United Kingdom
INV100776,TH-SCARF,Wool Scarf,1,2025-03-24 02:00,20.3,17097,United Kingdom
INV100815,TH-SHOE,Canvas Sneakers,1,2025-08-25 05:00,43.35,17101,United Kingdom
INV100382,TH-HOOD,Fleece Hoodie,1,2025-12-11 08:00,38.25,17025,United Kingdom
INV100282,TH-JACK,Denim Jacket,1,2026-06-15 05:00,75.4,17018,United Kingdom
INV100561,TH-JEAN,Slim Fit Jeans,2,2026-04-01 07:00,41.4,17042,United Kingdom
INV100098,TH-SHORT,Chino Shorts,1,2025-09-28 00:00,32.97,17006,United Kingdom
INV100802,TH-JACK,Denim Jacket,2,2025-04-25 21:00,62.3,17100,United Kingdom
INV100228,TH-SHORT,Chino Shorts,2,2025-11-26 05:00,33.16,17015,United Kingdom
INV100820,TH-SHIRT,Oxford Shirt,2,2025-12-03 12:00,35.93,17101,United Kingdom
INV100340,TH-CAP,Logo Cap,4,2025-09-15 22:00,17.98,17022,United Kingdom
INV100171,TH-SOCK,Ankle Socks 3pk,4,2025-09-25 23:00,10.54,17011,United Kingdom
INV101020,TH-JEAN,Slim Fit Jeans,3,2025-05-13 03:00,52.21,17122,United Kingdom
INV100523,TH-CAP,Logo Cap,1,2025-10-18 07:00,12.94,17039,United Kingdom
INV101028,TH-DRESS,Summer Dress,3,2025-03-03 22:00,66.45,17123,United Kingdom
INV100949,TH-SHIRT,Oxford Shirt,1,2025-02-28 01:00,40.32,17116,United Kingdom
INV100152,TH-JEAN,Slim Fit Jeans,4,2026-04-20 03:00,59.17,17009,United Kingdom
INV100862,TH-HOOD,Fleece Hoodie,2,2026-01-21 23:00,43.45,17106,United Kingdom
INV100124,TH-SCARF,Wool Scarf,2,2026-07-04 12:00,25.94,17007,United Kingdom
INV100325,TH-BELT,Leather Belt,1,2025-11-19 22:00,27.07,17021,United Kingdom
INV100561,TH-CAP,Logo Cap,2,2026-04-01 07:00,15.67,17042,United Kingdom
INV100453,TH-SHIRT,Oxford Shirt,3,2025-08-16 08:00,33.54,17032,United Kingdom
INV100762,TH-CAP,Logo Cap,1,2025-10-22 03:00,15.96,17095,United Kingdom
INV100315,TH-TSHIRT,Cotton Crew T-Shirt,4,2026-04-08 06:00,16.12,17020,United Kingdom
INV100406,TH-JEAN,Slim Fit Jeans,3,2026-04-26 23:00,48.98,17026,United Kingdom
INV100905,TH-SCARF,Wool Scarf,2,2025-10-07 02:00,20.73,17111,United Kingdom
INV101084,TH-TSHIRT,Cotton Crew T-Shirt,3,2025-04-14 23:00,17.02,17128,United Kingdom
INV100067,TH-SHORT,Chino Shorts,4,2026-02-20 03:00,33.46,17004,United Kingdom
INV100464,TH-SHIRT,Oxford Shirt,1,2025-11-04 21:00,29.63,17033,United Kingdom
INV100321,TH-HOOD,Fleece Hoodie,4,2025-10-11 05:00,41.03,17021,United Kingdom
INV100981,TH-CAP,Logo Cap,3,2025-04-13 06:00,16.22,17119,United Kingdom
INV100647,TH-DRESS,Summer Dress,3,2026-06-16 08:00,46.0,17053,United Kingdom
INV101017,TH-SHOE,Canvas Sneakers,2,2025-02-17 06:00,48.59,17122,United Kingdom
INV100051,TH-SHOE,Canvas Sneakers,1,2025-12-03 08:00,51.68,17003,United Kingdom
INV100614,TH-CAP,Logo Cap,3,2026-01-14 06:00,14.08,17047,United Kingdom
INV100631,TH-SHOE,Canvas Sneakers,3,2026-06-30 12:00,39.12,17049,United Kingdom
INV100858,TH-SOCK,Ankle Socks 3pk,2,2025-10-20 22:00,8.61,17106,United Kingdom
INV100181,TH-CAP,Logo Cap,1,2026-05-21 23:00,15.53,17011,United Kingdom
INV100951,TH-TSHIRT,Cotton Crew T-Shirt,1,2025-05-11 22:00,18.14,17116,United Kingdom
INV100083,TH-HOOD,Fleece Hoodie,2,2026-01-16 05:00,43.33,17005,United Kingdom
INV100120,TH-CAP,Logo Cap,3,2025-12-21 08:00,17.28,17007,United Kingdom
INV100313,TH-CAP,Logo Cap,1,2026-03-09 03:00,16.34,17020,United Kingdom
INV100872,TH-HOOD,Fleece Hoodie,2,2025-08-01 23:00,36.99,17108,United Kingdom
INV100873,TH-DRESS,Summer Dress,3,2025-09-23 22:00,53.81,17108,United Kingdom
INV100885,TH-HOOD,Fleece Hoodie,1,2025-12-21 12:00,37.96,17109,United Kingdom
INV100228,TH-DRESS,Summer Dress,1,2025-11-26 05:00,66.9,17015,United Kingdom
INV100798,TH-CAP,Logo Cap,3,2025-10-16 21:00,16.89,17099,United Kingdom
INV100795,TH-BELT,Leather Belt,3,2025-08-24 21:00,27.76,17099,United Kingdom
INV100380,TH-JEAN,Slim Fit Jeans,2,2026-06-12 08:00,49.49,17024,United Kingdom
INV100474,TH-TSHIRT,Cotton Crew T-Shirt,3,2026-04-25 05:00,13.51,17033,United Kingdom
INV100548,TH-SHOE,Canvas Sneakers,2,2026-03-11 02:00,37.84,17041,United Kingdom
INV100373,TH-CAP,Logo Cap,1,2026-01-31 21:00,14.8,17024,United Kingdom
INV101084,TH-DRESS,Summer Dress,3,2025-04-14 23:00,62.07,17128,United Kingdom
INV100461,TH-SHOE,Canvas Sneakers,3,2026-02-23 21:00,38.44,17032,United Kingdom
INV100939,TH-SOCK,Ankle Socks 3pk,2,2025-04-17 06:00,11.12,17115,United Kingdom
INV100902,TH-TSHIRT,Cotton Crew T-Shirt,3,2025-06-07 23:00,15.21,17111,United Kingdom
INV100239,TH-BELT,Leather Belt,2,2026-05-19 23:00,28.03,17015,United Kingdom
INV100231,TH-SCARF,Wool Scarf,3,2026-02-19 20:00,22.32,17015,United Kingdom
INV100022,TH-HOOD,Fleece Hoodie,2,2025-11-09 06:00,40.08,17002,United Kingdom
INV100313,TH-DRESS,Summer Dress,3,2026-03-09 03:00,61.84,17020,United Kingdom
INV100593,TH-SOCK,Ankle Socks 3pk,3,2025-10-09 02:00,8.48,17046,United Kingdom
INV100944,TH-BELT,Leather Belt,3,2024-12-18 21:00,25.64,17116,United Kingdom
INV100423,TH-SHIRT,Oxford Shirt,3,2026-01-03 08:00,30.66,17028,United Kingdom
INV100982,TH-SHORT,Chino Shorts,2,2025-04-26 22:00,35.98,17119,United Kingdom
INV100062,TH-JACK,Denim Jacket,3,2025-07-03 02:00,74.67,17004,United Kingdom
INV100506,TH-JACK,Denim Jacket,2,2026-04-10 03:00,59.82,17037,United Kingdom
INV100006,TH-JEAN,Slim Fit Jeans,4,2026-01-18 07:00,48.72,17001,United Kingdom
INV100962,TH-SHORT,Chino Shorts,1,2025-07-15 22:00,36.38,17117,United Kingdom
INV100490,TH-SHOE,Canvas Sneakers,2,2026-01-26 00:00,39.81,17035,United Kingdom
INV100804,TH-JEAN,Slim Fit Jeans,2,2025-05-20 05:00,43.8,17100,United Kingdom
INV100544,TH-SHOE,Canvas Sneakers,3,2026-02-03 04:00,37.31,17041,United Kingdom
INV100351,TH-SHOE,Canvas Sneakers,3,2026-04-10 05:00,49.93,17022,United Kingdom
INV100582,TH-HOOD,Fleece Hoodie,3,2026-06-08 12:00,39.03,17044,United Kingdom
INV101012,TH-SHIRT,Oxford Shirt,2,2025-08-19 00:00,37.15,17121,United Kingdom
INV100423,TH-CAP,Logo Cap,2,2026-01-03 08:00,15.71,17028,United Kingdom
INV100391,TH-CAP,Logo Cap,3,2026-05-18 01:00,16.07,17025,United Kingdom
INV100350,TH-JEAN,Slim Fit Jeans,2,2026-04-08 01:00,60.45,17022,United Kingdom
INV100164,TH-SHOE,Canvas Sneakers,2,2026-01-13 07:00,54.44,17010,United Kingdom
INV100455,TH-TSHIRT,Cotton Crew T-Shirt,2,2025-10-24 21:00,14.72,17032,United Kingdom
INV100346,TH-SOCK,Ankle Socks 3pk,4,2026-01-16 06:00,11.58,17022,United Kingdom
INV100619,TH-JEAN,Slim Fit Jeans,2,2025-07-21 02:00,49.24,17048,United Kingdom
INV100300,TH-JACK,Denim Jacket,2,2026-07-07 12:00,76.02,17019,United Kingdom
INV100264,TH-SHIRT,Oxford Shirt,3,2026-01-16 00:00,40.46,17017,United Kingdom
INV101160,TH-SHIRT,Oxford Shirt,293,2026-06-17 12:00,30.49,17159,United Kingdom
INV100528,TH-SOCK,Ankle Socks 3pk,3,2025-12-05 07:00,8.49,17040,United Kingdom
INV100621,TH-HOOD,Fleece Hoodie,1,2025-09-04 06:00,37.25,17048,United Kingdom
INV100707,TH-HOOD,Fleece Hoodie,3,2026-01-02 01:00,32.5,17067,United Kingdom
INV100380,TH-SCARF,Wool Scarf,2,2026-06-12 08:00,18.79,17024,United Kingdom
INV100177,TH-HOOD,Fleece Hoodie,1,2025-12-25 07:00,38.23,17011,United Kingdom
INV100178,TH-SOCK,Ankle Socks 3pk,3,2026-02-03 02:00,10.62,17011,United Kingdom
INV100194,TH-SHOE,Canvas Sneakers,4,2026-02-21 21:00,54.23,17012,United Kingdom
INV101058,TH-SHIRT,Oxford Shirt,3,2025-05-06 20:00,40.63,17126,United Kingdom
INV100219,TH-SHORT,Chino Shorts,1,2025-12-03 06:00,37.84,17014,United Kingdom
INV100177,TH-SOCK,Ankle Socks 3pk,1,2025-12-25 07:00,10.13,17011,United Kingdom
INV100376,TH-BELT,Leather Belt,3,2026-03-16 01:00,22.41,17024,United Kingdom
INV100175,TH-TSHIRT,Cotton Crew T-Shirt,1,2025-12-24 08:00,16.1,17011,United Kingdom
INV101043,TH-DRESS,Summer Dress,1,2024-12-06 02:00,69.27,17124,United Kingdom
INV100241,TH-JEAN,Slim Fit Jeans,1,2026-06-16 01:00,51.73,17015,United Kingdom
INV100342,TH-SHOE,Canvas Sneakers,2,2025-10-20 21:00,46.64,17022,United Kingdom
INV100116,TH-BELT,Leather Belt,2,2025-10-20 00:00,28.5,17007,United Kingdom
INV100980,TH-SHOE,Canvas Sneakers,2,2025-03-17 01:00,46.27,17119,United Kingdom
INV100742,TH-SHORT,Chino Shorts,1,2026-06-22 03:00,22.63,17086,United Kingdom
INV100368,TH-SHOE,Canvas Sneakers,2,2026-06-17 12:00,37.24,17023,United Kingdom
INV100349,TH-SHOE,Canvas Sneakers,4,2026-04-06 02:00,54.69,17022,United Kingdom
INV100679,TH-SOCK,Ankle Socks 3pk,2,2026-05-03 03:00,9.6,17060,United Kingdom
INV100351,TH-SCARF,Wool Scarf,2,2026-04-10 05:00,23.2,17022,United Kingdom
INV100245,TH-HOOD,Fleece Hoodie,3,2025-07-18 01:00,47.2,17016,United Kingdom
INV100267,TH-SOCK,Ankle Socks 3pk,1,2025-11-08 22:00,9.6,17018,United Kingdom
INV100122,TH-SCARF,Wool Scarf,4,2026-03-31 08:00,20.96,17007,United Kingdom
INV100220,TH-DRESS,Summer Dress,4,2026-01-22 03:00,59.15,17014,United Kingdom
INV100902,TH-SCARF,Wool Scarf,2,2025-06-07 23:00,19.72,17111,United Kingdom
INV100763,TH-DRESS,Summer Dress,2,2025-10-25 02:00,51.08,17095,United Kingdom
INV100922,TH-SCARF,Wool Scarf,2,2025-11-16 20:00,21.94,17113,United Kingdom
INV100571,TH-SHIRT,Oxford Shirt,2,2026-05-29 04:00,27.31,17043,United Kingdom
INV101056,TH-SHOE,Canvas Sneakers,1,2025-03-23 20:00,48.91,17126,United Kingdom
INV100347,TH-TSHIRT,Cotton Crew T-Shirt,2,2026-02-03 23:00,15.51,17022,United Kingdom
INV100553,TH-DRESS,Summer Dress,3,2026-06-05 04:00,55.83,17041,United Kingdom
INV100073,TH-SHIRT,Oxford Shirt,3,2026-05-23 00:00,38.49,17004,United Kingdom
INV101063,TH-SOCK,Ankle Socks 3pk,2,2025-09-25 20:00,9.61,17126,United Kingdom
INV100185,TH-DRESS,Summer Dress,4,2025-12-02 20:00,55.41,17012,United Kingdom
INV100666,TH-SHORT,Chino Shorts,1,2026-07-13 12:00,28.79,17057,United Kingdom
INV100616,TH-SHIRT,Oxford Shirt,3,2026-03-21 01:00,27.2,17047,United Kingdom
INV100693,TH-SHIRT,Oxford Shirt,3,2026-02-09 22:00,33.97,17064,United Kingdom
INV100367,TH-SCARF,Wool Scarf,3,2026-05-01 05:00,19.43,17023,United Kingdom
INV100008,TH-SOCK,Ankle Socks 3pk,4,2026-02-01 23:00,10.53,17001,United Kingdom
INV100649,TH-BELT,Leather Belt,1,2026-03-07 22:00,22.83,17054,United Kingdom
INV100206,TH-JEAN,Slim Fit Jeans,3,2026-04-18 05:00,60.44,17013,United Kingdom
INV100883,TH-HOOD,Fleece Hoodie,2,2025-08-28 23:00,36.51,17109,United Kingdom
INV100955,TH-SCARF,Wool Scarf,3,2025-08-02 05:00,24.8,17116,United Kingdom
INV100353,TH-DRESS,Summer Dress,1,2026-06-01 21:00,59.53,17022,United Kingdom
INV100682,TH-TSHIRT,Cotton Crew T-Shirt,3,2026-04-01 02:00,14.87,17061,United Kingdom
INV100800,TH-DRESS,Summer Dress,1,2026-01-18 12:00,59.31,17099,United Kingdom
INV100960,TH-SCARF,Wool Scarf,3,2025-05-17 07:00,23.96,17117,United Kingdom
INV100404,TH-HOOD,Fleece Hoodie,3,2026-03-13 22:00,34.62,17026,United Kingdom
INV100285,TH-CAP,Logo Cap,4,2025-10-03 04:00,18.22,17019,United Kingdom
INV100747,TH-TSHIRT,Cotton Crew T-Shirt,2,2026-06-13 03:00,10.55,17089,United Kingdom
INV100302,TH-SHORT,Chino Shorts,1,2025-10-04 06:00,29.81,17020,United Kingdom
INV100342,TH-CAP,Logo Cap,4,2025-10-20 21:00,19.13,17022,United Kingdom
INV101006,TH-SCARF,Wool Scarf,3,2025-02-17 21:00,24.19,17121,United Kingdom
INV100703,TH-SCARF,Wool Scarf,2,2026-04-12 02:00,19.75,17066,United Kingdom
INV100640,TH-DRESS,Summer Dress,2,2026-07-04 12:00,51.38,17051,United Kingdom
INV100689,TH-SCARF,Wool Scarf,3,2026-04-23 06:00,20.25,17063,United Kingdom
INV101024,TH-HOOD,Fleece Hoodie,1,2024-12-18 22:00,45.45,17123,United Kingdom
INV100200,TH-BELT,Leather Belt,4,2025-11-29 00:00,26.55,17013,United Kingdom
INV100659,TH-TSHIRT,Cotton Crew T-Shirt,1,2026-02-14 02:00,12.23,17056,United Kingdom
INV100309,TH-HOOD,Fleece Hoodie,1,2026-01-12 22:00,38.99,17020,United Kingdom
INV101080,TH-JEAN,Slim Fit Jeans,1,2024-11-16 04:00,55.26,17128,United Kingdom
INV101033,TH-SCARF,Wool Scarf,3,2025-05-22 12:00,22.79,17123,United Kingdom
INV100289,TH-BELT,Leather Belt,1,2025-10-31 20:00,29.45,17019,United Kingdom
INV100001,TH-HOOD,Fleece Hoodie,3,2025-12-15 04:00,46.03,17001,United Kingdom
INV100900,TH-SHORT,Chino Shorts,2,2025-04-23 20:00,32.69,17111,United Kingdom
INV100846,TH-BELT,Leather Belt,1,2025-12-01 08:00,25.73,17104,United Kingdom
INV100221,TH-SOCK,Ankle Socks 3pk,2,2026-01-31 20:00,9.33,17014,United Kingdom
INV100570,TH-JACK,Denim Jacket,1,2026-05-08 04:00,68.71,17043,United Kingdom
INV100125,TH-DRESS,Summer Dress,3,2025-07-18 05:00,56.59,17008,United Kingdom
INV100550,TH-BELT,Leather Belt,3,2026-04-05 07:00,24.79,17041,United Kingdom
INV100834,TH-SHOE,Canvas Sneakers,1,2025-10-04 07:00,46.08,17103,United Kingdom
INV100010,TH-SHORT,Chino Shorts,2,2026-02-08 23:00,30.76,17001,United Kingdom
INV100980,TH-JACK,Denim Jacket,3,2025-03-17 01:00,76.63,17119,United Kingdom
INV100342,TH-SHORT,Chino Shorts,1,2025-10-20 21:00,35.48,17022,United Kingdom
INV100648,TH-SHORT,Chino Shorts,3,2026-07-06 12:00,29.2,17053,United Kingdom
INV100863,TH-SOCK,Ankle Socks 3pk,1,2026-02-01 01:00,10.24,17106,United Kingdom
INV100247,TH-SHOE,Canvas Sneakers,2,2025-09-01 20:00,45.32,17016,United Kingdom
INV100847,TH-SHIRT,Oxford Shirt,3,2025-12-06 21:00,32.84,17104,United Kingdom
INV100770,TH-BELT,Leather Belt,3,2025-10-12 05:00,25.25,17096,United Kingdom
INV101125,TH-BELT,Leather Belt,2,2025-07-22 12:00,18.32,17141,United Kingdom
INV100225,TH-BELT,Leather Belt,2,2026-06-25 12:00,26.19,17014,United Kingdom
INV100624,TH-BELT,Leather Belt,2,2026-01-04 08:00,24.79,17048,United Kingdom
INV100093,TH-SHOE,Canvas Sneakers,3,2026-05-03 20:00,54.24,17005,United Kingdom
INV100568,TH-CAP,Logo Cap,1,2026-04-13 07:00,15.08,17043,United Kingdom
INV101043,TH-SOCK,Ankle Socks 3pk,1,2024-12-06 02:00,12.19,17124,United Kingdom
INV100628,TH-CAP,Logo Cap,2,2026-03-27 04:00,13.06,17049,United Kingdom
INV100224,TH-HOOD,Fleece Hoodie,1,2026-03-18 05:00,40.73,17014,United Kingdom
INV100081,TH-DRESS,Summer Dress,3,2025-12-27 05:00,53.81,17005,United Kingdom
INV101083,TH-SCARF,Wool Scarf,2,2025-04-10 01:00,27.0,17128,United Kingdom
INV100058,TH-SCARF,Wool Scarf,4,2026-05-11 21:00,20.91,17003,United Kingdom
INV100759,TH-TSHIRT,Cotton Crew T-Shirt,1,2025-09-17 01:00,14.44,17095,United Kingdom
INV100988,TH-SOCK,Ankle Socks 3pk,1,2025-08-07 00:00,11.09,17119,United Kingdom
INV100605,TH-BELT,Leather Belt,3,2025-09-03 20:00,22.55,17047,United Kingdom
INV100625,TH-SOCK,Ankle Socks 3pk,3,2026-02-07 07:00,8.92,17048,United Kingdom
INV100833,TH-SCARF,Wool Scarf,1,2025-09-06 02:00,21.79,17103,United Kingdom
INV100840,TH-JEAN,Slim Fit Jeans,2,2025-09-01 04:00,52.66,17104,United Kingdom
INV101132,TH-JEAN,Slim Fit Jeans,2,2024-11-23 12:00,36.64,17146,United Kingdom
INV100263,TH-SHIRT,Oxford Shirt,1,2026-01-05 20:00,33.94,17017,United Kingdom
INV101013,TH-JEAN,Slim Fit Jeans,2,2025-10-03 12:00,61.27,17121,United Kingdom
INV100068,TH-BELT,Leather Belt,3,2026-02-24 04:00,29.5,17004,United Kingdom
INV100935,TH-SHORT,Chino Shorts,1,2024-11-17 07:00,31.5,17115,United Kingdom
INV100722,TH-DRESS,Summer Dress,1,2026-06-24 12:00,45.63,17074,United Kingdom
INV100150,TH-DRESS,Summer Dress,2,2026-04-04 21:00,62.3,17009,United Kingdom
INV100070,TH-SCARF,Wool Scarf,3,2026-04-03 20:00,25.66,17004,United Kingdom
INV100216,TH-SOCK,Ankle Socks 3pk,3,2025-09-30 02:00,11.2,17014,United Kingdom
INV100102,TH-SHIRT,Oxford Shirt,1,2025-11-23 02:00,32.9,17006,United Kingdom
INV100318,TH-DRESS,Summer Dress,1,2026-06-07 00:00,57.19,17020,United Kingdom
INV100783,TH-SCARF,Wool Scarf,2,2025-08-07 05:00,19.53,17097,United Kingdom
INV100303,TH-JEAN,Slim Fit Jeans,1,2025-10-04 23:00,52.5,17020,United Kingdom
INV101025,TH-SHORT,Chino Shorts,2,2024-12-31 05:00,38.15,17123,United Kingdom
INV100045,TH-HOOD,Fleece Hoodie,4,2025-07-25 03:00,47.2,17003,United Kingdom
INV100201,TH-SHIRT,Oxford Shirt,1,2025-11-29 01:00,40.18,17013,United Kingdom
INV100592,TH-SHIRT,Oxford Shirt,3,2025-09-20 20:00,33.46,17046,United Kingdom
INV100914,TH-TSHIRT,Cotton Crew T-Shirt,1,2025-11-15 21:00,14.39,17112,United Kingdom
INV100970,TH-HOOD,Fleece Hoodie,3,2024-08-14 20:00,42.94,17118,United Kingdom
INV100207,TH-JEAN,Slim Fit Jeans,4,2026-04-20 05:00,59.65,17013,United Kingdom
INV100292,TH-SOCK,Ankle Socks 3pk,1,2025-11-22 01:00,10.6,17019,United Kingdom
INV100948,TH-SCARF,Wool Scarf,1,2025-02-06 05:00,26.81,17116,United Kingdom
INV100284,TH-HOOD,Fleece Hoodie,3,2025-10-01 06:00,43.93,17019,United Kingdom
INV100723,TH-SCARF,Wool Scarf,1,2026-06-18 02:00,15.91,17075,United Kingdom
INV100808,TH-JACK,Denim Jacket,2,2025-11-30 12:00,75.18,17100,United Kingdom
INV101061,TH-SCARF,Wool Scarf,1,2025-09-13 08:00,21.58,17126,United Kingdom
INV100063,TH-SHOE,Canvas Sneakers,1,2025-07-24 05:00,49.81,17004,United Kingdom
INV100089,TH-SHIRT,Oxford Shirt,4,2026-03-13 08:00,36.13,17005,United Kingdom
INV100761,TH-SHOE,Canvas Sneakers,1,2025-10-12 04:00,40.67,17095,United Kingdom
INV100755,TH-SHOE,Canvas Sneakers,1,2026-06-26 12:00,40.05,17093,United Kingdom
INV100787,TH-BELT,Leather Belt,1,2025-07-02 23:00,22.07,17098,United Kingdom
INV100310,TH-HOOD,Fleece Hoodie,2,2026-01-21 08:00,42.83,17020,United Kingdom
INV100075,TH-SHOE,Canvas Sneakers,1,2026-07-06 12:00,54.92,17004,United Kingdom
INV100689,TH-BELT,Leather Belt,1,2026-04-23 06:00,21.73,17063,United Kingdom
INV100385,TH-DRESS,Summer Dress,2,2026-02-16 04:00,55.47,17025,United Kingdom
INV100110,TH-SHOE,Canvas Sneakers,4,2026-04-21 21:00,54.03,17006,United Kingdom
INV100910,TH-SCARF,Wool Scarf,1,2025-09-01 20:00,19.86,17112,United Kingdom
INV101035,TH-CAP,Logo Cap,3,2024-06-30 03:00,19.49,17124,United Kingdom
INV100037,TH-SHIRT,Oxford Shirt,4,2026-04-24 01:00,39.86,17002,United Kingdom
INV100443,TH-SHIRT,Oxford Shirt,1,2025-09-18 03:00,33.62,17031,United Kingdom
INV100232,TH-JACK,Denim Jacket,1,2026-03-26 01:00,81.77,17015,United Kingdom
INV100264,TH-SCARF,Wool Scarf,2,2026-01-16 00:00,20.79,17017,United Kingdom
INV101152,TH-SHOE,Canvas Sneakers,847,2026-02-21 23:00,42.41,17157,United Kingdom
INV100933,TH-SHOE,Canvas Sneakers,1,2026-01-30 12:00,45.33,17114,United Kingdom
INV100812,TH-SCARF,Wool Scarf,2,2025-07-30 00:00,18.83,17101,United Kingdom
INV100597,TH-BELT,Leather Belt,2,2026-02-11 02:00,21.3,17046,United Kingdom
INV101019,TH-SHORT,Chino Shorts,3,2025-05-03 22:00,39.17,17122,United Kingdom
INV100429,TH-TSHIRT,Cotton Crew T-Shirt,1,2026-01-06 02:00,13.16,17029,United Kingdom
INV100225,TH-SCARF,Wool Scarf,1,2026-06-25 12:00,23.34,17014,United Kingdom
INV100135,TH-BELT,Leather Belt,3,2026-06-26 12:00,28.06,17008,United Kingdom
INV101100,TH-TSHIRT,Cotton Crew T-Shirt,2,2024-07-21 08:00,10.05,17130,United Kingdom
INV100318,TH-CAP,Logo Cap,2,2026-06-07 00:00,17.94,17020,United Kingdom
INV100171,TH-JACK,Denim Jacket,2,2025-09-25 23:00,71.93,17011,United Kingdom
INV101090,TH-HOOD,Fleece Hoodie,2,2025-02-12 00:00,48.4,17129,United Kingdom
INV100237,TH-BELT,Leather Belt,3,2026-05-10 21:00,29.82,17015,United Kingdom
INV101145,TH-SHORT,Chino Shorts,2,2025-08-07 12:00,25.21,17153,United Kingdom
INV101028,TH-JEAN,Slim Fit Jeans,3,2025-03-03 22:00,59.68,17123,United Kingdom
INV100947,TH-CAP,Logo Cap,2,2025-02-01 03:00,17.8,17116,United Kingdom
INV100972,TH-DRESS,Summer Dress,1,2024-09-12 21:00,59.34,17118,United Kingdom
INV100015,TH-SHORT,Chino Shorts,4,2026-05-24 07:00,30.86,17001,United Kingdom
INV100470,TH-TSHIRT,Cotton Crew T-Shirt,1,2026-02-15 08:00,12.4,17033,United Kingdom
INV100641,TH-TSHIRT,Cotton Crew T-Shirt,3,2026-05-08 01:00,11.92,17052,United Kingdom
INV100198,TH-DRESS,Summer Dress,3,2025-11-03 05:00,66.42,17013,United Kingdom
INV100636,TH-DRESS,Summer Dress,1,2026-05-17 06:00,54.97,17051,United Kingdom
INV100728,TH-DRESS,Summer Dress,1,2026-06-23 12:00,49.1,17078,United Kingdom
INV101044,TH-JACK,Denim Jacket,1,2025-02-27 12:00,81.4,17124,United Kingdom
INV100644,TH-DRESS,Summer Dress,1,2026-04-21 03:00,54.29,17053,United Kingdom
INV100468,TH-HOOD,Fleece Hoodie,3,2026-01-09 01:00,39.08,17033,United Kingdom
INV100462,TH-TSHIRT,Cotton Crew T-Shirt,1,2026-04-07 23:00,12.94,17032,United Kingdom
INV100724,TH-SCARF,Wool Scarf,1,2026-06-24 12:00,18.62,17075,United Kingdom
INV100358,TH-SOCK,Ankle Socks 3pk,3,2026-07-14 12:00,9.76,17022,United Kingdom
INV100678,TH-SCARF,Wool Scarf,2,2026-04-17 08:00,18.8,17060,United Kingdom
INV100844,TH-DRESS,Summer Dress,1,2025-11-14 00:00,53.58,17104,United Kingdom
INV101010,TH-TSHIRT,Cotton Crew T-Shirt,3,2025-05-24 02:00,17.37,17121,United Kingdom
INV100409,TH-SHOE,Canvas Sneakers,3,2026-06-10 12:00,40.82,17026,United Kingdom
INV100192,TH-DRESS,Summer Dress,4,2026-02-08 04:00,67.13,17012,United Kingdom
INV100894,TH-SHIRT,Oxford Shirt,3,2025-12-27 00:00,35.61,17110,United Kingdom
INV100625,TH-JACK,Denim Jacket,3,2026-02-07 07:00,59.74,17048,United Kingdom
INV100509,TH-TSHIRT,Cotton Crew T-Shirt,3,2026-05-25 02:00,12.15,17037,United Kingdom
INV100708,TH-JEAN,Slim Fit Jeans,2,2026-01-08 03:00,48.05,17067,United Kingdom
INV100691,TH-SHIRT,Oxford Shirt,1,2026-01-31 02:00,30.34,17064,United Kingdom
INV100443,TH-JACK,Denim Jacket,1,2025-09-18 03:00,55.76,17031,United Kingdom
INV100296,TH-JACK,Denim Jacket,3,2026-03-08 00:00,66.73,17019,United Kingdom
INV100013,TH-CAP,Logo Cap,1,2026-04-27 02:00,17.28,17001,United Kingdom
INV100839,TH-JEAN,Slim Fit Jeans,1,2025-08-27 23:00,50.19,17104,United Kingdom
INV100169,TH-CAP,Logo Cap,4,2026-06-18 21:00,18.42,17010,United Kingdom
INV101078,TH-CAP,Logo Cap,2,2024-10-22 01:00,16.27,17128,United Kingdom
INV100837,TH-SOCK,Ankle Socks 3pk,1,2025-07-21 07:00,10.71,17104,United Kingdom
INV100242,TH-JACK,Denim Jacket,3,2026-07-02 06:00,74.39,17015,United Kingdom
INV100032,TH-SHORT,Chino Shorts,3,2026-03-05 01:00,35.2,17002,United Kingdom
INV100263,TH-SOCK,Ankle Socks 3pk,2,2026-01-05 20:00,10.76,17017,United Kingdom
INV101046,TH-JACK,Denim Jacket,1,2024-11-12 08:00,78.76,17125,United Kingdom
INV100294,TH-BELT,Leather Belt,4,2026-01-01 21:00,28.49,17019,United Kingdom
INV101093,TH-TSHIRT,Cotton Crew T-Shirt,2,2025-03-12 05:00,15.02,17129,United Kingdom
INV100334,TH-SHOE,Canvas Sneakers,2,2026-03-28 22:00,43.25,17021,United Kingdom
INV100878,TH-SCARF,Wool Scarf,2,2025-05-22 20:00,18.83,17109,United Kingdom
INV100167,TH-JEAN,Slim Fit Jeans,3,2026-05-01 20:00,50.61,17010,United Kingdom
INV101114,TH-SOCK,Ankle Socks 3pk,1,2025-06-07 12:00,7.81,17137,United Kingdom
INV100175,TH-TSHIRT,Cotton Crew T-Shirt,4,2025-12-24 08:00,16.6,17011,United Kingdom
INV100336,TH-SCARF,Wool Scarf,4,2026-04-21 08:00,24.7,17021,United Kingdom
INV100564,TH-DRESS,Summer Dress,2,2026-06-09 21:00,47.43,17042,United Kingdom
INV100623,TH-SCARF,Wool Scarf,3,2025-11-18 03:00,17.99,17048,United Kingdom
INV100348,TH-CAP,Logo Cap,3,2026-03-13 01:00,17.69,17022,United Kingdom
INV100924,TH-JACK,Denim Jacket,2,2025-11-23 07:00,59.44,17113,United Kingdom
INV100810,TH-HOOD,Fleece Hoodie,3,2025-07-22 08:00,42.79,17101,United Kingdom
INV100178,TH-SCARF,Wool Scarf,4,2026-02-03 02:00,22.05,17011,United Kingdom
INV100350,TH-SCARF,Wool Scarf,3,2026-04-08 01:00,25.09,17022,United Kingdom
INV100333,TH-JACK,Denim Jacket,4,2026-03-28 08:00,79.0,17021,United Kingdom
INV100441,TH-SHIRT,Oxford Shirt,1,2026-07-05 12:00,27.91,17030,United Kingdom
INV100804,TH-SOCK,Ankle Socks 3pk,2,2025-05-20 05:00,10.41,17100,United Kingdom
INV100456,TH-CAP,Logo Cap,2,2025-12-28 23:00,15.71,17032,United Kingdom
INV101119,TH-TSHIRT,Cotton Crew T-Shirt,2,2025-07-03 21:00,10.01,17139,United Kingdom
INV100029,TH-SHOE,Canvas Sneakers,1,2026-01-31 22:00,44.49,17002,United Kingdom
INV100991,TH-JEAN,Slim Fit Jeans,1,2024-10-07 02:00,63.16,17120,United Kingdom
INV100720,TH-SCARF,Wool Scarf,1,2026-06-25 23:00,18.14,17073,United Kingdom
INV100169,TH-SHORT,Chino Shorts,4,2026-06-18 21:00,30.09,17010,United Kingdom
INV100158,TH-JEAN,Slim Fit Jeans,2,2025-10-02 02:00,51.85,17010,United Kingdom
INV100040,TH-BELT,Leather Belt,4,2026-06-19 00:00,26.91,17002,United Kingdom
INV100856,TH-SHORT,Chino Shorts,2,2026-03-02 12:00,31.81,17105,United Kingdom
INV100314,TH-SOCK,Ankle Socks 3pk,3,2026-03-20 22:00,11.63,17020,United Kingdom
INV100810,TH-SHOE,Canvas Sneakers,3,2025-07-22 08:00,42.91,17101,United Kingdom
INV101070,TH-CAP,Logo Cap,3,2024-10-15 08:00,18.89,17127,United Kingdom
INV101076,TH-SHORT,Chino Shorts,1,2025-03-02 00:00,36.15,17127,United Kingdom
INV100387,TH-SCARF,Wool Scarf,1,2026-03-18 07:00,21.05,17025,United Kingdom
INV100574,TH-BELT,Leather Belt,1,2025-11-02 22:00,22.71,17044,United Kingdom
INV100336,TH-SHIRT,Oxford Shirt,2,2026-04-21 08:00,33.29,17021,United Kingdom
INV100406,TH-JACK,Denim Jacket,1,2026-04-26 23:00,64.27,17026,United Kingdom
INV100297,TH-SHIRT,Oxford Shirt,4,2026-05-04 00:00,38.31,17019,United Kingdom
INV100966,TH-DRESS,Summer Dress,1,2025-09-02 05:00,55.19,17117,United Kingdom
INV100656,TH-SHOE,Canvas Sneakers,1,2026-04-12 08:00,37.24,17055,United Kingdom
INV101053,TH-TSHIRT,Cotton Crew T-Shirt,1,2025-07-23 03:00,14.72,17125,United Kingdom
INV100082,TH-CAP,Logo Cap,2,2025-12-31 22:00,19.27,17005,United Kingdom
INV100939,TH-JEAN,Slim Fit Jeans,1,2025-04-17 06:00,57.57,17115,United Kingdom
INV100386,TH-CAP,Logo Cap,3,2026-03-14 03:00,15.2,17025,United Kingdom
INV101037,TH-SOCK,Ankle Socks 3pk,1,2024-07-20 20:00,12.0,17124,United Kingdom
INV100302,TH-SHOE,Canvas Sneakers,2,2025-10-04 06:00,50.63,17020,United Kingdom
INV100241,TH-CAP,Logo Cap,3,2026-06-16 01:00,16.75,17015,United Kingdom
INV100638,TH-SOCK,Ankle Socks 3pk,2,2026-05-18 23:00,8.9,17051,United Kingdom
INV100279,TH-CAP,Logo Cap,2,2026-05-20 04:00,15.2,17018,United Kingdom
INV100160,TH-TSHIRT,Cotton Crew T-Shirt,4,2025-11-09 20:00,15.37,17010,United Kingdom
INV100402,TH-SHORT,Chino Shorts,2,2025-12-23 08:00,30.07,17026,United Kingdom
INV100523,TH-BELT,Leather Belt,3,2025-10-18 07:00,21.59,17039,United Kingdom
INV100448,TH-DRESS,Summer Dress,2,2026-05-24 07:00,55.32,17031,United Kingdom
INV100191,TH-SHIRT,Oxford Shirt,4,2026-02-01 02:00,37.2,17012,United Kingdom
INV101059,TH-SHOE,Canvas Sneakers,2,2025-06-18 07:00,53.71,17126,United Kingdom
INV100830,TH-SCARF,Wool Scarf,2,2025-07-06 21:00,23.35,17103,United Kingdom
INV100299,TH-SHORT,Chino Shorts,3,2026-06-25 05:00,35.57,17019,United Kingdom
INV100165,TH-BELT,Leather Belt,1,2026-03-08 00:00,26.71,17010,United Kingdom
INV100117,TH-DRESS,Summer Dress,1,2025-10-25 01:00,60.62,17007,United Kingdom
INV100142,TH-BELT,Leather Belt,4,2026-01-17 03:00,27.06,17009,United Kingdom
INV100549,TH-HOOD,Fleece Hoodie,1,2026-03-22 22:00,34.54,17041,United Kingdom
INV100564,TH-SCARF,Wool Scarf,3,2026-06-09 21:00,18.81,17042,United Kingdom
INV100948,TH-SOCK,Ankle Socks 3pk,2,2025-02-06 05:00,10.09,17116,United Kingdom
INV100917,TH-CAP,Logo Cap,1,2025-12-16 22:00,16.23,17112,United Kingdom
INV100697,TH-TSHIRT,Cotton Crew T-Shirt,2,2026-02-22 03:00,14.58,17065,United Kingdom
INV100501,TH-HOOD,Fleece Hoodie,1,2026-06-12 12:00,35.71,17036,United Kingdom
INV100442,TH-SHIRT,Oxford Shirt,3,2025-09-02 21:00,32.46,17031,United Kingdom
INV101067,TH-HOOD,Fleece Hoodie,2,2024-08-04 04:00,48.48,17127,United Kingdom
INV101087,TH-JACK,Denim Jacket,3,2025-01-10 07:00,83.21,17129,United Kingdom
INV100334,TH-HOOD,Fleece Hoodie,1,2026-03-28 22:00,41.14,17021,United Kingdom
INV100067,TH-JACK,Denim Jacket,4,2026-02-20 03:00,68.99,17004,United Kingdom
INV100635,TH-SHORT,Chino Shorts,2,2026-06-25 12:00,27.9,17050,United Kingdom
INV100562,TH-CAP,Logo Cap,2,2026-04-10 00:00,14.83,17042,United Kingdom
INV100027,TH-SOCK,Ankle Socks 3pk,1,2026-01-07 03:00,11.37,17002,United Kingdom
INV101108,TH-SOCK,Ankle Socks 3pk,1,2024-12-18 12:00,7.06,17134,United Kingdom
INV100945,TH-SHORT,Chino Shorts,2,2025-01-06 21:00,33.2,17116,United Kingdom
INV101004,TH-JACK,Denim Jacket,2,2025-05-27 12:00,71.04,17120,United Kingdom
INV100137,TH-SHOE,Canvas Sneakers,4,2025-09-14 22:00,43.47,17009,United Kingdom
INV100759,TH-SHOE,Canvas Sneakers,3,2025-09-17 01:00,40.42,17095,United Kingdom
INV100297,TH-SHORT,Chino Shorts,2,2026-05-04 00:00,37.65,17019,United Kingdom
INV101061,TH-SHIRT,Oxford Shirt,1,2025-09-13 08:00,33.94,17126,United Kingdom
INV100079,TH-HOOD,Fleece Hoodie,2,2025-11-26 21:00,37.73,17005,United Kingdom
INV100478,TH-SCARF,Wool Scarf,1,2026-01-15 06:00,20.47,17034,United Kingdom
INV100614,TH-HOOD,Fleece Hoodie,1,2026-01-14 06:00,37.07,17047,United Kingdom
INV100715,TH-SHORT,Chino Shorts,1,2026-07-08 12:00,27.12,17069,United Kingdom
INV100510,TH-JACK,Denim Jacket,3,2026-06-03 01:00,63.72,17037,United Kingdom
INV101016,TH-SHIRT,Oxford Shirt,3,2024-11-21 07:00,35.12,17122,United Kingdom
INV101071,TH-BELT,Leather Belt,2,2024-10-27 21:00,30.45,17127,United Kingdom
INV100078,TH-JACK,Denim Jacket,1,2025-11-18 03:00,76.22,17005,United Kingdom
INV100600,TH-JACK,Denim Jacket,2,2026-02-17 08:00,60.93,17046,United Kingdom
INV101131,TH-JEAN,Slim Fit Jeans,1,2024-09-18 01:00,38.11,17146,United Kingdom
INV101127,TH-TSHIRT,Cotton Crew T-Shirt,2,2024-11-09 22:00,10.43,17143,United Kingdom
INV100388,TH-HOOD,Fleece Hoodie,3,2026-03-19 23:00,33.04,17025,United Kingdom
INV100872,TH-SHIRT,Oxford Shirt,2,2025-08-01 23:00,31.1,17108,United Kingdom
INV100125,TH-SHORT,Chino Shorts,3,2025-07-18 05:00,32.98,17008,United Kingdom
INV100938,TH-CAP,Logo Cap,2,2025-03-18 06:00,19.67,17115,United Kingdom
INV100676,TH-CAP,Logo Cap,1,2026-02-02 06:00,13.03,17060,United Kingdom
INV100599,TH-JEAN,Slim Fit Jeans,3,2026-02-15 08:00,45.09,17046,United Kingdom
INV100200,TH-SHIRT,Oxford Shirt,2,2025-11-29 00:00,37.38,17013,United Kingdom
INV100277,TH-JACK,Denim Jacket,2,2026-04-24 20:00,75.16,17018,United Kingdom
INV100571,TH-SHORT,Chino Shorts,3,2026-05-29 04:00,25.16,17043,United Kingdom
INV100869,TH-SCARF,Wool Scarf,1,2026-01-14 02:00,21.3,17107,United Kingdom
INV100281,TH-SOCK,Ankle Socks 3pk,1,2026-06-03 20:00,9.76,17018,United Kingdom
INV100596,TH-HOOD,Fleece Hoodie,3,2026-01-13 01:00,38.33,17046,United Kingdom
INV100599,TH-TSHIRT,Cotton Crew T-Shirt,3,2026-02-15 08:00,13.98,17046,United Kingdom
INV101159,TH-HOOD,Fleece Hoodie,679,2026-05-01 22:00,36.73,17159,United Kingdom
INV100238,TH-DRESS,Summer Dress,4,2026-05-19 07:00,64.82,17015,United Kingdom
INV100035,TH-SHIRT,Oxford Shirt,1,2026-03-29 21:00,36.49,17002,United Kingdom
INV100072,TH-JACK,Denim Jacket,4,2026-05-12 03:00,81.22,17004,United Kingdom
INV100334,TH-JACK,Denim Jacket,3,2026-03-28 22:00,72.15,17021,United Kingdom
INV100150,TH-TSHIRT,Cotton Crew T-Shirt,1,2026-04-04 21:00,15.64,17009,United Kingdom
INV100374,TH-JACK,Denim Jacket,2,2026-02-24 00:00,67.3,17024,United Kingdom
INV100228,TH-SCARF,Wool Scarf,3,2025-11-26 05:00,21.1,17015,United Kingdom
INV101121,TH-DRESS,Summer Dress,1,2024-10-31 00:00,38.43,17140,United Kingdom
INV101057,TH-DRESS,Summer Dress,1,2025-04-06 03:00,65.18,17126,United Kingdom
INV100275,TH-SHOE,Canvas Sneakers,4,2026-03-11 02:00,53.4,17018,United Kingdom
INV101099,TH-DRESS,Summer Dress,2,2025-07-29 12:00,56.9,17129,United Kingdom
INV100595,TH-BELT,Leather Belt,2,2026-01-02 03:00,21.8,17046,United Kingdom
INV100182,TH-SHORT,Chino Shorts,4,2026-06-20 07:00,33.26,17011,United Kingdom
INV100220,TH-TSHIRT,Cotton Crew T-Shirt,3,2026-01-22 03:00,14.87,17014,United Kingdom
INV100696,TH-JEAN,Slim Fit Jeans,1,2026-02-08 04:00,48.22,17065,United Kingdom
INV100783,TH-SHOE,Canvas Sneakers,1,2025-08-07 05:00,41.47,17097,United Kingdom
INV100483,TH-SCARF,Wool Scarf,3,2026-06-24 05:00,20.65,17034,United Kingdom
INV100954,TH-JEAN,Slim Fit Jeans,3,2025-07-24 21:00,55.51,17116,United Kingdom
INV100867,TH-SCARF,Wool Scarf,1,2025-11-21 22:00,20.39,17107,United Kingdom
INV101017,TH-SHOE,Canvas Sneakers,1,2025-02-17 06:00,50.66,17122,United Kingdom
INV100454,TH-JACK,Denim Jacket,3,2025-09-25 08:00,54.54,17032,United Kingdom
INV100101,TH-SHOE,Canvas Sneakers,3,2025-11-21 08:00,50.28,17006,United Kingdom
INV100618,TH-JEAN,Slim Fit Jeans,1,2026-06-18 12:00,45.28,17047,United Kingdom
INV100907,TH-SHOE,Canvas Sneakers,1,2025-11-01 12:00,49.33,17111,United Kingdom
INV100811,TH-SHOE,Canvas Sneakers,3,2025-07-30 00:00,41.89,17101,United Kingdom
INV101156,TH-HOOD,Fleece Hoodie,651,2026-05-31 12:00,34.11,17158,United Kingdom
INV100286,TH-HOOD,Fleece Hoodie,3,2025-10-04 03:00,45.69,17019,United Kingdom
INV101103,TH-CAP,Logo Cap,1,2025-05-08 12:00,10.94,17131,United Kingdom
INV100379,TH-JEAN,Slim Fit Jeans,2,2026-05-29 20:00,42.16,17024,United Kingdom
INV100026,TH-JACK,Denim Jacket,2,2025-12-25 05:00,82.36,17002,United Kingdom
INV100516,TH-HOOD,Fleece Hoodie,3,2025-12-19 02:00,36.67,17038,United Kingdom
INV101001,TH-TSHIRT,Cotton Crew T-Shirt,2,2025-04-28 01:00,17.3,17120,United Kingdom
INV100865,TH-BELT,Leather Belt,1,2025-11-04 08:00,23.35,17107,United Kingdom
INV101135,TH-SHORT,Chino Shorts,1,2024-11-13 12:00,21.12,17147,United Kingdom
INV100682,TH-DRESS,Summer Dress,3,2026-04-01 02:00,56.02,17061,United Kingdom
INV100897,TH-SHOE,Canvas Sneakers,3,2025-01-24 08:00,40.9,17111,United Kingdom
INV100880,TH-SCARF,Wool Scarf,2,2025-07-24 07:00,19.49,17109,United Kingdom
INV100157,TH-SCARF,Wool Scarf,3,2025-09-11 06:00,22.88,17010,United Kingdom
INV100259,TH-SHORT,Chino Shorts,2,2025-11-27 22:00,30.69,17017,United Kingdom
INV100894,TH-SOCK,Ankle Socks 3pk,1,2025-12-27 00:00,9.54,17110,United Kingdom
INV100033,TH-BELT,Leather Belt,3,2026-03-21 05:00,26.44,17002,United Kingdom
INV100929,TH-SHOE,Canvas Sneakers,2,2025-09-01 20:00,44.12,17114,United Kingdom
INV100214,TH-JEAN,Slim Fit Jeans,4,2025-08-16 05:00,52.16,17014,United Kingdom
INV100518,TH-SCARF,Wool Scarf,2,2026-02-26 08:00,20.0,17038,United Kingdom
INV100532,TH-BELT,Leather Belt,3,2026-03-17 04:00,23.01,17040,United Kingdom
INV100998,TH-SHOE,Canvas Sneakers,3,2025-01-19 03:00,50.66,17120,United Kingdom
INV100953,TH-JEAN,Slim Fit Jeans,1,2025-06-12 03:00,50.77,17116,United Kingdom
INV100832,TH-DRESS,Summer Dress,3,2025-08-10 07:00,59.09,17103,United Kingdom
INV101072,TH-SOCK,Ankle Socks 3pk,3,2024-11-04 04:00,10.56,17127,United Kingdom
INV100110,TH-SHIRT,Oxford Shirt,3,2026-04-21 21:00,39.16,17006,United Kingdom
INV100195,TH-CAP,Logo Cap,3,2026-03-04 04:00,16.56,17012,United Kingdom
INV100958,TH-TSHIRT,Cotton Crew T-Shirt,2,2025-04-21 08:00,17.92,17117,United Kingdom
INV100993,TH-SHOE,Canvas Sneakers,1,2024-10-20 20:00,48.28,17120,United Kingdom
INV100392,TH-SOCK,Ankle Socks 3pk,3,2026-05-23 04:00,8.34,17025,United Kingdom
INV101150,TH-HOOD,Fleece Hoodie,336,2026-03-05 05:00,37.34,17156,United Kingdom
INV100003,TH-JEAN,Slim Fit Jeans,2,2025-12-31 05:00,49.68,17001,United Kingdom
INV100330,TH-JEAN,Slim Fit Jeans,3,2026-02-06 04:00,49.73,17021,United Kingdom
INV100501,TH-HOOD,Fleece Hoodie,2,2026-06-12 12:00,37.22,17036,United Kingdom
INV100201,TH-TSHIRT,Cotton Crew T-Shirt,4,2025-11-29 01:00,14.56,17013,United Kingdom
INV100177,TH-SCARF,Wool Scarf,2,2025-12-25 07:00,22.22,17011,United Kingdom
INV100582,TH-HOOD,Fleece Hoodie,1,2026-06-08 12:00,32.29,17044,United Kingdom
INV100328,TH-TSHIRT,Cotton Crew T-Shirt,2,2026-01-04 00:00,16.26,17021,United Kingdom
INV100604,TH-JACK,Denim Jacket,2,2026-07-05 12:00,60.95,17046,United Kingdom
INV100664,TH-HOOD,Fleece Hoodie,2,2026-06-05 23:00,36.42,17057,United Kingdom
INV100506,TH-TSHIRT,Cotton Crew T-Shirt,3,2026-04-10 03:00,14.93,17037,United Kingdom
INV100260,TH-DRESS,Summer Dress,2,2025-11-28 02:00,65.18,17017,United Kingdom
INV100488,TH-TSHIRT,Cotton Crew T-Shirt,1,2025-12-24 06:00,13.2,17035,United Kingdom
INV100748,TH-SHIRT,Oxford Shirt,1,2026-06-26 12:00,28.55,17089,United Kingdom
INV100757,TH-SHORT,Chino Shorts,2,2026-07-09 12:00,26.7,17094,United Kingdom
INV100680,TH-TSHIRT,Cotton Crew T-Shirt,2,2026-07-05 12:00,12.16,17060,United Kingdom
INV100363,TH-SOCK,Ankle Socks 3pk,2,2026-02-14 22:00,8.12,17023,United Kingdom
INV100929,TH-JEAN,Slim Fit Jeans,3,2025-09-01 20:00,49.94,17114,United Kingdom
INV100923,TH-SOCK,Ankle Socks 3pk,1,2025-11-19 21:00,9.77,17113,United Kingdom
INV100969,TH-SOCK,Ankle Socks 3pk,2,2025-10-21 12:00,10.94,17117,United Kingdom
INV100119,TH-SHORT,Chino Shorts,3,2025-11-30 07:00,36.41,17007,United Kingdom
INV100918,TH-JEAN,Slim Fit Jeans,3,2026-01-18 12:00,48.71,17112,United Kingdom
INV100442,TH-CAP,Logo Cap,1,2025-09-02 21:00,14.75,17031,United Kingdom
INV100367,TH-CAP,Logo Cap,1,2026-05-01 05:00,13.13,17023,United Kingdom
INV100319,TH-CAP,Logo Cap,3,2026-06-10 20:00,18.03,17020,United Kingdom
INV101066,TH-TSHIRT,Cotton Crew T-Shirt,1,2024-07-09 08:00,15.86,17127,United Kingdom
INV100532,TH-JEAN,Slim Fit Jeans,3,2026-03-17 04:00,44.65,17040,United Kingdom
INV100251,TH-SHIRT,Oxford Shirt,4,2025-11-14 05:00,41.11,17016,United Kingdom
INV100421,TH-JEAN,Slim Fit Jeans,3,2025-08-30 01:00,48.91,17028,United Kingdom
INV100516,TH-HOOD,Fleece Hoodie,1,2025-12-19 02:00,31.11,17038,United Kingdom
INV100781,TH-TSHIRT,Cotton Crew T-Shirt,1,2025-06-26 04:00,15.14,17097,United Kingdom
INV100502,TH-SOCK,Ankle Socks 3pk,3,2025-12-05 20:00,9.39,17037,United Kingdom
INV100180,TH-TSHIRT,Cotton Crew T-Shirt,2,2026-03-26 21:00,16.32,17011,United Kingdom
INV100202,TH-TSHIRT,Cotton Crew T-Shirt,2,2026-01-10 03:00,15.17,17013,United Kingdom
INV100331,TH-SHORT,Chino Shorts,4,2026-03-01 03:00,36.52,17021,United Kingdom
INV100813,TH-SCARF,Wool Scarf,1,2025-08-02 20:00,19.83,17101,United Kingdom
INV100124,TH-SOCK,Ankle Socks 3pk,3,2026-07-04 12:00,10.49,17007,United Kingdom
INV101094,TH-JACK,Denim Jacket,3,2025-03-12 22:00,71.16,17129,United Kingdom
INV100252,TH-BELT,Leather Belt,2,2025-12-22 22:00,24.83,17016,United Kingdom
INV100494,TH-CAP,Logo Cap,3,2026-06-14 12:00,12.64,17035,United Kingdom
INV101029,TH-DRESS,Summer Dress,1,2025-03-09 02:00,59.73,17123,United Kingdom
INV100140,TH-SHIRT,Oxford Shirt,3,2025-12-19 08:00,39.81,17009,United Kingdom
INV100877,TH-SHOE,Canvas Sneakers,1,2025-05-21 02:00,50.47,17109,United Kingdom
INV100469,TH-CAP,Logo Cap,3,2026-02-05 01:00,12.94,17033,United Kingdom
INV100149,TH-SCARF,Wool Scarf,4,2026-03-29 02:00,21.73,17009,United Kingdom
INV100760,TH-SHOE,Canvas Sneakers,3,2025-10-02 23:00,45.23,17095,United Kingdom
INV100464,TH-SHIRT,Oxford Shirt,1,2025-11-04 21:00,29.11,17033,United Kingdom
INV100270,TH-BELT,Leather Belt,3,2026-01-03 20:00,25.73,17018,United Kingdom
INV100655,TH-BELT,Leather Belt,3,2026-04-02 07:00,22.48,17055,United Kingdom
INV100793,TH-DRESS,Summer Dress,3,2025-07-27 01:00,53.75,17099,United Kingdom
INV100325,TH-SHORT,Chino Shorts,4,2025-11-19 22:00,32.61,17021,United Kingdom
INV100026,TH-SCARF,Wool Scarf,3,2025-12-25 05:00,24.97,17002,United Kingdom
INV100525,TH-JACK,Denim Jacket,2,2026-02-13 05:00,55.9,17039,United Kingdom
INV100552,TH-SHORT,Chino Shorts,1,2026-05-21 20:00,30.12,17041,United Kingdom
INV100805,TH-HOOD,Fleece Hoodie,2,2025-05-29 20:00,35.45,17100,United Kingdom
INV100420,TH-TSHIRT,Cotton Crew T-Shirt,2,2025-08-10 07:00,11.95,17028,United Kingdom
INV100905,TH-JEAN,Slim Fit Jeans,2,2025-10-07 02:00,46.36,17111,United Kingdom
INV100189,TH-CAP,Logo Cap,4,2026-01-17 21:00,16.3,17012,United Kingdom
INV100839,TH-CAP,Logo Cap,2,2025-08-27 23:00,15.37,17104,United Kingdom
INV100905,TH-SHIRT,Oxford Shirt,1,2025-10-07 02:00,36.42,17111,United Kingdom
INV100176,TH-SHORT,Chino Shorts,2,2025-12-24 20:00,31.69,17011,United Kingdom
INV100034,TH-DRESS,Summer Dress,2,2026-03-23 20:00,60.43,17002,United Kingdom
INV100610,TH-BELT,Leather Belt,1,2025-11-01 20:00,24.43,17047,United Kingdom
INV100984,TH-JACK,Denim Jacket,3,2025-06-03 23:00,74.46,17119,United Kingdom
INV100585,TH-JEAN,Slim Fit Jeans,2,2026-01-29 02:00,46.44,17045,United Kingdom
INV100359,TH-CAP,Logo Cap,2,2025-07-16 20:00,14.49,17023,United Kingdom
INV100333,TH-SHOE,Canvas Sneakers,4,2026-03-28 08:00,52.38,17021,United Kingdom
INV100347,TH-SHIRT,Oxford Shirt,1,2026-02-03 23:00,38.67,17022,United Kingdom
INV101065,TH-SHOE,Canvas Sneakers,2,2024-06-17 00:00,48.35,17127,United Kingdom
INV100740,TH-JACK,Denim Jacket,1,2026-06-22 07:00,59.35,17085,United Kingdom
INV100239,TH-SCARF,Wool Scarf,4,2026-05-19 23:00,23.34,17015,United Kingdom
INV100093,TH-DRESS,Summer Dress,3,2026-05-03 20:00,53.35,17005,United Kingdom
INV101053,TH-JACK,Denim Jacket,3,2025-07-23 03:00,78.89,17125,United Kingdom
INV100801,TH-JACK,Denim Jacket,3,2025-02-23 21:00,60.68,17100,United Kingdom
INV100646,TH-SOCK,Ankle Socks 3pk,1,2026-05-29 22:00,7.74,17053,United Kingdom
INV100921,TH-JEAN,Slim Fit Jeans,1,2025-11-15 06:00,52.85,17113,United Kingdom
INV100088,TH-BELT,Leather Belt,3,2026-02-19 07:00,26.75,17005,United Kingdom
INV100814,TH-JACK,Denim Jacket,1,2025-08-24 23:00,71.76,17101,United Kingdom
INV100964,TH-SHIRT,Oxford Shirt,2,2025-07-28 01:00,42.25,17117,United Kingdom
INV100037,TH-HOOD,Fleece Hoodie,4,2026-04-24 01:00,38.64,17002,United Kingdom
INV100505,TH-SHOE,Canvas Sneakers,3,2026-03-16 05:00,39.89,17037,United Kingdom
INV100292,TH-SHIRT,Oxford Shirt,1,2025-11-22 01:00,33.31,17019,United Kingdom
INV100484,TH-SHOE,Canvas Sneakers,3,2026-07-07 12:00,42.23,17034,United Kingdom
INV100982,TH-SHIRT,Oxford Shirt,1,2025-04-26 22:00,42.07,17119,United Kingdom
INV100192,TH-BELT,Leather Belt,1,2026-02-08 04:00,27.48,17012,United Kingdom
INV101153,TH-SCARF,Wool Scarf,285,2026-05-27 12:00,18.57,17157,United Kingdom
INV100748,TH-TSHIRT,Cotton Crew T-Shirt,1,2026-06-26 12:00,10.94,17089,United Kingdom
INV100241,TH-JACK,Denim Jacket,1,2026-06-16 01:00,80.91,17015,United Kingdom
INV100672,TH-SCARF,Wool Scarf,1,2026-01-30 08:00,21.49,17059,United Kingdom
INV100600,TH-SCARF,Wool Scarf,3,2026-02-17 08:00,17.38,17046,United Kingdom
INV100172,TH-JACK,Denim Jacket,2,2025-10-08 21:00,65.08,17011,United Kingdom
INV100574,TH-SHORT,Chino Shorts,3,2025-11-02 22:00,25.22,17044,United Kingdom
INV101085,TH-BELT,Leather Belt,2,2025-05-18 05:00,31.25,17128,United Kingdom
INV100367,TH-SHORT,Chino Shorts,1,2026-05-01 05:00,26.03,17023,United Kingdom
INV100403,TH-JACK,Denim Jacket,1,2026-03-02 01:00,57.98,17026,United Kingdom
INV100406,TH-HOOD,Fleece Hoodie,3,2026-04-26 23:00,31.52,17026,United Kingdom
INV100014,TH-JEAN,Slim Fit Jeans,4,2026-05-08 00:00,50.73,17001,United Kingdom
INV100795,TH-DRESS,Summer Dress,3,2025-08-24 21:00,51.64,17099,United Kingdom
INV100623,TH-TSHIRT,Cotton Crew T-Shirt,2,2025-11-18 03:00,14.86,17048,United Kingdom
INV100483,TH-SHOE,Canvas Sneakers,2,2026-06-24 05:00,37.67,17034,United Kingdom
INV100767,TH-SHIRT,Oxford Shirt,2,2025-12-18 01:00,36.72,17095,United Kingdom
INV100384,TH-SCARF,Wool Scarf,3,2026-02-10 01:00,18.31,17025,United Kingdom
INV100859,TH-SHORT,Chino Shorts,1,2025-11-01 20:00,27.76,17106,United Kingdom
INV101029,TH-TSHIRT,Cotton Crew T-Shirt,2,2025-03-09 02:00,17.15,17123,United Kingdom
INV100535,TH-DRESS,Summer Dress,2,2026-03-30 00:00,54.98,17040,United Kingdom
INV100845,TH-SHORT,Chino Shorts,3,2025-11-14 01:00,29.78,17104,United Kingdom
INV101140,TH-TSHIRT,Cotton Crew T-Shirt,2,2025-09-13 12:00,10.21,17150,United Kingdom
INV101048,TH-HOOD,Fleece Hoodie,3,2025-01-04 20:00,43.89,17125,United Kingdom
INV100329,TH-JACK,Denim Jacket,4,2026-01-11 20:00,75.7,17021,United Kingdom
INV100883,TH-JEAN,Slim Fit Jeans,3,2025-08-28 23:00,49.75,17109,United Kingdom
INV100071,TH-CAP,Logo Cap,1,2026-04-18 00:00,16.35,17004,United Kingdom
INV100255,TH-SOCK,Ankle Socks 3pk,4,2026-04-13 03:00,9.57,17016,United Kingdom
INV101061,TH-SHORT,Chino Shorts,1,2025-09-13 08:00,31.99,17126,United Kingdom
INV100021,TH-JEAN,Slim Fit Jeans,4,2025-11-09 05:00,58.53,17002,United Kingdom
INV100260,TH-JACK,Denim Jacket,2,2025-11-28 02:00,65.56,17017,United Kingdom
INV100256,TH-TSHIRT,Cotton Crew T-Shirt,4,2026-06-30 12:00,14.37,17016,United Kingdom
INV100108,TH-HOOD,Fleece Hoodie,1,2026-03-03 00:00,44.11,17006,United Kingdom
INV101113,TH-SOCK,Ankle Socks 3pk,2,2025-05-06 06:00,6.94,17137,United Kingdom
INV100927,TH-SHORT,Chino Shorts,2,2025-12-24 12:00,29.06,17113,United Kingdom
INV100864,TH-CAP,Logo Cap,3,2026-02-10 12:00,16.06,17106,United Kingdom
INV100601,TH-JEAN,Slim Fit Jeans,3,2026-06-14 20:00,47.14,17046,United Kingdom
INV100304,TH-DRESS,Summer Dress,3,2025-10-08 07:00,60.13,17020,United Kingdom
INV101038,TH-SHIRT,Oxford Shirt,2,2024-09-24 02:00,42.76,17124,United Kingdom
INV100147,TH-JACK,Denim Jacket,3,2026-02-21 04:00,78.67,17009,United Kingdom
INV100959,TH-CAP,Logo Cap,3,2025-05-10 02:00,17.61,17117,United Kingdom
INV100524,TH-TSHIRT,Cotton Crew T-Shirt,2,2026-01-17 23:00,12.16,17039,United Kingdom
INV100021,TH-DRESS,Summer Dress,1,2025-11-09 05:00,62.74,17002,United Kingdom
INV100238,TH-HOOD,Fleece Hoodie,3,2026-05-19 07:00,38.53,17015,United Kingdom
INV100512,TH-BELT,Leather Belt,1,2025-10-08 21:00,21.65,17038,United Kingdom
INV101128,TH-SHOE,Canvas Sneakers,1,2025-01-20 12:00,30.39,17143,United Kingdom
INV100311,TH-SHORT,Chino Shorts,1,2026-02-04 23:00,34.44,17020,United Kingdom
INV101091,TH-CAP,Logo Cap,1,2025-03-07 05:00,19.01,17129,United Kingdom
INV100989,TH-TSHIRT,Cotton Crew T-Shirt,3,2025-08-22 04:00,17.79,17119,United Kingdom
INV100205,TH-BELT,Leather Belt,3,2026-04-07 01:00,29.44,17013,United Kingdom
INV100500,TH-SOCK,Ankle Socks 3pk,2,2026-05-03 03:00,9.77,17036,United Kingdom
INV100872,TH-JACK,Denim Jacket,3,2025-08-01 23:00,73.43,17108,United Kingdom
INV100050,TH-JACK,Denim Jacket,3,2025-11-27 23:00,68.88,17003,United Kingdom
INV100980,TH-BELT,Leather Belt,2,2025-03-17 01:00,25.89,17119,United Kingdom
INV100679,TH-SOCK,Ankle Socks 3pk,1,2026-05-03 03:00,7.94,17060,United Kingdom
INV100317,TH-JEAN,Slim Fit Jeans,2,2026-05-10 05:00,50.43,17020,United Kingdom
INV100211,TH-HOOD,Fleece Hoodie,3,2025-07-13 08:00,39.85,17014,United Kingdom
INV101003,TH-SHOE,Canvas Sneakers,2,2025-05-15 21:00,46.21,17120,United Kingdom
INV101054,TH-DRESS,Summer Dress,3,2025-07-31 21:00,66.42,17125,United Kingdom
INV100560,TH-BELT,Leather Belt,2,2026-03-27 08:00,24.58,17042,United Kingdom
INV100247,TH-TSHIRT,Cotton Crew T-Shirt,4,2025-09-01 20:00,17.34,17016,United Kingdom
INV100620,TH-SCARF,Wool Scarf,1,2025-08-15 00:00,17.33,17048,United Kingdom
INV100817,TH-DRESS,Summer Dress,3,2025-09-29 02:00,59.14,17101,United Kingdom
INV101129,TH-BELT,Leather Belt,2,2024-12-17 12:00,18.46,17144,United Kingdom
INV100056,TH-SHIRT,Oxford Shirt,4,2026-03-16 20:00,35.06,17003,United Kingdom
INV101011,TH-JEAN,Slim Fit Jeans,1,2025-07-27 21:00,50.87,17121,United Kingdom
INV100280,TH-SHORT,Chino Shorts,3,2026-05-31 03:00,31.08,17018,United Kingdom
INV100764,TH-SHOE,Canvas Sneakers,1,2025-11-12 05:00,48.06,17095,United Kingdom
INV100702,TH-JEAN,Slim Fit Jeans,3,2026-03-31 21:00,39.87,17066,United Kingdom
INV100888,TH-JEAN,Slim Fit Jeans,2,2025-10-22 01:00,47.92,17110,United Kingdom
INV100346,TH-SOCK,Ankle Socks 3pk,2,2026-01-16 06:00,11.09,17022,United Kingdom
INV100298,TH-SCARF,Wool Scarf,2,2026-06-22 21:00,24.67,17019,United Kingdom
INV100813,TH-JEAN,Slim Fit Jeans,3,2025-08-02 20:00,55.04,17101,United Kingdom
INV100218,TH-JACK,Denim Jacket,4,2025-11-03 01:00,71.73,17014,United Kingdom
INV100131,TH-DRESS,Summer Dress,3,2026-01-22 08:00,54.81,17008,United Kingdom
INV100555,TH-SHORT,Chino Shorts,2,2025-10-09 22:00,25.2,17042,United Kingdom
INV100089,TH-JACK,Denim Jacket,4,2026-03-13 08:00,70.89,17005,United Kingdom
INV100952,TH-SHORT,Chino Shorts,1,2025-06-10 03:00,36.69,17116,United Kingdom
INV100294,TH-JACK,Denim Jacket,4,2026-01-01 21:00,70.76,17019,United Kingdom
INV100209,TH-SHIRT,Oxford Shirt,1,2026-07-09 12:00,38.09,17013,United Kingdom
INV100025,TH-JACK,Denim Jacket,1,2025-12-23 00:00,71.15,17002,United Kingdom
INV101158,TH-SHOE,Canvas Sneakers,373,2026-04-09 07:00,40.67,17159,United Kingdom
INV101079,TH-BELT,Leather Belt,2,2024-10-23 01:00,29.1,17128,United Kingdom
INV101094,TH-JEAN,Slim Fit Jeans,3,2025-03-12 22:00,54.67,17129,United Kingdom
INV100930,TH-SHOE,Canvas Sneakers,1,2025-11-15 05:00,41.3,17114,United Kingdom
INV100399,TH-SHORT,Chino Shorts,1,2025-11-06 00:00,26.95,17026,United Kingdom
INV100089,TH-HOOD,Fleece Hoodie,1,2026-03-13 08:00,46.09,17005,United Kingdom
INV100699,TH-SHOE,Canvas Sneakers,3,2026-04-29 20:00,40.51,17065,United Kingdom
INV100473,TH-SHORT,Chino Shorts,2,2026-04-25 03:00,30.58,17033,United Kingdom
INV100114,TH-SOCK,Ankle Socks 3pk,1,2026-07-02 12:00,10.19,17006,United Kingdom
INV100933,TH-BELT,Leather Belt,3,2026-01-30 12:00,23.63,17114,United Kingdom
INV100880,TH-DRESS,Summer Dress,3,2025-07-24 07:00,50.23,17109,United Kingdom
INV100167,TH-SCARF,Wool Scarf,3,2026-05-01 20:00,23.8,17010,United Kingdom
INV100043,TH-JEAN,Slim Fit Jeans,3,2025-06-26 21:00,48.95,17003,United Kingdom
INV100460,TH-BELT,Leather Belt,3,2026-02-04 08:00,22.63,17032,United Kingdom
INV100381,TH-BELT,Leather Belt,1,2026-07-15 12:00,22.79,17024,United Kingdom
INV100086,TH-SHORT,Chino Shorts,1,2026-02-06 22:00,33.43,17005,United Kingdom
INV100045,TH-SOCK,Ankle Socks 3pk,2,2025-07-25 03:00,11.05,17003,United Kingdom
INV100595,TH-HOOD,Fleece Hoodie,3,2026-01-02 03:00,32.9,17046,United Kingdom
INV100811,TH-BELT,Leather Belt,2,2025-07-30 00:00,26.71,17101,United Kingdom
INV100725,TH-CAP,Logo Cap,1,2026-06-29 23:00,12.22,17076,United Kingdom
INV100280,TH-TSHIRT,Cotton Crew T-Shirt,3,2026-05-31 03:00,17.73,17018,United Kingdom
INV100892,TH-HOOD,Fleece Hoodie,1,2025-12-14 20:00,43.09,17110,United Kingdom
INV101003,TH-DRESS,Summer Dress,2,2025-05-15 21:00,66.33,17120,United Kingdom
INV100595,TH-SOCK,Ankle Socks 3pk,1,2026-01-02 03:00,8.71,17046,United Kingdom
INV100411,TH-JACK,Denim Jacket,2,2025-08-24 20:00,61.62,17027,United Kingdom
INV100314,TH-DRESS,Summer Dress,1,2026-03-20 22:00,59.89,17020,United Kingdom
INV100552,TH-CAP,Logo Cap,1,2026-05-21 20:00,13.74,17041,United Kingdom
INV100661,TH-SOCK,Ankle Socks 3pk,1,2026-06-15 12:00,8.36,17056,United Kingdom
INV100923,TH-SHORT,Chino Shorts,3,2025-11-19 21:00,33.44,17113,United Kingdom
INV100163,TH-JACK,Denim Jacket,2,2025-12-19 07:00,73.08,17010,United Kingdom
INV101055,TH-CAP,Logo Cap,2,2025-09-14 12:00,16.6,17125,United Kingdom
INV100144,TH-HOOD,Fleece Hoodie,4,2026-01-25 23:00,43.3,17009,United Kingdom
INV100105,TH-SCARF,Wool Scarf,2,2026-01-06 20:00,22.41,17006,United Kingdom
INV101077,TH-CAP,Logo Cap,1,2025-03-20 12:00,17.74,17127,United Kingdom
INV100094,TH-SCARF,Wool Scarf,1,2026-06-19 04:00,21.03,17005,United Kingdom
INV100197,TH-SOCK,Ankle Socks 3pk,4,2026-07-04 12:00,9.19,17012,United Kingdom
INV100285,TH-SHOE,Canvas Sneakers,3,2025-10-03 04:00,52.81,17019,United Kingdom
INV100495,TH-BELT,Leather Belt,3,2025-11-16 20:00,20.47,17036,United Kingdom
INV100745,TH-SHIRT,Oxford Shirt,1,2026-06-12 05:00,27.64,17088,United Kingdom
INV100041,TH-SOCK,Ankle Socks 3pk,4,2026-06-29 12:00,9.25,17002,United Kingdom
INV100431,TH-SCARF,Wool Scarf,3,2026-03-12 05:00,17.68,17029,United Kingdom
INV101073,TH-JACK,Denim Jacket,2,2024-12-25 07:00,77.06,17127,United Kingdom
INV100860,TH-SCARF,Wool Scarf,2,2025-11-12 22:00,21.74,17106,United Kingdom
INV100040,TH-SOCK,Ankle Socks 3pk,1,2026-06-19 00:00,11.36,17002,United Kingdom
INV100929,TH-JEAN,Slim Fit Jeans,1,2025-09-01 20:00,49.24,17114,United Kingdom
INV100339,TH-JACK,Denim Jacket,3,2026-07-02 12:00,68.29,17021,United Kingdom
INV100377,TH-DRESS,Summer Dress,3,2026-05-26 02:00,48.25,17024,United Kingdom
INV100578,TH-HOOD,Fleece Hoodie,2,2026-03-08 01:00,32.12,17044,United Kingdom
INV100020,TH-SHIRT,Oxford Shirt,1,2025-11-06 04:00,33.05,17002,United Kingdom
INV100529,TH-SHIRT,Oxford Shirt,2,2025-12-12 03:00,28.79,17040,United Kingdom
INV100430,TH-SHIRT,Oxford Shirt,1,2026-03-08 03:00,28.87,17029,United Kingdom
INV100334,TH-HOOD,Fleece Hoodie,2,2026-03-28 22:00,41.67,17021,United Kingdom
INV101073,TH-BELT,Leather Belt,1,2024-12-25 07:00,25.48,17127,United Kingdom
INV100305,TH-HOOD,Fleece Hoodie,3,2025-10-29 05:00,42.7,17020,United Kingdom
INV100771,TH-HOOD,Fleece Hoodie,3,2025-10-19 01:00,37.82,17096,United Kingdom
INV100026,TH-SOCK,Ankle Socks 3pk,2,2025-12-25 05:00,9.86,17002,United Kingdom
INV100338,TH-BELT,Leather Belt,4,2026-06-12 06:00,24.34,17021,United Kingdom
INV100985,TH-SCARF,Wool Scarf,1,2025-06-13 04:00,25.62,17119,United Kingdom
INV100398,TH-DRESS,Summer Dress,3,2025-09-26 22:00,48.79,17026,United Kingdom
INV101092,TH-SHORT,Chino Shorts,2,2025-03-11 03:00,33.31,17129,United Kingdom
INV100289,TH-SHIRT,Oxford Shirt,1,2025-10-31 20:00,40.37,17019,United Kingdom
INV100452,TH-SHIRT,Oxford Shirt,3,2025-08-13 00:00,28.15,17032,United Kingdom
INV101081,TH-SHORT,Chino Shorts,2,2025-01-08 03:00,38.71,17128,United Kingdom
INV101097,TH-DRESS,Summer Dress,1,2025-06-06 01:00,68.57,17129,United Kingdom
INV100057,TH-JEAN,Slim Fit Jeans,2,2026-05-09 02:00,49.81,17003,United Kingdom
INV100448,TH-JEAN,Slim Fit Jeans,3,2026-05-24 07:00,44.67,17031,United Kingdom
INV100598,TH-SHORT,Chino Shorts,2,2026-02-13 01:00,26.13,17046,United Kingdom
INV100652,TH-HOOD,Fleece Hoodie,3,2025-12-27 21:00,39.52,17055,United Kingdom
INV100138,TH-BELT,Leather Belt,3,2025-10-21 08:00,24.08,17009,United Kingdom
INV100045,TH-TSHIRT,Cotton Crew T-Shirt,4,2025-07-25 03:00,17.23,17003,United Kingdom
INV100323,TH-JACK,Denim Jacket,1,2025-11-04 07:00,69.55,17021,United Kingdom
INV100607,TH-SHIRT,Oxford Shirt,1,2025-09-15 07:00,28.78,17047,United Kingdom
INV100055,TH-SHORT,Chino Shorts,4,2026-02-01 01:00,34.7,17003,United Kingdom
INV100557,TH-BELT,Leather Belt,2,2025-12-11 00:00,22.52,17042,United Kingdom
INV100591,TH-CAP,Logo Cap,1,2025-09-18 02:00,14.91,17046,United Kingdom
INV101057,TH-JEAN,Slim Fit Jeans,3,2025-04-06 03:00,54.97,17126,United Kingdom
INV100887,TH-BELT,Leather Belt,1,2025-10-12 23:00,24.39,17110,United Kingdom
INV100704,TH-BELT,Leather Belt,3,2026-05-15 05:00,20.84,17066,United Kingdom
INV100225,TH-SHOE,Canvas Sneakers,1,2026-06-25 12:00,53.92,17014,United Kingdom
INV100295,TH-DRESS,Summer Dress,3,2026-01-12 02:00,60.97,17019,United Kingdom
INV100848,TH-SHIRT,Oxford Shirt,3,2025-12-17 12:00,35.21,17104,United Kingdom
INV101029,TH-SHOE,Canvas Sneakers,3,2025-03-09 02:00,57.35,17123,United Kingdom
INV100397,TH-SOCK,Ankle Socks 3pk,2,2025-08-26 20:00,9.63,17026,United Kingdom
INV100008,TH-HOOD,Fleece Hoodie,3,2026-02-01 23:00,45.21,17001,United Kingdom
INV100171,TH-JACK,Denim Jacket,3,2025-09-25 23:00,78.75,17011,United Kingdom
INV100090,TH-CAP,Logo Cap,2,2026-03-19 23:00,18.0,17005,United Kingdom
INV101110,TH-HOOD,Fleece Hoodie,1,2025-03-22 08:00,28.32,17136,United Kingdom
INV100476,TH-SOCK,Ankle Socks 3pk,2,2026-06-06 12:00,8.57,17033,United Kingdom
INV100746,TH-DRESS,Summer Dress,1,2026-06-26 12:00,47.33,17088,United Kingdom
INV100541,TH-HOOD,Fleece Hoodie,1,2026-07-01 12:00,38.74,17040,United Kingdom
INV100202,TH-SHOE,Canvas Sneakers,2,2026-01-10 03:00,49.64,17013,United Kingdom
INV100125,TH-HOOD,Fleece Hoodie,1,2025-07-18 05:00,44.87,17008,United Kingdom
INV100444,TH-CAP,Logo Cap,2,2025-11-20 05:00,14.56,17031,United Kingdom
INV100756,TH-DRESS,Summer Dress,2,2026-06-24 22:00,45.19,17094,United Kingdom
INV100393,TH-TSHIRT,Cotton Crew T-Shirt,3,2026-05-28 04:00,11.8,17025,United Kingdom
INV101035,TH-SHORT,Chino Shorts,1,2024-06-30 03:00,33.94,17124,United Kingdom
INV100621,TH-CAP,Logo Cap,1,2025-09-04 06:00,15.92,17048,United Kingdom
INV100460,TH-JACK,Denim Jacket,3,2026-02-04 08:00,59.24,17032,United Kingdom
INV100679,TH-SHIRT,Oxford Shirt,3,2026-05-03 03:00,32.95,17060,United Kingdom
INV100583,TH-SHIRT,Oxford Shirt,1,2026-01-11 01:00,27.91,17045,United Kingdom
INV100871,TH-HOOD,Fleece Hoodie,2,2025-02-28 05:00,42.12,17108,United Kingdom
INV100130,TH-SOCK,Ankle Socks 3pk,1,2026-01-18 20:00,9.5,17008,United Kingdom
INV100925,TH-CAP,Logo Cap,3,2025-12-05 22:00,15.68,17113,United Kingdom
INV101074,TH-JACK,Denim Jacket,2,2025-02-02 02:00,83.06,17127,United Kingdom
INV100295,TH-SCARF,Wool Scarf,4,2026-01-12 02:00,21.12,17019,United Kingdom
INV100544,TH-SHIRT,Oxford Shirt,3,2026-02-03 04:00,31.98,17041,United Kingdom
INV100345,TH-SHIRT,Oxford Shirt,3,2025-12-24 03:00,36.8,17022,United Kingdom
INV100061,TH-SHORT,Chino Shorts,4,2025-06-25 21:00,33.11,17004,United Kingdom
INV100539,TH-SHOE,Canvas Sneakers,3,2026-05-01 22:00,42.79,17040,United Kingdom
INV100503,TH-TSHIRT,Cotton Crew T-Shirt,3,2025-12-06 04:00,14.93,17037,United Kingdom
INV100978,TH-JACK,Denim Jacket,3,2025-02-03 06:00,68.04,17118,United Kingdom
INV101093,TH-HOOD,Fleece Hoodie,3,2025-03-12 05:00,46.23,17129,United Kingdom
INV100646,TH-BELT,Leather Belt,1,2026-05-29 22:00,22.19,17053,United Kingdom
INV100012,TH-TSHIRT,Cotton Crew T-Shirt,1,2026-04-17 05:00,16.79,17001,United Kingdom
INV100590,TH-SHORT,Chino Shorts,3,2026-07-11 12:00,27.98,17045,United Kingdom
INV101000,TH-SOCK,Ankle Socks 3pk,1,2025-04-11 01:00,9.74,17120,United Kingdom
INV100476,TH-JEAN,Slim Fit Jeans,1,2026-06-06 12:00,45.71,17033,United Kingdom
INV101165,TH-TSHIRT,Cotton Crew T-Shirt,1,2024-12-01 12:00,8.59,17164,United Kingdom
INV100820,TH-DRESS,Summer Dress,2,2025-12-03 12:00,61.98,17101,United Kingdom
INV100146,TH-CAP,Logo Cap,2,2026-02-08 02:00,17.05,17009,United Kingdom
INV100366,TH-DRESS,Summer Dress,2,2026-04-04 22:00,51.67,17023,United Kingdom
INV100181,TH-JACK,Denim Jacket,1,2026-05-21 23:00,70.92,17011,United Kingdom
INV100014,TH-DRESS,Summer Dress,4,2026-05-08 00:00,56.07,17001,United Kingdom
INV100507,TH-SHIRT,Oxford Shirt,3,2026-04-11 22:00,34.23,17037,United Kingdom
INV100957,TH-JACK,Denim Jacket,1,2025-04-15 20:00,85.71,17117,United Kingdom
INV100114,TH-CAP,Logo Cap,2,2026-07-02 12:00,16.74,17006,United Kingdom
INV101063,TH-DRESS,Summer Dress,2,2025-09-25 20:00,63.28,17126,United Kingdom
INV101000,TH-BELT,Leather Belt,3,2025-04-11 01:00,26.15,17120,United Kingdom
INV100412,TH-SHORT,Chino Shorts,3,2025-10-14 20:00,24.9,17027,United Kingdom
INV100093,TH-BELT,Leather Belt,2,2026-05-03 20:00,29.09,17005,United Kingdom
INV100607,TH-HOOD,Fleece Hoodie,2,2025-09-15 07:00,33.89,17047,United Kingdom
INV100119,TH-HOOD,Fleece Hoodie,4,2025-11-30 07:00,37.64,17007,United Kingdom
INV100711,TH-TSHIRT,Cotton Crew T-Shirt,2,2026-06-20 12:00,12.96,17067,United Kingdom
INV100995,TH-SOCK,Ankle Socks 3pk,3,2024-12-10 07:00,10.75,17120,United Kingdom
INV100499,TH-HOOD,Fleece Hoodie,2,2026-04-15 21:00,37.75,17036,United Kingdom
INV100185,TH-SHOE,Canvas Sneakers,3,2025-12-02 20:00,46.41,17012,United Kingdom
INV100203,TH-SHORT,Chino Shorts,3,2026-03-11 05:00,34.17,17013,United Kingdom
INV100538,TH-CAP,Logo Cap,1,2026-04-28 23:00,14.49,17040,United Kingdom
INV100298,TH-JEAN,Slim Fit Jeans,1,2026-06-22 21:00,52.63,17019,United Kingdom
INV100039,TH-SCARF,Wool Scarf,2,2026-06-18 21:00,20.88,17002,United Kingdom
INV100634,TH-SHIRT,Oxford Shirt,1,2026-04-18 08:00,30.3,17050,United Kingdom
INV100985,TH-JACK,Denim Jacket,2,2025-06-13 04:00,78.13,17119,United Kingdom
INV100479,TH-SCARF,Wool Scarf,3,2026-01-30 21:00,21.76,17034,United Kingdom
INV100355,TH-BELT,Leather Belt,4,2026-06-24 00:00,29.36,17022,United Kingdom
INV100326,TH-JEAN,Slim Fit Jeans,2,2025-12-06 04:00,52.3,17021,United Kingdom
INV100171,TH-CAP,Logo Cap,3,2025-09-25 23:00,16.22,17011,United Kingdom
INV100545,TH-JEAN,Slim Fit Jeans,2,2026-02-20 21:00,42.09,17041,United Kingdom
INV100203,TH-TSHIRT,Cotton Crew T-Shirt,4,2026-03-11 05:00,16.16,17013,United Kingdom
INV100954,TH-SHIRT,Oxford Shirt,2,2025-07-24 21:00,38.76,17116,United Kingdom
INV100476,TH-CAP,Logo Cap,2,2026-06-06 12:00,13.14,17033,United Kingdom
INV100401,TH-SHORT,Chino Shorts,2,2025-12-09 21:00,26.56,17026,United Kingdom
INV100104,TH-HOOD,Fleece Hoodie,2,2026-01-03 23:00,37.67,17006,United Kingdom
INV100557,TH-TSHIRT,Cotton Crew T-Shirt,1,2025-12-11 00:00,12.54,17042,United Kingdom
INV100344,TH-JACK,Denim Jacket,3,2025-12-14 02:00,67.6,17022,United Kingdom
INV100242,TH-JEAN,Slim Fit Jeans,1,2026-07-02 06:00,50.79,17015,United Kingdom
INV100049,TH-SOCK,Ankle Socks 3pk,3,2025-10-25 02:00,10.08,17003,United Kingdom
INV100213,TH-HOOD,Fleece Hoodie,1,2025-08-12 22:00,38.33,17014,United Kingdom
INV100675,TH-DRESS,Summer Dress,1,2026-07-08 12:00,54.77,17059,United Kingdom
INV100156,TH-JACK,Denim Jacket,1,2026-06-27 12:00,69.48,17009,United Kingdom
INV100265,TH-CAP,Logo Cap,3,2026-01-28 06:00,18.18,17017,United Kingdom
INV100943,TH-SHOE,Canvas Sneakers,3,2025-07-12 12:00,55.83,17115,United Kingdom
INV100087,TH-TSHIRT,Cotton Crew T-Shirt,1,2026-02-19 01:00,17.92,17005,United Kingdom
INV100499,TH-CAP,Logo Cap,2,2026-04-15 21:00,13.17,17036,United Kingdom
INV101086,TH-SOCK,Ankle Socks 3pk,2,2025-06-27 12:00,10.42,17128,United Kingdom
INV100864,TH-SHOE,Canvas Sneakers,3,2026-02-10 12:00,42.57,17106,United Kingdom
INV100881,TH-JACK,Denim Jacket,1,2025-07-24 20:00,70.58,17109,United Kingdom
INV100002,TH-BELT,Leather Belt,3,2025-12-15 21:00,27.57,17001,United Kingdom
INV100678,TH-DRESS,Summer Dress,1,2026-04-17 08:00,45.96,17060,United Kingdom
INV100402,TH-JEAN,Slim Fit Jeans,1,2025-12-23 08:00,44.89,17026,United Kingdom
INV100441,TH-CAP,Logo Cap,2,2026-07-05 12:00,15.47,17030,United Kingdom
INV100452,TH-HOOD,Fleece Hoodie,2,2025-08-13 00:00,35.41,17032,United Kingdom
INV100271,TH-SHOE,Canvas Sneakers,3,2026-01-11 01:00,53.52,17018,United Kingdom
INV100201,TH-SHIRT,Oxford Shirt,4,2025-11-29 01:00,38.78,17013,United Kingdom
INV100879,TH-JEAN,Slim Fit Jeans,3,2025-06-12 02:00,45.97,17109,United Kingdom
INV100256,TH-TSHIRT,Cotton Crew T-Shirt,2,2026-06-30 12:00,14.69,17016,United Kingdom
INV100030,TH-SCARF,Wool Scarf,4,2026-02-02 21:00,20.52,17002,United Kingdom
INV100843,TH-JACK,Denim Jacket,3,2025-11-07 03:00,62.62,17104,United Kingdom
INV101072,TH-BELT,Leather Belt,2,2024-11-04 04:00,27.05,17127,United Kingdom
INV100977,TH-BELT,Leather Belt,3,2024-12-31 05:00,28.51,17118,United Kingdom
INV100650,TH-SCARF,Wool Scarf,3,2026-04-14 23:00,20.95,17054,United Kingdom
INV100412,TH-SHIRT,Oxford Shirt,2,2025-10-14 20:00,32.57,17027,United Kingdom
INV100080,TH-SCARF,Wool Scarf,2,2025-11-30 06:00,25.55,17005,United Kingdom
INV100753,TH-JACK,Denim Jacket,2,2026-07-12 12:00,57.96,17092,United Kingdom
INV100491,TH-HOOD,Fleece Hoodie,3,2026-01-26 00:00,36.55,17035,United Kingdom
INV100861,TH-HOOD,Fleece Hoodie,3,2025-11-17 23:00,35.2,17106,United Kingdom
INV100543,TH-BELT,Leather Belt,2,2026-01-15 03:00,23.41,17041,United Kingdom
INV101060,TH-JEAN,Slim Fit Jeans,3,2025-07-27 20:00,52.67,17126,United Kingdom
INV100984,TH-JEAN,Slim Fit Jeans,2,2025-06-03 23:00,51.18,17119,United Kingdom
INV100324,TH-BELT,Leather Belt,2,2025-11-06 00:00,26.25,17021,United Kingdom
INV100382,TH-SHORT,Chino Shorts,1,2025-12-11 08:00,28.96,17025,United Kingdom
INV100501,TH-SOCK,Ankle Socks 3pk,1,2026-06-12 12:00,8.95,17036,United Kingdom
INV100151,TH-SHIRT,Oxford Shirt,4,2026-04-10 21:00,38.24,17009,United Kingdom
INV101117,TH-DRESS,Summer Dress,2,2025-03-01 12:00,38.54,17138,United Kingdom
INV100365,TH-SHOE,Canvas Sneakers,3,2026-03-28 22:00,43.42,17023,United Kingdom
INV100146,TH-DRESS,Summer Dress,4,2026-02-08 02:00,60.64,17009,United Kingdom
INV100480,TH-DRESS,Summer Dress,3,2026-02-01 06:00,52.23,17034,United Kingdom
INV100107,TH-DRESS,Summer Dress,1,2026-01-26 02:00,62.42,17006,United Kingdom
INV101166,TH-SCARF,Wool Scarf,1,2024-11-06 12:00,11.6,17165,United Kingdom
INV100279,TH-SCARF,Wool Scarf,3,2026-05-20 04:00,25.92,17018,United Kingdom
INV101027,TH-CAP,Logo Cap,1,2025-01-30 04:00,16.28,17123,United Kingdom
INV100603,TH-DRESS,Summer Dress,3,2026-06-19 02:00,46.99,17046,United Kingdom
INV100466,TH-SHOE,Canvas Sneakers,3,2025-12-09 07:00,40.6,17033,United Kingdom
INV100975,TH-DRESS,Summer Dress,1,2024-12-20 22:00,58.35,17118,United Kingdom
INV100619,TH-BELT,Leather Belt,1,2025-07-21 02:00,19.91,17048,United Kingdom
INV100243,TH-CAP,Logo Cap,3,2026-07-04 20:00,18.96,17015,United Kingdom
INV101017,TH-BELT,Leather Belt,3,2025-02-17 06:00,29.32,17122,United Kingdom
INV100491,TH-SOCK,Ankle Socks 3pk,3,2026-01-26 00:00,9.6,17035,United Kingdom
INV101001,TH-DRESS,Summer Dress,1,2025-04-28 01:00,57.38,17120,United Kingdom
INV100780,TH-SHOE,Canvas Sneakers,1,2025-06-03 04:00,45.16,17097,United Kingdom
INV100616,TH-TSHIRT,Cotton Crew T-Shirt,3,2026-03-21 01:00,13.77,17047,United Kingdom
INV100112,TH-CAP,Logo Cap,1,2026-06-02 03:00,18.11,17006,United Kingdom
INV100410,TH-DRESS,Summer Dress,2,2025-06-21 00:00,52.22,17027,United Kingdom
INV100180,TH-SCARF,Wool Scarf,4,2026-03-26 21:00,25.8,17011,United Kingdom
INV100626,TH-HOOD,Fleece Hoodie,3,2026-06-07 12:00,31.56,17048,United Kingdom
INV100005,TH-DRESS,Summer Dress,4,2026-01-13 07:00,55.02,17001,United Kingdom
INV100462,TH-TSHIRT,Cotton Crew T-Shirt,2,2026-04-07 23:00,14.62,17032,United Kingdom
INV100791,TH-DRESS,Summer Dress,3,2025-07-03 02:00,53.48,17099,United Kingdom
INV100997,TH-SOCK,Ankle Socks 3pk,1,2024-12-22 02:00,10.86,17120,United Kingdom
INV100174,TH-TSHIRT,Cotton Crew T-Shirt,2,2025-11-18 07:00,16.0,17011,United Kingdom
INV100281,TH-JACK,Denim Jacket,2,2026-06-03 20:00,81.85,17018,United Kingdom
INV101051,TH-SHOE,Canvas Sneakers,3,2025-04-28 08:00,45.51,17125,United Kingdom
INV100101,TH-BELT,Leather Belt,3,2025-11-21 08:00,29.46,17006,United Kingdom
INV100559,TH-BELT,Leather Belt,3,2026-03-26 22:00,21.79,17042,United Kingdom
INV100232,TH-SOCK,Ankle Socks 3pk,1,2026-03-26 01:00,10.55,17015,United Kingdom
INV100272,TH-DRESS,Summer Dress,2,2026-02-23 22:00,63.52,17018,United Kingdom
INV100209,TH-SHIRT,Oxford Shirt,3,2026-07-09 12:00,37.63,17013,United Kingdom
INV100090,TH-HOOD,Fleece Hoodie,1,2026-03-19 23:00,41.73,17005,United Kingdom
INV100351,TH-TSHIRT,Cotton Crew T-Shirt,2,2026-04-10 05:00,15.67,17022,United Kingdom
INV100343,TH-JACK,Denim Jacket,2,2025-10-30 00:00,78.02,17022,United Kingdom
INV100194,TH-HOOD,Fleece Hoodie,1,2026-02-21 21:00,45.86,17012,United Kingdom
INV100229,TH-JEAN,Slim Fit Jeans,3,2026-01-16 20:00,48.75,17015,United Kingdom
INV100168,TH-SHOE,Canvas Sneakers,1,2026-05-22 23:00,49.87,17010,United Kingdom
INV100960,TH-SHOE,Canvas Sneakers,3,2025-05-17 07:00,52.74,17117,United Kingdom
INV100001,TH-BELT,Leather Belt,3,2025-12-15 04:00,29.09,17001,United Kingdom
INV100599,TH-SHOE,Canvas Sneakers,3,2026-02-15 08:00,41.14,17046,United Kingdom
INV100187,TH-CAP,Logo Cap,4,2025-12-12 21:00,16.53,17012,United Kingdom
INV100494,TH-TSHIRT,Cotton Crew T-Shirt,1,2026-06-14 12:00,11.73,17035,United Kingdom
INV100596,TH-TSHIRT,Cotton Crew T-Shirt,2,2026-01-13 01:00,14.93,17046,United Kingdom
INV100411,TH-JEAN,Slim Fit Jeans,1,2025-08-24 20:00,45.11,17027,United Kingdom
INV100160,TH-SCARF,Wool Scarf,1,2025-11-09 20:00,22.76,17010,United Kingdom
INV101112,TH-JACK,Denim Jacket,2,2025-05-15 12:00,52.61,17136,United Kingdom
INV100353,TH-SHORT,Chino Shorts,3,2026-06-01 21:00,32.54,17022,United Kingdom
INV100101,TH-DRESS,Summer Dress,3,2025-11-21 08:00,55.14,17006,United Kingdom
INV100061,TH-SHORT,Chino Shorts,1,2025-06-25 21:00,33.45,17004,United Kingdom
INV100391,TH-DRESS,Summer Dress,1,2026-05-18 01:00,50.64,17025,United Kingdom
INV100967,TH-JACK,Denim Jacket,3,2025-09-11 02:00,79.57,17117,United Kingdom
INV100147,TH-SCARF,Wool Scarf,2,2026-02-21 04:00,24.44,17009,United Kingdom
INV100157,TH-SHORT,Chino Shorts,3,2025-09-11 06:00,30.34,17010,United Kingdom
INV101087,TH-DRESS,Summer Dress,2,2025-01-10 07:00,57.28,17129,United Kingdom
INV100810,TH-SOCK,Ankle Socks 3pk,1,2025-07-22 08:00,10.35,17101,United Kingdom
INV100227,TH-SCARF,Wool Scarf,2,2025-11-12 22:00,23.15,17015,United Kingdom
INV100726,TH-HOOD,Fleece Hoodie,2,2026-07-09 12:00,32.36,17076,United Kingdom
INV101015,TH-BELT,Leather Belt,1,2024-10-02 00:00,27.73,17122,United Kingdom
INV100861,TH-BELT,Leather Belt,1,2025-11-17 23:00,22.25,17106,United Kingdom
INV100343,TH-JEAN,Slim Fit Jeans,4,2025-10-30 00:00,51.66,17022,United Kingdom
INV100188,TH-SCARF,Wool Scarf,4,2025-12-27 02:00,26.02,17012,United Kingdom
INV100698,TH-TSHIRT,Cotton Crew T-Shirt,1,2026-04-02 21:00,13.47,17065,United Kingdom
INV100186,TH-SOCK,Ankle Socks 3pk,3,2025-12-03 05:00,10.41,17012,United Kingdom
INV100032,TH-SHORT,Chino Shorts,2,2026-03-05 01:00,31.28,17002,United Kingdom
INV100855,TH-CAP,Logo Cap,3,2026-02-22 22:00,14.52,17105,United Kingdom
INV100502,TH-HOOD,Fleece Hoodie,3,2025-12-05 20:00,33.0,17037,United Kingdom
INV100826,TH-JACK,Denim Jacket,3,2025-10-27 22:00,61.75,17102,United Kingdom
INV100308,TH-SOCK,Ankle Socks 3pk,1,2025-11-28 00:00,10.16,17020,United Kingdom
INV101134,TH-TSHIRT,Cotton Crew T-Shirt,1,2024-09-26 23:00,10.68,17147,United Kingdom
INV100545,TH-CAP,Logo Cap,2,2026-02-20 21:00,15.29,17041,United Kingdom
INV100535,TH-HOOD,Fleece Hoodie,2,2026-03-30 00:00,34.2,17040,United Kingdom
INV100121,TH-CAP,Logo Cap,4,2025-12-23 22:00,18.86,17007,United Kingdom
INV100688,TH-JACK,Denim Jacket,3,2026-03-18 20:00,68.82,17063,United Kingdom
INV101105,TH-SCARF,Wool Scarf,1,2025-05-28 12:00,16.72,17132,United Kingdom
INV100269,TH-SHORT,Chino Shorts,4,2026-01-02 01:00,34.52,17018,United Kingdom
