InvoiceNo,StockCode,Description,Quantity,InvoiceDate,UnitPrice,CustomerID,Country
INV701667,TH-HOOD,Pullover Hoodie,1,2025-05-07 09:00,68.32,10309,United Kingdom
INV701667,TH-JEAN,Slim Fit Jeans,3,2025-05-07 09:00,81.53,10309,United Kingdom
INV701162,TH-SCARF,Merino Scarf,2,2025-05-08 12:00,37.68,10209,United Kingdom
INV701456,TH-SHIRT,Oxford Shirt,3,2025-05-10 08:00,56.33,10270,United Kingdom
INV701456,TH-COAT,Wool Overcoat,2,2025-05-10 08:00,180.7,10270,United Kingdom
INV701665,TH-BOOT,Chelsea Boots,2,2025-05-10 14:00,152.2,10309,United Kingdom
INV701459,TH-HAT,Wool Beanie,1,2025-05-11 19:00,22.99,10270,United Kingdom
INV701459,TH-HAT,Wool Beanie,1,2025-05-11 19:00,21.36,10270,United Kingdom
INV701664,TH-CHINO,Stretch Chinos,3,2025-05-13 14:00,68.81,10309,United Kingdom
INV701668,TH-SHORT,Chino Shorts,3,2025-05-13 18:00,40.46,10309,United Kingdom
INV701663,TH-CHINO,Stretch Chinos,1,2025-05-14 15:00,65.52,10309,United Kingdom
INV700182,TH-SHOE,Leather Sneakers,2,2025-05-15 12:00,130.36,10029,United Kingdom
INV701670,TH-SHOE,Leather Sneakers,3,2025-05-15 14:00,119.58,10309,United Kingdom
INV700981,TH-HOOD,Pullover Hoodie,3,2025-05-18 19:00,64.07,10176,United Kingdom
INV700986,TH-SCARF,Merino Scarf,3,2025-05-18 20:00,41.73,10176,United Kingdom
INV700986,TH-SOCK,Sock 3-Pack,1,2025-05-18 20:00,15.25,10176,United Kingdom
INV700986,TH-SHIRT,Oxford Shirt,2,2025-05-18 20:00,52.73,10176,United Kingdom
INV701661,TH-SOCK,Sock 3-Pack,1,2025-05-19 19:00,15.37,10309,United Kingdom
INV701661,TH-SHOE,Leather Sneakers,3,2025-05-19 19:00,130.16,10309,United Kingdom
INV701223,TH-JEAN,Slim Fit Jeans,3,2025-05-20 08:00,80.59,10219,United Kingdom
INV700365,TH-SHOE,Leather Sneakers,3,2025-05-22 11:00,129.21,10065,United Kingdom
INV700365,TH-BAG,Canvas Tote Bag,2,2025-05-22 11:00,44.4,10065,United Kingdom
INV700365,TH-SOCK,Sock 3-Pack,3,2025-05-22 11:00,14.41,10065,United Kingdom
INV701656,TH-CHINO,Stretch Chinos,1,2025-05-24 17:00,58.63,10308,United Kingdom
INV701656,TH-SHOE,Leather Sneakers,1,2025-05-24 17:00,139.19,10308,United Kingdom
INV701656,TH-BAG,Canvas Tote Bag,2,2025-05-24 17:00,44.93,10308,United Kingdom
INV700952,TH-SHORT,Chino Shorts,2,2025-05-25 10:00,41.11,10171,United Kingdom
INV700952,TH-JACK,Denim Jacket,1,2025-05-25 10:00,103.8,10171,United Kingdom
INV701005,TH-SOCK,Sock 3-Pack,1,2025-05-25 20:00,15.81,10182,United Kingdom
INV701005,TH-BAG,Canvas Tote Bag,1,2025-05-25 20:00,43.37,10182,United Kingdom
INV701669,TH-CHINO,Stretch Chinos,2,2025-05-26 10:00,71.28,10309,United Kingdom
INV700946,TH-BELT,Leather Belt,1,2025-05-26 11:00,37.84,10171,United Kingdom
INV700946,TH-SHORT,Chino Shorts,3,2025-05-26 11:00,40.5,10171,United Kingdom
INV700455,TH-SHOE,Leather Sneakers,2,2025-05-27 08:00,122.41,10080,United Kingdom
INV701519,TH-HAT,Wool Beanie,3,2025-05-27 10:00,22.04,10281,United Kingdom
INV701516,TH-JEAN,Slim Fit Jeans,2,2025-05-27 19:00,76.04,10281,United Kingdom
INV701516,TH-BOOT,Chelsea Boots,1,2025-05-27 19:00,160.98,10281,United Kingdom
INV701008,TH-TSHIRT,Cotton Tee,3,2025-05-29 09:00,24.03,10182,United Kingdom
INV700190,TH-HOOD,Pullover Hoodie,3,2025-05-30 12:00,65.77,10031,United Kingdom
INV700190,TH-BAG,Canvas Tote Bag,1,2025-05-30 12:00,45.16,10031,United Kingdom
INV700190,TH-JACK,Denim Jacket,1,2025-05-30 12:00,96.79,10031,United Kingdom
INV701342,TH-SHORT,Chino Shorts,3,2025-05-30 14:00,39.53,10241,United Kingdom
INV701520,TH-BAG,Canvas Tote Bag,3,2025-05-30 19:00,42.71,10281,United Kingdom
INV701520,TH-JEAN,Slim Fit Jeans,3,2025-05-30 19:00,82.18,10281,United Kingdom
INV700192,TH-COAT,Wool Overcoat,3,2025-05-31 16:00,185.04,10031,United Kingdom
INV700192,TH-TSHIRT,Cotton Tee,3,2025-05-31 16:00,22.42,10031,United Kingdom
INV700193,TH-BOOT,Chelsea Boots,1,2025-06-01 12:00,146.36,10031,United Kingdom
INV701659,TH-BOOT,Chelsea Boots,3,2025-06-01 13:00,154.72,10309,United Kingdom
INV701659,TH-SHOE,Leather Sneakers,2,2025-06-01 13:00,125.76,10309,United Kingdom
INV701659,TH-JACK,Denim Jacket,1,2025-06-01 13:00,105.82,10309,United Kingdom
INV700194,TH-HAT,Wool Beanie,2,2025-06-01 19:00,20.37,10031,United Kingdom
INV700456,TH-JACK,Denim Jacket,3,2025-06-02 08:00,89.76,10081,United States
INV700456,TH-CHINO,Stretch Chinos,3,2025-06-02 08:00,64.85,10081,United States
INV700456,TH-JACK,Denim Jacket,3,2025-06-02 08:00,103.45,10081,United States
INV700951,TH-HOOD,Pullover Hoodie,3,2025-06-02 13:00,64.91,10171,United Kingdom
INV700951,TH-CHINO,Stretch Chinos,3,2025-06-02 13:00,61.91,10171,United Kingdom
INV701518,TH-JACK,Denim Jacket,3,2025-06-02 17:00,107.28,10281,United Kingdom
INV701657,TH-JEAN,Slim Fit Jeans,1,2025-06-04 12:00,83.16,10308,United Kingdom
INV701657,TH-COAT,Wool Overcoat,2,2025-06-04 12:00,177.97,10308,United Kingdom
INV701657,TH-SOCK,Sock 3-Pack,3,2025-06-04 12:00,16.5,10308,United Kingdom
INV701059,TH-COAT,Wool Overcoat,3,2025-06-04 19:00,181.53,10192,United Kingdom
INV701059,TH-SCARF,Merino Scarf,1,2025-06-04 19:00,40.42,10192,United Kingdom
INV701059,TH-SOCK,Sock 3-Pack,3,2025-06-04 19:00,14.34,10192,United Kingdom
INV700520,TH-JACK,Denim Jacket,1,2025-06-05 12:00,92.89,10092,United Kingdom
INV700520,TH-SHIRT,Oxford Shirt,3,2025-06-05 12:00,56.02,10092,United Kingdom
INV700948,TH-SHIRT,Oxford Shirt,1,2025-06-05 15:00,53.39,10171,United Kingdom
INV700948,TH-SHOE,Leather Sneakers,1,2025-06-05 15:00,114.78,10171,United Kingdom
INV701515,TH-SHOE,Leather Sneakers,1,2025-06-06 09:00,128.1,10281,United Kingdom
INV701515,TH-SHOE,Leather Sneakers,3,2025-06-06 09:00,128.4,10281,United Kingdom
INV700594,TH-BELT,Leather Belt,3,2025-06-07 08:00,37.23,10107,United Kingdom
INV700594,TH-HAT,Wool Beanie,1,2025-06-07 08:00,20.59,10107,United Kingdom
INV700594,TH-SCARF,Merino Scarf,3,2025-06-07 08:00,41.01,10107,United Kingdom
INV701006,TH-CHINO,Stretch Chinos,1,2025-06-07 12:00,64.69,10182,United Kingdom
INV701006,TH-SHOE,Leather Sneakers,3,2025-06-07 12:00,124.25,10182,United Kingdom
INV701006,TH-SHOE,Leather Sneakers,3,2025-06-07 12:00,129.57,10182,United Kingdom
INV700459,TH-HAT,Wool Beanie,2,2025-06-07 14:00,21.51,10081,United States
INV700191,TH-SOCK,Sock 3-Pack,3,2025-06-08 15:00,14.84,10031,United Kingdom
INV700191,TH-JACK,Denim Jacket,3,2025-06-08 15:00,94.32,10031,United Kingdom
INV700191,TH-CHINO,Stretch Chinos,1,2025-06-08 15:00,64.28,10031,United Kingdom
INV701517,TH-BOOT,Chelsea Boots,1,2025-06-09 19:00,156.95,10281,United Kingdom
INV700034,TH-JEAN,Slim Fit Jeans,1,2025-06-10 08:00,82.01,10005,United Kingdom
INV700034,TH-COAT,Wool Overcoat,1,2025-06-10 08:00,177.5,10005,United Kingdom
INV700034,TH-TSHIRT,Cotton Tee,1,2025-06-10 08:00,26.55,10005,United Kingdom
INV701660,TH-SHORT,Chino Shorts,2,2025-06-10 09:00,41.41,10309,United Kingdom
INV701660,TH-BELT,Leather Belt,3,2025-06-10 09:00,36.58,10309,United Kingdom
INV700982,TH-SHIRT,Oxford Shirt,1,2025-06-10 15:00,53.37,10176,United Kingdom
INV700982,TH-SHIRT,Oxford Shirt,1,2025-06-10 15:00,53.92,10176,United Kingdom
INV701167,TH-SCARF,Merino Scarf,2,2025-06-10 17:00,38.9,10210,United Kingdom
INV701167,TH-JACK,Denim Jacket,1,2025-06-10 17:00,92.98,10210,United Kingdom
INV700185,TH-SHORT,Chino Shorts,1,2025-06-11 09:00,42.05,10029,United Kingdom
INV700185,TH-SHOE,Leather Sneakers,2,2025-06-11 09:00,123.25,10029,United Kingdom
INV700185,TH-JACK,Denim Jacket,2,2025-06-11 09:00,86.25,10029,United Kingdom
INV701467,TH-SCARF,Merino Scarf,2,2025-06-11 18:00,38.03,10272,United Kingdom
INV701467,TH-BAG,Canvas Tote Bag,2,2025-06-11 18:00,42.22,10272,United Kingdom
INV701458,TH-BELT,Leather Belt,3,2025-06-12 14:00,33.11,10270,United Kingdom
INV700945,TH-JEAN,Slim Fit Jeans,3,2025-06-12 14:00,82.95,10171,United Kingdom
INV701666,TH-BAG,Canvas Tote Bag,2,2025-06-12 15:00,47.84,10309,United Kingdom
INV701666,TH-SHOE,Leather Sneakers,3,2025-06-12 15:00,121.62,10309,United Kingdom
INV701666,TH-HOOD,Pullover Hoodie,1,2025-06-12 15:00,66.95,10309,United Kingdom
INV701658,TH-SCARF,Merino Scarf,2,2025-06-13 08:00,37.22,10309,United Kingdom
INV701658,TH-HAT,Wool Beanie,1,2025-06-13 08:00,21.78,10309,United Kingdom
INV701658,TH-JACK,Denim Jacket,3,2025-06-13 08:00,94.03,10309,United Kingdom
INV701063,TH-SHORT,Chino Shorts,1,2025-06-13 10:00,39.18,10192,United Kingdom
INV701063,TH-BOOT,Chelsea Boots,1,2025-06-13 10:00,145.51,10192,United Kingdom
INV701063,TH-SOCK,Sock 3-Pack,2,2025-06-13 10:00,15.51,10192,United Kingdom
INV701067,TH-SHOE,Leather Sneakers,1,2025-06-13 12:00,125.47,10192,United Kingdom
INV701067,TH-CHINO,Stretch Chinos,2,2025-06-13 12:00,64.9,10192,United Kingdom
INV701181,TH-JACK,Denim Jacket,1,2025-06-13 19:00,101.37,10212,United Kingdom
INV700932,TH-BELT,Leather Belt,2,2025-06-15 16:00,34.91,10168,United Kingdom
INV701662,TH-CHINO,Stretch Chinos,2,2025-06-17 08:00,60.38,10309,United Kingdom
INV701662,TH-CHINO,Stretch Chinos,2,2025-06-17 08:00,66.46,10309,United Kingdom
INV700587,TH-SCARF,Merino Scarf,3,2025-06-19 15:00,38.87,10107,United Kingdom
INV700587,TH-JEAN,Slim Fit Jeans,3,2025-06-19 15:00,79.11,10107,United Kingdom
INV700931,TH-SCARF,Merino Scarf,3,2025-06-19 18:00,39.18,10168,United Kingdom
INV700931,TH-COAT,Wool Overcoat,1,2025-06-19 18:00,185.62,10168,United Kingdom
INV700931,TH-COAT,Wool Overcoat,2,2025-06-19 18:00,211.74,10168,United Kingdom
INV700181,TH-SHIRT,Oxford Shirt,1,2025-06-21 08:00,56.38,10029,United Kingdom
INV700957,TH-BELT,Leather Belt,1,2025-06-22 08:00,33.98,10173,United Kingdom
INV700957,TH-SCARF,Merino Scarf,1,2025-06-22 08:00,37.73,10173,United Kingdom
INV700957,TH-BELT,Leather Belt,1,2025-06-22 08:00,33.15,10173,United Kingdom
INV701705,TH-SHOE,Leather Sneakers,2,2025-06-22 08:00,126.47,10316,United Kingdom
INV701009,TH-BELT,Leather Belt,2,2025-06-22 18:00,32.56,10182,United Kingdom
INV701009,TH-BELT,Leather Belt,2,2025-06-22 18:00,35.96,10182,United Kingdom
INV701009,TH-SOCK,Sock 3-Pack,2,2025-06-22 18:00,15.3,10182,United Kingdom
INV700615,TH-TSHIRT,Cotton Tee,2,2025-06-22 19:00,24.09,10112,United Kingdom
INV700615,TH-SHOE,Leather Sneakers,3,2025-06-22 19:00,135.48,10112,United Kingdom
INV700615,TH-HAT,Wool Beanie,1,2025-06-22 19:00,22.54,10112,United Kingdom
INV700984,TH-BELT,Leather Belt,2,2025-06-23 20:00,34.86,10176,United Kingdom
INV700984,TH-SOCK,Sock 3-Pack,2,2025-06-23 20:00,15.15,10176,United Kingdom
INV701003,TH-BAG,Canvas Tote Bag,3,2025-06-24 11:00,47.53,10182,United Kingdom
INV701702,TH-JACK,Denim Jacket,3,2025-06-27 11:00,109.1,10316,United Kingdom
INV701229,TH-BAG,Canvas Tote Bag,3,2025-06-27 20:00,44.4,10219,United Kingdom
INV701004,TH-JEAN,Slim Fit Jeans,2,2025-06-28 09:00,78.29,10182,United Kingdom
INV700831,TH-CHINO,Stretch Chinos,1,2025-06-28 12:00,71.31,10151,United Kingdom
INV700831,TH-SCARF,Merino Scarf,3,2025-06-28 12:00,37.74,10151,United Kingdom
INV701256,TH-SHORT,Chino Shorts,1,2025-06-29 10:00,42.55,10223,United Kingdom
INV701256,TH-SHOE,Leather Sneakers,1,2025-06-29 10:00,125.9,10223,United Kingdom
INV701256,TH-SHORT,Chino Shorts,2,2025-06-29 10:00,41.33,10223,United Kingdom
INV700457,TH-CHINO,Stretch Chinos,3,2025-06-29 12:00,70.47,10081,United States
INV700802,TH-BELT,Leather Belt,3,2025-06-29 18:00,36.6,10143,United Kingdom
INV700802,TH-SHORT,Chino Shorts,3,2025-06-29 18:00,42.48,10143,United Kingdom
INV700435,TH-SCARF,Merino Scarf,1,2025-06-29 18:00,38.64,10077,United Kingdom
INV700435,TH-BOOT,Chelsea Boots,2,2025-06-29 18:00,167.74,10077,United Kingdom
INV700802,TH-JEAN,Slim Fit Jeans,1,2025-06-29 18:00,74.05,10143,United Kingdom
INV701469,TH-CHINO,Stretch Chinos,1,2025-06-30 14:00,55.17,10272,United Kingdom
INV701469,TH-SHIRT,Oxford Shirt,1,2025-06-30 14:00,54.79,10272,United Kingdom
INV701469,TH-BOOT,Chelsea Boots,1,2025-06-30 14:00,144.15,10272,United Kingdom
INV700836,TH-SCARF,Merino Scarf,1,2025-06-30 15:00,37.51,10151,United Kingdom
INV700836,TH-SCARF,Merino Scarf,2,2025-06-30 15:00,39.71,10151,United Kingdom
INV700836,TH-TSHIRT,Cotton Tee,1,2025-06-30 15:00,22.33,10151,United Kingdom
INV700458,TH-JEAN,Slim Fit Jeans,3,2025-06-30 18:00,79.05,10081,United States
INV700458,TH-JACK,Denim Jacket,2,2025-06-30 18:00,99.46,10081,United States
INV700469,TH-BELT,Leather Belt,2,2025-06-30 19:00,34.2,10084,United Kingdom
INV700469,TH-HAT,Wool Beanie,1,2025-06-30 19:00,22.22,10084,United Kingdom
INV701235,TH-JEAN,Slim Fit Jeans,2,2025-07-01 08:00,84.51,10220,United Kingdom
INV700612,TH-HOOD,Pullover Hoodie,3,2025-07-01 20:00,68.68,10112,United Kingdom
INV700612,TH-TSHIRT,Cotton Tee,1,2025-07-01 20:00,24.77,10112,United Kingdom
INV700612,TH-TSHIRT,Cotton Tee,3,2025-07-01 20:00,24.99,10112,United Kingdom
INV701678,TH-CHINO,Stretch Chinos,3,2025-07-02 10:00,59.57,10312,United Kingdom
INV701678,TH-BELT,Leather Belt,3,2025-07-02 10:00,34.09,10312,United Kingdom
INV700979,TH-BOOT,Chelsea Boots,2,2025-07-02 17:00,166.89,10176,United Kingdom
INV700979,TH-SCARF,Merino Scarf,2,2025-07-02 17:00,41.01,10176,United Kingdom
INV700597,TH-SOCK,Sock 3-Pack,1,2025-07-02 18:00,16.26,10107,United Kingdom
INV700597,TH-CHINO,Stretch Chinos,3,2025-07-02 18:00,62.28,10107,United Kingdom
INV700597,TH-SCARF,Merino Scarf,2,2025-07-02 18:00,37.51,10107,United Kingdom
INV701474,TH-JEAN,Slim Fit Jeans,2,2025-07-04 10:00,76.43,10273,United Kingdom
INV701474,TH-HAT,Wool Beanie,3,2025-07-04 10:00,23.6,10273,United Kingdom
INV700943,TH-SHOE,Leather Sneakers,3,2025-07-04 12:00,121.09,10171,United Kingdom
INV700944,TH-HOOD,Pullover Hoodie,3,2025-07-05 09:00,68.12,10171,United Kingdom
INV701412,TH-SHORT,Chino Shorts,2,2025-07-05 09:00,40.76,10261,United Kingdom
INV700944,TH-JEAN,Slim Fit Jeans,2,2025-07-05 09:00,74.78,10171,United Kingdom
INV701412,TH-SHOE,Leather Sneakers,1,2025-07-05 09:00,118.76,10261,United Kingdom
INV701065,TH-JACK,Denim Jacket,1,2025-07-05 11:00,98.59,10192,United Kingdom
INV701065,TH-JACK,Denim Jacket,2,2025-07-05 11:00,92.38,10192,United Kingdom
INV701065,TH-COAT,Wool Overcoat,1,2025-07-05 11:00,188.66,10192,United Kingdom
INV701239,TH-TSHIRT,Cotton Tee,1,2025-07-05 14:00,22.59,10220,United Kingdom
INV700437,TH-SHORT,Chino Shorts,1,2025-07-06 08:00,38.46,10077,United Kingdom
INV701619,TH-JACK,Denim Jacket,2,2025-07-06 17:00,99.62,10300,United Kingdom
INV701619,TH-TSHIRT,Cotton Tee,1,2025-07-06 17:00,24.44,10300,United Kingdom
INV701619,TH-SOCK,Sock 3-Pack,1,2025-07-06 17:00,14.59,10300,United Kingdom
INV701449,TH-JEAN,Slim Fit Jeans,1,2025-07-06 19:00,80.27,10269,United Kingdom
INV701449,TH-SHOE,Leather Sneakers,3,2025-07-06 19:00,120.99,10269,United Kingdom
INV701449,TH-SHOE,Leather Sneakers,2,2025-07-06 19:00,125.28,10269,United Kingdom
INV700253,TH-BOOT,Chelsea Boots,1,2025-07-07 08:00,168.17,10045,United Kingdom
INV700253,TH-HAT,Wool Beanie,3,2025-07-07 08:00,21.51,10045,United Kingdom
INV700052,TH-HOOD,Pullover Hoodie,2,2025-07-08 11:00,65.52,10009,United Kingdom
INV700052,TH-HAT,Wool Beanie,3,2025-07-08 11:00,21.98,10009,United Kingdom
INV700051,TH-CHINO,Stretch Chinos,2,2025-07-09 08:00,64.07,10009,United Kingdom
INV700051,TH-JACK,Denim Jacket,2,2025-07-09 08:00,103.33,10009,United Kingdom
INV701255,TH-SOCK,Sock 3-Pack,1,2025-07-09 09:00,15.53,10223,United Kingdom
INV701255,TH-SOCK,Sock 3-Pack,2,2025-07-09 09:00,14.95,10223,United Kingdom
INV701601,TH-BAG,Canvas Tote Bag,2,2025-07-09 12:00,45.1,10295,United Kingdom
INV701601,TH-BAG,Canvas Tote Bag,1,2025-07-09 12:00,49.15,10295,United Kingdom
INV701339,TH-BOOT,Chelsea Boots,3,2025-07-09 15:00,148.92,10241,United Kingdom
INV700833,TH-BAG,Canvas Tote Bag,3,2025-07-09 16:00,42.13,10151,United Kingdom
INV700833,TH-SHIRT,Oxford Shirt,1,2025-07-09 16:00,57.81,10151,United Kingdom
INV700833,TH-SOCK,Sock 3-Pack,3,2025-07-09 16:00,14.87,10151,United Kingdom
INV701451,TH-SHORT,Chino Shorts,2,2025-07-09 20:00,45.02,10269,United Kingdom
INV701451,TH-HOOD,Pullover Hoodie,3,2025-07-09 20:00,71.29,10269,United Kingdom
INV701296,TH-JEAN,Slim Fit Jeans,3,2025-07-10 09:00,79.15,10234,United Kingdom
INV701296,TH-HAT,Wool Beanie,3,2025-07-10 09:00,22.42,10234,United Kingdom
INV701296,TH-HAT,Wool Beanie,1,2025-07-10 09:00,20.66,10234,United Kingdom
INV701007,TH-BELT,Leather Belt,2,2025-07-10 16:00,36.27,10182,United Kingdom
INV701007,TH-BOOT,Chelsea Boots,1,2025-07-10 16:00,168.75,10182,United Kingdom
INV700255,TH-BAG,Canvas Tote Bag,2,2025-07-10 18:00,43.32,10045,United Kingdom
INV700255,TH-SHORT,Chino Shorts,2,2025-07-10 18:00,43.47,10045,United Kingdom
INV700613,TH-BOOT,Chelsea Boots,1,2025-07-10 18:00,170.32,10112,United Kingdom
INV701179,TH-JEAN,Slim Fit Jeans,1,2025-07-11 15:00,78.17,10212,United Kingdom
INV700452,TH-SHORT,Chino Shorts,3,2025-07-12 18:00,45.62,10080,United Kingdom
INV700452,TH-SHIRT,Oxford Shirt,1,2025-07-12 18:00,56.48,10080,United Kingdom
INV700321,TH-JEAN,Slim Fit Jeans,3,2025-07-12 19:00,77.53,10057,United Kingdom
INV700321,TH-BAG,Canvas Tote Bag,3,2025-07-12 19:00,45.49,10057,United Kingdom
INV701605,TH-COAT,Wool Overcoat,2,2025-07-13 09:00,184.74,10295,United Kingdom
INV701605,TH-HAT,Wool Beanie,1,2025-07-13 09:00,22.55,10295,United Kingdom
INV701605,TH-SCARF,Merino Scarf,1,2025-07-13 09:00,38.38,10295,United Kingdom
INV701602,TH-COAT,Wool Overcoat,1,2025-07-13 15:00,204.44,10295,United Kingdom
INV701602,TH-CHINO,Stretch Chinos,3,2025-07-13 15:00,61.47,10295,United Kingdom
INV701602,TH-SHOE,Leather Sneakers,2,2025-07-13 15:00,113.5,10295,United Kingdom
INV701046,TH-COAT,Wool Overcoat,2,2025-07-14 10:00,172.04,10188,United Kingdom
INV701046,TH-SOCK,Sock 3-Pack,3,2025-07-14 10:00,16.06,10188,United Kingdom
INV701176,TH-SCARF,Merino Scarf,1,2025-07-14 13:00,37.34,10211,United Kingdom
INV700295,TH-TSHIRT,Cotton Tee,2,2025-07-14 16:00,25.9,10054,United Kingdom
INV700295,TH-SOCK,Sock 3-Pack,1,2025-07-14 16:00,15.56,10054,United Kingdom
INV700956,TH-HAT,Wool Beanie,2,2025-07-14 18:00,22.17,10173,United Kingdom
INV700956,TH-SHORT,Chino Shorts,3,2025-07-14 18:00,41.45,10173,United Kingdom
INV700956,TH-JACK,Denim Jacket,1,2025-07-14 18:00,98.72,10173,United Kingdom
INV700950,TH-SCARF,Merino Scarf,3,2025-07-15 10:00,39.97,10171,United Kingdom
INV700950,TH-SHORT,Chino Shorts,2,2025-07-15 10:00,40.57,10171,United Kingdom
INV700950,TH-SHIRT,Oxford Shirt,3,2025-07-15 10:00,54.86,10171,United Kingdom
INV701061,TH-SHOE,Leather Sneakers,3,2025-07-15 13:00,122.77,10192,United Kingdom
INV700300,TH-TSHIRT,Cotton Tee,3,2025-07-16 09:00,24.07,10054,United Kingdom
INV701413,TH-HOOD,Pullover Hoodie,1,2025-07-16 09:00,67.7,10261,United Kingdom
INV700300,TH-BELT,Leather Belt,2,2025-07-16 09:00,34.51,10054,United Kingdom
INV701413,TH-HOOD,Pullover Hoodie,3,2025-07-16 09:00,63.4,10261,United Kingdom
INV700436,TH-BAG,Canvas Tote Bag,1,2025-07-17 11:00,42.53,10077,United Kingdom
INV700364,TH-JACK,Denim Jacket,3,2025-07-17 11:00,103.07,10065,United Kingdom
INV700364,TH-CHINO,Stretch Chinos,1,2025-07-17 11:00,59.69,10065,United Kingdom
INV700364,TH-SHORT,Chino Shorts,2,2025-07-17 11:00,38.7,10065,United Kingdom
INV700032,TH-SOCK,Sock 3-Pack,3,2025-07-17 12:00,14.15,10005,United Kingdom
INV700032,TH-BOOT,Chelsea Boots,2,2025-07-17 12:00,153.21,10005,United Kingdom
INV700617,TH-BAG,Canvas Tote Bag,1,2025-07-17 13:00,38.96,10112,United Kingdom
INV700362,TH-HOOD,Pullover Hoodie,2,2025-07-17 13:00,68.23,10065,United Kingdom
INV700617,TH-SCARF,Merino Scarf,3,2025-07-17 13:00,38.19,10112,United Kingdom
INV701082,TH-SCARF,Merino Scarf,2,2025-07-17 17:00,34.85,10196,United Kingdom
INV701082,TH-TSHIRT,Cotton Tee,3,2025-07-17 17:00,24.34,10196,United Kingdom
INV701082,TH-JACK,Denim Jacket,2,2025-07-17 17:00,97.16,10196,United Kingdom
INV700616,TH-SCARF,Merino Scarf,2,2025-07-18 15:00,38.85,10112,United Kingdom
INV700588,TH-COAT,Wool Overcoat,2,2025-07-19 13:00,205.8,10107,United Kingdom
INV700942,TH-HAT,Wool Beanie,1,2025-07-19 18:00,22.04,10171,United Kingdom
INV700942,TH-JACK,Denim Jacket,2,2025-07-19 18:00,100.33,10171,United Kingdom
INV700297,TH-TSHIRT,Cotton Tee,1,2025-07-21 11:00,21.36,10054,United Kingdom
INV700297,TH-COAT,Wool Overcoat,2,2025-07-21 11:00,215.65,10054,United Kingdom
INV701170,TH-HAT,Wool Beanie,3,2025-07-21 15:00,22.24,10211,United Kingdom
INV701170,TH-SHORT,Chino Shorts,3,2025-07-21 15:00,42.63,10211,United Kingdom
INV701170,TH-SHIRT,Oxford Shirt,3,2025-07-21 15:00,51.1,10211,United Kingdom
INV700450,TH-BOOT,Chelsea Boots,3,2025-07-21 16:00,159.39,10080,United Kingdom
INV700795,TH-BAG,Canvas Tote Bag,2,2025-07-22 13:00,49.35,10143,United Kingdom
INV701414,TH-HAT,Wool Beanie,3,2025-07-22 19:00,23.03,10261,United Kingdom
INV701414,TH-HAT,Wool Beanie,2,2025-07-22 19:00,23.01,10261,United Kingdom
INV700780,TH-HAT,Wool Beanie,2,2025-07-23 18:00,23.03,10141,United Kingdom
INV700780,TH-BELT,Leather Belt,1,2025-07-23 18:00,34.43,10141,United Kingdom
INV700792,TH-COAT,Wool Overcoat,1,2025-07-23 19:00,180.05,10143,United Kingdom
INV700792,TH-SCARF,Merino Scarf,3,2025-07-23 19:00,39.88,10143,United Kingdom
INV700792,TH-SOCK,Sock 3-Pack,2,2025-07-23 19:00,14.66,10143,United Kingdom
INV701178,TH-TSHIRT,Cotton Tee,1,2025-07-24 15:00,24.44,10211,United Kingdom
INV701178,TH-CHINO,Stretch Chinos,3,2025-07-24 15:00,65.58,10211,United Kingdom
INV701178,TH-SHOE,Leather Sneakers,2,2025-07-24 15:00,123.71,10211,United Kingdom
INV701086,TH-SCARF,Merino Scarf,2,2025-07-24 16:00,36.54,10196,United Kingdom
INV701086,TH-HAT,Wool Beanie,3,2025-07-24 16:00,23.1,10196,United Kingdom
INV701086,TH-HOOD,Pullover Hoodie,1,2025-07-24 16:00,75.99,10196,United Kingdom
INV700614,TH-TSHIRT,Cotton Tee,2,2025-07-24 18:00,24.69,10112,United Kingdom
INV700614,TH-TSHIRT,Cotton Tee,1,2025-07-24 18:00,25.05,10112,United Kingdom
INV700614,TH-HOOD,Pullover Hoodie,2,2025-07-24 18:00,76.13,10112,United Kingdom
INV701070,TH-JEAN,Slim Fit Jeans,2,2025-07-25 12:00,80.58,10192,United Kingdom
INV701070,TH-JACK,Denim Jacket,1,2025-07-25 12:00,90.1,10192,United Kingdom
INV701070,TH-HAT,Wool Beanie,1,2025-07-25 12:00,23.15,10192,United Kingdom
INV701252,TH-HAT,Wool Beanie,1,2025-07-25 13:00,23.0,10223,United Kingdom
INV701252,TH-SHOE,Leather Sneakers,1,2025-07-25 13:00,132.41,10223,United Kingdom
INV700947,TH-BOOT,Chelsea Boots,2,2025-07-25 14:00,174.82,10171,United Kingdom
INV701324,TH-COAT,Wool Overcoat,1,2025-07-25 15:00,191.3,10239,France
INV701062,TH-BAG,Canvas Tote Bag,2,2025-07-25 15:00,48.32,10192,United Kingdom
INV701062,TH-HOOD,Pullover Hoodie,3,2025-07-25 15:00,70.04,10192,United Kingdom
INV701062,TH-SHOE,Leather Sneakers,3,2025-07-25 15:00,120.1,10192,United Kingdom
INV701324,TH-SHOE,Leather Sneakers,3,2025-07-25 15:00,129.64,10239,France
INV701324,TH-COAT,Wool Overcoat,2,2025-07-25 15:00,196.24,10239,France
INV700293,TH-JACK,Denim Jacket,3,2025-07-26 09:00,101.07,10054,United Kingdom
INV700293,TH-COAT,Wool Overcoat,2,2025-07-26 09:00,181.08,10054,United Kingdom
INV701419,TH-BOOT,Chelsea Boots,3,2025-07-26 12:00,165.24,10262,United Kingdom
INV701419,TH-SCARF,Merino Scarf,2,2025-07-26 12:00,39.65,10262,United Kingdom
INV700837,TH-SHIRT,Oxford Shirt,3,2025-07-26 14:00,56.2,10151,United Kingdom
INV700296,TH-HOOD,Pullover Hoodie,1,2025-07-26 15:00,70.71,10054,United Kingdom
INV700296,TH-SHORT,Chino Shorts,1,2025-07-26 15:00,41.19,10054,United Kingdom
INV700467,TH-HAT,Wool Beanie,1,2025-07-27 08:00,22.21,10084,United Kingdom
INV700467,TH-COAT,Wool Overcoat,1,2025-07-27 08:00,195.82,10084,United Kingdom
INV700467,TH-HAT,Wool Beanie,2,2025-07-27 08:00,20.03,10084,United Kingdom
INV701242,TH-HOOD,Pullover Hoodie,1,2025-07-27 16:00,66.85,10220,United Kingdom
INV701600,TH-BAG,Canvas Tote Bag,2,2025-07-27 19:00,42.61,10295,United Kingdom
INV701600,TH-HOOD,Pullover Hoodie,2,2025-07-27 19:00,67.04,10295,United Kingdom
INV701450,TH-SHORT,Chino Shorts,2,2025-07-28 11:00,41.31,10269,United Kingdom
INV701457,TH-BELT,Leather Belt,2,2025-07-28 18:00,35.7,10270,United Kingdom
INV701457,TH-CHINO,Stretch Chinos,3,2025-07-28 18:00,61.73,10270,United Kingdom
INV701457,TH-SCARF,Merino Scarf,3,2025-07-28 18:00,37.49,10270,United Kingdom
INV700186,TH-JACK,Denim Jacket,2,2025-07-29 11:00,96.93,10029,United Kingdom
INV700186,TH-BOOT,Chelsea Boots,2,2025-07-29 11:00,150.97,10029,United Kingdom
INV700514,TH-SOCK,Sock 3-Pack,3,2025-07-30 19:00,15.31,10091,United Kingdom
INV701603,TH-SHOE,Leather Sneakers,1,2025-07-31 12:00,122.74,10295,United Kingdom
INV701603,TH-SHIRT,Oxford Shirt,2,2025-07-31 12:00,56.38,10295,United Kingdom
INV700257,TH-CHINO,Stretch Chinos,3,2025-07-31 13:00,63.43,10045,United Kingdom
INV700257,TH-SHIRT,Oxford Shirt,1,2025-07-31 13:00,55.54,10045,United Kingdom
INV700257,TH-SHIRT,Oxford Shirt,1,2025-07-31 13:00,56.04,10045,United Kingdom
INV700949,TH-JACK,Denim Jacket,2,2025-07-31 14:00,90.91,10171,United Kingdom
INV700031,TH-BAG,Canvas Tote Bag,1,2025-07-31 15:00,43.74,10005,United Kingdom
INV700031,TH-HAT,Wool Beanie,2,2025-07-31 15:00,20.31,10005,United Kingdom
INV701166,TH-HAT,Wool Beanie,3,2025-07-31 17:00,24.13,10210,United Kingdom
INV701166,TH-SHORT,Chino Shorts,3,2025-07-31 17:00,40.29,10210,United Kingdom
INV701069,TH-TSHIRT,Cotton Tee,1,2025-07-31 18:00,23.36,10192,United Kingdom
INV701254,TH-BELT,Leather Belt,2,2025-08-01 08:00,36.68,10223,United Kingdom
INV701254,TH-BELT,Leather Belt,3,2025-08-01 08:00,35.32,10223,United Kingdom
INV701254,TH-JEAN,Slim Fit Jeans,1,2025-08-01 08:00,72.93,10223,United Kingdom
INV700050,TH-SHIRT,Oxford Shirt,2,2025-08-01 11:00,54.61,10009,United Kingdom
INV700050,TH-JEAN,Slim Fit Jeans,1,2025-08-01 11:00,75.69,10009,United Kingdom
INV701343,TH-SHIRT,Oxford Shirt,2,2025-08-01 14:00,55.81,10242,United Kingdom
INV701343,TH-SOCK,Sock 3-Pack,2,2025-08-01 14:00,14.51,10242,United Kingdom
INV701343,TH-SHOE,Leather Sneakers,2,2025-08-01 14:00,118.62,10242,United Kingdom
INV701243,TH-CHINO,Stretch Chinos,2,2025-08-02 14:00,68.93,10220,United Kingdom
INV701243,TH-HOOD,Pullover Hoodie,2,2025-08-02 14:00,70.81,10220,United Kingdom
INV701243,TH-SCARF,Merino Scarf,1,2025-08-02 14:00,35.99,10220,United Kingdom
INV701175,TH-CHINO,Stretch Chinos,1,2025-08-02 17:00,62.93,10211,United Kingdom
INV700183,TH-CHINO,Stretch Chinos,2,2025-08-04 14:00,65.61,10029,United Kingdom
INV700183,TH-COAT,Wool Overcoat,3,2025-08-04 14:00,179.47,10029,United Kingdom
INV700183,TH-SOCK,Sock 3-Pack,3,2025-08-04 14:00,14.98,10029,United Kingdom
INV700256,TH-HAT,Wool Beanie,2,2025-08-04 14:00,23.35,10045,United Kingdom
INV700256,TH-SOCK,Sock 3-Pack,2,2025-08-04 14:00,15.78,10045,United Kingdom
INV700663,TH-SHOE,Leather Sneakers,2,2025-08-04 15:00,125.98,10120,United Kingdom
INV700663,TH-COAT,Wool Overcoat,3,2025-08-04 15:00,203.24,10120,United Kingdom
INV700663,TH-BAG,Canvas Tote Bag,2,2025-08-04 15:00,42.76,10120,United Kingdom
INV701448,TH-CHINO,Stretch Chinos,1,2025-08-04 20:00,62.97,10269,United Kingdom
INV701606,TH-BOOT,Chelsea Boots,2,2025-08-05 09:00,160.2,10295,United Kingdom
INV701606,TH-JEAN,Slim Fit Jeans,2,2025-08-05 09:00,76.26,10295,United Kingdom
INV701606,TH-COAT,Wool Overcoat,3,2025-08-05 09:00,196.33,10295,United Kingdom
INV700056,TH-BOOT,Chelsea Boots,1,2025-08-05 10:00,156.84,10010,United Kingdom
INV700056,TH-SCARF,Merino Scarf,2,2025-08-05 10:00,38.32,10010,United Kingdom
INV700056,TH-JACK,Denim Jacket,1,2025-08-05 10:00,96.66,10010,United Kingdom
INV701453,TH-CHINO,Stretch Chinos,3,2025-08-05 18:00,67.39,10269,United Kingdom
INV701651,TH-JEAN,Slim Fit Jeans,3,2025-08-06 08:00,79.34,10307,United Kingdom
INV700829,TH-BAG,Canvas Tote Bag,2,2025-08-06 15:00,46.65,10151,United Kingdom
INV701048,TH-SHIRT,Oxford Shirt,2,2025-08-06 15:00,55.57,10188,United Kingdom
INV700830,TH-HAT,Wool Beanie,3,2025-08-06 19:00,22.68,10151,United Kingdom
INV700830,TH-BOOT,Chelsea Boots,1,2025-08-06 19:00,166.87,10151,United Kingdom
INV700830,TH-CHINO,Stretch Chinos,1,2025-08-06 19:00,61.64,10151,United Kingdom
INV701472,TH-JACK,Denim Jacket,2,2025-08-06 19:00,92.01,10272,United Kingdom
INV701472,TH-SHIRT,Oxford Shirt,1,2025-08-06 19:00,55.33,10272,United Kingdom
INV700026,TH-CHINO,Stretch Chinos,2,2025-08-07 16:00,66.41,10003,United Kingdom
INV700026,TH-TSHIRT,Cotton Tee,1,2025-08-07 16:00,24.91,10003,United Kingdom
INV701084,TH-SHORT,Chino Shorts,1,2025-08-07 17:00,44.17,10196,United Kingdom
INV701084,TH-JACK,Denim Jacket,1,2025-08-07 17:00,99.16,10196,United Kingdom
INV701084,TH-JACK,Denim Jacket,1,2025-08-07 17:00,98.63,10196,United Kingdom
INV701247,TH-HAT,Wool Beanie,3,2025-08-07 20:00,21.79,10222,United Kingdom
INV701599,TH-SHOE,Leather Sneakers,3,2025-08-07 20:00,128.95,10295,United Kingdom
INV701599,TH-BELT,Leather Belt,1,2025-08-07 20:00,38.5,10295,United Kingdom
INV701247,TH-CHINO,Stretch Chinos,1,2025-08-07 20:00,58.42,10222,United Kingdom
INV701247,TH-SCARF,Merino Scarf,3,2025-08-07 20:00,37.78,10222,United Kingdom
INV701599,TH-BAG,Canvas Tote Bag,3,2025-08-07 20:00,44.19,10295,United Kingdom
INV701415,TH-TSHIRT,Cotton Tee,2,2025-08-08 10:00,22.85,10261,United Kingdom
INV701604,TH-TSHIRT,Cotton Tee,2,2025-08-08 13:00,23.33,10295,United Kingdom
INV701604,TH-TSHIRT,Cotton Tee,2,2025-08-08 13:00,25.45,10295,United Kingdom
INV701604,TH-SHOE,Leather Sneakers,2,2025-08-08 13:00,131.23,10295,United Kingdom
INV700184,TH-SHIRT,Oxford Shirt,1,2025-08-09 09:00,58.64,10029,United Kingdom
INV701452,TH-SHOE,Leather Sneakers,1,2025-08-09 11:00,128.95,10269,United Kingdom
INV701171,TH-BAG,Canvas Tote Bag,2,2025-08-09 11:00,46.17,10211,United Kingdom
INV701171,TH-JACK,Denim Jacket,2,2025-08-09 11:00,98.24,10211,United Kingdom
INV701171,TH-BELT,Leather Belt,2,2025-08-09 11:00,33.39,10211,United Kingdom
INV700817,TH-COAT,Wool Overcoat,3,2025-08-09 16:00,170.69,10146,United Kingdom
INV700817,TH-SHIRT,Oxford Shirt,3,2025-08-09 16:00,57.83,10146,United Kingdom
INV700817,TH-HOOD,Pullover Hoodie,1,2025-08-09 16:00,66.25,10146,United Kingdom
INV701249,TH-CHINO,Stretch Chinos,1,2025-08-09 19:00,64.71,10223,United Kingdom
INV701249,TH-SHIRT,Oxford Shirt,3,2025-08-09 19:00,57.89,10223,United Kingdom
INV701249,TH-CHINO,Stretch Chinos,3,2025-08-09 19:00,59.41,10223,United Kingdom
INV701418,TH-BOOT,Chelsea Boots,1,2025-08-10 16:00,153.47,10262,United Kingdom
INV701418,TH-SHOE,Leather Sneakers,2,2025-08-10 16:00,128.92,10262,United Kingdom
INV700055,TH-HAT,Wool Beanie,1,2025-08-11 13:00,22.52,10010,United Kingdom
INV700662,TH-SHOE,Leather Sneakers,3,2025-08-11 13:00,134.61,10120,United Kingdom
INV700662,TH-CHINO,Stretch Chinos,2,2025-08-11 13:00,66.03,10120,United Kingdom
INV700662,TH-JEAN,Slim Fit Jeans,1,2025-08-11 13:00,81.61,10120,United Kingdom
INV700055,TH-JEAN,Slim Fit Jeans,3,2025-08-11 13:00,76.88,10010,United Kingdom
INV700055,TH-HOOD,Pullover Hoodie,3,2025-08-11 13:00,66.32,10010,United Kingdom
INV700464,TH-SCARF,Merino Scarf,1,2025-08-11 16:00,36.32,10083,United Kingdom
INV700464,TH-TSHIRT,Cotton Tee,1,2025-08-11 16:00,24.92,10083,United Kingdom
INV701411,TH-SHOE,Leather Sneakers,2,2025-08-12 10:00,131.95,10261,United Kingdom
INV701411,TH-TSHIRT,Cotton Tee,2,2025-08-12 10:00,25.41,10261,United Kingdom
INV701390,TH-BAG,Canvas Tote Bag,3,2025-08-12 12:00,41.35,10254,United Kingdom
INV701390,TH-BAG,Canvas Tote Bag,1,2025-08-12 12:00,51.14,10254,United Kingdom
INV700033,TH-SHOE,Leather Sneakers,1,2025-08-12 15:00,139.47,10005,United Kingdom
INV701241,TH-SHIRT,Oxford Shirt,1,2025-08-12 18:00,58.93,10220,United Kingdom
INV700302,TH-BELT,Leather Belt,1,2025-08-12 20:00,37.01,10054,United Kingdom
INV700302,TH-JEAN,Slim Fit Jeans,3,2025-08-12 20:00,76.34,10054,United Kingdom
INV700302,TH-JEAN,Slim Fit Jeans,1,2025-08-12 20:00,79.86,10054,United Kingdom
INV700509,TH-BAG,Canvas Tote Bag,2,2025-08-13 09:00,45.85,10091,United Kingdom
INV700509,TH-SOCK,Sock 3-Pack,2,2025-08-13 09:00,14.07,10091,United Kingdom
INV700509,TH-SHOE,Leather Sneakers,3,2025-08-13 09:00,136.88,10091,United Kingdom
INV701447,TH-JACK,Denim Jacket,3,2025-08-13 16:00,81.31,10269,United Kingdom
INV701447,TH-TSHIRT,Cotton Tee,1,2025-08-13 16:00,23.69,10269,United Kingdom
INV701085,TH-SHIRT,Oxford Shirt,1,2025-08-14 11:00,51.29,10196,United Kingdom
INV701085,TH-SCARF,Merino Scarf,1,2025-08-14 11:00,35.41,10196,United Kingdom
INV701476,TH-TSHIRT,Cotton Tee,1,2025-08-14 11:00,26.19,10273,United Kingdom
INV701476,TH-SOCK,Sock 3-Pack,1,2025-08-14 11:00,15.11,10273,United Kingdom
INV700298,TH-CHINO,Stretch Chinos,2,2025-08-14 11:00,65.09,10054,United Kingdom
INV701087,TH-HOOD,Pullover Hoodie,2,2025-08-14 12:00,70.63,10196,United Kingdom
INV700355,TH-HOOD,Pullover Hoodie,1,2025-08-14 12:00,70.96,10064,United Kingdom
INV701087,TH-BELT,Leather Belt,3,2025-08-14 12:00,34.11,10196,United Kingdom
INV700778,TH-SHOE,Leather Sneakers,3,2025-08-14 16:00,135.4,10141,United Kingdom
INV700778,TH-COAT,Wool Overcoat,3,2025-08-14 16:00,193.64,10141,United Kingdom
INV700053,TH-SHOE,Leather Sneakers,3,2025-08-14 19:00,122.94,10010,United Kingdom
INV700053,TH-SCARF,Merino Scarf,2,2025-08-14 19:00,38.08,10010,United Kingdom
INV700357,TH-JACK,Denim Jacket,2,2025-08-14 20:00,99.68,10064,United Kingdom
INV700252,TH-SCARF,Merino Scarf,3,2025-08-15 08:00,38.18,10045,United Kingdom
INV700252,TH-SHIRT,Oxford Shirt,2,2025-08-15 08:00,53.68,10045,United Kingdom
INV700252,TH-SHIRT,Oxford Shirt,3,2025-08-15 08:00,52.35,10045,United Kingdom
INV701721,TH-SOCK,Sock 3-Pack,1,2025-08-15 10:00,14.66,10320,United Kingdom
INV700170,TH-SOCK,Sock 3-Pack,3,2025-08-15 16:00,15.28,10027,United Kingdom
INV700170,TH-SHOE,Leather Sneakers,2,2025-08-15 16:00,121.67,10027,United Kingdom
INV700819,TH-HOOD,Pullover Hoodie,3,2025-08-16 09:00,65.05,10146,United Kingdom
INV700702,TH-TSHIRT,Cotton Tee,2,2025-08-16 14:00,23.21,10126,United Kingdom
INV700702,TH-SCARF,Merino Scarf,3,2025-08-16 14:00,37.33,10126,United Kingdom
INV701674,TH-JACK,Denim Jacket,2,2025-08-16 16:00,101.02,10311,France
INV701674,TH-SHORT,Chino Shorts,2,2025-08-16 16:00,41.88,10311,France
INV701674,TH-HAT,Wool Beanie,1,2025-08-16 16:00,22.1,10311,France
INV700254,TH-BELT,Leather Belt,3,2025-08-16 17:00,38.62,10045,United Kingdom
INV700958,TH-BELT,Leather Belt,3,2025-08-16 17:00,36.37,10173,United Kingdom
INV700254,TH-HAT,Wool Beanie,1,2025-08-16 17:00,20.4,10045,United Kingdom
INV700254,TH-BAG,Canvas Tote Bag,2,2025-08-16 17:00,44.44,10045,United Kingdom
INV700664,TH-SOCK,Sock 3-Pack,3,2025-08-16 20:00,16.36,10120,United Kingdom
INV700664,TH-SHIRT,Oxford Shirt,1,2025-08-16 20:00,56.55,10120,United Kingdom
INV701163,TH-HOOD,Pullover Hoodie,1,2025-08-17 10:00,71.52,10209,United Kingdom
INV701163,TH-JEAN,Slim Fit Jeans,2,2025-08-17 10:00,79.58,10209,United Kingdom
INV701163,TH-BOOT,Chelsea Boots,2,2025-08-17 10:00,158.15,10209,United Kingdom
INV701240,TH-SHORT,Chino Shorts,2,2025-08-17 13:00,44.37,10220,United Kingdom
INV701240,TH-CHINO,Stretch Chinos,2,2025-08-17 13:00,60.41,10220,United Kingdom
INV701060,TH-CHINO,Stretch Chinos,1,2025-08-17 14:00,63.66,10192,United Kingdom
INV701060,TH-SOCK,Sock 3-Pack,2,2025-08-17 14:00,16.06,10192,United Kingdom
INV701060,TH-SHIRT,Oxford Shirt,1,2025-08-17 14:00,58.37,10192,United Kingdom
INV701068,TH-TSHIRT,Cotton Tee,2,2025-08-17 17:00,25.41,10192,United Kingdom
INV701068,TH-JEAN,Slim Fit Jeans,3,2025-08-17 17:00,76.66,10192,United Kingdom
INV701068,TH-BELT,Leather Belt,3,2025-08-17 17:00,31.07,10192,United Kingdom
INV700592,TH-SOCK,Sock 3-Pack,3,2025-08-17 19:00,14.97,10107,United Kingdom
INV700158,TH-HOOD,Pullover Hoodie,1,2025-08-18 17:00,67.46,10026,United Kingdom
INV700158,TH-SCARF,Merino Scarf,1,2025-08-18 17:00,33.95,10026,United Kingdom
INV701672,TH-HOOD,Pullover Hoodie,2,2025-08-18 19:00,63.74,10311,France
INV700503,TH-BOOT,Chelsea Boots,3,2025-08-18 19:00,156.43,10089,United Kingdom
INV701672,TH-SHORT,Chino Shorts,2,2025-08-18 19:00,39.62,10311,France
INV700503,TH-SHIRT,Oxford Shirt,2,2025-08-18 19:00,51.61,10089,United Kingdom
INV701672,TH-SCARF,Merino Scarf,3,2025-08-18 19:00,34.77,10311,France
INV701066,TH-BELT,Leather Belt,2,2025-08-19 09:00,35.53,10192,United Kingdom
INV701066,TH-HAT,Wool Beanie,3,2025-08-19 09:00,22.42,10192,United Kingdom
INV701066,TH-CHINO,Stretch Chinos,2,2025-08-19 09:00,58.96,10192,United Kingdom
INV700832,TH-JACK,Denim Jacket,1,2025-08-19 16:00,107.48,10151,United Kingdom
INV700832,TH-HOOD,Pullover Hoodie,2,2025-08-19 16:00,68.93,10151,United Kingdom
INV700832,TH-COAT,Wool Overcoat,2,2025-08-19 16:00,190.02,10151,United Kingdom
INV700820,TH-TSHIRT,Cotton Tee,2,2025-08-19 17:00,25.03,10146,United Kingdom
INV700820,TH-JEAN,Slim Fit Jeans,1,2025-08-19 17:00,82.35,10146,United Kingdom
INV700955,TH-SHIRT,Oxford Shirt,3,2025-08-19 18:00,60.02,10173,United Kingdom
INV700220,TH-CHINO,Stretch Chinos,2,2025-08-19 18:00,60.12,10037,United Kingdom
INV700220,TH-HAT,Wool Beanie,3,2025-08-19 18:00,24.16,10037,United Kingdom
INV700955,TH-JACK,Denim Jacket,2,2025-08-19 18:00,105.25,10173,United Kingdom
INV700585,TH-SHIRT,Oxford Shirt,2,2025-08-21 12:00,56.3,10107,United Kingdom
INV700511,TH-SHORT,Chino Shorts,3,2025-08-21 12:00,41.08,10091,United Kingdom
INV700585,TH-SHORT,Chino Shorts,2,2025-08-21 12:00,41.67,10107,United Kingdom
INV700511,TH-COAT,Wool Overcoat,3,2025-08-21 12:00,183.04,10091,United Kingdom
INV700705,TH-JEAN,Slim Fit Jeans,1,2025-08-21 13:00,74.51,10126,United Kingdom
INV700705,TH-COAT,Wool Overcoat,2,2025-08-21 13:00,199.27,10126,United Kingdom
INV701675,TH-SCARF,Merino Scarf,1,2025-08-21 13:00,39.59,10311,France
INV700783,TH-SHOE,Leather Sneakers,2,2025-08-21 15:00,131.67,10141,United Kingdom
INV700783,TH-BELT,Leather Belt,1,2025-08-21 15:00,31.7,10141,United Kingdom
INV700783,TH-SHORT,Chino Shorts,3,2025-08-21 15:00,44.11,10141,United Kingdom
INV701468,TH-HAT,Wool Beanie,1,2025-08-21 16:00,21.27,10272,United Kingdom
INV701468,TH-SCARF,Merino Scarf,1,2025-08-21 16:00,38.96,10272,United Kingdom
INV700301,TH-HOOD,Pullover Hoodie,3,2025-08-22 08:00,70.67,10054,United Kingdom
INV700301,TH-BOOT,Chelsea Boots,1,2025-08-22 08:00,154.67,10054,United Kingdom
INV700661,TH-BOOT,Chelsea Boots,1,2025-08-22 10:00,159.95,10120,United Kingdom
INV700661,TH-BELT,Leather Belt,3,2025-08-22 10:00,34.63,10120,United Kingdom
INV700451,TH-HAT,Wool Beanie,3,2025-08-22 12:00,22.54,10080,United Kingdom
INV701250,TH-JACK,Denim Jacket,3,2025-08-22 12:00,106.62,10223,United Kingdom
INV701387,TH-JEAN,Slim Fit Jeans,2,2025-08-22 15:00,82.94,10254,United Kingdom
INV701387,TH-CHINO,Stretch Chinos,2,2025-08-22 15:00,60.08,10254,United Kingdom
INV701387,TH-HAT,Wool Beanie,2,2025-08-22 15:00,22.68,10254,United Kingdom
INV701410,TH-BOOT,Chelsea Boots,3,2025-08-22 18:00,167.9,10261,United Kingdom
INV701410,TH-BOOT,Chelsea Boots,2,2025-08-22 18:00,150.51,10261,United Kingdom
INV700223,TH-JEAN,Slim Fit Jeans,2,2025-08-22 19:00,82.87,10037,United Kingdom
INV700223,TH-JEAN,Slim Fit Jeans,1,2025-08-22 19:00,81.77,10037,United Kingdom
INV700834,TH-BAG,Canvas Tote Bag,1,2025-08-23 09:00,48.95,10151,United Kingdom
INV700294,TH-BOOT,Chelsea Boots,1,2025-08-23 09:00,173.07,10054,United Kingdom
INV700294,TH-HAT,Wool Beanie,3,2025-08-23 09:00,21.31,10054,United Kingdom
INV701505,TH-COAT,Wool Overcoat,3,2025-08-23 09:00,183.74,10278,United Kingdom
INV701231,TH-BOOT,Chelsea Boots,1,2025-08-23 20:00,162.65,10219,United Kingdom
INV701231,TH-HAT,Wool Beanie,2,2025-08-23 20:00,21.23,10219,United Kingdom
INV701231,TH-HOOD,Pullover Hoodie,3,2025-08-23 20:00,68.12,10219,United Kingdom
INV700224,TH-SHOE,Leather Sneakers,2,2025-08-24 10:00,130.07,10037,United Kingdom
INV700595,TH-SHORT,Chino Shorts,2,2025-08-24 11:00,40.8,10107,United Kingdom
INV700299,TH-HAT,Wool Beanie,3,2025-08-24 12:00,20.82,10054,United Kingdom
INV700299,TH-SCARF,Merino Scarf,3,2025-08-24 12:00,41.37,10054,United Kingdom
INV700299,TH-SHORT,Chino Shorts,2,2025-08-24 12:00,45.48,10054,United Kingdom
INV700624,TH-JEAN,Slim Fit Jeans,3,2025-08-24 12:00,76.04,10113,United Kingdom
INV700518,TH-BELT,Leather Belt,2,2025-08-25 15:00,32.59,10092,United Kingdom
INV701238,TH-JEAN,Slim Fit Jeans,3,2025-08-26 08:00,77.55,10220,United Kingdom
INV701173,TH-CHINO,Stretch Chinos,3,2025-08-26 10:00,59.76,10211,United Kingdom
INV701345,TH-BAG,Canvas Tote Bag,2,2025-08-26 10:00,47.71,10242,United Kingdom
INV700835,TH-CHINO,Stretch Chinos,3,2025-08-26 10:00,69.72,10151,United Kingdom
INV700172,TH-BOOT,Chelsea Boots,2,2025-08-26 12:00,162.75,10027,United Kingdom
INV700172,TH-CHINO,Stretch Chinos,3,2025-08-26 12:00,62.02,10027,United Kingdom
INV701709,TH-HOOD,Pullover Hoodie,3,2025-08-27 10:00,69.86,10318,United Kingdom
INV700660,TH-JACK,Denim Jacket,1,2025-08-27 12:00,97.44,10120,United Kingdom
INV701195,TH-JEAN,Slim Fit Jeans,3,2025-08-27 16:00,77.63,10215,United Kingdom
INV701195,TH-HOOD,Pullover Hoodie,3,2025-08-27 16:00,70.67,10215,United Kingdom
INV700024,TH-HOOD,Pullover Hoodie,3,2025-08-28 10:00,73.49,10003,United Kingdom
INV700800,TH-HAT,Wool Beanie,3,2025-08-29 17:00,20.55,10143,United Kingdom
INV700800,TH-BELT,Leather Belt,2,2025-08-29 17:00,35.5,10143,United Kingdom
INV700720,TH-HOOD,Pullover Hoodie,2,2025-08-30 11:00,67.38,10129,United Kingdom
INV700720,TH-TSHIRT,Cotton Tee,2,2025-08-30 11:00,22.27,10129,United Kingdom
INV700659,TH-TSHIRT,Cotton Tee,1,2025-08-30 13:00,22.56,10120,United Kingdom
INV700659,TH-SHIRT,Oxford Shirt,1,2025-08-30 13:00,56.55,10120,United Kingdom
INV700659,TH-SOCK,Sock 3-Pack,1,2025-08-30 13:00,14.9,10120,United Kingdom
INV700025,TH-JEAN,Slim Fit Jeans,3,2025-08-31 10:00,84.63,10003,United Kingdom
INV700025,TH-BAG,Canvas Tote Bag,3,2025-08-31 10:00,47.56,10003,United Kingdom
INV700025,TH-SCARF,Merino Scarf,1,2025-08-31 10:00,39.08,10003,United Kingdom
INV700259,TH-HAT,Wool Beanie,3,2025-08-31 20:00,20.64,10045,United Kingdom
INV700259,TH-JACK,Denim Jacket,3,2025-08-31 20:00,106.11,10045,United Kingdom
INV701344,TH-HOOD,Pullover Hoodie,1,2025-09-01 15:00,70.92,10242,United Kingdom
INV701344,TH-SHOE,Leather Sneakers,3,2025-09-01 15:00,120.95,10242,United Kingdom
INV701344,TH-BOOT,Chelsea Boots,2,2025-09-01 15:00,142.83,10242,United Kingdom
INV701673,TH-SHORT,Chino Shorts,2,2025-09-02 08:00,41.79,10311,France
INV701416,TH-SCARF,Merino Scarf,2,2025-09-02 10:00,39.15,10262,United Kingdom
INV701177,TH-BAG,Canvas Tote Bag,3,2025-09-02 16:00,44.67,10211,United Kingdom
INV701177,TH-COAT,Wool Overcoat,3,2025-09-02 16:00,199.27,10211,United Kingdom
INV700590,TH-CHINO,Stretch Chinos,1,2025-09-03 08:00,65.56,10107,United Kingdom
INV700590,TH-HOOD,Pullover Hoodie,2,2025-09-03 08:00,66.14,10107,United Kingdom
INV700985,TH-SHORT,Chino Shorts,2,2025-09-03 10:00,42.37,10176,United Kingdom
INV700985,TH-SOCK,Sock 3-Pack,1,2025-09-03 10:00,12.98,10176,United Kingdom
INV700985,TH-HAT,Wool Beanie,2,2025-09-03 10:00,20.73,10176,United Kingdom
INV701058,TH-SHOE,Leather Sneakers,1,2025-09-03 12:00,127.31,10192,United Kingdom
INV701058,TH-BOOT,Chelsea Boots,3,2025-09-03 12:00,164.81,10192,United Kingdom
INV701058,TH-HOOD,Pullover Hoodie,1,2025-09-03 12:00,72.46,10192,United Kingdom
INV701465,TH-JACK,Denim Jacket,2,2025-09-03 16:00,96.41,10272,United Kingdom
INV701465,TH-SCARF,Merino Scarf,3,2025-09-03 16:00,38.16,10272,United Kingdom
INV700222,TH-JEAN,Slim Fit Jeans,1,2025-09-05 11:00,79.13,10037,United Kingdom
INV700275,TH-SHIRT,Oxford Shirt,2,2025-09-05 17:00,54.63,10049,United Kingdom
INV700275,TH-SHIRT,Oxford Shirt,3,2025-09-05 17:00,54.49,10049,United Kingdom
INV701236,TH-COAT,Wool Overcoat,3,2025-09-05 18:00,193.8,10220,United Kingdom
INV701236,TH-HOOD,Pullover Hoodie,3,2025-09-05 18:00,72.41,10220,United Kingdom
INV701236,TH-JACK,Denim Jacket,1,2025-09-05 18:00,90.25,10220,United Kingdom
INV700621,TH-HOOD,Pullover Hoodie,2,2025-09-06 09:00,60.46,10113,United Kingdom
INV700621,TH-JACK,Denim Jacket,2,2025-09-06 09:00,99.92,10113,United Kingdom
INV701473,TH-BAG,Canvas Tote Bag,1,2025-09-06 13:00,45.03,10273,United Kingdom
INV701473,TH-BELT,Leather Belt,2,2025-09-06 13:00,33.28,10273,United Kingdom
INV700317,TH-SHOE,Leather Sneakers,3,2025-09-06 14:00,131.75,10057,United Kingdom
INV700317,TH-SHIRT,Oxford Shirt,2,2025-09-06 14:00,58.93,10057,United Kingdom
INV700317,TH-JEAN,Slim Fit Jeans,2,2025-09-06 14:00,82.11,10057,United Kingdom
INV700273,TH-SHIRT,Oxford Shirt,2,2025-09-06 17:00,55.47,10049,United Kingdom
INV700273,TH-SHIRT,Oxford Shirt,3,2025-09-06 17:00,55.65,10049,United Kingdom
INV700461,TH-CHINO,Stretch Chinos,1,2025-09-07 10:00,66.98,10082,United Kingdom
INV700461,TH-BAG,Canvas Tote Bag,3,2025-09-07 10:00,46.13,10082,United Kingdom
INV700461,TH-HOOD,Pullover Hoodie,1,2025-09-07 10:00,70.04,10082,United Kingdom
INV700438,TH-JEAN,Slim Fit Jeans,1,2025-09-07 13:00,77.78,10077,United Kingdom
INV701144,TH-BELT,Leather Belt,3,2025-09-07 18:00,36.58,10206,Ireland
INV701144,TH-JACK,Denim Jacket,3,2025-09-07 18:00,107.74,10206,Ireland
INV701325,TH-SCARF,Merino Scarf,1,2025-09-07 20:00,37.34,10239,France
INV700382,TH-SHORT,Chino Shorts,1,2025-09-08 08:00,44.38,10070,United Kingdom
INV700382,TH-HAT,Wool Beanie,2,2025-09-08 08:00,22.49,10070,United Kingdom
INV700382,TH-HOOD,Pullover Hoodie,3,2025-09-08 08:00,67.15,10070,United Kingdom
INV701454,TH-BAG,Canvas Tote Bag,2,2025-09-08 09:00,46.78,10269,United Kingdom
INV701454,TH-JEAN,Slim Fit Jeans,1,2025-09-08 09:00,83.25,10269,United Kingdom
INV700384,TH-JEAN,Slim Fit Jeans,1,2025-09-09 13:00,71.1,10070,United Kingdom
INV700384,TH-SCARF,Merino Scarf,3,2025-09-09 13:00,38.26,10070,United Kingdom
INV700384,TH-TSHIRT,Cotton Tee,1,2025-09-09 13:00,22.44,10070,United Kingdom
INV701388,TH-JACK,Denim Jacket,3,2025-09-10 09:00,92.28,10254,United Kingdom
INV701388,TH-BAG,Canvas Tote Bag,1,2025-09-10 09:00,45.36,10254,United Kingdom
INV701388,TH-JEAN,Slim Fit Jeans,2,2025-09-10 09:00,86.49,10254,United Kingdom
INV701237,TH-SOCK,Sock 3-Pack,3,2025-09-10 10:00,14.59,10220,United Kingdom
INV700902,TH-JACK,Denim Jacket,2,2025-09-10 11:00,107.89,10162,United Kingdom
INV700373,TH-HOOD,Pullover Hoodie,2,2025-09-10 11:00,67.09,10068,United Kingdom
INV701680,TH-JACK,Denim Jacket,3,2025-09-10 12:00,98.71,10312,United Kingdom
INV701680,TH-BAG,Canvas Tote Bag,3,2025-09-10 12:00,44.95,10312,United Kingdom
INV701680,TH-BOOT,Chelsea Boots,2,2025-09-10 12:00,167.58,10312,United Kingdom
INV700657,TH-SHORT,Chino Shorts,3,2025-09-10 13:00,44.82,10120,United Kingdom
INV700657,TH-JEAN,Slim Fit Jeans,1,2025-09-10 13:00,79.7,10120,United Kingdom
INV700657,TH-BAG,Canvas Tote Bag,1,2025-09-10 13:00,47.49,10120,United Kingdom
INV701186,TH-SCARF,Merino Scarf,1,2025-09-10 17:00,39.55,10213,United Kingdom
INV701186,TH-SHORT,Chino Shorts,3,2025-09-10 17:00,41.51,10213,United Kingdom
INV701186,TH-TSHIRT,Cotton Tee,3,2025-09-10 17:00,25.36,10213,United Kingdom
INV700776,TH-COAT,Wool Overcoat,2,2025-09-11 14:00,184.58,10141,United Kingdom
INV700221,TH-SHIRT,Oxford Shirt,3,2025-09-11 19:00,58.76,10037,United Kingdom
INV700221,TH-BAG,Canvas Tote Bag,1,2025-09-11 19:00,46.32,10037,United Kingdom
INV700221,TH-COAT,Wool Overcoat,1,2025-09-11 19:00,179.82,10037,United Kingdom
INV700962,TH-CHINO,Stretch Chinos,3,2025-09-12 14:00,63.96,10174,United Kingdom
INV700439,TH-SHOE,Leather Sneakers,3,2025-09-12 15:00,128.49,10077,United Kingdom
INV700229,TH-BOOT,Chelsea Boots,2,2025-09-13 13:00,140.61,10039,United Kingdom
INV701102,TH-COAT,Wool Overcoat,3,2025-09-13 14:00,204.35,10199,United Kingdom
INV700383,TH-SHIRT,Oxford Shirt,1,2025-09-13 14:00,58.1,10070,United Kingdom
INV700383,TH-SHIRT,Oxford Shirt,1,2025-09-13 14:00,54.14,10070,United Kingdom
INV700383,TH-BELT,Leather Belt,3,2025-09-13 14:00,31.61,10070,United Kingdom
INV701722,TH-SHORT,Chino Shorts,2,2025-09-13 19:00,44.83,10320,United Kingdom
INV701722,TH-BAG,Canvas Tote Bag,1,2025-09-13 19:00,46.3,10320,United Kingdom
INV701722,TH-SOCK,Sock 3-Pack,2,2025-09-13 19:00,14.08,10320,United Kingdom
INV701188,TH-SHIRT,Oxford Shirt,1,2025-09-14 08:00,50.17,10213,United Kingdom
INV701188,TH-SOCK,Sock 3-Pack,3,2025-09-14 08:00,13.41,10213,United Kingdom
INV701226,TH-JEAN,Slim Fit Jeans,3,2025-09-14 10:00,80.16,10219,United Kingdom
INV701226,TH-CHINO,Stretch Chinos,3,2025-09-14 10:00,67.69,10219,United Kingdom
INV700169,TH-COAT,Wool Overcoat,2,2025-09-14 12:00,193.39,10027,United Kingdom
INV700169,TH-JEAN,Slim Fit Jeans,1,2025-09-14 12:00,76.98,10027,United Kingdom
INV700169,TH-BELT,Leather Belt,3,2025-09-14 12:00,32.76,10027,United Kingdom
INV700920,TH-SHOE,Leather Sneakers,1,2025-09-14 19:00,130.21,10165,United Kingdom
INV700920,TH-BELT,Leather Belt,3,2025-09-14 19:00,35.48,10165,United Kingdom
INV700920,TH-SCARF,Merino Scarf,3,2025-09-14 19:00,39.69,10165,United Kingdom
INV701327,TH-SHORT,Chino Shorts,2,2025-09-15 12:00,43.04,10239,France
INV701083,TH-HOOD,Pullover Hoodie,3,2025-09-15 12:00,74.04,10196,United Kingdom
INV701327,TH-HAT,Wool Beanie,1,2025-09-15 12:00,20.68,10239,France
INV701083,TH-CHINO,Stretch Chinos,2,2025-09-15 12:00,67.69,10196,United Kingdom
INV700656,TH-JEAN,Slim Fit Jeans,1,2025-09-15 13:00,79.1,10120,United Kingdom
INV700656,TH-SCARF,Merino Scarf,1,2025-09-15 13:00,37.43,10120,United Kingdom
INV700582,TH-SOCK,Sock 3-Pack,1,2025-09-15 14:00,14.44,10107,United Kingdom
INV700582,TH-HOOD,Pullover Hoodie,2,2025-09-15 14:00,67.39,10107,United Kingdom
INV700582,TH-HOOD,Pullover Hoodie,1,2025-09-15 14:00,69.01,10107,United Kingdom
INV701232,TH-HOOD,Pullover Hoodie,3,2025-09-15 15:00,74.24,10219,United Kingdom
INV701232,TH-SHOE,Leather Sneakers,3,2025-09-15 15:00,129.01,10219,United Kingdom
INV701232,TH-BAG,Canvas Tote Bag,2,2025-09-15 15:00,43.67,10219,United Kingdom
INV701198,TH-BELT,Leather Belt,1,2025-09-16 12:00,35.28,10215,United Kingdom
INV701198,TH-CHINO,Stretch Chinos,2,2025-09-16 12:00,63.79,10215,United Kingdom
INV700828,TH-JEAN,Slim Fit Jeans,3,2025-09-17 08:00,77.58,10150,United Kingdom
INV700828,TH-JACK,Denim Jacket,2,2025-09-17 08:00,97.71,10150,United Kingdom
INV700828,TH-SHIRT,Oxford Shirt,3,2025-09-17 08:00,49.85,10150,United Kingdom
INV700591,TH-CHINO,Stretch Chinos,3,2025-09-17 09:00,62.42,10107,United Kingdom
INV700591,TH-BAG,Canvas Tote Bag,2,2025-09-17 09:00,45.43,10107,United Kingdom
INV700591,TH-SCARF,Merino Scarf,3,2025-09-17 09:00,40.96,10107,United Kingdom
INV700312,TH-BOOT,Chelsea Boots,1,2025-09-17 18:00,164.21,10057,United Kingdom
INV700312,TH-JEAN,Slim Fit Jeans,3,2025-09-17 18:00,72.7,10057,United Kingdom
INV700312,TH-CHINO,Stretch Chinos,1,2025-09-17 18:00,60.14,10057,United Kingdom
INV701057,TH-TSHIRT,Cotton Tee,2,2025-09-17 18:00,22.56,10192,United Kingdom
INV701057,TH-CHINO,Stretch Chinos,2,2025-09-17 18:00,66.75,10192,United Kingdom
INV701057,TH-SHIRT,Oxford Shirt,2,2025-09-17 18:00,56.88,10192,United Kingdom
INV700959,TH-HOOD,Pullover Hoodie,2,2025-09-18 08:00,66.98,10173,United Kingdom
INV700258,TH-HOOD,Pullover Hoodie,1,2025-09-18 09:00,72.55,10045,United Kingdom
INV700258,TH-SHIRT,Oxford Shirt,3,2025-09-18 09:00,57.08,10045,United Kingdom
INV701655,TH-HAT,Wool Beanie,2,2025-09-18 10:00,23.14,10307,United Kingdom
INV701655,TH-JEAN,Slim Fit Jeans,3,2025-09-18 10:00,80.5,10307,United Kingdom
INV700466,TH-HOOD,Pullover Hoodie,2,2025-09-18 14:00,66.07,10084,United Kingdom
INV700466,TH-TSHIRT,Cotton Tee,2,2025-09-18 14:00,22.73,10084,United Kingdom
INV701676,TH-TSHIRT,Cotton Tee,1,2025-09-18 15:00,25.76,10312,United Kingdom
INV700937,TH-BAG,Canvas Tote Bag,3,2025-09-18 15:00,46.78,10169,United Kingdom
INV700937,TH-BELT,Leather Belt,2,2025-09-18 15:00,35.87,10169,United Kingdom
INV701262,TH-HOOD,Pullover Hoodie,2,2025-09-18 19:00,65.28,10224,United Kingdom
INV700969,TH-CHINO,Stretch Chinos,3,2025-09-18 20:00,63.09,10174,United Kingdom
INV700969,TH-SHOE,Leather Sneakers,2,2025-09-18 20:00,137.7,10174,United Kingdom
INV701140,TH-SOCK,Sock 3-Pack,2,2025-09-19 17:00,14.58,10206,Ireland
INV701138,TH-JEAN,Slim Fit Jeans,2,2025-09-19 20:00,82.68,10206,Ireland
INV700815,TH-BOOT,Chelsea Boots,3,2025-09-20 08:00,157.85,10146,United Kingdom
INV700815,TH-HAT,Wool Beanie,3,2025-09-20 08:00,21.64,10146,United Kingdom
INV700815,TH-BOOT,Chelsea Boots,1,2025-09-20 08:00,152.4,10146,United Kingdom
INV700623,TH-TSHIRT,Cotton Tee,2,2025-09-20 09:00,22.54,10113,United Kingdom
INV700623,TH-HOOD,Pullover Hoodie,2,2025-09-20 09:00,66.51,10113,United Kingdom
INV700936,TH-BAG,Canvas Tote Bag,2,2025-09-20 19:00,46.52,10169,United Kingdom
INV700936,TH-SCARF,Merino Scarf,1,2025-09-20 19:00,41.37,10169,United Kingdom
INV701293,TH-SHIRT,Oxford Shirt,2,2025-09-20 20:00,47.82,10234,United Kingdom
INV701293,TH-SOCK,Sock 3-Pack,2,2025-09-20 20:00,14.85,10234,United Kingdom
INV701293,TH-JACK,Denim Jacket,1,2025-09-20 20:00,101.18,10234,United Kingdom
INV700375,TH-TSHIRT,Cotton Tee,2,2025-09-21 12:00,23.21,10068,United Kingdom
INV701455,TH-TSHIRT,Cotton Tee,1,2025-09-21 19:00,24.51,10269,United Kingdom
INV701197,TH-HOOD,Pullover Hoodie,2,2025-09-22 10:00,69.21,10215,United Kingdom
INV701197,TH-SHOE,Leather Sneakers,2,2025-09-22 10:00,136.97,10215,United Kingdom
INV701197,TH-SOCK,Sock 3-Pack,1,2025-09-22 10:00,15.45,10215,United Kingdom
INV700161,TH-CHINO,Stretch Chinos,1,2025-09-23 08:00,65.13,10026,United Kingdom
INV700161,TH-COAT,Wool Overcoat,3,2025-09-23 08:00,182.3,10026,United Kingdom
INV700161,TH-SHIRT,Oxford Shirt,3,2025-09-23 08:00,51.3,10026,United Kingdom
INV700593,TH-TSHIRT,Cotton Tee,2,2025-09-23 10:00,24.3,10107,United Kingdom
INV700593,TH-BELT,Leather Belt,2,2025-09-23 10:00,34.08,10107,United Kingdom
INV701185,TH-BELT,Leather Belt,3,2025-09-23 13:00,34.22,10213,United Kingdom
INV700799,TH-HAT,Wool Beanie,2,2025-09-23 17:00,22.32,10143,United Kingdom
INV700799,TH-JACK,Denim Jacket,1,2025-09-23 17:00,104.47,10143,United Kingdom
INV701625,TH-SOCK,Sock 3-Pack,2,2025-09-23 19:00,14.91,10302,United Kingdom
INV701625,TH-BOOT,Chelsea Boots,2,2025-09-23 19:00,167.25,10302,United Kingdom
INV701625,TH-HOOD,Pullover Hoodie,1,2025-09-23 19:00,68.83,10302,United Kingdom
INV701104,TH-BELT,Leather Belt,3,2025-09-23 20:00,36.57,10199,United Kingdom
INV701104,TH-SHORT,Chino Shorts,2,2025-09-23 20:00,41.75,10199,United Kingdom
INV701119,TH-HAT,Wool Beanie,1,2025-09-24 08:00,22.27,10202,United Kingdom
INV701119,TH-BELT,Leather Belt,2,2025-09-24 08:00,33.68,10202,United Kingdom
INV700314,TH-BAG,Canvas Tote Bag,3,2025-09-24 10:00,42.44,10057,United Kingdom
INV701064,TH-HAT,Wool Beanie,3,2025-09-24 12:00,23.12,10192,United Kingdom
INV701064,TH-SHORT,Chino Shorts,1,2025-09-24 12:00,39.29,10192,United Kingdom
INV701064,TH-TSHIRT,Cotton Tee,3,2025-09-24 12:00,22.93,10192,United Kingdom
INV701389,TH-BOOT,Chelsea Boots,2,2025-09-24 16:00,160.55,10254,United Kingdom
INV701389,TH-HOOD,Pullover Hoodie,2,2025-09-24 16:00,71.47,10254,United Kingdom
INV701274,TH-HAT,Wool Beanie,2,2025-09-24 19:00,21.17,10229,United Kingdom
INV700841,TH-SHOE,Leather Sneakers,3,2025-09-25 13:00,139.54,10153,United Kingdom
INV700938,TH-BAG,Canvas Tote Bag,2,2025-09-25 19:00,42.56,10170,United Kingdom
INV700980,TH-SOCK,Sock 3-Pack,1,2025-09-25 19:00,16.44,10176,United Kingdom
INV700935,TH-HAT,Wool Beanie,1,2025-09-25 20:00,20.84,10169,United Kingdom
INV701142,TH-HOOD,Pullover Hoodie,1,2025-09-26 09:00,63.73,10206,Ireland
INV701142,TH-SHORT,Chino Shorts,1,2025-09-26 09:00,39.07,10206,Ireland
INV700816,TH-BAG,Canvas Tote Bag,3,2025-09-26 12:00,45.42,10146,United Kingdom
INV700816,TH-SHOE,Leather Sneakers,2,2025-09-26 12:00,132.22,10146,United Kingdom
INV701463,TH-JEAN,Slim Fit Jeans,1,2025-09-26 15:00,81.38,10271,United Kingdom
INV701463,TH-SHIRT,Oxford Shirt,1,2025-09-26 15:00,52.67,10271,United Kingdom
INV701463,TH-JEAN,Slim Fit Jeans,2,2025-09-26 15:00,83.85,10271,United Kingdom
INV700372,TH-HAT,Wool Beanie,1,2025-09-26 15:00,20.44,10067,United Kingdom
INV701055,TH-TSHIRT,Cotton Tee,3,2025-09-26 17:00,22.87,10190,United Kingdom
INV701257,TH-SHORT,Chino Shorts,1,2025-09-26 17:00,43.48,10224,United Kingdom
INV701257,TH-BAG,Canvas Tote Bag,2,2025-09-26 17:00,46.69,10224,United Kingdom
INV701720,TH-JEAN,Slim Fit Jeans,2,2025-09-27 14:00,75.52,10320,United Kingdom
INV701720,TH-BOOT,Chelsea Boots,2,2025-09-27 14:00,160.1,10320,United Kingdom
INV701720,TH-HAT,Wool Beanie,3,2025-09-27 14:00,23.97,10320,United Kingdom
INV701183,TH-JACK,Denim Jacket,2,2025-09-27 19:00,95.12,10213,United Kingdom
INV701183,TH-SOCK,Sock 3-Pack,1,2025-09-27 19:00,15.04,10213,United Kingdom
INV701183,TH-SCARF,Merino Scarf,2,2025-09-27 19:00,36.09,10213,United Kingdom
INV701682,TH-SOCK,Sock 3-Pack,1,2025-09-28 10:00,15.65,10313,United Kingdom
INV701682,TH-CHINO,Stretch Chinos,3,2025-09-28 10:00,61.82,10313,United Kingdom
INV700934,TH-TSHIRT,Cotton Tee,3,2025-09-28 17:00,23.36,10169,United Kingdom
INV700934,TH-HOOD,Pullover Hoodie,3,2025-09-28 17:00,67.2,10169,United Kingdom
INV700843,TH-JACK,Denim Jacket,3,2025-09-29 10:00,102.87,10153,United Kingdom
INV700843,TH-HAT,Wool Beanie,2,2025-09-29 10:00,23.56,10153,United Kingdom
INV700843,TH-SHORT,Chino Shorts,2,2025-09-29 10:00,43.01,10153,United Kingdom
INV700405,TH-BOOT,Chelsea Boots,1,2025-09-29 15:00,156.19,10072,France
INV700405,TH-SHIRT,Oxford Shirt,2,2025-09-29 15:00,56.91,10072,France
INV700405,TH-JEAN,Slim Fit Jeans,1,2025-09-29 15:00,78.79,10072,France
INV701103,TH-JEAN,Slim Fit Jeans,2,2025-09-29 16:00,72.24,10199,United Kingdom
INV700360,TH-JACK,Denim Jacket,1,2025-09-29 16:00,97.92,10065,United Kingdom
INV701045,TH-TSHIRT,Cotton Tee,3,2025-09-29 17:00,24.12,10188,United Kingdom
INV701045,TH-TSHIRT,Cotton Tee,2,2025-09-29 17:00,23.07,10188,United Kingdom
INV701196,TH-BOOT,Chelsea Boots,2,2025-09-30 10:00,156.78,10215,United Kingdom
INV701088,TH-TSHIRT,Cotton Tee,2,2025-09-30 13:00,25.46,10196,United Kingdom
INV701080,TH-BOOT,Chelsea Boots,1,2025-09-30 13:00,166.05,10196,United Kingdom
INV701080,TH-BOOT,Chelsea Boots,2,2025-09-30 13:00,168.78,10196,United Kingdom
INV701080,TH-BAG,Canvas Tote Bag,3,2025-09-30 13:00,43.87,10196,United Kingdom
INV701421,TH-TSHIRT,Cotton Tee,1,2025-10-01 08:00,20.34,10262,United Kingdom
INV701421,TH-HAT,Wool Beanie,3,2025-10-01 08:00,24.73,10262,United Kingdom
INV701421,TH-SCARF,Merino Scarf,2,2025-10-01 08:00,39.86,10262,United Kingdom
INV701077,TH-JEAN,Slim Fit Jeans,3,2025-10-01 13:00,81.34,10195,United Kingdom
INV701077,TH-CHINO,Stretch Chinos,3,2025-10-01 13:00,60.07,10195,United Kingdom
INV701077,TH-BAG,Canvas Tote Bag,2,2025-10-01 13:00,44.81,10195,United Kingdom
INV700289,TH-CHINO,Stretch Chinos,1,2025-10-01 16:00,67.32,10052,United Kingdom
INV700289,TH-SHIRT,Oxford Shirt,2,2025-10-01 16:00,48.9,10052,United Kingdom
INV700620,TH-TSHIRT,Cotton Tee,1,2025-10-01 18:00,24.67,10113,United Kingdom
INV700075,TH-CHINO,Stretch Chinos,3,2025-10-02 15:00,64.16,10015,United Kingdom
INV700075,TH-JACK,Denim Jacket,2,2025-10-02 15:00,99.45,10015,United Kingdom
INV700075,TH-COAT,Wool Overcoat,2,2025-10-02 15:00,193.66,10015,United Kingdom
INV701172,TH-JEAN,Slim Fit Jeans,2,2025-10-02 18:00,77.06,10211,United Kingdom
INV700940,TH-BAG,Canvas Tote Bag,1,2025-10-02 18:00,45.33,10170,United Kingdom
INV700970,TH-SHORT,Chino Shorts,1,2025-10-03 09:00,43.49,10174,United Kingdom
INV700970,TH-HOOD,Pullover Hoodie,2,2025-10-03 09:00,72.91,10174,United Kingdom
INV700970,TH-SCARF,Merino Scarf,1,2025-10-03 09:00,40.25,10174,United Kingdom
INV701251,TH-JEAN,Slim Fit Jeans,3,2025-10-03 11:00,77.64,10223,United Kingdom
INV701251,TH-SHORT,Chino Shorts,2,2025-10-03 11:00,43.01,10223,United Kingdom
INV701251,TH-BOOT,Chelsea Boots,3,2025-10-03 11:00,145.57,10223,United Kingdom
INV701145,TH-CHINO,Stretch Chinos,3,2025-10-03 14:00,66.42,10206,Ireland
INV701145,TH-COAT,Wool Overcoat,1,2025-10-03 14:00,196.03,10206,Ireland
INV701145,TH-BAG,Canvas Tote Bag,2,2025-10-03 14:00,44.53,10206,Ireland
INV700844,TH-JACK,Denim Jacket,3,2025-10-03 15:00,88.22,10153,United Kingdom
INV700513,TH-HOOD,Pullover Hoodie,2,2025-10-03 18:00,65.36,10091,United Kingdom
INV700513,TH-BELT,Leather Belt,2,2025-10-03 18:00,36.68,10091,United Kingdom
INV700513,TH-BAG,Canvas Tote Bag,1,2025-10-03 18:00,47.45,10091,United Kingdom
INV701642,TH-SHIRT,Oxford Shirt,3,2025-10-04 09:00,54.16,10305,United Kingdom
INV701642,TH-SOCK,Sock 3-Pack,3,2025-10-04 09:00,15.38,10305,United Kingdom
INV700658,TH-BAG,Canvas Tote Bag,2,2025-10-04 11:00,48.98,10120,United Kingdom
INV700658,TH-BAG,Canvas Tote Bag,1,2025-10-04 11:00,46.6,10120,United Kingdom
INV700658,TH-BOOT,Chelsea Boots,2,2025-10-04 11:00,163.61,10120,United Kingdom
INV700283,TH-BAG,Canvas Tote Bag,1,2025-10-04 18:00,44.26,10052,United Kingdom
INV700159,TH-SHORT,Chino Shorts,3,2025-10-05 13:00,42.76,10026,United Kingdom
INV700159,TH-HAT,Wool Beanie,1,2025-10-05 13:00,22.21,10026,United Kingdom
INV700933,TH-JACK,Denim Jacket,3,2025-10-05 17:00,93.48,10169,United Kingdom
INV701137,TH-COAT,Wool Overcoat,2,2025-10-05 17:00,181.15,10206,Ireland
INV701137,TH-SCARF,Merino Scarf,1,2025-10-05 17:00,36.71,10206,Ireland
INV701137,TH-JACK,Denim Jacket,1,2025-10-05 17:00,94.2,10206,Ireland
INV701078,TH-SCARF,Merino Scarf,1,2025-10-05 19:00,40.24,10195,United Kingdom
INV701078,TH-JACK,Denim Jacket,1,2025-10-05 19:00,102.76,10195,United Kingdom
INV700402,TH-COAT,Wool Overcoat,1,2025-10-05 20:00,176.29,10072,France
INV700402,TH-HAT,Wool Beanie,3,2025-10-05 20:00,22.99,10072,France
INV700402,TH-SHORT,Chino Shorts,1,2025-10-05 20:00,42.39,10072,France
INV700286,TH-CHINO,Stretch Chinos,3,2025-10-06 10:00,62.48,10052,United Kingdom
INV700454,TH-JEAN,Slim Fit Jeans,2,2025-10-07 09:00,79.6,10080,United Kingdom
INV700454,TH-BOOT,Chelsea Boots,2,2025-10-07 09:00,148.76,10080,United Kingdom
INV700454,TH-SOCK,Sock 3-Pack,2,2025-10-07 09:00,13.35,10080,United Kingdom
INV700939,TH-SHOE,Leather Sneakers,2,2025-10-07 16:00,132.75,10170,United Kingdom
INV700128,TH-SHIRT,Oxford Shirt,3,2025-10-08 08:00,54.56,10022,United Kingdom
INV700589,TH-COAT,Wool Overcoat,2,2025-10-08 08:00,201.75,10107,United Kingdom
INV700941,TH-JEAN,Slim Fit Jeans,2,2025-10-08 12:00,85.62,10170,United Kingdom
INV700941,TH-SCARF,Merino Scarf,1,2025-10-08 12:00,36.19,10170,United Kingdom
INV700941,TH-CHINO,Stretch Chinos,3,2025-10-08 12:00,64.62,10170,United Kingdom
INV701233,TH-CHINO,Stretch Chinos,1,2025-10-08 13:00,63.29,10219,United Kingdom
INV701233,TH-BOOT,Chelsea Boots,1,2025-10-08 13:00,166.3,10219,United Kingdom
INV700721,TH-SOCK,Sock 3-Pack,3,2025-10-08 13:00,15.38,10129,United Kingdom
INV701147,TH-HOOD,Pullover Hoodie,1,2025-10-08 15:00,71.76,10207,United Kingdom
INV701147,TH-BELT,Leather Belt,3,2025-10-08 15:00,33.58,10207,United Kingdom
INV700401,TH-BELT,Leather Belt,3,2025-10-08 20:00,37.37,10072,France
INV700401,TH-HOOD,Pullover Hoodie,2,2025-10-08 20:00,71.06,10072,France
INV701143,TH-SCARF,Merino Scarf,1,2025-10-09 10:00,39.73,10206,Ireland
INV701143,TH-JACK,Denim Jacket,3,2025-10-09 10:00,94.35,10206,Ireland
INV701079,TH-SOCK,Sock 3-Pack,3,2025-10-09 13:00,15.11,10195,United Kingdom
INV701079,TH-SHOE,Leather Sneakers,1,2025-10-09 13:00,129.06,10195,United Kingdom
INV701079,TH-SOCK,Sock 3-Pack,1,2025-10-09 13:00,14.03,10195,United Kingdom
INV701189,TH-BAG,Canvas Tote Bag,1,2025-10-09 14:00,44.29,10213,United Kingdom
INV701189,TH-SCARF,Merino Scarf,1,2025-10-09 14:00,39.78,10213,United Kingdom
INV701189,TH-HAT,Wool Beanie,1,2025-10-09 14:00,24.14,10213,United Kingdom
INV700103,TH-HAT,Wool Beanie,3,2025-10-09 18:00,21.91,10019,United Kingdom
INV701710,TH-TSHIRT,Cotton Tee,3,2025-10-09 18:00,25.16,10318,United Kingdom
INV700103,TH-SHIRT,Oxford Shirt,3,2025-10-09 18:00,58.67,10019,United Kingdom
INV700103,TH-COAT,Wool Overcoat,3,2025-10-09 18:00,186.81,10019,United Kingdom
INV701710,TH-JACK,Denim Jacket,3,2025-10-09 18:00,97.64,10318,United Kingdom
INV701710,TH-JEAN,Slim Fit Jeans,2,2025-10-09 18:00,80.87,10318,United Kingdom
INV700108,TH-BAG,Canvas Tote Bag,2,2025-10-09 19:00,40.65,10019,United Kingdom
INV700211,TH-HAT,Wool Beanie,3,2025-10-10 08:00,20.97,10035,United Kingdom
INV700211,TH-CHINO,Stretch Chinos,2,2025-10-10 08:00,64.84,10035,United Kingdom
INV700211,TH-SHORT,Chino Shorts,1,2025-10-10 08:00,38.76,10035,United Kingdom
INV700463,TH-SHIRT,Oxford Shirt,1,2025-10-10 10:00,53.21,10083,United Kingdom
INV700463,TH-SHIRT,Oxford Shirt,2,2025-10-10 10:00,57.22,10083,United Kingdom
INV700818,TH-SCARF,Merino Scarf,2,2025-10-10 16:00,39.29,10146,United Kingdom
INV700818,TH-JEAN,Slim Fit Jeans,1,2025-10-10 16:00,79.96,10146,United Kingdom
INV700210,TH-COAT,Wool Overcoat,2,2025-10-10 17:00,188.5,10035,United Kingdom
INV700502,TH-BELT,Leather Belt,1,2025-10-10 17:00,35.97,10089,United Kingdom
INV700502,TH-COAT,Wool Overcoat,3,2025-10-10 17:00,186.12,10089,United Kingdom
INV700210,TH-TSHIRT,Cotton Tee,2,2025-10-10 17:00,21.82,10035,United Kingdom
INV700210,TH-HAT,Wool Beanie,1,2025-10-10 17:00,20.15,10035,United Kingdom
INV700502,TH-JACK,Denim Jacket,3,2025-10-10 17:00,99.52,10089,United Kingdom
INV701621,TH-SHORT,Chino Shorts,3,2025-10-10 18:00,41.82,10300,United Kingdom
INV701621,TH-TSHIRT,Cotton Tee,1,2025-10-10 18:00,25.78,10300,United Kingdom
INV700462,TH-JACK,Denim Jacket,3,2025-10-10 19:00,96.59,10083,United Kingdom
INV700462,TH-SCARF,Merino Scarf,3,2025-10-10 19:00,40.11,10083,United Kingdom
INV700462,TH-BOOT,Chelsea Boots,2,2025-10-10 19:00,156.63,10083,United Kingdom
INV701139,TH-COAT,Wool Overcoat,2,2025-10-11 11:00,191.13,10206,Ireland
INV701139,TH-JACK,Denim Jacket,2,2025-10-11 11:00,100.06,10206,Ireland
INV700285,TH-COAT,Wool Overcoat,1,2025-10-12 08:00,185.61,10052,United Kingdom
INV700842,TH-BELT,Leather Belt,1,2025-10-12 08:00,35.51,10153,United Kingdom
INV700285,TH-JEAN,Slim Fit Jeans,3,2025-10-12 08:00,79.12,10052,United Kingdom
INV700111,TH-SHORT,Chino Shorts,2,2025-10-12 10:00,40.0,10019,United Kingdom
INV700111,TH-JEAN,Slim Fit Jeans,2,2025-10-12 10:00,71.5,10019,United Kingdom
INV700109,TH-SCARF,Merino Scarf,2,2025-10-12 11:00,41.23,10019,United Kingdom
INV700110,TH-SHIRT,Oxford Shirt,2,2025-10-12 13:00,54.72,10019,United Kingdom
INV700110,TH-SHOE,Leather Sneakers,3,2025-10-12 13:00,117.52,10019,United Kingdom
INV700110,TH-CHINO,Stretch Chinos,3,2025-10-12 13:00,59.27,10019,United Kingdom
INV700762,TH-TSHIRT,Cotton Tee,2,2025-10-13 12:00,24.29,10137,United Kingdom
INV700762,TH-SCARF,Merino Scarf,3,2025-10-13 12:00,39.9,10137,United Kingdom
INV700762,TH-TSHIRT,Cotton Tee,3,2025-10-13 12:00,24.76,10137,United Kingdom
INV701174,TH-BAG,Canvas Tote Bag,1,2025-10-13 18:00,44.7,10211,United Kingdom
INV701174,TH-COAT,Wool Overcoat,3,2025-10-13 18:00,180.2,10211,United Kingdom
INV700586,TH-SOCK,Sock 3-Pack,3,2025-10-13 19:00,14.82,10107,United Kingdom
INV700586,TH-SCARF,Merino Scarf,2,2025-10-13 19:00,40.34,10107,United Kingdom
INV701559,TH-BOOT,Chelsea Boots,2,2025-10-13 20:00,154.84,10290,Nepal
INV701559,TH-TSHIRT,Cotton Tee,3,2025-10-13 20:00,24.77,10290,Nepal
INV701559,TH-SHIRT,Oxford Shirt,1,2025-10-13 20:00,59.0,10290,Nepal
INV700162,TH-HAT,Wool Beanie,1,2025-10-14 19:00,22.06,10026,United Kingdom
INV700162,TH-TSHIRT,Cotton Tee,1,2025-10-14 19:00,23.95,10026,United Kingdom
INV700162,TH-SHORT,Chino Shorts,2,2025-10-14 19:00,41.2,10026,United Kingdom
INV701225,TH-SCARF,Merino Scarf,2,2025-10-15 08:00,39.11,10219,United Kingdom
INV700596,TH-SHIRT,Oxford Shirt,1,2025-10-15 15:00,53.51,10107,United Kingdom
INV700596,TH-JACK,Denim Jacket,2,2025-10-15 15:00,90.93,10107,United Kingdom
INV700105,TH-SHOE,Leather Sneakers,3,2025-10-15 15:00,136.48,10019,United Kingdom
INV700105,TH-SHORT,Chino Shorts,3,2025-10-15 15:00,43.83,10019,United Kingdom
INV700107,TH-SOCK,Sock 3-Pack,2,2025-10-15 17:00,14.51,10019,United Kingdom
INV700107,TH-SOCK,Sock 3-Pack,1,2025-10-15 17:00,15.39,10019,United Kingdom
INV700104,TH-JACK,Denim Jacket,1,2025-10-15 17:00,101.8,10019,United Kingdom
INV701652,TH-COAT,Wool Overcoat,1,2025-10-15 20:00,183.57,10307,United Kingdom
INV701653,TH-SHORT,Chino Shorts,2,2025-10-16 09:00,44.4,10307,United Kingdom
INV701653,TH-HAT,Wool Beanie,2,2025-10-16 09:00,21.64,10307,United Kingdom
INV700284,TH-SHORT,Chino Shorts,2,2025-10-16 09:00,45.47,10052,United Kingdom
INV700358,TH-BELT,Leather Belt,2,2025-10-16 09:00,35.13,10065,United Kingdom
INV700358,TH-COAT,Wool Overcoat,1,2025-10-16 09:00,202.18,10065,United Kingdom
INV700358,TH-TSHIRT,Cotton Tee,3,2025-10-16 09:00,24.93,10065,United Kingdom
INV701653,TH-COAT,Wool Overcoat,3,2025-10-16 09:00,194.48,10307,United Kingdom
INV700798,TH-JEAN,Slim Fit Jeans,2,2025-10-16 16:00,78.38,10143,United Kingdom
INV701141,TH-SHORT,Chino Shorts,3,2025-10-16 19:00,41.54,10206,Ireland
INV701141,TH-COAT,Wool Overcoat,1,2025-10-16 19:00,173.71,10206,Ireland
INV700288,TH-SHIRT,Oxford Shirt,1,2025-10-16 19:00,53.39,10052,United Kingdom
INV700523,TH-SHIRT,Oxford Shirt,1,2025-10-17 13:00,54.08,10092,United Kingdom
INV700968,TH-BOOT,Chelsea Boots,2,2025-10-17 18:00,155.34,10174,United Kingdom
INV700127,TH-HAT,Wool Beanie,3,2025-10-17 19:00,19.15,10022,United Kingdom
INV701182,TH-SHIRT,Oxford Shirt,3,2025-10-17 19:00,48.84,10212,United Kingdom
INV701182,TH-SHOE,Leather Sneakers,1,2025-10-17 19:00,132.9,10212,United Kingdom
INV701182,TH-JACK,Denim Jacket,3,2025-10-17 19:00,100.55,10212,United Kingdom
INV700686,TH-BELT,Leather Belt,1,2025-10-18 11:00,32.03,10123,United Kingdom
INV700686,TH-SHIRT,Oxford Shirt,3,2025-10-18 11:00,56.01,10123,United Kingdom
INV700686,TH-BELT,Leather Belt,2,2025-10-18 11:00,34.12,10123,United Kingdom
INV700370,TH-SCARF,Merino Scarf,3,2025-10-18 18:00,35.3,10067,United Kingdom
INV700370,TH-BAG,Canvas Tote Bag,3,2025-10-18 18:00,42.95,10067,United Kingdom
INV700963,TH-BAG,Canvas Tote Bag,2,2025-10-19 10:00,45.55,10174,United Kingdom
INV700106,TH-HOOD,Pullover Hoodie,3,2025-10-19 13:00,71.08,10019,United Kingdom
INV700106,TH-JACK,Denim Jacket,3,2025-10-19 13:00,99.27,10019,United Kingdom
INV700106,TH-JEAN,Slim Fit Jeans,2,2025-10-19 13:00,77.72,10019,United Kingdom
INV700517,TH-SOCK,Sock 3-Pack,1,2025-10-19 17:00,15.01,10092,United Kingdom
INV701081,TH-SHORT,Chino Shorts,2,2025-10-19 20:00,42.07,10196,United Kingdom
INV700282,TH-TSHIRT,Cotton Tee,3,2025-10-20 09:00,24.23,10052,United Kingdom
INV700282,TH-HOOD,Pullover Hoodie,1,2025-10-20 09:00,73.25,10052,United Kingdom
INV701101,TH-COAT,Wool Overcoat,2,2025-10-20 12:00,184.14,10199,United Kingdom
INV701101,TH-HAT,Wool Beanie,3,2025-10-20 12:00,20.66,10199,United Kingdom
INV700318,TH-CHINO,Stretch Chinos,3,2025-10-20 16:00,60.19,10057,United Kingdom
INV700701,TH-JACK,Denim Jacket,1,2025-10-20 17:00,102.72,10126,United Kingdom
INV700701,TH-SOCK,Sock 3-Pack,2,2025-10-20 17:00,15.61,10126,United Kingdom
INV700208,TH-JEAN,Slim Fit Jeans,1,2025-10-21 10:00,78.71,10035,United Kingdom
INV701341,TH-HOOD,Pullover Hoodie,2,2025-10-21 13:00,71.41,10241,United Kingdom
INV700245,TH-HAT,Wool Beanie,3,2025-10-21 15:00,20.99,10042,United Kingdom
INV700245,TH-SHOE,Leather Sneakers,2,2025-10-21 15:00,132.18,10042,United Kingdom
INV700245,TH-SHOE,Leather Sneakers,1,2025-10-21 15:00,141.54,10042,United Kingdom
INV701248,TH-SHIRT,Oxford Shirt,2,2025-10-21 19:00,51.47,10223,United Kingdom
INV700453,TH-BAG,Canvas Tote Bag,1,2025-10-22 11:00,46.35,10080,United Kingdom
INV700453,TH-COAT,Wool Overcoat,1,2025-10-22 11:00,202.62,10080,United Kingdom
INV700453,TH-JEAN,Slim Fit Jeans,1,2025-10-22 11:00,81.01,10080,United Kingdom
INV700688,TH-SOCK,Sock 3-Pack,3,2025-10-22 12:00,15.81,10123,United Kingdom
INV700688,TH-BAG,Canvas Tote Bag,1,2025-10-22 12:00,44.57,10123,United Kingdom
INV700044,TH-CHINO,Stretch Chinos,1,2025-10-22 12:00,61.65,10007,United Kingdom
INV700044,TH-SHIRT,Oxford Shirt,2,2025-10-22 12:00,54.78,10007,United Kingdom
INV700044,TH-BAG,Canvas Tote Bag,1,2025-10-22 12:00,46.41,10007,United Kingdom
INV700688,TH-CHINO,Stretch Chinos,3,2025-10-22 12:00,66.49,10123,United Kingdom
INV700601,TH-HAT,Wool Beanie,2,2025-10-22 18:00,24.11,10108,United Kingdom
INV700601,TH-SHIRT,Oxford Shirt,2,2025-10-22 18:00,55.77,10108,United Kingdom
INV701623,TH-HOOD,Pullover Hoodie,3,2025-10-23 13:00,63.31,10302,United Kingdom
INV700045,TH-HOOD,Pullover Hoodie,2,2025-10-23 14:00,72.01,10007,United Kingdom
INV700045,TH-SHORT,Chino Shorts,3,2025-10-23 14:00,42.61,10007,United Kingdom
INV700045,TH-SHORT,Chino Shorts,2,2025-10-23 14:00,40.42,10007,United Kingdom
INV700397,TH-SHIRT,Oxford Shirt,1,2025-10-23 17:00,55.68,10072,France
INV701292,TH-SHORT,Chino Shorts,2,2025-10-23 17:00,42.93,10234,United Kingdom
INV700397,TH-JACK,Denim Jacket,3,2025-10-23 17:00,105.5,10072,France
INV700400,TH-JEAN,Slim Fit Jeans,3,2025-10-25 10:00,83.74,10072,France
INV700687,TH-COAT,Wool Overcoat,2,2025-10-25 17:00,201.44,10123,United Kingdom
INV700687,TH-SHORT,Chino Shorts,3,2025-10-25 17:00,40.23,10123,United Kingdom
INV700681,TH-COAT,Wool Overcoat,2,2025-10-26 10:00,193.02,10123,United Kingdom
INV700681,TH-HAT,Wool Beanie,2,2025-10-26 10:00,22.63,10123,United Kingdom
INV701620,TH-SHORT,Chino Shorts,2,2025-10-26 11:00,44.51,10300,United Kingdom
INV701620,TH-BOOT,Chelsea Boots,2,2025-10-26 11:00,162.51,10300,United Kingdom
INV701620,TH-SHIRT,Oxford Shirt,3,2025-10-26 11:00,59.41,10300,United Kingdom
INV700960,TH-SOCK,Sock 3-Pack,2,2025-10-26 12:00,15.88,10174,United Kingdom
INV700059,TH-BELT,Leather Belt,3,2025-10-26 14:00,32.03,10011,United Kingdom
INV701560,TH-SHOE,Leather Sneakers,2,2025-10-26 19:00,124.95,10290,Nepal
INV701560,TH-SHOE,Leather Sneakers,2,2025-10-26 19:00,130.78,10290,Nepal
INV701253,TH-HOOD,Pullover Hoodie,1,2025-10-26 19:00,74.27,10223,United Kingdom
INV701253,TH-BELT,Leather Belt,3,2025-10-26 19:00,34.65,10223,United Kingdom
INV700684,TH-SHOE,Leather Sneakers,1,2025-10-26 20:00,127.99,10123,United Kingdom
INV700753,TH-BELT,Leather Belt,1,2025-10-27 08:00,33.97,10135,Nepal
INV700753,TH-CHINO,Stretch Chinos,1,2025-10-27 08:00,62.25,10135,Nepal
INV700583,TH-BAG,Canvas Tote Bag,3,2025-10-27 08:00,46.27,10107,United Kingdom
INV700788,TH-TSHIRT,Cotton Tee,3,2025-10-27 18:00,23.41,10142,United Kingdom
INV700129,TH-SHORT,Chino Shorts,1,2025-10-27 20:00,43.49,10022,United Kingdom
INV700129,TH-HAT,Wool Beanie,1,2025-10-27 20:00,21.38,10022,United Kingdom
INV701156,TH-TSHIRT,Cotton Tee,3,2025-10-28 08:00,24.07,10207,United Kingdom
INV701156,TH-SOCK,Sock 3-Pack,3,2025-10-28 08:00,14.78,10207,United Kingdom
INV700058,TH-COAT,Wool Overcoat,1,2025-10-28 10:00,200.19,10011,United Kingdom
INV700058,TH-HAT,Wool Beanie,1,2025-10-28 10:00,21.01,10011,United Kingdom
INV700058,TH-HAT,Wool Beanie,1,2025-10-28 10:00,23.62,10011,United Kingdom
INV700483,TH-BOOT,Chelsea Boots,1,2025-10-28 12:00,161.56,10087,United Kingdom
INV700685,TH-HOOD,Pullover Hoodie,3,2025-10-28 19:00,67.0,10123,United Kingdom
INV700685,TH-HOOD,Pullover Hoodie,3,2025-10-28 19:00,67.97,10123,United Kingdom
INV701227,TH-SHOE,Leather Sneakers,1,2025-10-28 19:00,138.29,10219,United Kingdom
INV701227,TH-BOOT,Chelsea Boots,1,2025-10-28 19:00,165.5,10219,United Kingdom
INV700685,TH-SOCK,Sock 3-Pack,1,2025-10-28 19:00,14.2,10123,United Kingdom
INV700207,TH-BAG,Canvas Tote Bag,1,2025-10-28 20:00,45.66,10035,United Kingdom
INV700207,TH-SHOE,Leather Sneakers,2,2025-10-28 20:00,131.43,10035,United Kingdom
INV700027,TH-BELT,Leather Belt,1,2025-10-29 14:00,34.36,10003,United Kingdom
INV700027,TH-JACK,Denim Jacket,2,2025-10-29 14:00,101.09,10003,United Kingdom
INV700683,TH-BAG,Canvas Tote Bag,2,2025-10-29 16:00,43.79,10123,United Kingdom
INV701409,TH-SOCK,Sock 3-Pack,2,2025-10-29 18:00,14.34,10261,United Kingdom
INV701409,TH-TSHIRT,Cotton Tee,1,2025-10-29 18:00,23.71,10261,United Kingdom
INV700291,TH-HAT,Wool Beanie,1,2025-10-29 19:00,21.46,10052,United Kingdom
INV700291,TH-JACK,Denim Jacket,3,2025-10-29 19:00,97.57,10052,United Kingdom
INV700291,TH-COAT,Wool Overcoat,2,2025-10-29 19:00,199.15,10052,United Kingdom
INV700682,TH-CHINO,Stretch Chinos,2,2025-10-29 19:00,66.91,10123,United Kingdom
INV700682,TH-SHIRT,Oxford Shirt,2,2025-10-29 19:00,55.84,10123,United Kingdom
INV701677,TH-COAT,Wool Overcoat,1,2025-10-30 11:00,180.83,10312,United Kingdom
INV700371,TH-BOOT,Chelsea Boots,1,2025-10-30 13:00,169.81,10067,United Kingdom
INV700371,TH-JEAN,Slim Fit Jeans,2,2025-10-30 13:00,85.84,10067,United Kingdom
INV700700,TH-TSHIRT,Cotton Tee,1,2025-10-30 14:00,23.45,10126,United Kingdom
INV700700,TH-JACK,Denim Jacket,2,2025-10-30 14:00,99.76,10126,United Kingdom
INV700791,TH-SHIRT,Oxford Shirt,3,2025-10-31 11:00,54.64,10143,United Kingdom
INV700078,TH-SHIRT,Oxford Shirt,3,2025-10-31 18:00,54.89,10015,United Kingdom
INV700078,TH-SHOE,Leather Sneakers,1,2025-10-31 18:00,120.77,10015,United Kingdom
INV700796,TH-TSHIRT,Cotton Tee,3,2025-11-01 14:00,24.95,10143,United Kingdom
INV700313,TH-HOOD,Pullover Hoodie,3,2025-11-01 14:00,69.6,10057,United Kingdom
INV700487,TH-JACK,Denim Jacket,2,2025-11-01 18:00,96.21,10087,United Kingdom
INV700487,TH-SCARF,Merino Scarf,2,2025-11-01 18:00,41.03,10087,United Kingdom
INV701679,TH-BOOT,Chelsea Boots,3,2025-11-01 19:00,162.04,10312,United Kingdom
INV701679,TH-BOOT,Chelsea Boots,2,2025-11-01 19:00,152.94,10312,United Kingdom
INV700749,TH-SOCK,Sock 3-Pack,3,2025-11-02 13:00,15.78,10134,United Kingdom
INV700749,TH-BAG,Canvas Tote Bag,1,2025-11-02 13:00,45.0,10134,United Kingdom
INV700584,TH-SOCK,Sock 3-Pack,2,2025-11-02 14:00,15.32,10107,United Kingdom
INV700603,TH-COAT,Wool Overcoat,3,2025-11-02 14:00,187.24,10108,United Kingdom
INV700680,TH-SCARF,Merino Scarf,1,2025-11-02 15:00,38.69,10123,United Kingdom
INV700680,TH-BOOT,Chelsea Boots,1,2025-11-02 15:00,165.0,10123,United Kingdom
INV700680,TH-HOOD,Pullover Hoodie,2,2025-11-02 15:00,69.53,10123,United Kingdom
INV700486,TH-SOCK,Sock 3-Pack,3,2025-11-03 09:00,13.43,10087,United Kingdom
INV700525,TH-JACK,Denim Jacket,1,2025-11-04 08:00,99.84,10093,United Kingdom
INV700525,TH-JACK,Denim Jacket,1,2025-11-04 08:00,104.59,10093,United Kingdom
INV700525,TH-BELT,Leather Belt,2,2025-11-04 08:00,28.77,10093,United Kingdom
INV701555,TH-COAT,Wool Overcoat,1,2025-11-04 11:00,182.93,10289,United Kingdom
INV700484,TH-SCARF,Merino Scarf,1,2025-11-04 19:00,38.99,10087,United Kingdom
INV700484,TH-JACK,Denim Jacket,3,2025-11-04 19:00,107.42,10087,United Kingdom
INV700484,TH-BAG,Canvas Tote Bag,1,2025-11-04 19:00,45.03,10087,United Kingdom
INV700322,TH-CHINO,Stretch Chinos,1,2025-11-05 09:00,59.25,10057,United Kingdom
INV700322,TH-TSHIRT,Cotton Tee,1,2025-11-05 09:00,22.42,10057,United Kingdom
INV700703,TH-SCARF,Merino Scarf,3,2025-11-05 11:00,40.1,10126,United Kingdom
INV700703,TH-SOCK,Sock 3-Pack,3,2025-11-05 11:00,14.99,10126,United Kingdom
INV700703,TH-CHINO,Stretch Chinos,3,2025-11-05 11:00,64.92,10126,United Kingdom
INV701556,TH-SHORT,Chino Shorts,3,2025-11-05 12:00,43.17,10290,Nepal
INV701556,TH-COAT,Wool Overcoat,2,2025-11-05 12:00,192.8,10290,Nepal
INV701556,TH-SCARF,Merino Scarf,2,2025-11-05 12:00,37.07,10290,Nepal
INV701420,TH-SHORT,Chino Shorts,2,2025-11-05 14:00,41.69,10262,United Kingdom
INV700698,TH-JEAN,Slim Fit Jeans,2,2025-11-05 16:00,82.21,10125,United Kingdom
INV700698,TH-BAG,Canvas Tote Bag,2,2025-11-05 16:00,46.1,10125,United Kingdom
INV701276,TH-SHIRT,Oxford Shirt,2,2025-11-07 10:00,55.91,10229,United Kingdom
INV701276,TH-SHIRT,Oxford Shirt,2,2025-11-07 10:00,50.65,10229,United Kingdom
INV701276,TH-SOCK,Sock 3-Pack,2,2025-11-07 10:00,16.27,10229,United Kingdom
INV700840,TH-SHOE,Leather Sneakers,1,2025-11-07 11:00,131.13,10152,United Kingdom
INV701489,TH-TSHIRT,Cotton Tee,2,2025-11-07 12:00,23.49,10276,United Kingdom
INV701489,TH-SCARF,Merino Scarf,2,2025-11-07 12:00,40.45,10276,United Kingdom
INV700319,TH-CHINO,Stretch Chinos,3,2025-11-07 14:00,64.55,10057,United Kingdom
INV700319,TH-JACK,Denim Jacket,3,2025-11-07 14:00,92.82,10057,United Kingdom
INV701180,TH-BELT,Leather Belt,3,2025-11-07 15:00,35.08,10212,United Kingdom
INV701180,TH-SHIRT,Oxford Shirt,3,2025-11-07 15:00,51.83,10212,United Kingdom
INV701258,TH-JACK,Denim Jacket,2,2025-11-07 16:00,104.99,10224,United Kingdom
INV700398,TH-BOOT,Chelsea Boots,2,2025-11-07 16:00,165.45,10072,France
INV700398,TH-SHOE,Leather Sneakers,3,2025-11-07 16:00,126.91,10072,France
INV701258,TH-BOOT,Chelsea Boots,3,2025-11-07 16:00,150.43,10224,United Kingdom
INV700398,TH-BELT,Leather Belt,2,2025-11-07 16:00,35.23,10072,France
INV701258,TH-SOCK,Sock 3-Pack,2,2025-11-07 16:00,14.65,10224,United Kingdom
INV700212,TH-CHINO,Stretch Chinos,3,2025-11-08 12:00,64.14,10035,United Kingdom
INV700212,TH-SHORT,Chino Shorts,3,2025-11-08 12:00,39.87,10035,United Kingdom
INV700212,TH-SCARF,Merino Scarf,3,2025-11-08 12:00,37.37,10035,United Kingdom
INV700839,TH-JEAN,Slim Fit Jeans,3,2025-11-08 13:00,83.8,10152,United Kingdom
INV700838,TH-SCARF,Merino Scarf,2,2025-11-08 17:00,43.19,10152,United Kingdom
INV701038,TH-TSHIRT,Cotton Tee,3,2025-11-09 11:00,25.46,10187,United Kingdom
INV701038,TH-JACK,Denim Jacket,1,2025-11-09 11:00,88.54,10187,United Kingdom
INV700901,TH-SOCK,Sock 3-Pack,3,2025-11-09 12:00,15.09,10162,United Kingdom
INV700745,TH-SHIRT,Oxford Shirt,3,2025-11-09 19:00,50.22,10134,United Kingdom
INV700745,TH-BELT,Leather Belt,1,2025-11-09 19:00,36.75,10134,United Kingdom
INV700745,TH-JEAN,Slim Fit Jeans,1,2025-11-09 19:00,79.81,10134,United Kingdom
INV700824,TH-SCARF,Merino Scarf,1,2025-11-10 09:00,39.74,10149,United Kingdom
INV701329,TH-TSHIRT,Cotton Tee,1,2025-11-10 10:00,25.62,10239,France
INV700964,TH-SHIRT,Oxford Shirt,2,2025-11-10 11:00,56.2,10174,United Kingdom
INV701190,TH-BOOT,Chelsea Boots,2,2025-11-10 13:00,151.88,10214,United Kingdom
INV701190,TH-COAT,Wool Overcoat,3,2025-11-10 13:00,187.05,10214,United Kingdom
INV700290,TH-CHINO,Stretch Chinos,3,2025-11-10 14:00,64.48,10052,United Kingdom
INV700290,TH-SHORT,Chino Shorts,2,2025-11-10 14:00,42.31,10052,United Kingdom
INV700290,TH-SHOE,Leather Sneakers,3,2025-11-10 14:00,123.19,10052,United Kingdom
INV701446,TH-JEAN,Slim Fit Jeans,2,2025-11-10 16:00,78.27,10268,United Kingdom
INV701446,TH-TSHIRT,Cotton Tee,1,2025-11-10 16:00,23.37,10268,United Kingdom
INV701446,TH-HOOD,Pullover Hoodie,2,2025-11-10 16:00,70.42,10268,United Kingdom
INV700490,TH-BOOT,Chelsea Boots,1,2025-11-10 17:00,149.4,10087,United Kingdom
INV700706,TH-HAT,Wool Beanie,1,2025-11-10 18:00,22.48,10126,United Kingdom
INV700706,TH-COAT,Wool Overcoat,3,2025-11-10 18:00,192.3,10126,United Kingdom
INV700706,TH-JACK,Denim Jacket,1,2025-11-10 18:00,92.84,10126,United Kingdom
INV700797,TH-BAG,Canvas Tote Bag,3,2025-11-10 20:00,46.76,10143,United Kingdom
INV700797,TH-SHOE,Leather Sneakers,1,2025-11-10 20:00,126.85,10143,United Kingdom
INV700399,TH-BOOT,Chelsea Boots,2,2025-11-11 15:00,159.46,10072,France
INV700399,TH-JACK,Denim Jacket,1,2025-11-11 15:00,104.06,10072,France
INV700399,TH-CHINO,Stretch Chinos,1,2025-11-11 15:00,62.38,10072,France
INV701261,TH-JACK,Denim Jacket,1,2025-11-11 19:00,98.25,10224,United Kingdom
INV701261,TH-TSHIRT,Cotton Tee,3,2025-11-11 19:00,25.56,10224,United Kingdom
INV700054,TH-SHOE,Leather Sneakers,2,2025-11-11 20:00,129.75,10010,United Kingdom
INV700492,TH-CHINO,Stretch Chinos,2,2025-11-12 14:00,63.44,10087,United Kingdom
INV700492,TH-BAG,Canvas Tote Bag,1,2025-11-12 14:00,46.11,10087,United Kingdom
INV700996,TH-SHOE,Leather Sneakers,3,2025-11-12 15:00,133.97,10179,United Kingdom
INV701100,TH-SOCK,Sock 3-Pack,1,2025-11-12 18:00,15.84,10199,United Kingdom
INV701723,TH-SOCK,Sock 3-Pack,1,2025-11-13 08:00,15.4,10320,United Kingdom
INV701723,TH-SOCK,Sock 3-Pack,2,2025-11-13 08:00,15.63,10320,United Kingdom
INV701723,TH-SCARF,Merino Scarf,1,2025-11-13 08:00,40.67,10320,United Kingdom
INV701487,TH-CHINO,Stretch Chinos,1,2025-11-13 11:00,66.53,10275,United Kingdom
INV701487,TH-SCARF,Merino Scarf,3,2025-11-13 11:00,40.33,10275,United Kingdom
INV701161,TH-CHINO,Stretch Chinos,3,2025-11-13 15:00,68.75,10208,France
INV701161,TH-JACK,Denim Jacket,2,2025-11-13 15:00,99.36,10208,France
INV701161,TH-BELT,Leather Belt,3,2025-11-13 15:00,35.32,10208,France
INV701361,TH-HAT,Wool Beanie,3,2025-11-13 17:00,21.85,10248,United Kingdom
INV701361,TH-JACK,Denim Jacket,3,2025-11-13 17:00,91.77,10248,United Kingdom
INV701445,TH-HAT,Wool Beanie,3,2025-11-13 18:00,20.16,10268,United Kingdom
INV701486,TH-JACK,Denim Jacket,3,2025-11-13 20:00,95.03,10275,United Kingdom
INV701486,TH-CHINO,Stretch Chinos,2,2025-11-13 20:00,64.04,10275,United Kingdom
INV700403,TH-JACK,Denim Jacket,3,2025-11-14 10:00,95.48,10072,France
INV701485,TH-HAT,Wool Beanie,2,2025-11-14 11:00,21.78,10275,United Kingdom
INV701485,TH-BELT,Leather Belt,1,2025-11-14 11:00,36.11,10275,United Kingdom
INV701485,TH-HAT,Wool Beanie,2,2025-11-14 11:00,21.64,10275,United Kingdom
INV701268,TH-TSHIRT,Cotton Tee,1,2025-11-15 08:00,23.69,10226,United Kingdom
INV701268,TH-SHOE,Leather Sneakers,3,2025-11-15 08:00,129.84,10226,United Kingdom
INV701268,TH-SOCK,Sock 3-Pack,3,2025-11-15 08:00,15.83,10226,United Kingdom
INV701471,TH-SOCK,Sock 3-Pack,2,2025-11-15 16:00,12.96,10272,United Kingdom
INV701496,TH-HOOD,Pullover Hoodie,1,2025-11-15 18:00,67.76,10277,United Kingdom
INV701036,TH-BOOT,Chelsea Boots,2,2025-11-15 19:00,162.08,10187,United Kingdom
INV701036,TH-JACK,Denim Jacket,3,2025-11-15 19:00,107.32,10187,United Kingdom
INV701221,TH-SCARF,Merino Scarf,3,2025-11-15 20:00,37.06,10219,United Kingdom
INV701221,TH-SOCK,Sock 3-Pack,3,2025-11-15 20:00,14.73,10219,United Kingdom
INV701221,TH-SHIRT,Oxford Shirt,2,2025-11-15 20:00,56.89,10219,United Kingdom
INV700406,TH-HOOD,Pullover Hoodie,3,2025-11-16 11:00,73.11,10072,France
INV700406,TH-CHINO,Stretch Chinos,1,2025-11-16 11:00,66.29,10072,France
INV700999,TH-CHINO,Stretch Chinos,1,2025-11-16 12:00,63.53,10180,United Kingdom
INV700999,TH-SHOE,Leather Sneakers,2,2025-11-16 12:00,123.39,10180,United Kingdom
INV701561,TH-JEAN,Slim Fit Jeans,1,2025-11-16 20:00,77.3,10290,Nepal
INV701561,TH-JEAN,Slim Fit Jeans,2,2025-11-16 20:00,77.24,10290,Nepal
INV701561,TH-SHIRT,Oxford Shirt,2,2025-11-16 20:00,52.74,10290,Nepal
INV701267,TH-BELT,Leather Belt,2,2025-11-17 09:00,37.31,10226,United Kingdom
INV701267,TH-JEAN,Slim Fit Jeans,3,2025-11-17 09:00,85.37,10226,United Kingdom
INV700699,TH-BOOT,Chelsea Boots,3,2025-11-17 14:00,156.42,10125,United Kingdom
INV700699,TH-JEAN,Slim Fit Jeans,1,2025-11-17 14:00,84.47,10125,United Kingdom
INV700699,TH-HAT,Wool Beanie,2,2025-11-17 14:00,22.38,10125,United Kingdom
INV701356,TH-CHINO,Stretch Chinos,3,2025-11-17 16:00,63.02,10245,United Kingdom
INV701356,TH-SCARF,Merino Scarf,2,2025-11-17 16:00,42.14,10245,United Kingdom
INV701356,TH-JEAN,Slim Fit Jeans,3,2025-11-17 16:00,73.96,10245,United Kingdom
INV700618,TH-HAT,Wool Beanie,1,2025-11-17 17:00,22.74,10113,United Kingdom
INV700618,TH-SOCK,Sock 3-Pack,2,2025-11-17 17:00,15.26,10113,United Kingdom
INV700618,TH-BAG,Canvas Tote Bag,3,2025-11-17 17:00,45.53,10113,United Kingdom
INV701148,TH-BAG,Canvas Tote Bag,3,2025-11-17 18:00,44.18,10207,United Kingdom
INV701148,TH-BOOT,Chelsea Boots,3,2025-11-17 18:00,159.37,10207,United Kingdom
INV701224,TH-TSHIRT,Cotton Tee,2,2025-11-17 20:00,24.77,10219,United Kingdom
INV701224,TH-HAT,Wool Beanie,1,2025-11-17 20:00,23.6,10219,United Kingdom
INV701224,TH-COAT,Wool Overcoat,3,2025-11-17 20:00,194.55,10219,United Kingdom
INV700404,TH-JACK,Denim Jacket,1,2025-11-18 11:00,87.04,10072,France
INV700404,TH-JACK,Denim Jacket,1,2025-11-18 11:00,92.95,10072,France
INV700510,TH-BAG,Canvas Tote Bag,3,2025-11-18 19:00,47.05,10091,United Kingdom
INV700510,TH-HOOD,Pullover Hoodie,3,2025-11-18 19:00,69.85,10091,United Kingdom
INV700363,TH-JEAN,Slim Fit Jeans,2,2025-11-19 09:00,75.7,10065,United Kingdom
INV700016,TH-BOOT,Chelsea Boots,1,2025-11-19 20:00,159.91,10002,United Kingdom
INV700016,TH-SHORT,Chino Shorts,2,2025-11-19 20:00,41.94,10002,United Kingdom
INV700292,TH-COAT,Wool Overcoat,1,2025-11-20 09:00,183.97,10053,United Kingdom
INV700292,TH-COAT,Wool Overcoat,1,2025-11-20 09:00,175.11,10053,United Kingdom
INV700292,TH-SOCK,Sock 3-Pack,2,2025-11-20 09:00,15.49,10053,United Kingdom
INV701187,TH-HOOD,Pullover Hoodie,2,2025-11-20 09:00,71.28,10213,United Kingdom
INV700983,TH-SHIRT,Oxford Shirt,1,2025-11-20 10:00,54.12,10176,United Kingdom
INV701654,TH-SOCK,Sock 3-Pack,1,2025-11-20 16:00,16.6,10307,United Kingdom
INV701654,TH-SOCK,Sock 3-Pack,1,2025-11-20 16:00,15.79,10307,United Kingdom
INV701654,TH-BELT,Leather Belt,3,2025-11-20 16:00,34.51,10307,United Kingdom
INV701354,TH-JEAN,Slim Fit Jeans,2,2025-11-20 20:00,88.75,10245,United Kingdom
INV701354,TH-BELT,Leather Belt,2,2025-11-20 20:00,35.75,10245,United Kingdom
INV700801,TH-JACK,Denim Jacket,3,2025-11-21 08:00,92.91,10143,United Kingdom
INV700801,TH-SCARF,Merino Scarf,2,2025-11-21 08:00,39.3,10143,United Kingdom
INV700801,TH-SCARF,Merino Scarf,2,2025-11-21 08:00,39.02,10143,United Kingdom
INV701184,TH-SCARF,Merino Scarf,1,2025-11-21 10:00,40.57,10213,United Kingdom
INV700825,TH-BOOT,Chelsea Boots,2,2025-11-21 13:00,166.37,10149,United Kingdom
INV701044,TH-SHIRT,Oxford Shirt,3,2025-11-21 15:00,54.02,10188,United Kingdom
INV701504,TH-SOCK,Sock 3-Pack,3,2025-11-21 19:00,15.1,10278,United Kingdom
INV700768,TH-BOOT,Chelsea Boots,3,2025-11-21 20:00,157.71,10139,United Kingdom
INV700768,TH-COAT,Wool Overcoat,2,2025-11-21 20:00,185.21,10139,United Kingdom
INV700768,TH-SHIRT,Oxford Shirt,2,2025-11-21 20:00,55.52,10139,United Kingdom
INV701490,TH-CHINO,Stretch Chinos,3,2025-11-22 09:00,62.31,10276,United Kingdom
INV701490,TH-CHINO,Stretch Chinos,3,2025-11-22 09:00,67.1,10276,United Kingdom
INV700488,TH-SHORT,Chino Shorts,1,2025-11-22 20:00,40.49,10087,United Kingdom
INV700287,TH-SHOE,Leather Sneakers,3,2025-11-23 13:00,136.15,10052,United Kingdom
INV700287,TH-SHIRT,Oxford Shirt,1,2025-11-23 13:00,53.75,10052,United Kingdom
INV700287,TH-SOCK,Sock 3-Pack,2,2025-11-23 13:00,14.16,10052,United Kingdom
INV701488,TH-BOOT,Chelsea Boots,2,2025-11-24 09:00,154.21,10276,United Kingdom
INV701488,TH-TSHIRT,Cotton Tee,2,2025-11-24 09:00,25.68,10276,United Kingdom
INV701488,TH-HAT,Wool Beanie,1,2025-11-24 09:00,21.45,10276,United Kingdom
INV700794,TH-BAG,Canvas Tote Bag,3,2025-11-24 11:00,41.45,10143,United Kingdom
INV701158,TH-HAT,Wool Beanie,3,2025-11-24 16:00,21.24,10208,France
INV701158,TH-COAT,Wool Overcoat,1,2025-11-24 16:00,177.03,10208,France
INV701158,TH-BELT,Leather Belt,2,2025-11-24 16:00,37.02,10208,France
INV700770,TH-SOCK,Sock 3-Pack,1,2025-11-24 20:00,15.18,10139,United Kingdom
INV700770,TH-COAT,Wool Overcoat,1,2025-11-24 20:00,197.07,10139,United Kingdom
INV701562,TH-SOCK,Sock 3-Pack,1,2025-11-25 08:00,14.43,10290,Nepal
INV700356,TH-BOOT,Chelsea Boots,3,2025-11-25 15:00,165.89,10064,United Kingdom
INV700356,TH-BELT,Leather Belt,3,2025-11-25 15:00,37.31,10064,United Kingdom
INV701495,TH-SCARF,Merino Scarf,2,2025-11-25 19:00,39.41,10277,United Kingdom
INV701495,TH-HAT,Wool Beanie,3,2025-11-25 19:00,21.17,10277,United Kingdom
INV701495,TH-SCARF,Merino Scarf,2,2025-11-25 19:00,38.66,10277,United Kingdom
INV701073,TH-SHOE,Leather Sneakers,1,2025-11-26 09:00,136.3,10193,United Kingdom
INV701263,TH-SHOE,Leather Sneakers,3,2025-11-26 19:00,134.45,10224,United Kingdom
INV700077,TH-SHORT,Chino Shorts,1,2025-11-26 19:00,41.61,10015,United Kingdom
INV700077,TH-CHINO,Stretch Chinos,3,2025-11-26 19:00,67.36,10015,United Kingdom
INV701484,TH-COAT,Wool Overcoat,1,2025-11-27 17:00,177.33,10275,United Kingdom
INV701160,TH-SCARF,Merino Scarf,3,2025-11-27 20:00,36.21,10208,France
INV701160,TH-BELT,Leather Belt,1,2025-11-27 20:00,33.52,10208,France
INV701160,TH-TSHIRT,Cotton Tee,1,2025-11-27 20:00,26.78,10208,France
INV700361,TH-BAG,Canvas Tote Bag,1,2025-11-28 09:00,49.48,10065,United Kingdom
INV700361,TH-SHIRT,Oxford Shirt,1,2025-11-28 09:00,51.74,10065,United Kingdom
INV701353,TH-CHINO,Stretch Chinos,3,2025-11-28 09:00,65.56,10245,United Kingdom
INV701353,TH-SHIRT,Oxford Shirt,3,2025-11-28 09:00,53.09,10245,United Kingdom
INV701353,TH-SOCK,Sock 3-Pack,3,2025-11-28 09:00,14.91,10245,United Kingdom
INV700361,TH-BOOT,Chelsea Boots,1,2025-11-28 09:00,153.45,10065,United Kingdom
INV700561,TH-SOCK,Sock 3-Pack,1,2025-11-29 09:00,15.32,10102,United Kingdom
INV701529,TH-BELT,Leather Belt,2,2025-11-29 10:00,35.83,10284,United Kingdom
INV701529,TH-SHOE,Leather Sneakers,1,2025-11-29 10:00,128.83,10284,United Kingdom
INV700748,TH-COAT,Wool Overcoat,1,2025-11-29 12:00,183.25,10134,United Kingdom
INV700748,TH-BAG,Canvas Tote Bag,3,2025-11-29 12:00,45.24,10134,United Kingdom
INV700748,TH-BELT,Leather Belt,3,2025-11-29 12:00,35.91,10134,United Kingdom
INV700227,TH-CHINO,Stretch Chinos,2,2025-11-29 13:00,66.83,10038,United Kingdom
INV700227,TH-TSHIRT,Cotton Tee,3,2025-11-29 13:00,24.94,10038,United Kingdom
INV700227,TH-TSHIRT,Cotton Tee,3,2025-11-29 13:00,25.38,10038,United Kingdom
INV701551,TH-SHOE,Leather Sneakers,1,2025-11-29 15:00,126.04,10288,United Kingdom
INV700359,TH-BELT,Leather Belt,2,2025-11-29 19:00,36.08,10065,United Kingdom
INV700359,TH-SCARF,Merino Scarf,3,2025-11-29 19:00,38.51,10065,United Kingdom
INV701530,TH-SHORT,Chino Shorts,2,2025-11-30 12:00,37.26,10284,United Kingdom
INV701530,TH-BOOT,Chelsea Boots,2,2025-11-30 12:00,171.58,10284,United Kingdom
INV700971,TH-SCARF,Merino Scarf,1,2025-11-30 13:00,40.79,10174,United Kingdom
INV701053,TH-COAT,Wool Overcoat,3,2025-11-30 13:00,186.07,10190,United Kingdom
INV701053,TH-JEAN,Slim Fit Jeans,1,2025-11-30 13:00,81.0,10190,United Kingdom
INV701053,TH-BOOT,Chelsea Boots,2,2025-11-30 13:00,167.76,10190,United Kingdom
INV700826,TH-CHINO,Stretch Chinos,2,2025-11-30 14:00,67.62,10149,United Kingdom
INV700826,TH-SOCK,Sock 3-Pack,2,2025-11-30 14:00,14.23,10149,United Kingdom
INV700826,TH-SHIRT,Oxford Shirt,1,2025-11-30 14:00,60.68,10149,United Kingdom
INV700560,TH-BOOT,Chelsea Boots,2,2025-11-30 16:00,161.62,10102,United Kingdom
INV700560,TH-JEAN,Slim Fit Jeans,3,2025-11-30 16:00,78.71,10102,United Kingdom
INV700369,TH-HOOD,Pullover Hoodie,3,2025-12-01 10:00,67.35,10067,United Kingdom
INV700369,TH-JACK,Denim Jacket,1,2025-12-01 10:00,95.77,10067,United Kingdom
INV701483,TH-BOOT,Chelsea Boots,1,2025-12-01 13:00,157.38,10275,United Kingdom
INV701483,TH-BELT,Leather Belt,3,2025-12-01 13:00,32.26,10275,United Kingdom
INV701483,TH-TSHIRT,Cotton Tee,3,2025-12-01 13:00,22.85,10275,United Kingdom
INV701194,TH-BOOT,Chelsea Boots,1,2025-12-01 13:00,155.73,10214,United Kingdom
INV700057,TH-CHINO,Stretch Chinos,2,2025-12-01 18:00,66.4,10010,United Kingdom
INV700209,TH-TSHIRT,Cotton Tee,2,2025-12-01 18:00,23.41,10035,United Kingdom
INV701401,TH-BAG,Canvas Tote Bag,3,2025-12-01 20:00,38.5,10259,United Kingdom
INV700704,TH-TSHIRT,Cotton Tee,3,2025-12-02 09:00,23.97,10126,United Kingdom
INV700704,TH-CHINO,Stretch Chinos,2,2025-12-02 09:00,64.8,10126,United Kingdom
INV700704,TH-JACK,Denim Jacket,3,2025-12-02 09:00,95.7,10126,United Kingdom
INV701260,TH-BAG,Canvas Tote Bag,3,2025-12-02 12:00,49.36,10224,United Kingdom
INV700771,TH-SHIRT,Oxford Shirt,3,2025-12-02 12:00,52.72,10139,United Kingdom
INV700771,TH-COAT,Wool Overcoat,2,2025-12-02 12:00,176.36,10139,United Kingdom
INV700771,TH-SCARF,Merino Scarf,1,2025-12-02 12:00,37.62,10139,United Kingdom
INV701260,TH-BELT,Leather Belt,3,2025-12-02 12:00,34.45,10224,United Kingdom
INV701260,TH-HAT,Wool Beanie,3,2025-12-02 12:00,22.05,10224,United Kingdom
INV700793,TH-CHINO,Stretch Chinos,2,2025-12-02 13:00,62.05,10143,United Kingdom
INV700793,TH-HAT,Wool Beanie,2,2025-12-02 13:00,20.24,10143,United Kingdom
INV700316,TH-HOOD,Pullover Hoodie,3,2025-12-02 16:00,70.27,10057,United Kingdom
INV701033,TH-SCARF,Merino Scarf,2,2025-12-02 16:00,39.63,10187,United Kingdom
INV701033,TH-TSHIRT,Cotton Tee,1,2025-12-02 16:00,23.38,10187,United Kingdom
INV700316,TH-SHOE,Leather Sneakers,1,2025-12-02 16:00,136.91,10057,United Kingdom
INV700750,TH-HAT,Wool Beanie,3,2025-12-02 17:00,22.42,10134,United Kingdom
INV701681,TH-HOOD,Pullover Hoodie,1,2025-12-04 10:00,70.13,10313,United Kingdom
INV701681,TH-HAT,Wool Beanie,1,2025-12-04 10:00,22.97,10313,United Kingdom
INV700526,TH-HAT,Wool Beanie,1,2025-12-04 16:00,20.77,10093,United Kingdom
INV700526,TH-SHORT,Chino Shorts,2,2025-12-04 16:00,42.39,10093,United Kingdom
INV700526,TH-HAT,Wool Beanie,2,2025-12-04 16:00,24.88,10093,United Kingdom
INV700167,TH-SHORT,Chino Shorts,3,2025-12-04 20:00,42.99,10027,United Kingdom
INV700524,TH-SCARF,Merino Scarf,2,2025-12-04 20:00,35.23,10093,United Kingdom
INV700167,TH-TSHIRT,Cotton Tee,3,2025-12-04 20:00,24.37,10027,United Kingdom
INV700280,TH-SOCK,Sock 3-Pack,3,2025-12-05 11:00,14.87,10050,United Kingdom
INV700280,TH-JEAN,Slim Fit Jeans,2,2025-12-05 11:00,87.45,10050,United Kingdom
INV700619,TH-HAT,Wool Beanie,3,2025-12-05 15:00,21.46,10113,United Kingdom
INV701259,TH-BELT,Leather Belt,3,2025-12-05 18:00,35.0,10224,United Kingdom
INV701264,TH-BOOT,Chelsea Boots,2,2025-12-06 13:00,156.72,10224,United Kingdom
INV701264,TH-SHIRT,Oxford Shirt,1,2025-12-06 13:00,51.7,10224,United Kingdom
INV701264,TH-BAG,Canvas Tote Bag,1,2025-12-06 13:00,44.08,10224,United Kingdom
INV701037,TH-SHIRT,Oxford Shirt,1,2025-12-06 14:00,51.07,10187,United Kingdom
INV700468,TH-SCARF,Merino Scarf,3,2025-12-06 18:00,40.92,10084,United Kingdom
INV700468,TH-SCARF,Merino Scarf,2,2025-12-06 18:00,42.3,10084,United Kingdom
INV701703,TH-HOOD,Pullover Hoodie,2,2025-12-06 19:00,72.51,10316,United Kingdom
INV701703,TH-HAT,Wool Beanie,2,2025-12-06 19:00,21.28,10316,United Kingdom
INV701703,TH-BELT,Leather Belt,1,2025-12-06 19:00,35.17,10316,United Kingdom
INV700549,TH-SOCK,Sock 3-Pack,2,2025-12-07 08:00,15.53,10099,France
INV700549,TH-SOCK,Sock 3-Pack,2,2025-12-07 08:00,14.95,10099,France
INV701398,TH-COAT,Wool Overcoat,1,2025-12-07 12:00,174.07,10259,United Kingdom
INV701398,TH-JACK,Denim Jacket,1,2025-12-07 12:00,98.19,10259,United Kingdom
INV700993,TH-BELT,Leather Belt,1,2025-12-07 18:00,34.21,10178,United Kingdom
INV700559,TH-HAT,Wool Beanie,2,2025-12-07 20:00,23.78,10102,United Kingdom
INV700559,TH-BAG,Canvas Tote Bag,2,2025-12-07 20:00,45.43,10102,United Kingdom
INV700559,TH-HOOD,Pullover Hoodie,2,2025-12-07 20:00,64.84,10102,United Kingdom
INV701443,TH-HOOD,Pullover Hoodie,1,2025-12-08 12:00,70.82,10268,United Kingdom
INV700304,TH-BELT,Leather Belt,1,2025-12-08 17:00,31.66,10055,United Kingdom
INV700304,TH-BELT,Leather Belt,1,2025-12-08 17:00,30.77,10055,United Kingdom
INV700080,TH-TSHIRT,Cotton Tee,1,2025-12-09 12:00,23.85,10016,United Kingdom
INV700080,TH-HAT,Wool Beanie,3,2025-12-09 12:00,23.53,10016,United Kingdom
INV701444,TH-JACK,Denim Jacket,2,2025-12-09 12:00,103.69,10268,United Kingdom
INV701444,TH-SHORT,Chino Shorts,3,2025-12-09 12:00,40.96,10268,United Kingdom
INV701399,TH-COAT,Wool Overcoat,2,2025-12-09 13:00,186.37,10259,United Kingdom
INV701399,TH-BELT,Leather Belt,3,2025-12-09 13:00,34.75,10259,United Kingdom
INV701399,TH-BOOT,Chelsea Boots,3,2025-12-09 13:00,164.32,10259,United Kingdom
INV700070,TH-BELT,Leather Belt,2,2025-12-09 17:00,36.62,10013,United Kingdom
INV700320,TH-HOOD,Pullover Hoodie,2,2025-12-09 17:00,71.94,10057,United Kingdom
INV700320,TH-JACK,Denim Jacket,2,2025-12-09 17:00,99.82,10057,United Kingdom
INV700967,TH-HAT,Wool Beanie,3,2025-12-09 19:00,23.37,10174,United Kingdom
INV700967,TH-CHINO,Stretch Chinos,1,2025-12-09 19:00,61.35,10174,United Kingdom
INV701155,TH-SOCK,Sock 3-Pack,3,2025-12-09 20:00,14.28,10207,United Kingdom
INV701155,TH-SOCK,Sock 3-Pack,3,2025-12-09 20:00,15.63,10207,United Kingdom
INV700827,TH-HAT,Wool Beanie,3,2025-12-10 17:00,21.5,10149,United Kingdom
INV701054,TH-BOOT,Chelsea Boots,2,2025-12-10 18:00,170.98,10190,United Kingdom
INV701054,TH-JEAN,Slim Fit Jeans,2,2025-12-10 18:00,82.47,10190,United Kingdom
INV701054,TH-HOOD,Pullover Hoodie,1,2025-12-10 18:00,71.32,10190,United Kingdom
INV700622,TH-SHORT,Chino Shorts,1,2025-12-11 10:00,42.02,10113,United Kingdom
INV700622,TH-JACK,Denim Jacket,3,2025-12-11 10:00,96.25,10113,United Kingdom
INV701498,TH-SHIRT,Oxford Shirt,3,2025-12-11 11:00,57.0,10277,United Kingdom
INV701498,TH-SHIRT,Oxford Shirt,3,2025-12-11 11:00,49.35,10277,United Kingdom
INV701498,TH-CHINO,Stretch Chinos,1,2025-12-11 11:00,61.38,10277,United Kingdom
INV701554,TH-SHIRT,Oxford Shirt,3,2025-12-11 13:00,53.55,10289,United Kingdom
INV701554,TH-BOOT,Chelsea Boots,1,2025-12-11 13:00,158.09,10289,United Kingdom
INV701230,TH-SHOE,Leather Sneakers,2,2025-12-11 14:00,123.67,10219,United Kingdom
INV701230,TH-CHINO,Stretch Chinos,1,2025-12-11 14:00,57.97,10219,United Kingdom
INV700228,TH-JACK,Denim Jacket,1,2025-12-11 15:00,95.05,10038,United Kingdom
INV700228,TH-SHOE,Leather Sneakers,3,2025-12-11 15:00,125.74,10038,United Kingdom
INV700228,TH-BAG,Canvas Tote Bag,2,2025-12-11 15:00,44.41,10038,United Kingdom
INV700972,TH-SHOE,Leather Sneakers,1,2025-12-11 17:00,121.64,10174,United Kingdom
INV700972,TH-BELT,Leather Belt,2,2025-12-11 17:00,34.57,10174,United Kingdom
INV701115,TH-BOOT,Chelsea Boots,3,2025-12-11 18:00,153.22,10201,United Kingdom
INV700765,TH-BAG,Canvas Tote Bag,3,2025-12-12 08:00,46.2,10138,United Kingdom
INV700765,TH-SHIRT,Oxford Shirt,2,2025-12-12 08:00,51.2,10138,United Kingdom
INV700765,TH-SHOE,Leather Sneakers,1,2025-12-12 08:00,137.46,10138,United Kingdom
INV700156,TH-SOCK,Sock 3-Pack,3,2025-12-12 11:00,15.04,10026,United Kingdom
INV700156,TH-SHOE,Leather Sneakers,2,2025-12-12 11:00,131.87,10026,United Kingdom
INV700889,TH-SHORT,Chino Shorts,2,2025-12-12 16:00,40.21,10160,United Kingdom
INV700889,TH-SCARF,Merino Scarf,1,2025-12-12 16:00,37.25,10160,United Kingdom
INV700081,TH-SHOE,Leather Sneakers,2,2025-12-12 20:00,130.62,10016,United Kingdom
INV700081,TH-CHINO,Stretch Chinos,3,2025-12-12 20:00,70.56,10016,United Kingdom
INV700081,TH-SHIRT,Oxford Shirt,1,2025-12-12 20:00,56.01,10016,United Kingdom
INV701228,TH-SHOE,Leather Sneakers,3,2025-12-13 17:00,134.29,10219,United Kingdom
INV701228,TH-HOOD,Pullover Hoodie,3,2025-12-13 17:00,62.96,10219,United Kingdom
INV701228,TH-COAT,Wool Overcoat,1,2025-12-13 17:00,191.84,10219,United Kingdom
INV701234,TH-COAT,Wool Overcoat,2,2025-12-13 19:00,193.02,10219,United Kingdom
INV700769,TH-SCARF,Merino Scarf,2,2025-12-14 08:00,36.89,10139,United Kingdom
INV701151,TH-HOOD,Pullover Hoodie,1,2025-12-14 15:00,64.69,10207,United Kingdom
INV701151,TH-JACK,Denim Jacket,3,2025-12-14 15:00,97.96,10207,United Kingdom
INV701442,TH-HOOD,Pullover Hoodie,2,2025-12-14 16:00,72.77,10268,United Kingdom
INV701442,TH-CHINO,Stretch Chinos,3,2025-12-14 16:00,64.15,10268,United Kingdom
INV700966,TH-JACK,Denim Jacket,1,2025-12-15 09:00,105.52,10174,United Kingdom
INV700966,TH-SHORT,Chino Shorts,2,2025-12-15 09:00,41.88,10174,United Kingdom
INV701400,TH-SCARF,Merino Scarf,1,2025-12-15 15:00,40.07,10259,United Kingdom
INV701071,TH-BAG,Canvas Tote Bag,2,2025-12-15 15:00,45.76,10193,United Kingdom
INV700763,TH-BELT,Leather Belt,2,2025-12-15 16:00,34.64,10137,United Kingdom
INV700763,TH-JEAN,Slim Fit Jeans,1,2025-12-15 16:00,81.1,10137,United Kingdom
INV700965,TH-BELT,Leather Belt,2,2025-12-16 12:00,32.86,10174,United Kingdom
INV701466,TH-CHINO,Stretch Chinos,1,2025-12-16 19:00,66.82,10272,United Kingdom
INV701466,TH-SHOE,Leather Sneakers,3,2025-12-16 19:00,134.05,10272,United Kingdom
INV701466,TH-BAG,Canvas Tote Bag,2,2025-12-16 19:00,45.92,10272,United Kingdom
INV700272,TH-COAT,Wool Overcoat,3,2025-12-17 08:00,201.49,10049,United Kingdom
INV700914,TH-BAG,Canvas Tote Bag,2,2025-12-17 10:00,42.6,10164,United Kingdom
INV701528,TH-JACK,Denim Jacket,1,2025-12-17 13:00,96.37,10284,United Kingdom
INV701528,TH-SOCK,Sock 3-Pack,1,2025-12-17 13:00,14.27,10284,United Kingdom
INV701076,TH-CHINO,Stretch Chinos,2,2025-12-17 14:00,58.37,10194,Germany
INV701076,TH-COAT,Wool Overcoat,1,2025-12-17 14:00,170.31,10194,Germany
INV701076,TH-JACK,Denim Jacket,3,2025-12-17 14:00,95.52,10194,Germany
INV701075,TH-BOOT,Chelsea Boots,1,2025-12-17 16:00,155.39,10194,Germany
INV701075,TH-BAG,Canvas Tote Bag,2,2025-12-17 16:00,45.28,10194,Germany
INV701075,TH-SHORT,Chino Shorts,3,2025-12-17 16:00,43.74,10194,Germany
INV701222,TH-TSHIRT,Cotton Tee,2,2025-12-18 09:00,23.71,10219,United Kingdom
INV701222,TH-TSHIRT,Cotton Tee,3,2025-12-18 09:00,23.83,10219,United Kingdom
INV701527,TH-SHORT,Chino Shorts,1,2025-12-18 10:00,45.12,10283,United Kingdom
INV700991,TH-JACK,Denim Jacket,2,2025-12-18 12:00,90.13,10178,United Kingdom
INV700991,TH-SHIRT,Oxford Shirt,1,2025-12-18 12:00,59.15,10178,United Kingdom
INV700522,TH-TSHIRT,Cotton Tee,1,2025-12-18 15:00,22.78,10092,United Kingdom
INV700067,TH-HAT,Wool Beanie,3,2025-12-18 18:00,20.76,10013,United Kingdom
INV700067,TH-JEAN,Slim Fit Jeans,2,2025-12-18 18:00,80.93,10013,United Kingdom
INV700067,TH-BOOT,Chelsea Boots,3,2025-12-18 18:00,143.75,10013,United Kingdom
INV701157,TH-BELT,Leather Belt,3,2025-12-18 20:00,34.31,10208,France
INV701157,TH-BOOT,Chelsea Boots,1,2025-12-18 20:00,164.45,10208,France
INV701157,TH-SOCK,Sock 3-Pack,2,2025-12-18 20:00,14.88,10208,France
INV701001,TH-SOCK,Sock 3-Pack,2,2025-12-19 20:00,15.59,10180,United Kingdom
INV701001,TH-SHIRT,Oxford Shirt,1,2025-12-19 20:00,58.43,10180,United Kingdom
INV701034,TH-CHINO,Stretch Chinos,3,2025-12-20 10:00,63.98,10187,United Kingdom
INV701034,TH-HAT,Wool Beanie,3,2025-12-20 10:00,19.94,10187,United Kingdom
INV701034,TH-SHOE,Leather Sneakers,1,2025-12-20 10:00,116.56,10187,United Kingdom
INV701112,TH-JACK,Denim Jacket,3,2025-12-20 13:00,98.1,10201,United Kingdom
INV701112,TH-SHIRT,Oxford Shirt,1,2025-12-20 13:00,53.98,10201,United Kingdom
INV701112,TH-COAT,Wool Overcoat,2,2025-12-20 13:00,173.22,10201,United Kingdom
INV701531,TH-BELT,Leather Belt,3,2025-12-20 15:00,37.61,10284,United Kingdom
INV701531,TH-BAG,Canvas Tote Bag,2,2025-12-20 15:00,49.54,10284,United Kingdom
INV700424,TH-HOOD,Pullover Hoodie,3,2025-12-20 17:00,70.02,10074,United States
INV700707,TH-HAT,Wool Beanie,2,2025-12-22 11:00,20.65,10126,United Kingdom
INV700707,TH-COAT,Wool Overcoat,3,2025-12-22 11:00,186.53,10126,United Kingdom
INV701645,TH-BOOT,Chelsea Boots,2,2025-12-22 15:00,164.58,10305,United Kingdom
INV701645,TH-JACK,Denim Jacket,2,2025-12-22 15:00,94.2,10305,United Kingdom
INV701645,TH-HAT,Wool Beanie,3,2025-12-22 15:00,22.15,10305,United Kingdom
INV700992,TH-COAT,Wool Overcoat,3,2025-12-22 17:00,178.67,10178,United Kingdom
INV700992,TH-HOOD,Pullover Hoodie,1,2025-12-22 17:00,72.06,10178,United Kingdom
INV700992,TH-BELT,Leather Belt,1,2025-12-22 17:00,35.3,10178,United Kingdom
INV701557,TH-CHINO,Stretch Chinos,3,2025-12-22 19:00,65.12,10290,Nepal
INV701557,TH-SHORT,Chino Shorts,3,2025-12-22 19:00,45.94,10290,Nepal
INV701294,TH-BELT,Leather Belt,1,2025-12-22 19:00,36.07,10234,United Kingdom
INV700961,TH-SHORT,Chino Shorts,3,2025-12-23 09:00,38.71,10174,United Kingdom
INV700744,TH-BAG,Canvas Tote Bag,2,2025-12-23 14:00,43.74,10134,United Kingdom
INV701534,TH-COAT,Wool Overcoat,1,2025-12-23 19:00,191.23,10285,Ireland
INV701534,TH-BAG,Canvas Tote Bag,3,2025-12-23 19:00,47.43,10285,Ireland
INV701534,TH-BOOT,Chelsea Boots,1,2025-12-23 19:00,142.93,10285,Ireland
INV700071,TH-COAT,Wool Overcoat,1,2025-12-24 19:00,171.73,10014,United Kingdom
INV701433,TH-HOOD,Pullover Hoodie,1,2025-12-24 20:00,69.09,10265,United Kingdom
INV701433,TH-SHORT,Chino Shorts,1,2025-12-24 20:00,41.16,10265,United Kingdom
INV701433,TH-HOOD,Pullover Hoodie,3,2025-12-24 20:00,67.85,10265,United Kingdom
INV700171,TH-CHINO,Stretch Chinos,3,2025-12-24 20:00,68.41,10027,United Kingdom
INV700074,TH-BAG,Canvas Tote Bag,2,2025-12-25 11:00,46.17,10015,United Kingdom
INV700743,TH-HOOD,Pullover Hoodie,3,2025-12-25 13:00,70.46,10134,United Kingdom
INV701437,TH-HAT,Wool Beanie,2,2025-12-25 19:00,21.97,10265,United Kingdom
INV701295,TH-BOOT,Chelsea Boots,1,2025-12-26 09:00,149.17,10234,United Kingdom
INV701422,TH-COAT,Wool Overcoat,2,2025-12-26 15:00,178.9,10262,United Kingdom
INV701422,TH-HOOD,Pullover Hoodie,3,2025-12-26 15:00,70.62,10262,United Kingdom
INV701422,TH-CHINO,Stretch Chinos,1,2025-12-26 15:00,65.27,10262,United Kingdom
INV701558,TH-BOOT,Chelsea Boots,1,2025-12-26 17:00,159.7,10290,Nepal
INV701558,TH-SHORT,Chino Shorts,2,2025-12-26 17:00,41.71,10290,Nepal
INV701558,TH-SOCK,Sock 3-Pack,3,2025-12-26 17:00,14.96,10290,Nepal
INV701159,TH-SHIRT,Oxford Shirt,2,2025-12-26 18:00,58.72,10208,France
INV701159,TH-HOOD,Pullover Hoodie,2,2025-12-26 18:00,68.33,10208,France
INV701159,TH-JEAN,Slim Fit Jeans,3,2025-12-26 18:00,85.82,10208,France
INV700766,TH-BAG,Canvas Tote Bag,1,2025-12-26 19:00,44.04,10138,United Kingdom
INV700766,TH-HOOD,Pullover Hoodie,3,2025-12-26 19:00,71.74,10138,United Kingdom
INV701275,TH-TSHIRT,Cotton Tee,2,2025-12-27 19:00,24.1,10229,United Kingdom
INV701275,TH-BAG,Canvas Tote Bag,2,2025-12-27 19:00,45.81,10229,United Kingdom
INV701275,TH-TSHIRT,Cotton Tee,3,2025-12-27 19:00,21.12,10229,United Kingdom
INV701134,TH-BELT,Leather Belt,3,2025-12-28 08:00,34.12,10205,United Kingdom
INV701391,TH-SHOE,Leather Sneakers,3,2025-12-28 12:00,124.77,10255,United Kingdom
INV701391,TH-TSHIRT,Cotton Tee,2,2025-12-28 12:00,24.54,10255,United Kingdom
INV701391,TH-CHINO,Stretch Chinos,3,2025-12-28 12:00,63.56,10255,United Kingdom
INV701370,TH-JEAN,Slim Fit Jeans,1,2025-12-28 18:00,75.03,10251,United Kingdom
INV701470,TH-CHINO,Stretch Chinos,3,2025-12-29 09:00,67.1,10272,United Kingdom
INV701470,TH-TSHIRT,Cotton Tee,2,2025-12-29 09:00,21.68,10272,United Kingdom
INV701470,TH-HAT,Wool Beanie,2,2025-12-29 09:00,22.09,10272,United Kingdom
INV701165,TH-SHIRT,Oxford Shirt,1,2025-12-29 15:00,51.27,10209,United Kingdom
INV701165,TH-BAG,Canvas Tote Bag,2,2025-12-29 15:00,45.61,10209,United Kingdom
INV701165,TH-COAT,Wool Overcoat,3,2025-12-29 15:00,183.34,10209,United Kingdom
INV700519,TH-COAT,Wool Overcoat,2,2025-12-29 17:00,184.66,10092,United Kingdom
INV700519,TH-JEAN,Slim Fit Jeans,2,2025-12-29 17:00,81.79,10092,United Kingdom
INV700519,TH-HAT,Wool Beanie,2,2025-12-29 17:00,22.31,10092,United Kingdom
INV701117,TH-HAT,Wool Beanie,1,2025-12-30 13:00,22.05,10201,United Kingdom
INV701117,TH-BOOT,Chelsea Boots,3,2025-12-30 13:00,143.93,10201,United Kingdom
INV700611,TH-BAG,Canvas Tote Bag,1,2025-12-30 18:00,45.91,10111,Germany
INV700611,TH-TSHIRT,Cotton Tee,1,2025-12-30 18:00,26.33,10111,Germany
INV701392,TH-SHIRT,Oxford Shirt,3,2025-12-31 09:00,54.06,10255,United Kingdom
INV700746,TH-COAT,Wool Overcoat,1,2025-12-31 12:00,202.28,10134,United Kingdom
INV700746,TH-SHOE,Leather Sneakers,2,2025-12-31 12:00,126.74,10134,United Kingdom
INV700893,TH-TSHIRT,Cotton Tee,3,2025-12-31 17:00,22.17,10160,United Kingdom
INV700893,TH-SOCK,Sock 3-Pack,3,2025-12-31 17:00,16.42,10160,United Kingdom
INV700076,TH-JEAN,Slim Fit Jeans,2,2025-12-31 19:00,77.51,10015,United Kingdom
INV701440,TH-JACK,Denim Jacket,1,2026-01-01 15:00,91.27,10266,United Kingdom
INV701440,TH-HAT,Wool Beanie,3,2026-01-01 15:00,21.13,10266,United Kingdom
INV701440,TH-HAT,Wool Beanie,1,2026-01-01 15:00,23.61,10266,United Kingdom
INV700851,TH-CHINO,Stretch Chinos,3,2026-01-01 19:00,61.54,10155,United Kingdom
INV700380,TH-SHORT,Chino Shorts,3,2026-01-01 19:00,42.55,10069,United Kingdom
INV701360,TH-SCARF,Merino Scarf,3,2026-01-03 14:00,40.54,10248,United Kingdom
INV701360,TH-BELT,Leather Belt,3,2026-01-03 14:00,33.28,10248,United Kingdom
INV700155,TH-BOOT,Chelsea Boots,1,2026-01-03 17:00,150.61,10026,United Kingdom
INV700422,TH-JACK,Denim Jacket,3,2026-01-04 08:00,86.78,10074,United States
INV700548,TH-BAG,Canvas Tote Bag,2,2026-01-04 13:00,49.1,10099,France
INV700465,TH-HOOD,Pullover Hoodie,1,2026-01-04 13:00,72.7,10084,United Kingdom
INV700465,TH-BELT,Leather Belt,1,2026-01-04 13:00,33.71,10084,United Kingdom
INV700784,TH-HAT,Wool Beanie,3,2026-01-04 16:00,19.33,10141,United Kingdom
INV700489,TH-JEAN,Slim Fit Jeans,3,2026-01-05 08:00,80.63,10087,United Kingdom
INV700489,TH-SOCK,Sock 3-Pack,1,2026-01-05 08:00,16.01,10087,United Kingdom
INV700226,TH-HAT,Wool Beanie,1,2026-01-06 12:00,23.75,10038,United Kingdom
INV701305,TH-BELT,Leather Belt,2,2026-01-06 12:00,35.66,10236,United Kingdom
INV700379,TH-JEAN,Slim Fit Jeans,1,2026-01-06 14:00,82.04,10069,United Kingdom
INV701501,TH-SHOE,Leather Sneakers,2,2026-01-06 14:00,136.46,10278,United Kingdom
INV701501,TH-JEAN,Slim Fit Jeans,3,2026-01-06 14:00,79.62,10278,United Kingdom
INV701501,TH-SHIRT,Oxford Shirt,1,2026-01-06 14:00,50.39,10278,United Kingdom
INV700379,TH-JEAN,Slim Fit Jeans,3,2026-01-06 14:00,79.04,10069,United Kingdom
INV700379,TH-SHOE,Leather Sneakers,2,2026-01-06 14:00,134.29,10069,United Kingdom
INV700177,TH-TSHIRT,Cotton Tee,1,2026-01-06 15:00,24.54,10028,United Kingdom
INV701136,TH-CHINO,Stretch Chinos,2,2026-01-06 16:00,58.07,10205,United Kingdom
INV701136,TH-COAT,Wool Overcoat,2,2026-01-06 16:00,190.81,10205,United Kingdom
INV700787,TH-BAG,Canvas Tote Bag,2,2026-01-06 17:00,45.24,10141,United Kingdom
INV700787,TH-JACK,Denim Jacket,3,2026-01-06 17:00,93.1,10141,United Kingdom
INV700787,TH-JACK,Denim Jacket,2,2026-01-06 17:00,94.92,10141,United Kingdom
INV701497,TH-BOOT,Chelsea Boots,1,2026-01-06 18:00,168.97,10277,United Kingdom
INV701497,TH-SCARF,Merino Scarf,2,2026-01-06 18:00,38.63,10277,United Kingdom
INV700179,TH-HAT,Wool Beanie,3,2026-01-06 20:00,21.45,10028,United Kingdom
INV700179,TH-JEAN,Slim Fit Jeans,3,2026-01-06 20:00,78.34,10028,United Kingdom
INV700066,TH-BELT,Leather Belt,3,2026-01-07 10:00,33.39,10013,United Kingdom
INV700066,TH-SHORT,Chino Shorts,1,2026-01-07 10:00,43.35,10013,United Kingdom
INV700066,TH-BELT,Leather Belt,2,2026-01-07 10:00,38.6,10013,United Kingdom
INV700068,TH-SHORT,Chino Shorts,1,2026-01-07 11:00,48.8,10013,United Kingdom
INV700068,TH-SCARF,Merino Scarf,3,2026-01-07 11:00,39.06,10013,United Kingdom
INV701553,TH-JEAN,Slim Fit Jeans,3,2026-01-07 12:00,75.35,10288,United Kingdom
INV700994,TH-TSHIRT,Cotton Tee,1,2026-01-07 16:00,27.12,10179,United Kingdom
INV700994,TH-SOCK,Sock 3-Pack,1,2026-01-07 16:00,16.17,10179,United Kingdom
INV700994,TH-BELT,Leather Belt,1,2026-01-07 16:00,31.54,10179,United Kingdom
INV700491,TH-HAT,Wool Beanie,3,2026-01-08 09:00,22.9,10087,United Kingdom
INV700741,TH-SCARF,Merino Scarf,2,2026-01-08 11:00,41.57,10133,United Kingdom
INV700741,TH-SOCK,Sock 3-Pack,1,2026-01-08 11:00,15.76,10133,United Kingdom
INV701438,TH-SHIRT,Oxford Shirt,2,2026-01-08 13:00,49.59,10265,United Kingdom
INV700515,TH-SCARF,Merino Scarf,2,2026-01-08 13:00,41.85,10091,United Kingdom
INV700515,TH-HOOD,Pullover Hoodie,3,2026-01-08 13:00,69.02,10091,United Kingdom
INV700515,TH-SHIRT,Oxford Shirt,3,2026-01-08 13:00,54.86,10091,United Kingdom
INV701355,TH-BELT,Leather Belt,2,2026-01-08 20:00,35.16,10245,United Kingdom
INV701355,TH-SHOE,Leather Sneakers,1,2026-01-08 20:00,132.42,10245,United Kingdom
INV700376,TH-JACK,Denim Jacket,1,2026-01-09 08:00,99.6,10069,United Kingdom
INV700376,TH-SHOE,Leather Sneakers,1,2026-01-09 08:00,130.43,10069,United Kingdom
INV700480,TH-SHOE,Leather Sneakers,1,2026-01-09 08:00,123.11,10086,United Kingdom
INV700480,TH-CHINO,Stretch Chinos,2,2026-01-09 08:00,62.68,10086,United Kingdom
INV700376,TH-SHOE,Leather Sneakers,1,2026-01-09 08:00,137.0,10069,United Kingdom
INV701436,TH-HAT,Wool Beanie,1,2026-01-09 11:00,21.01,10265,United Kingdom
INV701436,TH-JACK,Denim Jacket,2,2026-01-09 11:00,99.52,10265,United Kingdom
INV701417,TH-JEAN,Slim Fit Jeans,1,2026-01-09 17:00,79.58,10262,United Kingdom
INV700722,TH-BELT,Leather Belt,2,2026-01-09 19:00,35.31,10130,United Kingdom
INV700722,TH-BOOT,Chelsea Boots,2,2026-01-09 19:00,147.75,10130,United Kingdom
INV700722,TH-BOOT,Chelsea Boots,1,2026-01-09 19:00,169.16,10130,United Kingdom
INV701056,TH-TSHIRT,Cotton Tee,1,2026-01-10 09:00,22.34,10191,United Kingdom
INV701056,TH-HOOD,Pullover Hoodie,1,2026-01-10 09:00,64.66,10191,United Kingdom
INV701320,TH-CHINO,Stretch Chinos,3,2026-01-10 18:00,67.98,10238,United Kingdom
INV700225,TH-JEAN,Slim Fit Jeans,1,2026-01-11 18:00,78.33,10038,United Kingdom
INV700225,TH-SHORT,Chino Shorts,1,2026-01-11 18:00,43.7,10038,United Kingdom
INV700225,TH-BOOT,Chelsea Boots,3,2026-01-11 18:00,155.85,10038,United Kingdom
INV700148,TH-JACK,Denim Jacket,1,2026-01-12 08:00,98.19,10024,United Kingdom
INV700148,TH-SHIRT,Oxford Shirt,3,2026-01-12 08:00,57.24,10024,United Kingdom
INV701289,TH-HOOD,Pullover Hoodie,2,2026-01-13 08:00,68.92,10233,United Kingdom
INV701289,TH-BAG,Canvas Tote Bag,1,2026-01-13 08:00,47.58,10233,United Kingdom
INV701289,TH-SHORT,Chino Shorts,2,2026-01-13 08:00,37.85,10233,United Kingdom
INV700988,TH-SCARF,Merino Scarf,2,2026-01-13 13:00,35.85,10177,United Kingdom
INV700854,TH-SCARF,Merino Scarf,3,2026-01-14 09:00,37.4,10155,United Kingdom
INV700854,TH-TSHIRT,Cotton Tee,1,2026-01-14 09:00,24.18,10155,United Kingdom
INV700854,TH-SHORT,Chino Shorts,2,2026-01-14 09:00,40.12,10155,United Kingdom
INV700568,TH-SCARF,Merino Scarf,1,2026-01-14 09:00,40.92,10103,United Kingdom
INV701030,TH-SHORT,Chino Shorts,3,2026-01-14 11:00,44.68,10186,United Kingdom
INV701030,TH-SOCK,Sock 3-Pack,3,2026-01-14 11:00,15.11,10186,United Kingdom
INV701024,TH-SHOE,Leather Sneakers,3,2026-01-14 16:00,120.09,10184,United Kingdom
INV701331,TH-SCARF,Merino Scarf,2,2026-01-14 16:00,41.63,10239,France
INV700195,TH-SHOE,Leather Sneakers,1,2026-01-14 20:00,125.31,10032,United Kingdom
INV700195,TH-HOOD,Pullover Hoodie,1,2026-01-14 20:00,67.44,10032,United Kingdom
INV701363,TH-SHIRT,Oxford Shirt,1,2026-01-15 10:00,56.93,10249,United Kingdom
INV701363,TH-SHOE,Leather Sneakers,2,2026-01-15 10:00,124.61,10249,United Kingdom
INV701363,TH-SHOE,Leather Sneakers,3,2026-01-15 10:00,126.78,10249,United Kingdom
INV700020,TH-JACK,Denim Jacket,1,2026-01-15 11:00,106.51,10002,United Kingdom
INV700196,TH-SHIRT,Oxford Shirt,3,2026-01-15 18:00,55.66,10032,United Kingdom
INV701435,TH-SHIRT,Oxford Shirt,1,2026-01-16 09:00,51.21,10265,United Kingdom
INV701435,TH-SOCK,Sock 3-Pack,2,2026-01-16 09:00,15.47,10265,United Kingdom
INV701047,TH-SHORT,Chino Shorts,1,2026-01-16 14:00,40.33,10188,United Kingdom
INV701047,TH-HAT,Wool Beanie,2,2026-01-16 14:00,22.12,10188,United Kingdom
INV701047,TH-SHOE,Leather Sneakers,2,2026-01-16 14:00,136.78,10188,United Kingdom
INV700218,TH-TSHIRT,Cotton Tee,2,2026-01-16 16:00,25.33,10036,United Kingdom
INV700218,TH-JACK,Denim Jacket,3,2026-01-16 16:00,93.57,10036,United Kingdom
INV700218,TH-SHIRT,Oxford Shirt,2,2026-01-16 16:00,59.22,10036,United Kingdom
INV701326,TH-HOOD,Pullover Hoodie,3,2026-01-16 18:00,64.06,10239,France
INV701326,TH-JEAN,Slim Fit Jeans,3,2026-01-16 18:00,76.46,10239,France
INV701326,TH-SHIRT,Oxford Shirt,2,2026-01-16 18:00,52.97,10239,France
INV701193,TH-TSHIRT,Cotton Tee,3,2026-01-17 11:00,24.19,10214,United Kingdom
INV701193,TH-HAT,Wool Beanie,2,2026-01-17 11:00,19.86,10214,United Kingdom
INV700090,TH-SHOE,Leather Sneakers,3,2026-01-17 11:00,131.25,10017,United Kingdom
INV700090,TH-BELT,Leather Belt,2,2026-01-17 11:00,36.77,10017,United Kingdom
INV700090,TH-SHOE,Leather Sneakers,3,2026-01-17 11:00,127.79,10017,United Kingdom
INV701193,TH-SOCK,Sock 3-Pack,3,2026-01-17 11:00,13.56,10214,United Kingdom
INV700527,TH-HAT,Wool Beanie,3,2026-01-17 12:00,22.78,10094,United Kingdom
INV700527,TH-BELT,Leather Belt,1,2026-01-17 12:00,34.32,10094,United Kingdom
INV700726,TH-SHOE,Leather Sneakers,1,2026-01-17 14:00,127.27,10130,United Kingdom
INV700726,TH-CHINO,Stretch Chinos,3,2026-01-17 14:00,62.91,10130,United Kingdom
INV700726,TH-SHORT,Chino Shorts,1,2026-01-17 14:00,44.21,10130,United Kingdom
INV700276,TH-SHORT,Chino Shorts,1,2026-01-17 15:00,41.7,10049,United Kingdom
INV700079,TH-SOCK,Sock 3-Pack,3,2026-01-17 16:00,15.61,10016,United Kingdom
INV700079,TH-HOOD,Pullover Hoodie,2,2026-01-17 16:00,73.01,10016,United Kingdom
INV700079,TH-HAT,Wool Beanie,3,2026-01-17 16:00,21.61,10016,United Kingdom
INV701613,TH-SHORT,Chino Shorts,2,2026-01-17 18:00,42.3,10296,United Kingdom
INV700381,TH-CHINO,Stretch Chinos,3,2026-01-18 13:00,60.6,10069,United Kingdom
INV701359,TH-SHIRT,Oxford Shirt,2,2026-01-18 13:00,58.43,10248,United Kingdom
INV700065,TH-CHINO,Stretch Chinos,3,2026-01-18 15:00,65.6,10013,United Kingdom
INV700065,TH-CHINO,Stretch Chinos,2,2026-01-18 15:00,59.86,10013,United Kingdom
INV701464,TH-SHOE,Leather Sneakers,2,2026-01-18 16:00,128.34,10271,United Kingdom
INV700378,TH-SCARF,Merino Scarf,3,2026-01-19 10:00,40.52,10069,United Kingdom
INV700911,TH-JACK,Denim Jacket,1,2026-01-19 20:00,106.6,10164,United Kingdom
INV700143,TH-SHOE,Leather Sneakers,3,2026-01-19 20:00,130.94,10024,United Kingdom
INV701475,TH-SHIRT,Oxford Shirt,3,2026-01-20 11:00,53.6,10273,United Kingdom
INV701290,TH-SHOE,Leather Sneakers,3,2026-01-20 16:00,132.66,10233,United Kingdom
INV701290,TH-BOOT,Chelsea Boots,2,2026-01-20 16:00,165.5,10233,United Kingdom
INV701245,TH-SOCK,Sock 3-Pack,3,2026-01-20 17:00,13.79,10221,United Kingdom
INV701245,TH-SOCK,Sock 3-Pack,1,2026-01-20 17:00,16.81,10221,United Kingdom
INV701111,TH-HOOD,Pullover Hoodie,1,2026-01-20 18:00,75.02,10201,United Kingdom
INV701111,TH-HOOD,Pullover Hoodie,2,2026-01-20 18:00,69.02,10201,United Kingdom
INV701111,TH-HAT,Wool Beanie,3,2026-01-20 18:00,22.68,10201,United Kingdom
INV701114,TH-BAG,Canvas Tote Bag,1,2026-01-20 19:00,44.58,10201,United Kingdom
INV701114,TH-HAT,Wool Beanie,3,2026-01-20 19:00,22.76,10201,United Kingdom
INV701114,TH-JEAN,Slim Fit Jeans,3,2026-01-20 19:00,81.07,10201,United Kingdom
INV700739,TH-JACK,Denim Jacket,3,2026-01-21 09:00,107.22,10132,United Kingdom
INV700739,TH-COAT,Wool Overcoat,1,2026-01-21 09:00,192.76,10132,United Kingdom
INV700739,TH-CHINO,Stretch Chinos,1,2026-01-21 09:00,68.64,10132,United Kingdom
INV701610,TH-JEAN,Slim Fit Jeans,1,2026-01-21 11:00,77.74,10296,United Kingdom
INV701610,TH-BAG,Canvas Tote Bag,2,2026-01-21 11:00,46.86,10296,United Kingdom
INV701340,TH-CHINO,Stretch Chinos,1,2026-01-21 11:00,66.43,10241,United Kingdom
INV701340,TH-JACK,Denim Jacket,2,2026-01-21 11:00,96.25,10241,United Kingdom
INV701340,TH-JACK,Denim Jacket,2,2026-01-21 11:00,95.45,10241,United Kingdom
INV700852,TH-SHORT,Chino Shorts,1,2026-01-21 14:00,39.93,10155,United Kingdom
INV701330,TH-CHINO,Stretch Chinos,3,2026-01-21 14:00,63.26,10239,France
INV700315,TH-CHINO,Stretch Chinos,3,2026-01-21 15:00,69.5,10057,United Kingdom
INV700315,TH-SHORT,Chino Shorts,3,2026-01-21 15:00,41.53,10057,United Kingdom
INV701704,TH-JACK,Denim Jacket,3,2026-01-21 16:00,93.1,10316,United Kingdom
INV700094,TH-SHORT,Chino Shorts,1,2026-01-22 09:00,46.66,10017,United Kingdom
INV700094,TH-CHINO,Stretch Chinos,2,2026-01-22 09:00,63.38,10017,United Kingdom
INV700094,TH-BOOT,Chelsea Boots,1,2026-01-22 09:00,155.36,10017,United Kingdom
INV700995,TH-COAT,Wool Overcoat,3,2026-01-22 13:00,168.5,10179,United Kingdom
INV700084,TH-COAT,Wool Overcoat,3,2026-01-22 14:00,183.67,10016,United Kingdom
INV701641,TH-JACK,Denim Jacket,2,2026-01-22 15:00,94.92,10305,United Kingdom
INV701641,TH-SCARF,Merino Scarf,3,2026-01-22 15:00,41.67,10305,United Kingdom
INV700197,TH-JACK,Denim Jacket,3,2026-01-22 18:00,101.94,10032,United Kingdom
INV700197,TH-COAT,Wool Overcoat,1,2026-01-22 18:00,178.4,10032,United Kingdom
INV700003,TH-CHINO,Stretch Chinos,2,2026-01-22 20:00,64.56,10001,United Kingdom
INV700003,TH-TSHIRT,Cotton Tee,1,2026-01-22 20:00,25.62,10001,United Kingdom
INV701090,TH-SHORT,Chino Shorts,2,2026-01-23 08:00,45.47,10197,United Kingdom
INV701090,TH-CHINO,Stretch Chinos,3,2026-01-23 08:00,65.57,10197,United Kingdom
INV701090,TH-BELT,Leather Belt,2,2026-01-23 08:00,36.88,10197,United Kingdom
INV701362,TH-BELT,Leather Belt,3,2026-01-23 11:00,34.62,10248,United Kingdom
INV700604,TH-SHORT,Chino Shorts,1,2026-01-23 13:00,40.08,10108,United Kingdom
INV700604,TH-COAT,Wool Overcoat,1,2026-01-23 13:00,167.36,10108,United Kingdom
INV701288,TH-SHORT,Chino Shorts,3,2026-01-23 14:00,42.28,10233,United Kingdom
INV701288,TH-JACK,Denim Jacket,3,2026-01-23 14:00,105.69,10233,United Kingdom
INV701288,TH-JACK,Denim Jacket,3,2026-01-23 14:00,103.51,10233,United Kingdom
INV701328,TH-CHINO,Stretch Chinos,2,2026-01-23 17:00,74.22,10239,France
INV700443,TH-JEAN,Slim Fit Jeans,1,2026-01-23 19:00,74.58,10078,United Kingdom
INV700727,TH-BAG,Canvas Tote Bag,1,2026-01-24 10:00,51.16,10130,United Kingdom
INV700727,TH-SHORT,Chino Shorts,3,2026-01-24 10:00,41.34,10130,United Kingdom
INV700727,TH-SHORT,Chino Shorts,2,2026-01-24 10:00,41.95,10130,United Kingdom
INV700729,TH-BELT,Leather Belt,1,2026-01-24 11:00,32.96,10130,United Kingdom
INV700729,TH-HOOD,Pullover Hoodie,2,2026-01-24 11:00,66.25,10130,United Kingdom
INV700724,TH-SHIRT,Oxford Shirt,2,2026-01-24 13:00,53.41,10130,United Kingdom
INV700724,TH-HOOD,Pullover Hoodie,3,2026-01-24 13:00,71.51,10130,United Kingdom
INV700724,TH-HOOD,Pullover Hoodie,1,2026-01-24 13:00,73.31,10130,United Kingdom
INV700214,TH-HOOD,Pullover Hoodie,3,2026-01-24 15:00,70.54,10036,United Kingdom
INV700377,TH-TSHIRT,Cotton Tee,1,2026-01-24 17:00,27.27,10069,United Kingdom
INV700377,TH-HOOD,Pullover Hoodie,1,2026-01-24 17:00,72.19,10069,United Kingdom
INV701291,TH-BOOT,Chelsea Boots,1,2026-01-24 18:00,183.69,10233,United Kingdom
INV701609,TH-BOOT,Chelsea Boots,1,2026-01-24 20:00,161.76,10296,United Kingdom
INV701609,TH-CHINO,Stretch Chinos,1,2026-01-24 20:00,64.17,10296,United Kingdom
INV700571,TH-CHINO,Stretch Chinos,3,2026-01-24 20:00,65.26,10105,Germany
INV700440,TH-SHOE,Leather Sneakers,2,2026-01-25 14:00,127.41,10078,United Kingdom
INV700440,TH-CHINO,Stretch Chinos,1,2026-01-25 14:00,65.81,10078,United Kingdom
INV700440,TH-JEAN,Slim Fit Jeans,3,2026-01-25 14:00,78.19,10078,United Kingdom
INV701217,TH-HOOD,Pullover Hoodie,3,2026-01-25 14:00,68.87,10218,United States
INV700853,TH-SCARF,Merino Scarf,2,2026-01-25 20:00,40.84,10155,United Kingdom
INV700759,TH-COAT,Wool Overcoat,1,2026-01-26 12:00,190.13,10136,United Kingdom
INV700563,TH-SHIRT,Oxford Shirt,3,2026-01-26 14:00,50.87,10102,United Kingdom
INV700153,TH-SHORT,Chino Shorts,1,2026-01-26 17:00,44.11,10025,United Kingdom
INV700153,TH-BELT,Leather Belt,1,2026-01-26 17:00,36.46,10025,United Kingdom
INV700581,TH-SCARF,Merino Scarf,3,2026-01-26 19:00,41.48,10106,United Kingdom
INV700064,TH-SHIRT,Oxford Shirt,1,2026-01-26 19:00,56.05,10013,United Kingdom
INV700064,TH-JACK,Denim Jacket,2,2026-01-26 19:00,106.36,10013,United Kingdom
INV700064,TH-JEAN,Slim Fit Jeans,2,2026-01-26 19:00,82.4,10013,United Kingdom
INV700764,TH-BOOT,Chelsea Boots,1,2026-01-26 20:00,158.66,10138,United Kingdom
INV700573,TH-SCARF,Merino Scarf,1,2026-01-27 09:00,41.39,10105,Germany
INV700573,TH-SHIRT,Oxford Shirt,2,2026-01-27 09:00,59.41,10105,Germany
INV700573,TH-HOOD,Pullover Hoodie,1,2026-01-27 09:00,71.64,10105,Germany
INV701304,TH-BELT,Leather Belt,3,2026-01-27 13:00,35.17,10236,United Kingdom
INV701304,TH-HOOD,Pullover Hoodie,1,2026-01-27 13:00,63.07,10236,United Kingdom
INV700566,TH-BAG,Canvas Tote Bag,1,2026-01-27 16:00,44.05,10103,United Kingdom
INV700566,TH-JACK,Denim Jacket,2,2026-01-27 16:00,98.2,10103,United Kingdom
INV700566,TH-COAT,Wool Overcoat,2,2026-01-27 16:00,185.82,10103,United Kingdom
INV700046,TH-HAT,Wool Beanie,1,2026-01-27 18:00,18.81,10008,United Kingdom
INV700046,TH-BAG,Canvas Tote Bag,1,2026-01-27 18:00,43.71,10008,United Kingdom
INV700046,TH-TSHIRT,Cotton Tee,1,2026-01-27 18:00,23.47,10008,United Kingdom
INV700072,TH-SHORT,Chino Shorts,3,2026-01-28 08:00,42.55,10014,United Kingdom
INV700072,TH-SHOE,Leather Sneakers,1,2026-01-28 08:00,129.14,10014,United Kingdom
INV700574,TH-SHIRT,Oxford Shirt,2,2026-01-28 11:00,58.33,10105,Germany
INV700574,TH-HOOD,Pullover Hoodie,3,2026-01-28 11:00,59.94,10105,Germany
INV700574,TH-SHIRT,Oxford Shirt,1,2026-01-28 11:00,55.68,10105,Germany
INV700002,TH-HAT,Wool Beanie,3,2026-01-28 13:00,22.71,10001,United Kingdom
INV701025,TH-COAT,Wool Overcoat,2,2026-01-28 14:00,184.83,10184,United Kingdom
INV701025,TH-SHOE,Leather Sneakers,1,2026-01-28 14:00,132.94,10184,United Kingdom
INV701025,TH-SCARF,Merino Scarf,1,2026-01-28 14:00,43.51,10184,United Kingdom
INV700088,TH-SOCK,Sock 3-Pack,1,2026-01-28 18:00,14.82,10017,United Kingdom
INV700088,TH-BOOT,Chelsea Boots,1,2026-01-28 18:00,151.75,10017,United Kingdom
INV700160,TH-HOOD,Pullover Hoodie,3,2026-01-28 19:00,72.59,10026,United Kingdom
INV700160,TH-SHOE,Leather Sneakers,2,2026-01-28 19:00,134.68,10026,United Kingdom
INV700160,TH-SOCK,Sock 3-Pack,1,2026-01-28 19:00,14.52,10026,United Kingdom
INV700885,TH-JEAN,Slim Fit Jeans,3,2026-01-29 18:00,77.9,10160,United Kingdom
INV700885,TH-BELT,Leather Belt,3,2026-01-29 18:00,34.09,10160,United Kingdom
INV700885,TH-SOCK,Sock 3-Pack,2,2026-01-29 18:00,15.29,10160,United Kingdom
INV701491,TH-SHIRT,Oxford Shirt,3,2026-01-30 10:00,53.4,10276,United Kingdom
INV701491,TH-SHOE,Leather Sneakers,3,2026-01-30 10:00,135.7,10276,United Kingdom
INV701491,TH-BELT,Leather Belt,3,2026-01-30 10:00,32.71,10276,United Kingdom
INV700761,TH-JEAN,Slim Fit Jeans,3,2026-01-30 12:00,83.5,10136,United Kingdom
INV700761,TH-BAG,Canvas Tote Bag,1,2026-01-30 12:00,47.75,10136,United Kingdom
INV700761,TH-HAT,Wool Beanie,3,2026-01-30 12:00,22.68,10136,United Kingdom
INV700998,TH-HOOD,Pullover Hoodie,1,2026-01-30 13:00,66.56,10180,United Kingdom
INV700998,TH-BELT,Leather Belt,3,2026-01-30 13:00,34.97,10180,United Kingdom
INV700073,TH-SHIRT,Oxford Shirt,2,2026-01-30 14:00,51.28,10014,United Kingdom
INV701091,TH-HAT,Wool Beanie,1,2026-01-30 18:00,23.83,10197,United Kingdom
INV701091,TH-BAG,Canvas Tote Bag,3,2026-01-30 18:00,49.03,10197,United Kingdom
INV700754,TH-JEAN,Slim Fit Jeans,3,2026-01-30 20:00,76.41,10136,United Kingdom
INV700754,TH-CHINO,Stretch Chinos,3,2026-01-30 20:00,60.52,10136,United Kingdom
INV700754,TH-SOCK,Sock 3-Pack,1,2026-01-30 20:00,15.67,10136,United Kingdom
INV701132,TH-SOCK,Sock 3-Pack,1,2026-01-31 12:00,14.69,10204,United Kingdom
INV700737,TH-SHIRT,Oxford Shirt,2,2026-01-31 12:00,52.73,10131,United Kingdom
INV701164,TH-BAG,Canvas Tote Bag,2,2026-01-31 12:00,46.87,10209,United Kingdom
INV700737,TH-BAG,Canvas Tote Bag,2,2026-01-31 12:00,40.61,10131,United Kingdom
INV700737,TH-JACK,Denim Jacket,2,2026-01-31 12:00,98.81,10131,United Kingdom
INV700757,TH-TSHIRT,Cotton Tee,3,2026-01-31 12:00,26.35,10136,United Kingdom
INV701439,TH-BAG,Canvas Tote Bag,1,2026-01-31 13:00,45.65,10265,United Kingdom
INV701439,TH-BOOT,Chelsea Boots,2,2026-01-31 13:00,131.15,10265,United Kingdom
INV700887,TH-CHINO,Stretch Chinos,1,2026-02-01 08:00,60.27,10160,United Kingdom
INV701152,TH-JACK,Denim Jacket,3,2026-02-01 13:00,106.59,10207,United Kingdom
INV700442,TH-SOCK,Sock 3-Pack,3,2026-02-01 15:00,16.18,10078,United Kingdom
INV700442,TH-HAT,Wool Beanie,2,2026-02-01 15:00,23.47,10078,United Kingdom
INV700395,TH-SCARF,Merino Scarf,1,2026-02-01 15:00,36.39,10071,United Kingdom
INV701125,TH-SHOE,Leather Sneakers,2,2026-02-01 16:00,123.59,10204,United Kingdom
INV701125,TH-TSHIRT,Cotton Tee,1,2026-02-01 16:00,26.08,10204,United Kingdom
INV701125,TH-SHIRT,Oxford Shirt,2,2026-02-01 16:00,55.43,10204,United Kingdom
INV701478,TH-JACK,Denim Jacket,3,2026-02-01 17:00,102.63,10274,United Kingdom
INV701169,TH-SOCK,Sock 3-Pack,1,2026-02-01 20:00,16.14,10210,United Kingdom
INV701169,TH-HOOD,Pullover Hoodie,1,2026-02-01 20:00,71.59,10210,United Kingdom
INV701169,TH-SHOE,Leather Sneakers,3,2026-02-01 20:00,128.62,10210,United Kingdom
INV700755,TH-CHINO,Stretch Chinos,2,2026-02-02 10:00,64.55,10136,United Kingdom
INV701480,TH-BOOT,Chelsea Boots,3,2026-02-02 10:00,168.65,10274,United Kingdom
INV701480,TH-BELT,Leather Belt,3,2026-02-02 10:00,33.24,10274,United Kingdom
INV701537,TH-SHORT,Chino Shorts,2,2026-02-02 10:00,43.19,10285,Ireland
INV700755,TH-COAT,Wool Overcoat,3,2026-02-02 10:00,203.9,10136,United Kingdom
INV701607,TH-SCARF,Merino Scarf,2,2026-02-02 11:00,38.53,10296,United Kingdom
INV701607,TH-JACK,Denim Jacket,1,2026-02-02 11:00,97.4,10296,United Kingdom
INV701607,TH-SCARF,Merino Scarf,2,2026-02-02 11:00,40.32,10296,United Kingdom
INV701434,TH-SHOE,Leather Sneakers,2,2026-02-02 12:00,134.04,10265,United Kingdom
INV700394,TH-JEAN,Slim Fit Jeans,1,2026-02-02 14:00,76.24,10071,United Kingdom
INV700394,TH-CHINO,Stretch Chinos,1,2026-02-02 14:00,66.98,10071,United Kingdom
INV700277,TH-BOOT,Chelsea Boots,1,2026-02-02 15:00,151.59,10049,United Kingdom
INV700277,TH-HOOD,Pullover Hoodie,2,2026-02-02 15:00,72.89,10049,United Kingdom
INV700213,TH-COAT,Wool Overcoat,2,2026-02-02 18:00,196.14,10036,United Kingdom
INV700528,TH-HOOD,Pullover Hoodie,1,2026-02-02 19:00,71.57,10094,United Kingdom
INV701215,TH-HOOD,Pullover Hoodie,2,2026-02-02 19:00,69.9,10218,United States
INV700154,TH-JACK,Denim Jacket,2,2026-02-03 08:00,102.42,10025,United Kingdom
INV700387,TH-BAG,Canvas Tote Bag,3,2026-02-03 11:00,45.46,10071,United Kingdom
INV700387,TH-CHINO,Stretch Chinos,1,2026-02-03 11:00,56.29,10071,United Kingdom
INV700387,TH-SOCK,Sock 3-Pack,3,2026-02-03 11:00,14.81,10071,United Kingdom
INV700908,TH-HAT,Wool Beanie,3,2026-02-03 16:00,21.35,10164,United Kingdom
INV701131,TH-BAG,Canvas Tote Bag,3,2026-02-03 18:00,47.35,10204,United Kingdom
INV701131,TH-SHOE,Leather Sneakers,1,2026-02-03 18:00,121.4,10204,United Kingdom
INV700575,TH-SCARF,Merino Scarf,3,2026-02-03 19:00,41.38,10105,Germany
INV700575,TH-JEAN,Slim Fit Jeans,3,2026-02-03 19:00,82.24,10105,Germany
INV700347,TH-BELT,Leather Belt,3,2026-02-04 08:00,35.41,10062,United Kingdom
INV700390,TH-SCARF,Merino Scarf,1,2026-02-04 09:00,42.22,10071,United Kingdom
INV700390,TH-HOOD,Pullover Hoodie,3,2026-02-04 09:00,69.46,10071,United Kingdom
INV701133,TH-SHOE,Leather Sneakers,1,2026-02-04 10:00,120.55,10205,United Kingdom
INV700485,TH-BAG,Canvas Tote Bag,3,2026-02-04 11:00,46.49,10087,United Kingdom
INV700485,TH-BAG,Canvas Tote Bag,2,2026-02-04 11:00,45.73,10087,United Kingdom
INV700485,TH-SOCK,Sock 3-Pack,3,2026-02-04 11:00,14.68,10087,United Kingdom
INV700666,TH-JACK,Denim Jacket,1,2026-02-04 16:00,98.59,10121,United Kingdom
INV700666,TH-SHOE,Leather Sneakers,2,2026-02-04 16:00,133.06,10121,United Kingdom
INV700666,TH-CHINO,Stretch Chinos,1,2026-02-04 16:00,62.1,10121,United Kingdom
INV700891,TH-JEAN,Slim Fit Jeans,3,2026-02-04 16:00,80.05,10160,United Kingdom
INV700891,TH-BAG,Canvas Tote Bag,1,2026-02-04 16:00,47.23,10160,United Kingdom
INV701564,TH-SHOE,Leather Sneakers,2,2026-02-05 08:00,138.14,10291,United Kingdom
INV701564,TH-CHINO,Stretch Chinos,2,2026-02-05 08:00,67.84,10291,United Kingdom
INV701271,TH-HAT,Wool Beanie,2,2026-02-05 18:00,24.17,10228,United Kingdom
INV701271,TH-CHINO,Stretch Chinos,3,2026-02-05 18:00,62.31,10228,United Kingdom
INV701271,TH-BOOT,Chelsea Boots,1,2026-02-05 18:00,169.49,10228,United Kingdom
INV700669,TH-BELT,Leather Belt,1,2026-02-05 20:00,35.34,10121,United Kingdom
INV700018,TH-BAG,Canvas Tote Bag,3,2026-02-06 10:00,48.65,10002,United Kingdom
INV700018,TH-BOOT,Chelsea Boots,2,2026-02-06 10:00,150.57,10002,United Kingdom
INV700018,TH-SHIRT,Oxford Shirt,3,2026-02-06 10:00,58.82,10002,United Kingdom
INV701628,TH-TSHIRT,Cotton Tee,2,2026-02-06 10:00,25.86,10303,United Kingdom
INV701608,TH-SHOE,Leather Sneakers,3,2026-02-06 10:00,136.07,10296,United Kingdom
INV700219,TH-CHINO,Stretch Chinos,1,2026-02-06 11:00,61.46,10036,United Kingdom
INV700165,TH-CHINO,Stretch Chinos,3,2026-02-06 12:00,63.84,10027,United Kingdom
INV701364,TH-BAG,Canvas Tote Bag,1,2026-02-06 14:00,45.54,10249,United Kingdom
INV701364,TH-CHINO,Stretch Chinos,1,2026-02-06 14:00,68.58,10249,United Kingdom
INV701479,TH-JEAN,Slim Fit Jeans,3,2026-02-06 15:00,80.02,10274,United Kingdom
INV701479,TH-SHORT,Chino Shorts,2,2026-02-06 15:00,46.75,10274,United Kingdom
INV701479,TH-HOOD,Pullover Hoodie,1,2026-02-06 15:00,67.65,10274,United Kingdom
INV701482,TH-COAT,Wool Overcoat,1,2026-02-07 10:00,194.41,10274,United Kingdom
INV701482,TH-HAT,Wool Beanie,3,2026-02-07 10:00,20.51,10274,United Kingdom
INV700166,TH-SCARF,Merino Scarf,1,2026-02-07 12:00,37.58,10027,United Kingdom
INV700166,TH-BELT,Leather Belt,2,2026-02-07 12:00,35.56,10027,United Kingdom
INV700166,TH-BAG,Canvas Tote Bag,2,2026-02-07 12:00,47.45,10027,United Kingdom
INV700415,TH-SHOE,Leather Sneakers,3,2026-02-07 13:00,115.01,10074,United States
INV700346,TH-BOOT,Chelsea Boots,1,2026-02-07 16:00,173.46,10062,United Kingdom
INV701492,TH-BAG,Canvas Tote Bag,3,2026-02-07 16:00,44.73,10276,United Kingdom
INV700346,TH-JEAN,Slim Fit Jeans,2,2026-02-07 16:00,80.88,10062,United Kingdom
INV701492,TH-SCARF,Merino Scarf,2,2026-02-07 16:00,41.46,10276,United Kingdom
INV700346,TH-SHORT,Chino Shorts,3,2026-02-07 16:00,40.97,10062,United Kingdom
INV701492,TH-JEAN,Slim Fit Jeans,2,2026-02-07 16:00,74.83,10276,United Kingdom
INV700233,TH-HOOD,Pullover Hoodie,3,2026-02-07 17:00,69.6,10040,United Kingdom
INV700233,TH-SCARF,Merino Scarf,2,2026-02-07 17:00,40.3,10040,United Kingdom
INV700140,TH-JACK,Denim Jacket,1,2026-02-07 17:00,94.78,10024,United Kingdom
INV700023,TH-SHOE,Leather Sneakers,1,2026-02-07 18:00,133.79,10002,United Kingdom
INV700087,TH-BOOT,Chelsea Boots,3,2026-02-07 18:00,163.99,10017,United Kingdom
INV700087,TH-SCARF,Merino Scarf,2,2026-02-07 18:00,40.05,10017,United Kingdom
INV700087,TH-JACK,Denim Jacket,1,2026-02-07 18:00,93.99,10017,United Kingdom
INV700738,TH-SHORT,Chino Shorts,2,2026-02-07 19:00,46.08,10132,United Kingdom
INV700217,TH-HAT,Wool Beanie,1,2026-02-07 19:00,23.19,10036,United Kingdom
INV700217,TH-SHOE,Leather Sneakers,2,2026-02-07 19:00,132.56,10036,United Kingdom
INV700144,TH-BOOT,Chelsea Boots,1,2026-02-08 18:00,149.72,10024,United Kingdom
INV700348,TH-JACK,Denim Jacket,2,2026-02-09 11:00,105.38,10062,United Kingdom
INV700348,TH-JEAN,Slim Fit Jeans,2,2026-02-09 11:00,73.32,10062,United Kingdom
INV700758,TH-SCARF,Merino Scarf,3,2026-02-09 13:00,38.55,10136,United Kingdom
INV700758,TH-BOOT,Chelsea Boots,2,2026-02-09 13:00,159.89,10136,United Kingdom
INV700758,TH-HAT,Wool Beanie,2,2026-02-09 13:00,22.28,10136,United Kingdom
INV700349,TH-JACK,Denim Jacket,1,2026-02-09 14:00,92.54,10063,United Kingdom
INV700349,TH-SHOE,Leather Sneakers,1,2026-02-09 14:00,125.26,10063,United Kingdom
INV700890,TH-JACK,Denim Jacket,2,2026-02-09 14:00,90.58,10160,United Kingdom
INV700890,TH-TSHIRT,Cotton Tee,3,2026-02-09 14:00,23.03,10160,United Kingdom
INV701612,TH-BELT,Leather Belt,1,2026-02-09 14:00,35.57,10296,United Kingdom
INV701612,TH-COAT,Wool Overcoat,2,2026-02-09 14:00,189.03,10296,United Kingdom
INV700572,TH-BELT,Leather Belt,2,2026-02-09 15:00,34.58,10105,Germany
INV700572,TH-HAT,Wool Beanie,3,2026-02-09 15:00,20.95,10105,Germany
INV700740,TH-SHORT,Chino Shorts,1,2026-02-10 09:00,39.63,10133,United Kingdom
INV700740,TH-BELT,Leather Belt,3,2026-02-10 09:00,37.8,10133,United Kingdom
INV701367,TH-JACK,Denim Jacket,3,2026-02-10 09:00,96.77,10250,Ireland
INV701367,TH-HOOD,Pullover Hoodie,2,2026-02-10 09:00,74.38,10250,Ireland
INV701367,TH-HAT,Wool Beanie,1,2026-02-10 09:00,20.68,10250,Ireland
INV700232,TH-SCARF,Merino Scarf,2,2026-02-10 11:00,35.59,10040,United Kingdom
INV700232,TH-SOCK,Sock 3-Pack,2,2026-02-10 11:00,16.27,10040,United Kingdom
INV700086,TH-BAG,Canvas Tote Bag,2,2026-02-10 12:00,46.46,10017,United Kingdom
INV700086,TH-COAT,Wool Overcoat,3,2026-02-10 12:00,190.74,10017,United Kingdom
INV700086,TH-COAT,Wool Overcoat,3,2026-02-10 12:00,188.18,10017,United Kingdom
INV701627,TH-BOOT,Chelsea Boots,3,2026-02-10 19:00,151.13,10303,United Kingdom
INV701627,TH-SHORT,Chino Shorts,3,2026-02-10 19:00,38.87,10303,United Kingdom
INV701627,TH-SHOE,Leather Sneakers,2,2026-02-10 19:00,123.42,10303,United Kingdom
INV700344,TH-SHORT,Chino Shorts,2,2026-02-11 09:00,44.69,10062,United Kingdom
INV700344,TH-SOCK,Sock 3-Pack,2,2026-02-11 09:00,15.44,10062,United Kingdom
INV701630,TH-SHIRT,Oxford Shirt,3,2026-02-11 11:00,52.66,10303,United Kingdom
INV700441,TH-BELT,Leather Belt,1,2026-02-11 12:00,35.93,10078,United Kingdom
INV700441,TH-HAT,Wool Beanie,3,2026-02-11 12:00,21.38,10078,United Kingdom
INV701000,TH-BAG,Canvas Tote Bag,3,2026-02-11 15:00,47.38,10180,United Kingdom
INV701000,TH-BOOT,Chelsea Boots,3,2026-02-11 15:00,152.6,10180,United Kingdom
INV701000,TH-BOOT,Chelsea Boots,2,2026-02-11 15:00,162.0,10180,United Kingdom
INV700554,TH-BOOT,Chelsea Boots,3,2026-02-11 16:00,166.59,10101,United Kingdom
INV700385,TH-SHORT,Chino Shorts,1,2026-02-11 17:00,42.24,10071,United Kingdom
INV700385,TH-CHINO,Stretch Chinos,1,2026-02-11 17:00,65.45,10071,United Kingdom
INV700385,TH-SHORT,Chino Shorts,3,2026-02-11 17:00,42.01,10071,United Kingdom
INV701507,TH-SOCK,Sock 3-Pack,2,2026-02-11 18:00,17.18,10279,United Kingdom
INV701507,TH-JEAN,Slim Fit Jeans,1,2026-02-11 18:00,83.13,10279,United Kingdom
INV701507,TH-SHIRT,Oxford Shirt,2,2026-02-11 18:00,55.47,10279,United Kingdom
INV700631,TH-BAG,Canvas Tote Bag,1,2026-02-11 20:00,43.67,10115,United Kingdom
INV700631,TH-SHORT,Chino Shorts,1,2026-02-11 20:00,44.58,10115,United Kingdom
INV700396,TH-BELT,Leather Belt,2,2026-02-12 12:00,36.22,10071,United Kingdom
INV700396,TH-JACK,Denim Jacket,2,2026-02-12 12:00,101.21,10071,United Kingdom
INV700396,TH-BOOT,Chelsea Boots,2,2026-02-12 12:00,164.1,10071,United Kingdom
INV700512,TH-BAG,Canvas Tote Bag,1,2026-02-12 14:00,44.8,10091,United Kingdom
INV700512,TH-JACK,Denim Jacket,3,2026-02-12 14:00,108.03,10091,United Kingdom
INV700638,TH-SHORT,Chino Shorts,3,2026-02-13 08:00,40.76,10115,United Kingdom
INV700638,TH-TSHIRT,Cotton Tee,2,2026-02-13 08:00,23.32,10115,United Kingdom
INV700274,TH-TSHIRT,Cotton Tee,1,2026-02-13 13:00,24.25,10049,United Kingdom
INV701563,TH-BOOT,Chelsea Boots,1,2026-02-13 14:00,145.56,10291,United Kingdom
INV701563,TH-SCARF,Merino Scarf,2,2026-02-13 14:00,36.76,10291,United Kingdom
INV701563,TH-TSHIRT,Cotton Tee,2,2026-02-13 14:00,23.94,10291,United Kingdom
INV701336,TH-BELT,Leather Belt,3,2026-02-13 17:00,35.37,10240,United Kingdom
INV701336,TH-CHINO,Stretch Chinos,1,2026-02-13 17:00,67.01,10240,United Kingdom
INV701336,TH-JACK,Denim Jacket,1,2026-02-13 17:00,105.67,10240,United Kingdom
INV700632,TH-BOOT,Chelsea Boots,1,2026-02-13 20:00,164.35,10115,United Kingdom
INV701266,TH-BOOT,Chelsea Boots,3,2026-02-14 10:00,158.73,10226,United Kingdom
INV700557,TH-BOOT,Chelsea Boots,1,2026-02-14 15:00,160.8,10101,United Kingdom
INV700557,TH-BOOT,Chelsea Boots,3,2026-02-14 15:00,157.31,10101,United Kingdom
INV700637,TH-SOCK,Sock 3-Pack,3,2026-02-14 17:00,14.85,10115,United Kingdom
INV700092,TH-SHORT,Chino Shorts,1,2026-02-14 19:00,39.95,10017,United Kingdom
INV700092,TH-HAT,Wool Beanie,1,2026-02-14 19:00,19.53,10017,United Kingdom
INV701089,TH-SHOE,Leather Sneakers,1,2026-02-15 08:00,130.4,10197,United Kingdom
INV701135,TH-SOCK,Sock 3-Pack,1,2026-02-15 08:00,13.55,10205,United Kingdom
INV701089,TH-BOOT,Chelsea Boots,3,2026-02-15 08:00,162.37,10197,United Kingdom
INV701135,TH-HOOD,Pullover Hoodie,2,2026-02-15 08:00,69.57,10205,United Kingdom
INV700640,TH-SHIRT,Oxford Shirt,3,2026-02-15 11:00,54.24,10115,United Kingdom
INV700640,TH-CHINO,Stretch Chinos,2,2026-02-15 11:00,67.85,10115,United Kingdom
INV700093,TH-COAT,Wool Overcoat,2,2026-02-15 11:00,169.17,10017,United Kingdom
INV700640,TH-SHIRT,Oxford Shirt,2,2026-02-15 11:00,53.95,10115,United Kingdom
INV700093,TH-JEAN,Slim Fit Jeans,2,2026-02-15 11:00,78.71,10017,United Kingdom
INV700093,TH-BOOT,Chelsea Boots,3,2026-02-15 11:00,168.14,10017,United Kingdom
INV700665,TH-HOOD,Pullover Hoodie,1,2026-02-15 16:00,65.7,10121,United Kingdom
INV700577,TH-SCARF,Merino Scarf,2,2026-02-15 16:00,42.21,10105,Germany
INV700665,TH-BELT,Leather Belt,3,2026-02-15 16:00,33.31,10121,United Kingdom
INV700577,TH-BAG,Canvas Tote Bag,1,2026-02-15 16:00,44.18,10105,Germany
INV700392,TH-JACK,Denim Jacket,3,2026-02-15 17:00,97.68,10071,United Kingdom
INV700392,TH-CHINO,Stretch Chinos,1,2026-02-15 17:00,64.97,10071,United Kingdom
INV700392,TH-HAT,Wool Beanie,3,2026-02-15 17:00,22.57,10071,United Kingdom
INV700425,TH-HAT,Wool Beanie,2,2026-02-15 18:00,22.07,10074,United States
INV700425,TH-BOOT,Chelsea Boots,2,2026-02-15 18:00,148.66,10074,United States
INV700089,TH-SHIRT,Oxford Shirt,1,2026-02-15 20:00,58.6,10017,United Kingdom
INV701441,TH-BAG,Canvas Tote Bag,3,2026-02-15 20:00,47.7,10267,United Kingdom
INV700089,TH-SHIRT,Oxford Shirt,3,2026-02-15 20:00,55.2,10017,United Kingdom
INV701441,TH-JEAN,Slim Fit Jeans,2,2026-02-15 20:00,76.07,10267,United Kingdom
INV700089,TH-HOOD,Pullover Hoodie,2,2026-02-15 20:00,67.26,10017,United Kingdom
INV700630,TH-TSHIRT,Cotton Tee,1,2026-02-16 08:00,22.81,10115,United Kingdom
INV700630,TH-TSHIRT,Cotton Tee,2,2026-02-16 08:00,24.24,10115,United Kingdom
INV700630,TH-BAG,Canvas Tote Bag,1,2026-02-16 08:00,47.14,10115,United Kingdom
INV700001,TH-TSHIRT,Cotton Tee,1,2026-02-16 10:00,23.43,10001,United Kingdom
INV701429,TH-BELT,Leather Belt,3,2026-02-16 12:00,31.07,10264,United Kingdom
INV701629,TH-TSHIRT,Cotton Tee,2,2026-02-16 16:00,23.85,10303,United Kingdom
INV701629,TH-BAG,Canvas Tote Bag,3,2026-02-16 16:00,45.08,10303,United Kingdom
INV701629,TH-SHIRT,Oxford Shirt,1,2026-02-16 16:00,52.76,10303,United Kingdom
INV700989,TH-HAT,Wool Beanie,3,2026-02-16 18:00,22.13,10177,United Kingdom
INV701626,TH-SCARF,Merino Scarf,1,2026-02-16 20:00,39.1,10303,United Kingdom
INV701626,TH-SOCK,Sock 3-Pack,1,2026-02-16 20:00,16.66,10303,United Kingdom
INV700558,TH-JACK,Denim Jacket,1,2026-02-17 11:00,94.91,10101,United Kingdom
INV701092,TH-SCARF,Merino Scarf,1,2026-02-17 12:00,37.96,10197,United Kingdom
INV701092,TH-SCARF,Merino Scarf,2,2026-02-17 12:00,36.48,10197,United Kingdom
INV701092,TH-SHORT,Chino Shorts,2,2026-02-17 12:00,39.13,10197,United Kingdom
INV700871,TH-SHOE,Leather Sneakers,2,2026-02-17 15:00,119.01,10158,United Kingdom
INV700871,TH-TSHIRT,Cotton Tee,3,2026-02-17 15:00,25.76,10158,United Kingdom
INV700871,TH-SHIRT,Oxford Shirt,1,2026-02-17 15:00,59.0,10158,United Kingdom
INV700872,TH-HOOD,Pullover Hoodie,1,2026-02-17 16:00,70.95,10158,United Kingdom
INV700735,TH-TSHIRT,Cotton Tee,2,2026-02-17 16:00,19.84,10131,United Kingdom
INV700735,TH-BELT,Leather Belt,3,2026-02-17 16:00,33.04,10131,United Kingdom
INV700735,TH-BOOT,Chelsea Boots,1,2026-02-17 16:00,159.45,10131,United Kingdom
INV700872,TH-COAT,Wool Overcoat,1,2026-02-17 16:00,197.66,10158,United Kingdom
INV700352,TH-SOCK,Sock 3-Pack,1,2026-02-17 20:00,14.0,10064,United Kingdom
INV700352,TH-HAT,Wool Beanie,1,2026-02-17 20:00,23.19,10064,United Kingdom
INV700352,TH-CHINO,Stretch Chinos,2,2026-02-17 20:00,65.55,10064,United Kingdom
INV700556,TH-COAT,Wool Overcoat,1,2026-02-18 08:00,191.97,10101,United Kingdom
INV700556,TH-HOOD,Pullover Hoodie,3,2026-02-18 08:00,75.18,10101,United Kingdom
INV700882,TH-SCARF,Merino Scarf,1,2026-02-18 10:00,41.59,10160,United Kingdom
INV700882,TH-JEAN,Slim Fit Jeans,3,2026-02-18 10:00,81.02,10160,United Kingdom
INV700987,TH-HAT,Wool Beanie,3,2026-02-18 13:00,23.32,10177,United Kingdom
INV700987,TH-COAT,Wool Overcoat,3,2026-02-18 13:00,180.19,10177,United Kingdom
INV700756,TH-CHINO,Stretch Chinos,2,2026-02-18 13:00,65.2,10136,United Kingdom
INV700756,TH-SCARF,Merino Scarf,2,2026-02-18 13:00,42.32,10136,United Kingdom
INV700987,TH-JEAN,Slim Fit Jeans,1,2026-02-18 13:00,77.27,10177,United Kingdom
INV700756,TH-BAG,Canvas Tote Bag,2,2026-02-18 13:00,46.35,10136,United Kingdom
INV701394,TH-SHIRT,Oxford Shirt,2,2026-02-18 14:00,53.15,10256,Germany
INV700534,TH-COAT,Wool Overcoat,2,2026-02-18 15:00,192.3,10096,United Kingdom
INV700534,TH-COAT,Wool Overcoat,2,2026-02-18 15:00,195.73,10096,United Kingdom
INV700534,TH-SHIRT,Oxford Shirt,3,2026-02-18 15:00,60.28,10096,United Kingdom
INV700918,TH-SCARF,Merino Scarf,3,2026-02-18 16:00,40.29,10164,United Kingdom
INV700918,TH-HAT,Wool Beanie,2,2026-02-18 16:00,21.23,10164,United Kingdom
INV701646,TH-CHINO,Stretch Chinos,3,2026-02-18 19:00,62.92,10305,United Kingdom
INV701646,TH-HOOD,Pullover Hoodie,1,2026-02-18 19:00,74.75,10305,United Kingdom
INV700215,TH-COAT,Wool Overcoat,2,2026-02-18 19:00,204.06,10036,United Kingdom
INV701499,TH-COAT,Wool Overcoat,3,2026-02-18 19:00,180.81,10277,United Kingdom
INV701499,TH-JEAN,Slim Fit Jeans,2,2026-02-18 19:00,77.54,10277,United Kingdom
INV701499,TH-SCARF,Merino Scarf,2,2026-02-18 19:00,40.27,10277,United Kingdom
INV701113,TH-SCARF,Merino Scarf,1,2026-02-19 09:00,41.95,10201,United Kingdom
INV700537,TH-SHIRT,Oxford Shirt,1,2026-02-19 12:00,52.95,10096,United Kingdom
INV700537,TH-BOOT,Chelsea Boots,3,2026-02-19 12:00,149.86,10096,United Kingdom
INV700537,TH-BAG,Canvas Tote Bag,2,2026-02-19 12:00,39.87,10096,United Kingdom
INV700634,TH-SHORT,Chino Shorts,3,2026-02-19 14:00,45.39,10115,United Kingdom
INV700634,TH-SHOE,Leather Sneakers,2,2026-02-19 14:00,125.55,10115,United Kingdom
INV700393,TH-CHINO,Stretch Chinos,3,2026-02-19 16:00,64.14,10071,United Kingdom
INV700393,TH-HAT,Wool Beanie,3,2026-02-19 16:00,20.85,10071,United Kingdom
INV701303,TH-TSHIRT,Cotton Tee,2,2026-02-19 18:00,24.35,10236,United Kingdom
INV700279,TH-COAT,Wool Overcoat,1,2026-02-19 18:00,181.69,10050,United Kingdom
INV701303,TH-SCARF,Merino Scarf,2,2026-02-19 18:00,41.76,10236,United Kingdom
INV700279,TH-SHIRT,Oxford Shirt,3,2026-02-19 18:00,59.51,10050,United Kingdom
INV700803,TH-SHORT,Chino Shorts,2,2026-02-19 20:00,42.03,10144,United Kingdom
INV701634,TH-HOOD,Pullover Hoodie,2,2026-02-20 09:00,60.21,10304,United Kingdom
INV701634,TH-BAG,Canvas Tote Bag,2,2026-02-20 09:00,46.74,10304,United Kingdom
INV700151,TH-SHORT,Chino Shorts,1,2026-02-20 11:00,39.43,10025,United Kingdom
INV700151,TH-SHOE,Leather Sneakers,3,2026-02-20 11:00,120.16,10025,United Kingdom
INV700151,TH-SHOE,Leather Sneakers,2,2026-02-20 11:00,134.07,10025,United Kingdom
INV700760,TH-TSHIRT,Cotton Tee,3,2026-02-20 12:00,23.46,10136,United Kingdom
INV700216,TH-HOOD,Pullover Hoodie,3,2026-02-20 13:00,73.07,10036,United Kingdom
INV700216,TH-SCARF,Merino Scarf,2,2026-02-20 13:00,40.62,10036,United Kingdom
INV700216,TH-SCARF,Merino Scarf,1,2026-02-20 13:00,38.97,10036,United Kingdom
INV700821,TH-TSHIRT,Cotton Tee,2,2026-02-20 15:00,22.84,10147,United Kingdom
INV700821,TH-COAT,Wool Overcoat,2,2026-02-20 15:00,193.89,10147,United Kingdom
INV701637,TH-SHORT,Chino Shorts,1,2026-02-20 17:00,38.42,10304,United Kingdom
INV701094,TH-SOCK,Sock 3-Pack,3,2026-02-20 18:00,14.31,10197,United Kingdom
INV701094,TH-SOCK,Sock 3-Pack,3,2026-02-20 18:00,15.55,10197,United Kingdom
INV700790,TH-JEAN,Slim Fit Jeans,3,2026-02-20 18:00,85.96,10142,United Kingdom
INV700790,TH-SCARF,Merino Scarf,3,2026-02-20 18:00,38.77,10142,United Kingdom
INV700790,TH-SHOE,Leather Sneakers,3,2026-02-20 18:00,129.61,10142,United Kingdom
INV701094,TH-SHIRT,Oxford Shirt,1,2026-02-20 18:00,55.17,10197,United Kingdom
INV700576,TH-HOOD,Pullover Hoodie,1,2026-02-20 19:00,69.29,10105,Germany
INV700175,TH-SHIRT,Oxford Shirt,2,2026-02-21 10:00,52.87,10028,United Kingdom
INV700628,TH-HAT,Wool Beanie,3,2026-02-21 11:00,22.07,10115,United Kingdom
INV700516,TH-SHORT,Chino Shorts,1,2026-02-21 18:00,42.14,10091,United Kingdom
INV700567,TH-JACK,Denim Jacket,3,2026-02-21 18:00,102.2,10103,United Kingdom
INV700567,TH-BAG,Canvas Tote Bag,1,2026-02-21 18:00,40.91,10103,United Kingdom
INV700516,TH-SHIRT,Oxford Shirt,2,2026-02-21 18:00,53.09,10091,United Kingdom
INV700516,TH-BAG,Canvas Tote Bag,1,2026-02-21 18:00,44.61,10091,United Kingdom
INV700567,TH-HOOD,Pullover Hoodie,3,2026-02-21 18:00,68.71,10103,United Kingdom
INV701365,TH-BELT,Leather Belt,1,2026-02-21 20:00,32.79,10250,Ireland
INV701365,TH-SHIRT,Oxford Shirt,3,2026-02-21 20:00,57.12,10250,Ireland
INV700668,TH-SHIRT,Oxford Shirt,1,2026-02-22 09:00,57.94,10121,United Kingdom
INV700668,TH-COAT,Wool Overcoat,3,2026-02-22 09:00,191.9,10121,United Kingdom
INV700668,TH-SHORT,Chino Shorts,3,2026-02-22 09:00,42.01,10121,United Kingdom
INV701570,TH-HAT,Wool Beanie,2,2026-02-22 10:00,20.56,10291,United Kingdom
INV701570,TH-BAG,Canvas Tote Bag,3,2026-02-22 10:00,41.97,10291,United Kingdom
INV700633,TH-BELT,Leather Belt,2,2026-02-22 11:00,34.47,10115,United Kingdom
INV700633,TH-SHOE,Leather Sneakers,3,2026-02-22 11:00,130.43,10115,United Kingdom
INV700633,TH-BAG,Canvas Tote Bag,2,2026-02-22 11:00,49.48,10115,United Kingdom
INV701460,TH-SHIRT,Oxford Shirt,1,2026-02-22 15:00,55.57,10271,United Kingdom
INV701323,TH-COAT,Wool Overcoat,2,2026-02-22 16:00,190.43,10238,United Kingdom
INV700278,TH-HAT,Wool Beanie,3,2026-02-22 16:00,21.7,10050,United Kingdom
INV701323,TH-BELT,Leather Belt,3,2026-02-22 16:00,30.77,10238,United Kingdom
INV700278,TH-BOOT,Chelsea Boots,2,2026-02-22 16:00,152.36,10050,United Kingdom
INV701323,TH-HAT,Wool Beanie,3,2026-02-22 16:00,22.52,10238,United Kingdom
INV700907,TH-JACK,Denim Jacket,1,2026-02-22 18:00,95.61,10164,United Kingdom
INV700907,TH-HOOD,Pullover Hoodie,2,2026-02-22 18:00,70.46,10164,United Kingdom
INV700907,TH-BELT,Leather Belt,3,2026-02-22 18:00,34.92,10164,United Kingdom
INV700639,TH-SOCK,Sock 3-Pack,2,2026-02-22 19:00,14.27,10115,United Kingdom
INV700639,TH-BELT,Leather Belt,1,2026-02-22 19:00,36.73,10115,United Kingdom
INV700639,TH-HAT,Wool Beanie,2,2026-02-22 19:00,22.06,10115,United Kingdom
INV700230,TH-HOOD,Pullover Hoodie,2,2026-02-23 08:00,70.13,10040,United Kingdom
INV700894,TH-SHOE,Leather Sneakers,2,2026-02-23 09:00,135.37,10161,United Kingdom
INV700894,TH-BAG,Canvas Tote Bag,2,2026-02-23 09:00,49.51,10161,United Kingdom
INV700642,TH-BELT,Leather Belt,2,2026-02-23 11:00,30.16,10116,United Kingdom
INV700642,TH-SHOE,Leather Sneakers,3,2026-02-23 11:00,135.47,10116,United Kingdom
INV700047,TH-BAG,Canvas Tote Bag,2,2026-02-23 11:00,45.97,10008,United Kingdom
INV700642,TH-SHIRT,Oxford Shirt,3,2026-02-23 11:00,60.24,10116,United Kingdom
INV701633,TH-BELT,Leather Belt,3,2026-02-23 12:00,34.65,10304,United Kingdom
INV701633,TH-JACK,Denim Jacket,2,2026-02-23 12:00,101.33,10304,United Kingdom
INV700636,TH-CHINO,Stretch Chinos,2,2026-02-23 15:00,59.84,10115,United Kingdom
INV701051,TH-SHOE,Leather Sneakers,1,2026-02-23 16:00,130.56,10189,United Kingdom
INV701051,TH-SHOE,Leather Sneakers,2,2026-02-23 16:00,132.45,10189,United Kingdom
INV701051,TH-TSHIRT,Cotton Tee,2,2026-02-23 16:00,23.98,10189,United Kingdom
INV701043,TH-CHINO,Stretch Chinos,1,2026-02-23 17:00,58.14,10188,United Kingdom
INV701043,TH-COAT,Wool Overcoat,1,2026-02-23 17:00,196.14,10188,United Kingdom
INV700536,TH-TSHIRT,Cotton Tee,3,2026-02-24 08:00,23.58,10096,United Kingdom
INV701322,TH-HAT,Wool Beanie,2,2026-02-24 09:00,22.36,10238,United Kingdom
INV700391,TH-SOCK,Sock 3-Pack,2,2026-02-24 09:00,14.34,10071,United Kingdom
INV700391,TH-HAT,Wool Beanie,2,2026-02-24 09:00,23.06,10071,United Kingdom
INV701322,TH-SHOE,Leather Sneakers,2,2026-02-24 09:00,132.45,10238,United Kingdom
INV701322,TH-HOOD,Pullover Hoodie,2,2026-02-24 09:00,66.31,10238,United Kingdom
INV700345,TH-SHOE,Leather Sneakers,2,2026-02-24 10:00,137.36,10062,United Kingdom
INV700345,TH-HAT,Wool Beanie,3,2026-02-24 10:00,20.72,10062,United Kingdom
INV700345,TH-BAG,Canvas Tote Bag,2,2026-02-24 10:00,44.83,10062,United Kingdom
INV701035,TH-JEAN,Slim Fit Jeans,3,2026-02-24 12:00,82.47,10187,United Kingdom
INV701035,TH-SHOE,Leather Sneakers,3,2026-02-24 12:00,141.05,10187,United Kingdom
INV701035,TH-JEAN,Slim Fit Jeans,1,2026-02-24 12:00,81.16,10187,United Kingdom
INV700629,TH-BAG,Canvas Tote Bag,3,2026-02-24 13:00,51.22,10115,United Kingdom
INV701635,TH-CHINO,Stretch Chinos,3,2026-02-24 13:00,64.08,10304,United Kingdom
INV701635,TH-CHINO,Stretch Chinos,1,2026-02-24 13:00,65.96,10304,United Kingdom
INV701635,TH-HAT,Wool Beanie,3,2026-02-24 13:00,21.09,10304,United Kingdom
INV700641,TH-HAT,Wool Beanie,3,2026-02-24 15:00,23.4,10116,United Kingdom
INV700085,TH-CHINO,Stretch Chinos,1,2026-02-24 15:00,59.32,10017,United Kingdom
INV700535,TH-BOOT,Chelsea Boots,1,2026-02-24 15:00,146.58,10096,United Kingdom
INV700535,TH-CHINO,Stretch Chinos,1,2026-02-24 15:00,66.5,10096,United Kingdom
INV700535,TH-SOCK,Sock 3-Pack,3,2026-02-24 15:00,16.23,10096,United Kingdom
INV700085,TH-TSHIRT,Cotton Tee,2,2026-02-24 15:00,24.18,10017,United Kingdom
INV700085,TH-CHINO,Stretch Chinos,1,2026-02-24 15:00,62.36,10017,United Kingdom
INV701461,TH-CHINO,Stretch Chinos,3,2026-02-24 16:00,64.27,10271,United Kingdom
INV701461,TH-HOOD,Pullover Hoodie,1,2026-02-24 16:00,74.05,10271,United Kingdom
INV701622,TH-HAT,Wool Beanie,2,2026-02-24 17:00,20.49,10301,United Kingdom
INV701622,TH-BAG,Canvas Tote Bag,1,2026-02-24 17:00,48.1,10301,United Kingdom
INV701622,TH-JEAN,Slim Fit Jeans,1,2026-02-24 17:00,76.45,10301,United Kingdom
INV701273,TH-TSHIRT,Cotton Tee,1,2026-02-25 09:00,23.55,10228,United Kingdom
INV700635,TH-SHORT,Chino Shorts,2,2026-02-25 10:00,41.1,10115,United Kingdom
INV700635,TH-TSHIRT,Cotton Tee,1,2026-02-25 10:00,23.45,10115,United Kingdom
INV700644,TH-JEAN,Slim Fit Jeans,2,2026-02-25 13:00,82.27,10116,United Kingdom
INV700644,TH-SHIRT,Oxford Shirt,1,2026-02-25 13:00,54.64,10116,United Kingdom
INV700644,TH-CHINO,Stretch Chinos,1,2026-02-25 13:00,61.51,10116,United Kingdom
INV700271,TH-JEAN,Slim Fit Jeans,2,2026-02-25 15:00,77.36,10049,United Kingdom
INV701347,TH-SHORT,Chino Shorts,3,2026-02-25 17:00,42.06,10243,United Kingdom
INV701219,TH-SHIRT,Oxford Shirt,2,2026-02-26 18:00,49.1,10218,United States
INV701219,TH-BOOT,Chelsea Boots,1,2026-02-26 18:00,145.3,10218,United States
INV701219,TH-CHINO,Stretch Chinos,3,2026-02-26 18:00,68.88,10218,United States
INV701638,TH-BELT,Leather Belt,2,2026-02-26 19:00,35.4,10304,United Kingdom
INV701638,TH-SCARF,Merino Scarf,2,2026-02-26 19:00,39.9,10304,United Kingdom
INV701638,TH-HOOD,Pullover Hoodie,2,2026-02-26 19:00,70.33,10304,United Kingdom
INV700562,TH-SHOE,Leather Sneakers,1,2026-02-27 13:00,121.05,10102,United Kingdom
INV700562,TH-HOOD,Pullover Hoodie,3,2026-02-27 13:00,71.15,10102,United Kingdom
INV700333,TH-SHIRT,Oxford Shirt,2,2026-02-27 14:00,59.1,10060,United Kingdom
INV700333,TH-BAG,Canvas Tote Bag,1,2026-02-27 14:00,39.48,10060,United Kingdom
INV700333,TH-SOCK,Sock 3-Pack,2,2026-02-27 14:00,14.68,10060,United Kingdom
INV701639,TH-JACK,Denim Jacket,3,2026-02-27 15:00,92.39,10304,United Kingdom
INV701110,TH-BOOT,Chelsea Boots,2,2026-02-27 15:00,159.32,10201,United Kingdom
INV701636,TH-SHORT,Chino Shorts,2,2026-02-27 16:00,46.88,10304,United Kingdom
INV701636,TH-HAT,Wool Beanie,1,2026-02-27 16:00,22.13,10304,United Kingdom
INV701636,TH-HAT,Wool Beanie,2,2026-02-27 16:00,23.5,10304,United Kingdom
INV700091,TH-HOOD,Pullover Hoodie,3,2026-02-27 19:00,66.07,10017,United Kingdom
INV700091,TH-SHORT,Chino Shorts,3,2026-02-27 19:00,42.81,10017,United Kingdom
INV700091,TH-BOOT,Chelsea Boots,1,2026-02-27 19:00,160.35,10017,United Kingdom
INV700009,TH-BOOT,Chelsea Boots,3,2026-02-28 10:00,151.03,10001,United Kingdom
INV700009,TH-JEAN,Slim Fit Jeans,2,2026-02-28 10:00,73.35,10001,United Kingdom
INV700009,TH-SOCK,Sock 3-Pack,1,2026-02-28 10:00,15.97,10001,United Kingdom
INV700015,TH-COAT,Wool Overcoat,2,2026-02-28 12:00,199.85,10002,United Kingdom
INV700015,TH-SCARF,Merino Scarf,3,2026-02-28 12:00,40.01,10002,United Kingdom
INV701614,TH-BOOT,Chelsea Boots,2,2026-02-28 13:00,147.78,10296,United Kingdom
INV701614,TH-SHORT,Chino Shorts,1,2026-02-28 13:00,39.01,10296,United Kingdom
INV701614,TH-BELT,Leather Belt,1,2026-02-28 13:00,31.79,10296,United Kingdom
INV700389,TH-HAT,Wool Beanie,2,2026-02-28 15:00,24.26,10071,United Kingdom
INV700389,TH-COAT,Wool Overcoat,3,2026-02-28 15:00,177.29,10071,United Kingdom
INV700389,TH-BAG,Canvas Tote Bag,1,2026-02-28 15:00,47.49,10071,United Kingdom
INV700732,TH-HOOD,Pullover Hoodie,3,2026-02-28 18:00,64.98,10131,United Kingdom
INV700414,TH-JACK,Denim Jacket,2,2026-02-28 18:00,105.28,10074,United States
INV700414,TH-SHIRT,Oxford Shirt,1,2026-02-28 18:00,53.56,10074,United States
INV700732,TH-BOOT,Chelsea Boots,2,2026-02-28 18:00,164.53,10131,United Kingdom
INV700732,TH-HOOD,Pullover Hoodie,2,2026-02-28 18:00,67.05,10131,United Kingdom
INV701096,TH-COAT,Wool Overcoat,1,2026-02-28 20:00,192.94,10198,United Kingdom
INV700460,TH-COAT,Wool Overcoat,1,2026-03-01 14:00,176.6,10082,United Kingdom
INV700667,TH-SHOE,Leather Sneakers,1,2026-03-01 16:00,139.26,10121,United Kingdom
INV700667,TH-SHOE,Leather Sneakers,1,2026-03-01 16:00,126.78,10121,United Kingdom
INV700667,TH-COAT,Wool Overcoat,1,2026-03-01 16:00,190.56,10121,United Kingdom
INV700251,TH-SOCK,Sock 3-Pack,1,2026-03-01 17:00,16.38,10044,United Kingdom
INV700251,TH-COAT,Wool Overcoat,1,2026-03-01 17:00,190.28,10044,United Kingdom
INV700251,TH-SOCK,Sock 3-Pack,2,2026-03-01 17:00,14.66,10044,United Kingdom
INV700426,TH-HAT,Wool Beanie,1,2026-03-02 09:00,21.93,10074,United States
INV700900,TH-COAT,Wool Overcoat,2,2026-03-02 12:00,183.37,10162,United Kingdom
INV700900,TH-JACK,Denim Jacket,1,2026-03-02 12:00,95.39,10162,United Kingdom
INV700900,TH-BOOT,Chelsea Boots,3,2026-03-02 12:00,164.69,10162,United Kingdom
INV701287,TH-JEAN,Slim Fit Jeans,2,2026-03-02 13:00,79.19,10232,United Kingdom
INV701287,TH-SHOE,Leather Sneakers,1,2026-03-02 13:00,123.9,10232,United Kingdom
INV701287,TH-SHIRT,Oxford Shirt,2,2026-03-02 13:00,53.73,10232,United Kingdom
INV701611,TH-TSHIRT,Cotton Tee,2,2026-03-02 13:00,24.57,10296,United Kingdom
INV700063,TH-HAT,Wool Beanie,2,2026-03-02 19:00,20.95,10013,United Kingdom
INV700063,TH-SHOE,Leather Sneakers,1,2026-03-02 19:00,132.79,10013,United Kingdom
INV700063,TH-SHORT,Chino Shorts,3,2026-03-02 19:00,40.58,10013,United Kingdom
INV701552,TH-CHINO,Stretch Chinos,3,2026-03-03 08:00,66.72,10288,United Kingdom
INV701552,TH-JACK,Denim Jacket,2,2026-03-03 08:00,95.33,10288,United Kingdom
INV701552,TH-BOOT,Chelsea Boots,1,2026-03-03 08:00,148.06,10288,United Kingdom
INV700555,TH-BOOT,Chelsea Boots,1,2026-03-03 12:00,173.09,10101,United Kingdom
INV700555,TH-BOOT,Chelsea Boots,3,2026-03-03 12:00,151.41,10101,United Kingdom
INV700555,TH-BAG,Canvas Tote Bag,2,2026-03-03 12:00,48.38,10101,United Kingdom
INV701321,TH-TSHIRT,Cotton Tee,1,2026-03-03 14:00,24.51,10238,United Kingdom
INV701321,TH-COAT,Wool Overcoat,1,2026-03-03 14:00,186.53,10238,United Kingdom
INV701109,TH-BELT,Leather Belt,3,2026-03-03 15:00,34.93,10201,United Kingdom
INV701109,TH-SHORT,Chino Shorts,1,2026-03-03 15:00,39.73,10201,United Kingdom
INV701632,TH-HOOD,Pullover Hoodie,3,2026-03-03 17:00,66.21,10304,United Kingdom
INV701632,TH-BAG,Canvas Tote Bag,3,2026-03-03 17:00,51.17,10304,United Kingdom
INV700728,TH-CHINO,Stretch Chinos,3,2026-03-03 19:00,62.97,10130,United Kingdom
INV700728,TH-SCARF,Merino Scarf,3,2026-03-03 19:00,41.8,10130,United Kingdom
INV700728,TH-SHORT,Chino Shorts,3,2026-03-03 19:00,42.77,10130,United Kingdom
INV701395,TH-TSHIRT,Cotton Tee,1,2026-03-03 20:00,23.45,10256,Germany
INV701395,TH-SCARF,Merino Scarf,3,2026-03-03 20:00,40.01,10256,Germany
INV700007,TH-SHOE,Leather Sneakers,2,2026-03-04 08:00,139.44,10001,United Kingdom
INV700007,TH-HOOD,Pullover Hoodie,2,2026-03-04 08:00,66.71,10001,United Kingdom
INV700021,TH-BELT,Leather Belt,3,2026-03-04 09:00,34.95,10002,United Kingdom
INV700021,TH-SHIRT,Oxford Shirt,1,2026-03-04 09:00,59.26,10002,United Kingdom
INV700021,TH-CHINO,Stretch Chinos,1,2026-03-04 09:00,60.96,10002,United Kingdom
INV700180,TH-HOOD,Pullover Hoodie,1,2026-03-04 12:00,69.64,10028,United Kingdom
INV700006,TH-TSHIRT,Cotton Tee,3,2026-03-04 14:00,27.07,10001,United Kingdom
INV700006,TH-BELT,Leather Belt,2,2026-03-04 14:00,38.82,10001,United Kingdom
INV700336,TH-JACK,Denim Jacket,3,2026-03-04 15:00,101.59,10060,United Kingdom
INV701566,TH-SCARF,Merino Scarf,1,2026-03-04 17:00,42.68,10291,United Kingdom
INV701566,TH-HOOD,Pullover Hoodie,2,2026-03-04 17:00,73.05,10291,United Kingdom
INV700538,TH-SCARF,Merino Scarf,3,2026-03-05 10:00,36.88,10096,United Kingdom
INV700538,TH-SHORT,Chino Shorts,3,2026-03-05 10:00,41.11,10096,United Kingdom
INV700881,TH-CHINO,Stretch Chinos,2,2026-03-05 11:00,65.24,10160,United Kingdom
INV700881,TH-HAT,Wool Beanie,1,2026-03-05 11:00,21.36,10160,United Kingdom
INV700005,TH-COAT,Wool Overcoat,3,2026-03-05 13:00,181.2,10001,United Kingdom
INV700005,TH-JACK,Denim Jacket,1,2026-03-05 13:00,101.51,10001,United Kingdom
INV700005,TH-BOOT,Chelsea Boots,1,2026-03-05 13:00,160.63,10001,United Kingdom
INV701631,TH-BAG,Canvas Tote Bag,1,2026-03-05 17:00,40.17,10304,United Kingdom
INV701631,TH-CHINO,Stretch Chinos,2,2026-03-05 17:00,61.91,10304,United Kingdom
INV701631,TH-SHORT,Chino Shorts,3,2026-03-05 17:00,39.26,10304,United Kingdom
INV700857,TH-HOOD,Pullover Hoodie,1,2026-03-06 09:00,66.82,10156,Ireland
INV700857,TH-BOOT,Chelsea Boots,3,2026-03-06 09:00,136.45,10156,Ireland
INV700494,TH-SHOE,Leather Sneakers,3,2026-03-06 10:00,129.77,10088,United Kingdom
INV700494,TH-SHIRT,Oxford Shirt,2,2026-03-06 10:00,60.37,10088,United Kingdom
INV701572,TH-BOOT,Chelsea Boots,3,2026-03-06 11:00,154.07,10291,United Kingdom
INV700141,TH-BELT,Leather Belt,1,2026-03-06 13:00,33.85,10024,United Kingdom
INV700141,TH-JACK,Denim Jacket,3,2026-03-06 13:00,92.66,10024,United Kingdom
INV700388,TH-SHIRT,Oxford Shirt,1,2026-03-06 17:00,56.49,10071,United Kingdom
INV700873,TH-COAT,Wool Overcoat,1,2026-03-06 19:00,181.56,10158,United Kingdom
INV700873,TH-SHORT,Chino Shorts,1,2026-03-06 19:00,40.48,10158,United Kingdom
INV700351,TH-BELT,Leather Belt,1,2026-03-06 19:00,32.4,10064,United Kingdom
INV701050,TH-JEAN,Slim Fit Jeans,2,2026-03-07 12:00,81.57,10189,United Kingdom
INV701146,TH-JACK,Denim Jacket,2,2026-03-07 12:00,97.95,10207,United Kingdom
INV700625,TH-CHINO,Stretch Chinos,2,2026-03-08 08:00,62.71,10114,United Kingdom
INV700625,TH-COAT,Wool Overcoat,3,2026-03-08 08:00,179.55,10114,United Kingdom
INV700625,TH-COAT,Wool Overcoat,3,2026-03-08 08:00,180.25,10114,United Kingdom
INV700231,TH-JEAN,Slim Fit Jeans,2,2026-03-08 09:00,78.37,10040,United Kingdom
INV700231,TH-CHINO,Stretch Chinos,2,2026-03-08 09:00,67.39,10040,United Kingdom
INV700420,TH-CHINO,Stretch Chinos,3,2026-03-08 09:00,67.62,10074,United States
INV700142,TH-HAT,Wool Beanie,1,2026-03-08 14:00,22.18,10024,United Kingdom
INV701535,TH-CHINO,Stretch Chinos,2,2026-03-08 15:00,57.27,10285,Ireland
INV700496,TH-SOCK,Sock 3-Pack,2,2026-03-08 15:00,16.17,10088,United Kingdom
INV700496,TH-CHINO,Stretch Chinos,3,2026-03-08 15:00,63.28,10088,United Kingdom
INV700496,TH-HAT,Wool Beanie,2,2026-03-08 15:00,22.69,10088,United Kingdom
INV701319,TH-SOCK,Sock 3-Pack,3,2026-03-08 18:00,15.19,10238,United Kingdom
INV701319,TH-JACK,Denim Jacket,2,2026-03-08 18:00,102.54,10238,United Kingdom
INV701319,TH-HAT,Wool Beanie,1,2026-03-08 18:00,22.4,10238,United Kingdom
INV700334,TH-CHINO,Stretch Chinos,2,2026-03-09 09:00,61.8,10060,United Kingdom
INV700565,TH-BOOT,Chelsea Boots,1,2026-03-09 10:00,156.65,10103,United Kingdom
INV700565,TH-CHINO,Stretch Chinos,2,2026-03-09 10:00,62.27,10103,United Kingdom
INV701130,TH-COAT,Wool Overcoat,2,2026-03-09 11:00,188.83,10204,United Kingdom
INV700010,TH-SOCK,Sock 3-Pack,2,2026-03-09 13:00,15.13,10001,United Kingdom
INV701493,TH-JEAN,Slim Fit Jeans,3,2026-03-09 14:00,76.61,10276,United Kingdom
INV700564,TH-HAT,Wool Beanie,2,2026-03-09 19:00,24.29,10103,United Kingdom
INV700564,TH-SHORT,Chino Shorts,1,2026-03-09 19:00,41.52,10103,United Kingdom
INV700564,TH-SHOE,Leather Sneakers,2,2026-03-09 19:00,120.76,10103,United Kingdom
INV700386,TH-BAG,Canvas Tote Bag,2,2026-03-10 11:00,45.04,10071,United Kingdom
INV700910,TH-SHORT,Chino Shorts,1,2026-03-10 17:00,41.3,10164,United Kingdom
INV700910,TH-SOCK,Sock 3-Pack,2,2026-03-10 17:00,14.09,10164,United Kingdom
INV700910,TH-SOCK,Sock 3-Pack,2,2026-03-10 17:00,14.84,10164,United Kingdom
INV700643,TH-BELT,Leather Belt,2,2026-03-10 19:00,34.23,10116,United Kingdom
INV700643,TH-BAG,Canvas Tote Bag,2,2026-03-10 19:00,44.11,10116,United Kingdom
INV700643,TH-HOOD,Pullover Hoodie,2,2026-03-10 19:00,70.74,10116,United Kingdom
INV700627,TH-SOCK,Sock 3-Pack,3,2026-03-11 11:00,15.34,10114,United Kingdom
INV700627,TH-BAG,Canvas Tote Bag,1,2026-03-11 11:00,45.91,10114,United Kingdom
INV700413,TH-COAT,Wool Overcoat,2,2026-03-11 12:00,181.7,10074,United States
INV700413,TH-BAG,Canvas Tote Bag,3,2026-03-11 12:00,44.12,10074,United States
INV700413,TH-SHOE,Leather Sneakers,2,2026-03-11 12:00,129.49,10074,United States
INV700418,TH-JACK,Denim Jacket,1,2026-03-11 14:00,100.49,10074,United States
INV700418,TH-HOOD,Pullover Hoodie,3,2026-03-11 14:00,69.21,10074,United States
INV700418,TH-SOCK,Sock 3-Pack,3,2026-03-11 14:00,14.51,10074,United States
INV701598,TH-BAG,Canvas Tote Bag,3,2026-03-11 16:00,47.77,10294,United Kingdom
INV701568,TH-BAG,Canvas Tote Bag,2,2026-03-12 08:00,46.32,10291,United Kingdom
INV700083,TH-JEAN,Slim Fit Jeans,1,2026-03-12 08:00,81.81,10016,United Kingdom
INV700083,TH-BELT,Leather Belt,3,2026-03-12 08:00,35.81,10016,United Kingdom
INV701568,TH-COAT,Wool Overcoat,1,2026-03-12 08:00,187.19,10291,United Kingdom
INV700145,TH-SOCK,Sock 3-Pack,1,2026-03-12 09:00,15.15,10024,United Kingdom
INV700145,TH-JACK,Denim Jacket,1,2026-03-12 09:00,105.59,10024,United Kingdom
INV700145,TH-HOOD,Pullover Hoodie,2,2026-03-12 09:00,67.01,10024,United Kingdom
INV700049,TH-SHOE,Leather Sneakers,1,2026-03-12 10:00,134.83,10008,United Kingdom
INV700049,TH-BAG,Canvas Tote Bag,3,2026-03-12 10:00,45.54,10008,United Kingdom
INV700049,TH-COAT,Wool Overcoat,2,2026-03-12 10:00,178.58,10008,United Kingdom
INV700022,TH-JEAN,Slim Fit Jeans,2,2026-03-12 11:00,78.06,10002,United Kingdom
INV700022,TH-CHINO,Stretch Chinos,2,2026-03-12 11:00,59.44,10002,United Kingdom
INV700022,TH-HAT,Wool Beanie,3,2026-03-12 11:00,21.06,10002,United Kingdom
INV700374,TH-SHORT,Chino Shorts,2,2026-03-12 12:00,43.18,10068,United Kingdom
INV701593,TH-JACK,Denim Jacket,1,2026-03-12 12:00,109.99,10294,United Kingdom
INV700246,TH-JEAN,Slim Fit Jeans,2,2026-03-12 14:00,75.69,10043,United Kingdom
INV700246,TH-SHOE,Leather Sneakers,1,2026-03-12 14:00,125.7,10043,United Kingdom
INV700246,TH-HOOD,Pullover Hoodie,2,2026-03-12 14:00,67.43,10043,United Kingdom
INV701591,TH-TSHIRT,Cotton Tee,2,2026-03-12 18:00,24.43,10294,United Kingdom
INV701591,TH-BAG,Canvas Tote Bag,3,2026-03-12 18:00,43.49,10294,United Kingdom
INV701591,TH-BELT,Leather Belt,2,2026-03-12 18:00,33.69,10294,United Kingdom
INV700734,TH-CHINO,Stretch Chinos,1,2026-03-13 08:00,65.66,10131,United Kingdom
INV701346,TH-TSHIRT,Cotton Tee,1,2026-03-13 11:00,23.65,10243,United Kingdom
INV701346,TH-BOOT,Chelsea Boots,3,2026-03-13 11:00,144.42,10243,United Kingdom
INV701346,TH-JACK,Denim Jacket,3,2026-03-13 11:00,103.15,10243,United Kingdom
INV701168,TH-SHORT,Chino Shorts,3,2026-03-13 19:00,44.27,10210,United Kingdom
INV700147,TH-SHIRT,Oxford Shirt,3,2026-03-13 19:00,57.21,10024,United Kingdom
INV700147,TH-BAG,Canvas Tote Bag,2,2026-03-13 19:00,45.95,10024,United Kingdom
INV701168,TH-BAG,Canvas Tote Bag,3,2026-03-13 19:00,45.07,10210,United Kingdom
INV700147,TH-SCARF,Merino Scarf,1,2026-03-13 19:00,38.33,10024,United Kingdom
INV700883,TH-SOCK,Sock 3-Pack,2,2026-03-13 20:00,15.43,10160,United Kingdom
INV700337,TH-SHIRT,Oxford Shirt,2,2026-03-14 08:00,57.11,10060,United Kingdom
INV700337,TH-SCARF,Merino Scarf,2,2026-03-14 08:00,39.06,10060,United Kingdom
INV700645,TH-BELT,Leather Belt,3,2026-03-14 09:00,34.25,10116,United Kingdom
INV700645,TH-SCARF,Merino Scarf,3,2026-03-14 09:00,37.35,10116,United Kingdom
INV701596,TH-SOCK,Sock 3-Pack,2,2026-03-14 13:00,14.76,10294,United Kingdom
INV700340,TH-TSHIRT,Cotton Tee,3,2026-03-14 13:00,22.39,10061,United Kingdom
INV700340,TH-JACK,Denim Jacket,2,2026-03-14 13:00,103.79,10061,United Kingdom
INV700579,TH-TSHIRT,Cotton Tee,1,2026-03-14 14:00,25.74,10106,United Kingdom
INV700579,TH-SHORT,Chino Shorts,2,2026-03-14 14:00,39.36,10106,United Kingdom
INV700723,TH-HAT,Wool Beanie,3,2026-03-14 16:00,21.66,10130,United Kingdom
INV701592,TH-HAT,Wool Beanie,1,2026-03-14 17:00,22.77,10294,United Kingdom
INV701588,TH-BAG,Canvas Tote Bag,2,2026-03-14 17:00,43.55,10294,United Kingdom
INV701588,TH-BELT,Leather Belt,1,2026-03-14 17:00,33.48,10294,United Kingdom
INV701592,TH-SHIRT,Oxford Shirt,1,2026-03-14 17:00,53.63,10294,United Kingdom
INV701592,TH-BAG,Canvas Tote Bag,1,2026-03-14 17:00,46.06,10294,United Kingdom
INV701588,TH-HOOD,Pullover Hoodie,2,2026-03-14 17:00,66.84,10294,United Kingdom
INV700339,TH-JACK,Denim Jacket,1,2026-03-14 18:00,95.58,10061,United Kingdom
INV700339,TH-CHINO,Stretch Chinos,2,2026-03-14 18:00,67.29,10061,United Kingdom
INV700767,TH-JEAN,Slim Fit Jeans,2,2026-03-14 18:00,75.18,10138,United Kingdom
INV700767,TH-HAT,Wool Beanie,3,2026-03-14 18:00,22.41,10138,United Kingdom
INV700339,TH-SHORT,Chino Shorts,1,2026-03-14 18:00,41.78,10061,United Kingdom
INV701308,TH-CHINO,Stretch Chinos,3,2026-03-14 19:00,65.74,10236,United Kingdom
INV700752,TH-BELT,Leather Belt,2,2026-03-14 19:00,35.66,10135,Nepal
INV700626,TH-HAT,Wool Beanie,1,2026-03-14 20:00,22.04,10114,United Kingdom
INV700626,TH-BELT,Leather Belt,3,2026-03-14 20:00,36.21,10114,United Kingdom
INV700626,TH-BOOT,Chelsea Boots,1,2026-03-14 20:00,144.98,10114,United Kingdom
INV701272,TH-SHOE,Leather Sneakers,1,2026-03-15 12:00,123.71,10228,United Kingdom
INV701272,TH-SHIRT,Oxford Shirt,3,2026-03-15 12:00,50.85,10228,United Kingdom
INV700303,TH-BAG,Canvas Tote Bag,2,2026-03-15 13:00,46.28,10055,United Kingdom
INV700303,TH-JEAN,Slim Fit Jeans,1,2026-03-15 13:00,80.85,10055,United Kingdom
INV700303,TH-BAG,Canvas Tote Bag,2,2026-03-15 13:00,42.15,10055,United Kingdom
INV701430,TH-BOOT,Chelsea Boots,3,2026-03-15 16:00,153.04,10264,United Kingdom
INV701430,TH-HAT,Wool Beanie,3,2026-03-15 16:00,21.5,10264,United Kingdom
INV700248,TH-COAT,Wool Overcoat,3,2026-03-15 17:00,174.65,10043,United Kingdom
INV701589,TH-CHINO,Stretch Chinos,2,2026-03-15 19:00,68.13,10294,United Kingdom
INV700497,TH-SHORT,Chino Shorts,3,2026-03-16 08:00,40.81,10088,United Kingdom
INV700497,TH-COAT,Wool Overcoat,3,2026-03-16 08:00,183.17,10088,United Kingdom
INV701590,TH-SHORT,Chino Shorts,1,2026-03-17 08:00,39.43,10294,United Kingdom
INV701590,TH-BOOT,Chelsea Boots,3,2026-03-17 08:00,177.93,10294,United Kingdom
INV701590,TH-SHIRT,Oxford Shirt,3,2026-03-17 08:00,55.04,10294,United Kingdom
INV701508,TH-BOOT,Chelsea Boots,1,2026-03-17 10:00,160.31,10279,United Kingdom
INV701508,TH-BOOT,Chelsea Boots,2,2026-03-17 10:00,165.84,10279,United Kingdom
INV701042,TH-HAT,Wool Beanie,2,2026-03-17 14:00,23.03,10188,United Kingdom
INV701042,TH-SOCK,Sock 3-Pack,2,2026-03-17 14:00,15.74,10188,United Kingdom
INV701042,TH-BELT,Leather Belt,2,2026-03-17 14:00,33.38,10188,United Kingdom
INV701597,TH-SHOE,Leather Sneakers,1,2026-03-17 14:00,133.1,10294,United Kingdom
INV701432,TH-SHORT,Chino Shorts,2,2026-03-17 16:00,44.66,10264,United Kingdom
INV701432,TH-SHIRT,Oxford Shirt,1,2026-03-17 16:00,57.96,10264,United Kingdom
INV700168,TH-COAT,Wool Overcoat,1,2026-03-17 16:00,192.04,10027,United Kingdom
INV700997,TH-SOCK,Sock 3-Pack,1,2026-03-17 19:00,15.58,10180,United Kingdom
INV700997,TH-SHOE,Leather Sneakers,3,2026-03-17 19:00,129.19,10180,United Kingdom
INV701500,TH-SHIRT,Oxford Shirt,1,2026-03-17 19:00,49.14,10278,United Kingdom
INV700997,TH-SOCK,Sock 3-Pack,3,2026-03-17 19:00,15.48,10180,United Kingdom
INV700163,TH-BELT,Leather Belt,3,2026-03-18 09:00,33.61,10026,United Kingdom
INV701594,TH-HAT,Wool Beanie,1,2026-03-18 09:00,22.3,10294,United Kingdom
INV701594,TH-SOCK,Sock 3-Pack,1,2026-03-18 09:00,15.85,10294,United Kingdom
INV700495,TH-BELT,Leather Belt,1,2026-03-18 10:00,37.03,10088,United Kingdom
INV700495,TH-JEAN,Slim Fit Jeans,3,2026-03-18 10:00,71.89,10088,United Kingdom
INV700495,TH-SHIRT,Oxford Shirt,1,2026-03-18 10:00,59.0,10088,United Kingdom
INV701615,TH-SOCK,Sock 3-Pack,1,2026-03-18 11:00,15.23,10297,Germany
INV700917,TH-COAT,Wool Overcoat,1,2026-03-18 11:00,192.84,10164,United Kingdom
INV701615,TH-HAT,Wool Beanie,1,2026-03-18 11:00,21.35,10297,Germany
INV700917,TH-SCARF,Merino Scarf,3,2026-03-18 11:00,40.59,10164,United Kingdom
INV700325,TH-SCARF,Merino Scarf,1,2026-03-18 12:00,39.75,10058,United Kingdom
INV700325,TH-HAT,Wool Beanie,3,2026-03-18 12:00,24.71,10058,United Kingdom
INV700325,TH-CHINO,Stretch Chinos,3,2026-03-18 12:00,63.66,10058,United Kingdom
INV701207,TH-BELT,Leather Belt,1,2026-03-18 13:00,34.59,10217,United Kingdom
INV701207,TH-BELT,Leather Belt,3,2026-03-18 13:00,33.1,10217,United Kingdom
INV701207,TH-JACK,Denim Jacket,1,2026-03-18 13:00,100.32,10217,United Kingdom
INV700324,TH-JACK,Denim Jacket,1,2026-03-18 16:00,95.56,10058,United Kingdom
INV700324,TH-BOOT,Chelsea Boots,3,2026-03-18 16:00,157.5,10058,United Kingdom
INV700324,TH-SHIRT,Oxford Shirt,1,2026-03-18 16:00,59.84,10058,United Kingdom
INV701581,TH-SCARF,Merino Scarf,1,2026-03-18 17:00,41.67,10293,United States
INV701581,TH-BAG,Canvas Tote Bag,2,2026-03-18 17:00,43.14,10293,United States
INV701307,TH-SCARF,Merino Scarf,3,2026-03-18 18:00,41.63,10236,United Kingdom
INV701124,TH-CHINO,Stretch Chinos,3,2026-03-19 08:00,66.61,10204,United Kingdom
INV701124,TH-SHIRT,Oxford Shirt,2,2026-03-19 08:00,54.67,10204,United Kingdom
INV701624,TH-SHIRT,Oxford Shirt,1,2026-03-19 09:00,59.21,10302,United Kingdom
INV701587,TH-SCARF,Merino Scarf,2,2026-03-19 11:00,40.19,10294,United Kingdom
INV701220,TH-SHIRT,Oxford Shirt,1,2026-03-19 11:00,56.41,10218,United States
INV701587,TH-COAT,Wool Overcoat,3,2026-03-19 11:00,188.25,10294,United Kingdom
INV701220,TH-SHORT,Chino Shorts,3,2026-03-19 11:00,39.59,10218,United States
INV701587,TH-HAT,Wool Beanie,2,2026-03-19 11:00,21.7,10294,United Kingdom
INV700323,TH-JACK,Denim Jacket,1,2026-03-19 12:00,95.42,10058,United Kingdom
INV700323,TH-HOOD,Pullover Hoodie,3,2026-03-19 12:00,69.61,10058,United Kingdom
INV701536,TH-BOOT,Chelsea Boots,1,2026-03-19 12:00,148.0,10285,Ireland
INV701536,TH-HAT,Wool Beanie,1,2026-03-19 12:00,21.96,10285,Ireland
INV701580,TH-SCARF,Merino Scarf,2,2026-03-19 14:00,40.15,10293,United States
INV700886,TH-COAT,Wool Overcoat,2,2026-03-19 15:00,192.62,10160,United Kingdom
INV700886,TH-BELT,Leather Belt,3,2026-03-19 15:00,36.18,10160,United Kingdom
INV701595,TH-TSHIRT,Cotton Tee,3,2026-03-19 16:00,22.6,10294,United Kingdom
INV701595,TH-SHOE,Leather Sneakers,2,2026-03-19 16:00,121.25,10294,United Kingdom
INV701595,TH-BOOT,Chelsea Boots,3,2026-03-19 16:00,165.2,10294,United Kingdom
INV700856,TH-JEAN,Slim Fit Jeans,1,2026-03-19 20:00,81.57,10156,Ireland
INV700856,TH-SHORT,Chino Shorts,1,2026-03-19 20:00,42.32,10156,Ireland
INV700856,TH-SHIRT,Oxford Shirt,3,2026-03-19 20:00,50.1,10156,Ireland
INV701116,TH-SHIRT,Oxford Shirt,1,2026-03-20 08:00,52.9,10201,United Kingdom
INV700335,TH-BAG,Canvas Tote Bag,2,2026-03-20 08:00,45.27,10060,United Kingdom
INV701116,TH-HAT,Wool Beanie,2,2026-03-20 08:00,21.05,10201,United Kingdom
INV701116,TH-HAT,Wool Beanie,3,2026-03-20 08:00,22.87,10201,United Kingdom
INV700897,TH-SOCK,Sock 3-Pack,3,2026-03-20 09:00,16.29,10161,United Kingdom
INV700235,TH-SOCK,Sock 3-Pack,1,2026-03-20 12:00,15.08,10041,United Kingdom
INV700235,TH-JEAN,Slim Fit Jeans,2,2026-03-20 12:00,74.78,10041,United Kingdom
INV700235,TH-HAT,Wool Beanie,2,2026-03-20 12:00,23.84,10041,United Kingdom
INV700717,TH-COAT,Wool Overcoat,3,2026-03-20 16:00,196.24,10128,United Kingdom
INV700717,TH-HAT,Wool Beanie,1,2026-03-20 16:00,22.94,10128,United Kingdom
INV700733,TH-SOCK,Sock 3-Pack,1,2026-03-20 16:00,14.57,10131,United Kingdom
INV700733,TH-SHORT,Chino Shorts,2,2026-03-20 16:00,42.65,10131,United Kingdom
INV700733,TH-BOOT,Chelsea Boots,1,2026-03-20 16:00,158.55,10131,United Kingdom
INV701031,TH-BOOT,Chelsea Boots,3,2026-03-20 17:00,164.56,10186,United Kingdom
INV700501,TH-SHIRT,Oxford Shirt,3,2026-03-20 20:00,53.14,10088,United Kingdom
INV700501,TH-BAG,Canvas Tote Bag,1,2026-03-20 20:00,41.61,10088,United Kingdom
INV700501,TH-BOOT,Chelsea Boots,1,2026-03-20 20:00,149.98,10088,United Kingdom
INV701118,TH-SOCK,Sock 3-Pack,3,2026-03-20 20:00,15.11,10201,United Kingdom
INV701118,TH-SHORT,Chino Shorts,1,2026-03-20 20:00,44.14,10201,United Kingdom
INV700859,TH-SOCK,Sock 3-Pack,1,2026-03-21 09:00,14.61,10156,Ireland
INV700859,TH-CHINO,Stretch Chinos,2,2026-03-21 09:00,60.49,10156,Ireland
INV700204,TH-SOCK,Sock 3-Pack,3,2026-03-21 09:00,15.53,10034,United Kingdom
INV700204,TH-SHORT,Chino Shorts,1,2026-03-21 09:00,41.31,10034,United Kingdom
INV700859,TH-BELT,Leather Belt,1,2026-03-21 09:00,35.19,10156,Ireland
INV700204,TH-SHIRT,Oxford Shirt,3,2026-03-21 09:00,52.26,10034,United Kingdom
INV701318,TH-HAT,Wool Beanie,3,2026-03-21 10:00,20.26,10238,United Kingdom
INV701318,TH-SHOE,Leather Sneakers,3,2026-03-21 10:00,119.86,10238,United Kingdom
INV701026,TH-SHOE,Leather Sneakers,2,2026-03-21 12:00,124.03,10185,United Kingdom
INV700481,TH-BOOT,Chelsea Boots,3,2026-03-21 13:00,153.01,10086,United Kingdom
INV700481,TH-HAT,Wool Beanie,3,2026-03-21 13:00,23.28,10086,United Kingdom
INV700481,TH-COAT,Wool Overcoat,2,2026-03-21 13:00,211.7,10086,United Kingdom
INV700475,TH-SCARF,Merino Scarf,3,2026-03-21 16:00,39.19,10085,United Kingdom
INV700475,TH-SHORT,Chino Shorts,2,2026-03-21 16:00,40.38,10085,United Kingdom
INV700475,TH-TSHIRT,Cotton Tee,1,2026-03-21 16:00,24.12,10085,United Kingdom
INV700892,TH-SHORT,Chino Shorts,1,2026-03-21 18:00,45.66,10160,United Kingdom
INV700892,TH-SHIRT,Oxford Shirt,1,2026-03-21 18:00,53.76,10160,United Kingdom
INV701584,TH-CHINO,Stretch Chinos,3,2026-03-21 19:00,59.86,10293,United States
INV701584,TH-COAT,Wool Overcoat,2,2026-03-21 19:00,192.54,10293,United States
INV701584,TH-SCARF,Merino Scarf,1,2026-03-21 19:00,39.52,10293,United States
INV700718,TH-BOOT,Chelsea Boots,1,2026-03-22 09:00,168.43,10128,United Kingdom
INV700718,TH-HOOD,Pullover Hoodie,1,2026-03-22 09:00,68.64,10128,United Kingdom
INV700417,TH-SOCK,Sock 3-Pack,1,2026-03-22 10:00,14.41,10074,United States
INV700417,TH-COAT,Wool Overcoat,3,2026-03-22 10:00,194.02,10074,United States
INV700417,TH-CHINO,Stretch Chinos,1,2026-03-22 10:00,65.33,10074,United States
INV700814,TH-JEAN,Slim Fit Jeans,3,2026-03-22 12:00,77.25,10145,United Kingdom
INV700814,TH-SHORT,Chino Shorts,3,2026-03-22 12:00,42.41,10145,United Kingdom
INV700814,TH-SHIRT,Oxford Shirt,2,2026-03-22 12:00,51.94,10145,United Kingdom
INV700173,TH-HOOD,Pullover Hoodie,1,2026-03-23 12:00,76.52,10028,United Kingdom
INV700423,TH-CHINO,Stretch Chinos,3,2026-03-23 14:00,66.04,10074,United States
INV700327,TH-JEAN,Slim Fit Jeans,2,2026-03-24 11:00,75.86,10058,United Kingdom
INV700327,TH-COAT,Wool Overcoat,1,2026-03-24 11:00,193.52,10058,United Kingdom
INV700327,TH-JACK,Denim Jacket,2,2026-03-24 11:00,97.31,10058,United Kingdom
INV701616,TH-BELT,Leather Belt,2,2026-03-24 12:00,33.39,10297,Germany
INV701585,TH-JACK,Denim Jacket,2,2026-03-24 14:00,96.19,10293,United States
INV701585,TH-BAG,Canvas Tote Bag,2,2026-03-24 14:00,44.01,10293,United States
INV701585,TH-JACK,Denim Jacket,2,2026-03-24 14:00,98.73,10293,United States
INV700008,TH-JACK,Denim Jacket,3,2026-03-24 15:00,105.38,10001,United Kingdom
INV700008,TH-BAG,Canvas Tote Bag,3,2026-03-24 15:00,48.32,10001,United Kingdom
INV700008,TH-BOOT,Chelsea Boots,3,2026-03-24 15:00,156.69,10001,United Kingdom
INV700013,TH-TSHIRT,Cotton Tee,3,2026-03-24 18:00,23.54,10002,United Kingdom
INV700013,TH-HAT,Wool Beanie,1,2026-03-24 18:00,20.83,10002,United Kingdom
INV700975,TH-HOOD,Pullover Hoodie,2,2026-03-25 10:00,63.59,10175,United Kingdom
INV700975,TH-JACK,Denim Jacket,2,2026-03-25 10:00,104.47,10175,United Kingdom
INV700521,TH-SHOE,Leather Sneakers,1,2026-03-25 10:00,130.72,10092,United Kingdom
INV700975,TH-SOCK,Sock 3-Pack,3,2026-03-25 10:00,13.69,10175,United Kingdom
INV700157,TH-SHOE,Leather Sneakers,3,2026-03-25 12:00,135.08,10026,United Kingdom
INV700157,TH-SCARF,Merino Scarf,2,2026-03-25 12:00,37.16,10026,United Kingdom
INV701210,TH-SCARF,Merino Scarf,1,2026-03-25 15:00,37.35,10217,United Kingdom
INV701582,TH-CHINO,Stretch Chinos,3,2026-03-25 20:00,65.72,10293,United States
INV701582,TH-HAT,Wool Beanie,1,2026-03-25 20:00,22.44,10293,United States
INV701582,TH-HOOD,Pullover Hoodie,2,2026-03-25 20:00,67.44,10293,United States
INV701494,TH-CHINO,Stretch Chinos,2,2026-03-26 11:00,67.51,10276,United Kingdom
INV701494,TH-JACK,Denim Jacket,2,2026-03-26 11:00,93.94,10276,United Kingdom
INV701494,TH-SHORT,Chino Shorts,3,2026-03-26 11:00,42.98,10276,United Kingdom
INV700017,TH-HAT,Wool Beanie,1,2026-03-26 12:00,21.25,10002,United Kingdom
INV700203,TH-CHINO,Stretch Chinos,2,2026-03-26 12:00,66.32,10034,United Kingdom
INV700493,TH-CHINO,Stretch Chinos,3,2026-03-26 12:00,59.25,10088,United Kingdom
INV700017,TH-CHINO,Stretch Chinos,3,2026-03-26 12:00,67.03,10002,United Kingdom
INV700203,TH-COAT,Wool Overcoat,3,2026-03-26 12:00,185.37,10034,United Kingdom
INV700017,TH-CHINO,Stretch Chinos,2,2026-03-26 12:00,67.58,10002,United Kingdom
INV701128,TH-SOCK,Sock 3-Pack,2,2026-03-26 13:00,15.44,10204,United Kingdom
INV700478,TH-SHORT,Chino Shorts,3,2026-03-26 14:00,39.3,10086,United Kingdom
INV701583,TH-HOOD,Pullover Hoodie,3,2026-03-26 14:00,68.9,10293,United States
INV700478,TH-SHOE,Leather Sneakers,2,2026-03-26 14:00,118.12,10086,United Kingdom
INV701583,TH-CHINO,Stretch Chinos,3,2026-03-26 14:00,69.39,10293,United States
INV700478,TH-SHOE,Leather Sneakers,3,2026-03-26 14:00,124.73,10086,United Kingdom
INV700730,TH-HAT,Wool Beanie,2,2026-03-26 15:00,21.32,10130,United Kingdom
INV701396,TH-SCARF,Merino Scarf,3,2026-03-26 19:00,38.33,10257,United Kingdom
INV701396,TH-BELT,Leather Belt,3,2026-03-26 19:00,34.59,10257,United Kingdom
INV701396,TH-TSHIRT,Cotton Tee,2,2026-03-26 19:00,23.67,10257,United Kingdom
INV701481,TH-TSHIRT,Cotton Tee,1,2026-03-27 08:00,21.96,10274,United Kingdom
INV701481,TH-BOOT,Chelsea Boots,1,2026-03-27 08:00,169.36,10274,United Kingdom
INV701481,TH-HOOD,Pullover Hoodie,1,2026-03-27 08:00,64.42,10274,United Kingdom
INV701565,TH-SOCK,Sock 3-Pack,3,2026-03-27 09:00,14.63,10291,United Kingdom
INV701565,TH-SOCK,Sock 3-Pack,1,2026-03-27 09:00,16.43,10291,United Kingdom
INV700069,TH-JEAN,Slim Fit Jeans,2,2026-03-27 09:00,74.66,10013,United Kingdom
INV700498,TH-JACK,Denim Jacket,1,2026-03-27 11:00,97.14,10088,United Kingdom
INV701129,TH-HOOD,Pullover Hoodie,2,2026-03-27 16:00,72.83,10204,United Kingdom
INV701644,TH-BELT,Leather Belt,3,2026-03-27 17:00,38.07,10305,United Kingdom
INV700477,TH-JEAN,Slim Fit Jeans,2,2026-03-27 19:00,71.89,10085,United Kingdom
INV700477,TH-SOCK,Sock 3-Pack,1,2026-03-27 19:00,14.92,10085,United Kingdom
INV701576,TH-BOOT,Chelsea Boots,3,2026-03-28 08:00,152.96,10292,United Kingdom
INV700899,TH-BOOT,Chelsea Boots,3,2026-03-28 09:00,159.41,10161,United Kingdom
INV700899,TH-TSHIRT,Cotton Tee,1,2026-03-28 09:00,26.32,10161,United Kingdom
INV700715,TH-SHIRT,Oxford Shirt,1,2026-03-28 14:00,58.56,10128,United Kingdom
INV700474,TH-BOOT,Chelsea Boots,2,2026-03-28 14:00,164.65,10085,United Kingdom
INV701431,TH-SHIRT,Oxford Shirt,2,2026-03-28 16:00,60.22,10264,United Kingdom
INV700858,TH-BOOT,Chelsea Boots,3,2026-03-28 17:00,161.05,10156,Ireland
INV701462,TH-SCARF,Merino Scarf,3,2026-03-28 17:00,39.59,10271,United Kingdom
INV701462,TH-JEAN,Slim Fit Jeans,3,2026-03-28 17:00,82.76,10271,United Kingdom
INV701462,TH-SCARF,Merino Scarf,2,2026-03-28 17:00,38.58,10271,United Kingdom
INV700421,TH-SHOE,Leather Sneakers,1,2026-03-28 17:00,124.53,10074,United States
INV700858,TH-SHORT,Chino Shorts,3,2026-03-28 17:00,45.17,10156,Ireland
INV700421,TH-HOOD,Pullover Hoodie,1,2026-03-28 17:00,67.56,10074,United States
INV700499,TH-SHOE,Leather Sneakers,3,2026-03-28 18:00,132.52,10088,United Kingdom
INV700499,TH-BELT,Leather Belt,3,2026-03-28 18:00,29.95,10088,United Kingdom
INV700499,TH-BELT,Leather Belt,1,2026-03-28 18:00,36.62,10088,United Kingdom
INV701586,TH-TSHIRT,Cotton Tee,2,2026-03-28 20:00,21.36,10293,United States
INV701586,TH-BELT,Leather Belt,2,2026-03-28 20:00,35.91,10293,United States
INV701586,TH-BAG,Canvas Tote Bag,3,2026-03-28 20:00,43.02,10293,United States
INV700500,TH-JEAN,Slim Fit Jeans,2,2026-03-29 10:00,80.25,10088,United Kingdom
INV700903,TH-BELT,Leather Belt,3,2026-03-29 11:00,32.94,10162,United Kingdom
INV700903,TH-SHORT,Chino Shorts,3,2026-03-29 11:00,46.79,10162,United Kingdom
INV700903,TH-JACK,Denim Jacket,2,2026-03-29 11:00,96.72,10162,United Kingdom
INV700242,TH-SHORT,Chino Shorts,2,2026-03-29 16:00,45.63,10041,United Kingdom
INV701707,TH-BELT,Leather Belt,2,2026-03-30 10:00,38.07,10317,United Kingdom
INV701707,TH-COAT,Wool Overcoat,2,2026-03-30 10:00,187.4,10317,United Kingdom
INV701707,TH-COAT,Wool Overcoat,1,2026-03-30 10:00,191.02,10317,United Kingdom
INV700014,TH-BELT,Leather Belt,3,2026-03-30 11:00,34.95,10002,United Kingdom
INV700014,TH-SHORT,Chino Shorts,1,2026-03-30 11:00,41.25,10002,United Kingdom
INV700176,TH-SHIRT,Oxford Shirt,3,2026-03-30 11:00,57.69,10028,United Kingdom
INV700176,TH-HAT,Wool Beanie,3,2026-03-30 11:00,21.06,10028,United Kingdom
INV700030,TH-SOCK,Sock 3-Pack,1,2026-03-30 13:00,15.59,10004,United Kingdom
INV700030,TH-HAT,Wool Beanie,2,2026-03-30 13:00,22.12,10004,United Kingdom
INV700471,TH-SHIRT,Oxford Shirt,1,2026-03-30 19:00,55.84,10085,United Kingdom
INV700471,TH-BELT,Leather Belt,1,2026-03-30 19:00,37.7,10085,United Kingdom
INV700471,TH-SHIRT,Oxford Shirt,3,2026-03-30 19:00,57.65,10085,United Kingdom
INV701029,TH-BELT,Leather Belt,1,2026-04-01 09:00,33.82,10185,United Kingdom
INV701700,TH-BELT,Leather Belt,3,2026-04-01 12:00,36.29,10315,United Kingdom
INV701097,TH-BELT,Leather Belt,2,2026-04-01 13:00,36.11,10198,United Kingdom
INV701503,TH-HOOD,Pullover Hoodie,3,2026-04-01 14:00,62.23,10278,United Kingdom
INV701503,TH-JEAN,Slim Fit Jeans,3,2026-04-01 14:00,76.69,10278,United Kingdom
INV701503,TH-JACK,Denim Jacket,1,2026-04-01 14:00,102.13,10278,United Kingdom
INV701567,TH-HAT,Wool Beanie,3,2026-04-01 15:00,24.65,10291,United Kingdom
INV701567,TH-CHINO,Stretch Chinos,2,2026-04-01 15:00,58.26,10291,United Kingdom
INV701368,TH-BAG,Canvas Tote Bag,3,2026-04-01 16:00,45.68,10250,Ireland
INV701368,TH-HOOD,Pullover Hoodie,3,2026-04-01 16:00,63.44,10250,Ireland
INV700342,TH-HOOD,Pullover Hoodie,3,2026-04-01 16:00,65.11,10061,United Kingdom
INV700342,TH-BAG,Canvas Tote Bag,3,2026-04-01 16:00,40.03,10061,United Kingdom
INV700326,TH-HOOD,Pullover Hoodie,2,2026-04-01 18:00,66.38,10058,United Kingdom
INV700326,TH-BOOT,Chelsea Boots,2,2026-04-01 18:00,145.46,10058,United Kingdom
INV700326,TH-JEAN,Slim Fit Jeans,3,2026-04-01 18:00,73.14,10058,United Kingdom
INV701074,TH-JEAN,Slim Fit Jeans,2,2026-04-02 09:00,80.99,10193,United Kingdom
INV701385,TH-BELT,Leather Belt,3,2026-04-02 10:00,36.87,10253,United Kingdom
INV701385,TH-SOCK,Sock 3-Pack,2,2026-04-02 10:00,17.08,10253,United Kingdom
INV700990,TH-HAT,Wool Beanie,2,2026-04-02 11:00,23.97,10177,United Kingdom
INV700447,TH-SHORT,Chino Shorts,2,2026-04-02 13:00,45.68,10079,United Kingdom
INV700447,TH-SOCK,Sock 3-Pack,1,2026-04-02 13:00,15.63,10079,United Kingdom
INV701211,TH-COAT,Wool Overcoat,1,2026-04-02 14:00,200.84,10217,United Kingdom
INV700152,TH-SHORT,Chino Shorts,3,2026-04-02 17:00,40.44,10025,United Kingdom
INV700152,TH-SCARF,Merino Scarf,2,2026-04-02 17:00,40.92,10025,United Kingdom
INV700736,TH-SHOE,Leather Sneakers,1,2026-04-02 17:00,128.71,10131,United Kingdom
INV700152,TH-BOOT,Chelsea Boots,3,2026-04-02 17:00,152.73,10025,United Kingdom
INV701533,TH-HOOD,Pullover Hoodie,2,2026-04-03 08:00,68.36,10285,Ireland
INV700101,TH-BAG,Canvas Tote Bag,2,2026-04-03 08:00,48.15,10018,United Kingdom
INV700101,TH-JACK,Denim Jacket,2,2026-04-03 08:00,93.94,10018,United Kingdom
INV700569,TH-TSHIRT,Cotton Tee,3,2026-04-03 11:00,24.41,10103,United Kingdom
INV700569,TH-SHORT,Chino Shorts,1,2026-04-03 11:00,42.49,10103,United Kingdom
INV700569,TH-SHOE,Leather Sneakers,2,2026-04-03 11:00,129.2,10103,United Kingdom
INV700205,TH-SHIRT,Oxford Shirt,1,2026-04-03 13:00,53.89,10034,United Kingdom
INV701375,TH-CHINO,Stretch Chinos,3,2026-04-03 14:00,63.34,10253,United Kingdom
INV701095,TH-JACK,Denim Jacket,1,2026-04-03 14:00,100.33,10197,United Kingdom
INV701375,TH-SHOE,Leather Sneakers,1,2026-04-03 14:00,131.59,10253,United Kingdom
INV701095,TH-SHOE,Leather Sneakers,2,2026-04-03 14:00,132.34,10197,United Kingdom
INV701306,TH-SHIRT,Oxford Shirt,2,2026-04-03 15:00,55.59,10236,United Kingdom
INV701306,TH-SHOE,Leather Sneakers,2,2026-04-03 15:00,129.34,10236,United Kingdom
INV701306,TH-HOOD,Pullover Hoodie,1,2026-04-03 15:00,71.48,10236,United Kingdom
INV701150,TH-SHIRT,Oxford Shirt,1,2026-04-03 15:00,63.7,10207,United Kingdom
INV701150,TH-HOOD,Pullover Hoodie,2,2026-04-03 15:00,65.17,10207,United Kingdom
INV701150,TH-BELT,Leather Belt,1,2026-04-03 15:00,36.38,10207,United Kingdom
INV700598,TH-SHOE,Leather Sneakers,3,2026-04-03 16:00,141.44,10108,United Kingdom
INV700472,TH-JEAN,Slim Fit Jeans,3,2026-04-03 16:00,76.22,10085,United Kingdom
INV700598,TH-HAT,Wool Beanie,3,2026-04-03 16:00,21.13,10108,United Kingdom
INV700598,TH-JACK,Denim Jacket,2,2026-04-03 16:00,104.21,10108,United Kingdom
INV701378,TH-BELT,Leather Belt,2,2026-04-04 08:00,33.83,10253,United Kingdom
INV701378,TH-JEAN,Slim Fit Jeans,3,2026-04-04 08:00,82.96,10253,United Kingdom
INV700978,TH-JACK,Denim Jacket,3,2026-04-04 11:00,104.39,10175,United Kingdom
INV700978,TH-COAT,Wool Overcoat,1,2026-04-04 11:00,193.92,10175,United Kingdom
INV700112,TH-BELT,Leather Belt,1,2026-04-04 15:00,37.4,10020,United Kingdom
INV700112,TH-TSHIRT,Cotton Tee,2,2026-04-04 15:00,25.5,10020,United Kingdom
INV700112,TH-SCARF,Merino Scarf,3,2026-04-04 15:00,39.72,10020,United Kingdom
INV701099,TH-SHIRT,Oxford Shirt,1,2026-04-04 18:00,58.49,10198,United Kingdom
INV701099,TH-SHORT,Chino Shorts,3,2026-04-04 18:00,44.97,10198,United Kingdom
INV701099,TH-HOOD,Pullover Hoodie,3,2026-04-04 18:00,71.99,10198,United Kingdom
INV700343,TH-TSHIRT,Cotton Tee,1,2026-04-04 20:00,22.83,10061,United Kingdom
INV700343,TH-SHIRT,Oxford Shirt,2,2026-04-04 20:00,58.29,10061,United Kingdom
INV701214,TH-BAG,Canvas Tote Bag,1,2026-04-05 10:00,45.71,10218,United States
INV701214,TH-TSHIRT,Cotton Tee,2,2026-04-05 10:00,24.76,10218,United States
INV701477,TH-CHINO,Stretch Chinos,3,2026-04-05 10:00,62.09,10274,United Kingdom
INV701384,TH-BAG,Canvas Tote Bag,2,2026-04-05 11:00,47.06,10253,United Kingdom
INV700861,TH-TSHIRT,Cotton Tee,3,2026-04-05 11:00,23.35,10156,Ireland
INV701098,TH-CHINO,Stretch Chinos,3,2026-04-05 12:00,56.38,10198,United Kingdom
INV701098,TH-SHIRT,Oxford Shirt,1,2026-04-05 12:00,58.45,10198,United Kingdom
INV701098,TH-SHIRT,Oxford Shirt,3,2026-04-05 12:00,55.57,10198,United Kingdom
INV701386,TH-BELT,Leather Belt,3,2026-04-05 15:00,37.54,10253,United Kingdom
INV700470,TH-SHOE,Leather Sneakers,2,2026-04-05 15:00,132.75,10085,United Kingdom
INV700470,TH-BELT,Leather Belt,3,2026-04-05 15:00,33.44,10085,United Kingdom
INV700725,TH-SHIRT,Oxford Shirt,3,2026-04-05 15:00,54.92,10130,United Kingdom
INV701386,TH-BOOT,Chelsea Boots,2,2026-04-05 15:00,164.0,10253,United Kingdom
INV700725,TH-COAT,Wool Overcoat,2,2026-04-05 15:00,172.28,10130,United Kingdom
INV700353,TH-SCARF,Merino Scarf,3,2026-04-05 17:00,41.85,10064,United Kingdom
INV700353,TH-BELT,Leather Belt,1,2026-04-05 17:00,32.65,10064,United Kingdom
INV700353,TH-BAG,Canvas Tote Bag,3,2026-04-05 17:00,43.83,10064,United Kingdom
INV701617,TH-BOOT,Chelsea Boots,1,2026-04-05 19:00,156.63,10298,United Kingdom
INV701617,TH-CHINO,Stretch Chinos,3,2026-04-05 19:00,66.4,10298,United Kingdom
INV700011,TH-CHINO,Stretch Chinos,1,2026-04-05 20:00,67.58,10001,United Kingdom
INV700011,TH-CHINO,Stretch Chinos,1,2026-04-05 20:00,71.21,10001,United Kingdom
INV700004,TH-SHOE,Leather Sneakers,3,2026-04-06 10:00,133.42,10001,United Kingdom
INV700004,TH-SOCK,Sock 3-Pack,1,2026-04-06 10:00,15.85,10001,United Kingdom
INV700004,TH-SHIRT,Oxford Shirt,3,2026-04-06 10:00,58.72,10001,United Kingdom
INV701579,TH-SHORT,Chino Shorts,3,2026-04-06 11:00,43.17,10292,United Kingdom
INV700473,TH-JACK,Denim Jacket,2,2026-04-06 13:00,96.81,10085,United Kingdom
INV700473,TH-SOCK,Sock 3-Pack,3,2026-04-06 13:00,14.47,10085,United Kingdom
INV700473,TH-HAT,Wool Beanie,3,2026-04-06 13:00,23.31,10085,United Kingdom
INV700338,TH-CHINO,Stretch Chinos,2,2026-04-06 15:00,58.54,10061,United Kingdom
INV700338,TH-JEAN,Slim Fit Jeans,1,2026-04-06 15:00,81.8,10061,United Kingdom
INV700479,TH-BAG,Canvas Tote Bag,1,2026-04-06 17:00,44.35,10086,United Kingdom
INV700479,TH-BELT,Leather Belt,1,2026-04-06 17:00,32.81,10086,United Kingdom
INV700479,TH-SHIRT,Oxford Shirt,3,2026-04-06 17:00,56.51,10086,United Kingdom
INV700476,TH-BOOT,Chelsea Boots,3,2026-04-06 18:00,147.12,10085,United Kingdom
INV700476,TH-HAT,Wool Beanie,1,2026-04-06 18:00,23.79,10085,United Kingdom
INV700806,TH-SCARF,Merino Scarf,1,2026-04-06 18:00,37.36,10145,United Kingdom
INV700806,TH-TSHIRT,Cotton Tee,3,2026-04-06 18:00,24.17,10145,United Kingdom
INV700476,TH-JEAN,Slim Fit Jeans,1,2026-04-06 18:00,83.59,10085,United Kingdom
INV701027,TH-BELT,Leather Belt,2,2026-04-06 18:00,36.58,10185,United Kingdom
INV700806,TH-COAT,Wool Overcoat,3,2026-04-06 18:00,193.62,10145,United Kingdom
INV700807,TH-SHIRT,Oxford Shirt,2,2026-04-06 19:00,55.49,10145,United Kingdom
INV700877,TH-JACK,Denim Jacket,3,2026-04-06 19:00,99.8,10159,United Kingdom
INV700877,TH-SCARF,Merino Scarf,3,2026-04-06 19:00,40.42,10159,United Kingdom
INV700366,TH-TSHIRT,Cotton Tee,3,2026-04-07 08:00,25.43,10066,United Kingdom
INV700366,TH-BELT,Leather Belt,1,2026-04-07 08:00,36.81,10066,United Kingdom
INV700012,TH-SCARF,Merino Scarf,1,2026-04-07 11:00,41.51,10001,United Kingdom
INV701366,TH-JEAN,Slim Fit Jeans,2,2026-04-07 15:00,81.12,10250,Ireland
INV701366,TH-SHORT,Chino Shorts,2,2026-04-07 15:00,42.22,10250,Ireland
INV700123,TH-SOCK,Sock 3-Pack,3,2026-04-07 16:00,16.83,10021,United Kingdom
INV700123,TH-HOOD,Pullover Hoodie,1,2026-04-07 16:00,61.8,10021,United Kingdom
INV700789,TH-SHORT,Chino Shorts,2,2026-04-07 19:00,44.0,10142,United Kingdom
INV700895,TH-TSHIRT,Cotton Tee,1,2026-04-07 20:00,24.54,10161,United Kingdom
INV700119,TH-SOCK,Sock 3-Pack,3,2026-04-08 11:00,16.05,10021,United Kingdom
INV701574,TH-BELT,Leather Belt,2,2026-04-08 11:00,34.31,10292,United Kingdom
INV701574,TH-TSHIRT,Cotton Tee,1,2026-04-08 11:00,23.79,10292,United Kingdom
INV700048,TH-BOOT,Chelsea Boots,1,2026-04-08 12:00,150.43,10008,United Kingdom
INV700048,TH-BELT,Leather Belt,2,2026-04-08 12:00,30.97,10008,United Kingdom
INV700048,TH-HOOD,Pullover Hoodie,3,2026-04-08 12:00,71.87,10008,United Kingdom
INV700884,TH-JACK,Denim Jacket,1,2026-04-08 16:00,97.73,10160,United Kingdom
INV700884,TH-BOOT,Chelsea Boots,1,2026-04-08 16:00,149.57,10160,United Kingdom
INV700884,TH-BOOT,Chelsea Boots,2,2026-04-08 16:00,164.26,10160,United Kingdom
INV701380,TH-JEAN,Slim Fit Jeans,1,2026-04-08 18:00,76.19,10253,United Kingdom
INV701380,TH-BAG,Canvas Tote Bag,1,2026-04-08 18:00,45.58,10253,United Kingdom
INV701380,TH-SOCK,Sock 3-Pack,1,2026-04-08 18:00,14.38,10253,United Kingdom
INV700812,TH-BAG,Canvas Tote Bag,2,2026-04-08 20:00,46.93,10145,United Kingdom
INV701093,TH-SOCK,Sock 3-Pack,1,2026-04-09 13:00,14.91,10197,United Kingdom
INV701093,TH-BAG,Canvas Tote Bag,3,2026-04-09 13:00,45.88,10197,United Kingdom
INV701093,TH-JACK,Denim Jacket,1,2026-04-09 13:00,102.14,10197,United Kingdom
INV701203,TH-SHIRT,Oxford Shirt,1,2026-04-09 13:00,57.95,10216,United Kingdom
INV701203,TH-COAT,Wool Overcoat,2,2026-04-09 13:00,202.43,10216,United Kingdom
INV701203,TH-SHIRT,Oxford Shirt,3,2026-04-09 13:00,60.2,10216,United Kingdom
INV700082,TH-SCARF,Merino Scarf,2,2026-04-09 14:00,41.37,10016,United Kingdom
INV700082,TH-BOOT,Chelsea Boots,2,2026-04-09 14:00,155.7,10016,United Kingdom
INV700082,TH-JACK,Denim Jacket,3,2026-04-09 14:00,95.12,10016,United Kingdom
INV700716,TH-BOOT,Chelsea Boots,3,2026-04-09 16:00,178.24,10128,United Kingdom
INV700716,TH-HOOD,Pullover Hoodie,1,2026-04-09 16:00,67.35,10128,United Kingdom
INV700716,TH-JACK,Denim Jacket,1,2026-04-09 16:00,103.29,10128,United Kingdom
INV700785,TH-SHOE,Leather Sneakers,2,2026-04-09 17:00,128.73,10141,United Kingdom
INV700785,TH-CHINO,Stretch Chinos,1,2026-04-09 17:00,59.54,10141,United Kingdom
INV701376,TH-BOOT,Chelsea Boots,2,2026-04-09 17:00,159.05,10253,United Kingdom
INV701376,TH-COAT,Wool Overcoat,1,2026-04-09 17:00,193.87,10253,United Kingdom
INV700260,TH-HAT,Wool Beanie,1,2026-04-09 18:00,21.08,10046,United Kingdom
INV700260,TH-TSHIRT,Cotton Tee,3,2026-04-09 18:00,23.14,10046,United Kingdom
INV701192,TH-JEAN,Slim Fit Jeans,2,2026-04-09 19:00,78.61,10214,United Kingdom
INV700915,TH-SOCK,Sock 3-Pack,1,2026-04-10 11:00,15.57,10164,United Kingdom
INV700915,TH-BELT,Leather Belt,3,2026-04-10 11:00,32.53,10164,United Kingdom
INV700915,TH-JEAN,Slim Fit Jeans,3,2026-04-10 11:00,78.83,10164,United Kingdom
INV700247,TH-HOOD,Pullover Hoodie,3,2026-04-10 12:00,71.12,10043,United Kingdom
INV700247,TH-CHINO,Stretch Chinos,3,2026-04-10 12:00,61.05,10043,United Kingdom
INV700247,TH-HOOD,Pullover Hoodie,2,2026-04-10 12:00,68.86,10043,United Kingdom
INV700919,TH-SHIRT,Oxford Shirt,3,2026-04-10 13:00,59.6,10164,United Kingdom
INV700919,TH-SHORT,Chino Shorts,1,2026-04-10 13:00,40.12,10164,United Kingdom
INV700919,TH-BOOT,Chelsea Boots,2,2026-04-10 13:00,157.74,10164,United Kingdom
INV701694,TH-SOCK,Sock 3-Pack,1,2026-04-10 16:00,13.97,10315,United Kingdom
INV701694,TH-COAT,Wool Overcoat,3,2026-04-10 16:00,185.26,10315,United Kingdom
INV700731,TH-BOOT,Chelsea Boots,1,2026-04-10 18:00,157.96,10130,United Kingdom
INV700731,TH-BOOT,Chelsea Boots,1,2026-04-10 18:00,165.95,10130,United Kingdom
INV700731,TH-SCARF,Merino Scarf,1,2026-04-10 18:00,39.51,10130,United Kingdom
INV701569,TH-CHINO,Stretch Chinos,3,2026-04-10 19:00,61.0,10291,United Kingdom
INV701569,TH-SHORT,Chino Shorts,3,2026-04-10 19:00,43.3,10291,United Kingdom
INV701569,TH-JACK,Denim Jacket,3,2026-04-10 19:00,102.77,10291,United Kingdom
INV700121,TH-CHINO,Stretch Chinos,3,2026-04-11 11:00,65.11,10021,United Kingdom
INV700747,TH-HOOD,Pullover Hoodie,1,2026-04-11 11:00,70.09,10134,United Kingdom
INV700747,TH-SHORT,Chino Shorts,1,2026-04-11 11:00,45.61,10134,United Kingdom
INV700121,TH-SHORT,Chino Shorts,1,2026-04-11 11:00,44.52,10021,United Kingdom
INV700121,TH-COAT,Wool Overcoat,2,2026-04-11 11:00,184.17,10021,United Kingdom
INV700747,TH-SOCK,Sock 3-Pack,3,2026-04-11 11:00,14.92,10134,United Kingdom
INV700146,TH-BOOT,Chelsea Boots,2,2026-04-11 12:00,155.12,10024,United Kingdom
INV700146,TH-HAT,Wool Beanie,2,2026-04-11 12:00,21.81,10024,United Kingdom
INV701049,TH-SOCK,Sock 3-Pack,2,2026-04-11 12:00,15.6,10188,United Kingdom
INV701049,TH-JACK,Denim Jacket,3,2026-04-11 12:00,105.54,10188,United Kingdom
INV701049,TH-BELT,Leather Belt,3,2026-04-11 12:00,36.16,10188,United Kingdom
INV701302,TH-BOOT,Chelsea Boots,1,2026-04-11 17:00,165.35,10236,United Kingdom
INV701302,TH-COAT,Wool Overcoat,3,2026-04-11 17:00,192.2,10236,United Kingdom
INV700240,TH-SHOE,Leather Sneakers,3,2026-04-11 20:00,128.59,10041,United Kingdom
INV700240,TH-SHORT,Chino Shorts,1,2026-04-11 20:00,39.4,10041,United Kingdom
INV700206,TH-SHIRT,Oxford Shirt,1,2026-04-12 08:00,52.88,10034,United Kingdom
INV700206,TH-SHOE,Leather Sneakers,2,2026-04-12 08:00,129.29,10034,United Kingdom
INV700124,TH-SOCK,Sock 3-Pack,3,2026-04-12 10:00,15.52,10021,United Kingdom
INV701052,TH-TSHIRT,Cotton Tee,2,2026-04-12 10:00,23.81,10190,United Kingdom
INV701701,TH-SOCK,Sock 3-Pack,1,2026-04-12 17:00,15.87,10315,United Kingdom
INV701701,TH-SHIRT,Oxford Shirt,3,2026-04-12 17:00,56.79,10315,United Kingdom
INV701701,TH-CHINO,Stretch Chinos,2,2026-04-12 17:00,65.84,10315,United Kingdom
INV701544,TH-TSHIRT,Cotton Tee,3,2026-04-12 19:00,23.71,10287,United Kingdom
INV700860,TH-SCARF,Merino Scarf,3,2026-04-13 11:00,38.41,10156,Ireland
INV700860,TH-COAT,Wool Overcoat,2,2026-04-13 11:00,196.23,10156,Ireland
INV700860,TH-SHIRT,Oxford Shirt,1,2026-04-13 11:00,51.97,10156,Ireland
INV700482,TH-CHINO,Stretch Chinos,3,2026-04-13 12:00,67.19,10086,United Kingdom
INV700482,TH-TSHIRT,Cotton Tee,3,2026-04-13 12:00,22.04,10086,United Kingdom
INV700543,TH-SHIRT,Oxford Shirt,1,2026-04-13 13:00,51.68,10098,United Kingdom
INV700543,TH-HAT,Wool Beanie,3,2026-04-13 13:00,21.06,10098,United Kingdom
INV700543,TH-SHOE,Leather Sneakers,2,2026-04-13 13:00,121.7,10098,United Kingdom
INV701377,TH-BELT,Leather Belt,1,2026-04-13 14:00,34.24,10253,United Kingdom
INV701023,TH-SHOE,Leather Sneakers,2,2026-04-13 14:00,132.89,10184,United Kingdom
INV701377,TH-BELT,Leather Belt,2,2026-04-13 14:00,33.35,10253,United Kingdom
INV701023,TH-SHORT,Chino Shorts,1,2026-04-13 14:00,39.04,10184,United Kingdom
INV701023,TH-COAT,Wool Overcoat,1,2026-04-13 14:00,184.63,10184,United Kingdom
INV701578,TH-TSHIRT,Cotton Tee,2,2026-04-13 15:00,24.55,10292,United Kingdom
INV700786,TH-BELT,Leather Belt,2,2026-04-13 16:00,35.15,10141,United Kingdom
INV700545,TH-SCARF,Merino Scarf,1,2026-04-13 17:00,40.51,10098,United Kingdom
INV700545,TH-TSHIRT,Cotton Tee,1,2026-04-13 17:00,25.17,10098,United Kingdom
INV700545,TH-HAT,Wool Beanie,2,2026-04-13 17:00,22.56,10098,United Kingdom
INV700953,TH-SHIRT,Oxford Shirt,2,2026-04-13 18:00,51.97,10172,United Kingdom
INV700953,TH-HOOD,Pullover Hoodie,3,2026-04-13 18:00,72.57,10172,United Kingdom
INV700913,TH-SHOE,Leather Sneakers,1,2026-04-13 19:00,130.86,10164,United Kingdom
INV700261,TH-SCARF,Merino Scarf,3,2026-04-13 20:00,35.74,10046,United Kingdom
INV700261,TH-SHORT,Chino Shorts,3,2026-04-13 20:00,39.72,10046,United Kingdom
INV700261,TH-SHIRT,Oxford Shirt,2,2026-04-13 20:00,59.69,10046,United Kingdom
INV700428,TH-JACK,Denim Jacket,3,2026-04-14 08:00,91.81,10075,United Kingdom
INV700428,TH-BOOT,Chelsea Boots,1,2026-04-14 08:00,153.39,10075,United Kingdom
INV700428,TH-HAT,Wool Beanie,2,2026-04-14 08:00,21.36,10075,United Kingdom
INV701381,TH-CHINO,Stretch Chinos,2,2026-04-14 08:00,66.95,10253,United Kingdom
INV700896,TH-COAT,Wool Overcoat,1,2026-04-14 09:00,199.16,10161,United Kingdom
INV700896,TH-SOCK,Sock 3-Pack,1,2026-04-14 09:00,14.75,10161,United Kingdom
INV701332,TH-JEAN,Slim Fit Jeans,2,2026-04-14 10:00,85.85,10240,United Kingdom
INV701332,TH-BOOT,Chelsea Boots,2,2026-04-14 10:00,160.73,10240,United Kingdom
INV701332,TH-SHIRT,Oxford Shirt,2,2026-04-14 10:00,56.72,10240,United Kingdom
INV700868,TH-BOOT,Chelsea Boots,3,2026-04-14 11:00,158.01,10157,United Kingdom
INV700868,TH-TSHIRT,Cotton Tee,2,2026-04-14 11:00,25.43,10157,United Kingdom
INV700868,TH-BAG,Canvas Tote Bag,1,2026-04-14 11:00,43.28,10157,United Kingdom
INV700751,TH-SHIRT,Oxford Shirt,3,2026-04-14 14:00,59.38,10134,United Kingdom
INV700751,TH-HOOD,Pullover Hoodie,1,2026-04-14 14:00,69.02,10134,United Kingdom
INV700874,TH-HOOD,Pullover Hoodie,3,2026-04-14 16:00,67.4,10159,United Kingdom
INV700874,TH-SHOE,Leather Sneakers,3,2026-04-14 16:00,135.03,10159,United Kingdom
INV700874,TH-COAT,Wool Overcoat,2,2026-04-14 16:00,197.6,10159,United Kingdom
INV701706,TH-BAG,Canvas Tote Bag,2,2026-04-14 16:00,50.66,10317,United Kingdom
INV701706,TH-BELT,Leather Belt,3,2026-04-14 16:00,35.02,10317,United Kingdom
INV701154,TH-BOOT,Chelsea Boots,3,2026-04-14 16:00,168.57,10207,United Kingdom
INV701154,TH-SHOE,Leather Sneakers,2,2026-04-14 16:00,121.53,10207,United Kingdom
INV700416,TH-BAG,Canvas Tote Bag,2,2026-04-14 16:00,43.65,10074,United States
INV700431,TH-SOCK,Sock 3-Pack,2,2026-04-15 08:00,14.65,10075,United Kingdom
INV701039,TH-JEAN,Slim Fit Jeans,2,2026-04-15 12:00,73.55,10188,United Kingdom
INV701379,TH-HAT,Wool Beanie,1,2026-04-15 14:00,22.33,10253,United Kingdom
INV701379,TH-COAT,Wool Overcoat,2,2026-04-15 14:00,197.36,10253,United Kingdom
INV701379,TH-CHINO,Stretch Chinos,1,2026-04-15 14:00,64.72,10253,United Kingdom
INV700419,TH-JEAN,Slim Fit Jeans,2,2026-04-15 16:00,77.39,10074,United States
INV701383,TH-HAT,Wool Beanie,3,2026-04-15 17:00,22.98,10253,United Kingdom
INV700139,TH-TSHIRT,Cotton Tee,3,2026-04-16 08:00,22.66,10024,United Kingdom
INV700341,TH-SHORT,Chino Shorts,3,2026-04-16 08:00,42.14,10061,United Kingdom
INV700139,TH-HOOD,Pullover Hoodie,1,2026-04-16 08:00,72.24,10024,United Kingdom
INV700139,TH-SHOE,Leather Sneakers,3,2026-04-16 08:00,128.34,10024,United Kingdom
INV700341,TH-CHINO,Stretch Chinos,1,2026-04-16 08:00,64.34,10061,United Kingdom
INV700341,TH-SHORT,Chino Shorts,2,2026-04-16 08:00,41.69,10061,United Kingdom
INV701105,TH-TSHIRT,Cotton Tee,1,2026-04-16 09:00,22.92,10200,United Kingdom
INV701549,TH-HAT,Wool Beanie,3,2026-04-16 11:00,20.31,10287,United Kingdom
INV701549,TH-JACK,Denim Jacket,2,2026-04-16 11:00,97.26,10287,United Kingdom
INV701123,TH-SOCK,Sock 3-Pack,3,2026-04-16 13:00,15.57,10203,United Kingdom
INV701123,TH-SOCK,Sock 3-Pack,2,2026-04-16 13:00,15.17,10203,United Kingdom
INV701123,TH-HOOD,Pullover Hoodie,2,2026-04-16 13:00,67.86,10203,United Kingdom
INV700888,TH-JEAN,Slim Fit Jeans,3,2026-04-16 14:00,76.4,10160,United Kingdom
INV700354,TH-SHORT,Chino Shorts,2,2026-04-16 14:00,37.26,10064,United Kingdom
INV700888,TH-BELT,Leather Belt,1,2026-04-16 14:00,37.12,10160,United Kingdom
INV700445,TH-JEAN,Slim Fit Jeans,2,2026-04-16 16:00,77.88,10079,United Kingdom
INV700445,TH-COAT,Wool Overcoat,2,2026-04-16 16:00,182.51,10079,United Kingdom
INV700445,TH-HOOD,Pullover Hoodie,3,2026-04-16 16:00,66.87,10079,United Kingdom
INV700719,TH-JACK,Denim Jacket,1,2026-04-16 17:00,104.38,10128,United Kingdom
INV700719,TH-SCARF,Merino Scarf,2,2026-04-16 17:00,39.32,10128,United Kingdom
INV700719,TH-SHOE,Leather Sneakers,3,2026-04-16 17:00,130.48,10128,United Kingdom
INV701382,TH-BOOT,Chelsea Boots,2,2026-04-16 18:00,163.83,10253,United Kingdom
INV700809,TH-HOOD,Pullover Hoodie,1,2026-04-16 19:00,71.53,10145,United Kingdom
INV700809,TH-BOOT,Chelsea Boots,3,2026-04-16 19:00,157.91,10145,United Kingdom
INV701265,TH-BELT,Leather Belt,1,2026-04-17 09:00,34.35,10225,United Kingdom
INV701265,TH-SOCK,Sock 3-Pack,2,2026-04-17 09:00,14.17,10225,United Kingdom
INV700811,TH-JEAN,Slim Fit Jeans,3,2026-04-17 10:00,79.02,10145,United Kingdom
INV700164,TH-BELT,Leather Belt,2,2026-04-17 11:00,35.26,10026,United Kingdom
INV700164,TH-HOOD,Pullover Hoodie,2,2026-04-17 11:00,77.67,10026,United Kingdom
INV700164,TH-HAT,Wool Beanie,2,2026-04-17 11:00,22.56,10026,United Kingdom
INV701127,TH-BAG,Canvas Tote Bag,1,2026-04-17 14:00,44.58,10204,United Kingdom
INV701697,TH-HOOD,Pullover Hoodie,1,2026-04-17 14:00,72.34,10315,United Kingdom
INV701697,TH-BAG,Canvas Tote Bag,1,2026-04-17 14:00,43.82,10315,United Kingdom
INV701127,TH-BELT,Leather Belt,2,2026-04-17 14:00,37.4,10204,United Kingdom
INV701191,TH-SHIRT,Oxford Shirt,3,2026-04-17 18:00,52.44,10214,United Kingdom
INV701191,TH-COAT,Wool Overcoat,3,2026-04-17 18:00,186.47,10214,United Kingdom
INV701205,TH-BOOT,Chelsea Boots,3,2026-04-18 10:00,167.6,10216,United Kingdom
INV701205,TH-BELT,Leather Belt,1,2026-04-18 10:00,34.33,10216,United Kingdom
INV700876,TH-BELT,Leather Belt,1,2026-04-18 12:00,36.16,10159,United Kingdom
INV700448,TH-JACK,Denim Jacket,1,2026-04-18 14:00,98.79,10079,United Kingdom
INV701317,TH-HOOD,Pullover Hoodie,3,2026-04-18 15:00,65.09,10237,United Kingdom
INV701393,TH-COAT,Wool Overcoat,3,2026-04-18 17:00,197.21,10256,Germany
INV700125,TH-HAT,Wool Beanie,3,2026-04-18 17:00,19.66,10021,United Kingdom
INV701333,TH-JACK,Denim Jacket,2,2026-04-19 09:00,100.07,10240,United Kingdom
INV701333,TH-HOOD,Pullover Hoodie,1,2026-04-19 09:00,70.96,10240,United Kingdom
INV700880,TH-JACK,Denim Jacket,2,2026-04-19 17:00,100.15,10160,United Kingdom
INV701309,TH-JEAN,Slim Fit Jeans,1,2026-04-19 17:00,78.23,10237,United Kingdom
INV701309,TH-SHIRT,Oxford Shirt,1,2026-04-19 17:00,58.13,10237,United Kingdom
INV701618,TH-TSHIRT,Cotton Tee,3,2026-04-19 20:00,24.66,10299,United Kingdom
INV701041,TH-SHOE,Leather Sneakers,1,2026-04-20 08:00,123.96,10188,United Kingdom
INV701206,TH-SOCK,Sock 3-Pack,1,2026-04-20 09:00,14.78,10217,United Kingdom
INV701206,TH-BELT,Leather Belt,3,2026-04-20 09:00,37.01,10217,United Kingdom
INV701206,TH-JEAN,Slim Fit Jeans,1,2026-04-20 09:00,81.62,10217,United Kingdom
INV700062,TH-SHORT,Chino Shorts,2,2026-04-20 09:00,41.64,10012,United Kingdom
INV700599,TH-HOOD,Pullover Hoodie,3,2026-04-20 09:00,64.33,10108,United Kingdom
INV700599,TH-COAT,Wool Overcoat,1,2026-04-20 09:00,181.38,10108,United Kingdom
INV700599,TH-HAT,Wool Beanie,2,2026-04-20 09:00,22.11,10108,United Kingdom
INV700544,TH-BOOT,Chelsea Boots,1,2026-04-20 13:00,167.7,10098,United Kingdom
INV700544,TH-SOCK,Sock 3-Pack,1,2026-04-20 13:00,15.43,10098,United Kingdom
INV700544,TH-JACK,Denim Jacket,2,2026-04-20 13:00,96.37,10098,United Kingdom
INV701335,TH-TSHIRT,Cotton Tee,1,2026-04-20 14:00,25.4,10240,United Kingdom
INV700954,TH-BAG,Canvas Tote Bag,2,2026-04-20 16:00,39.66,10172,United Kingdom
INV700954,TH-BOOT,Chelsea Boots,2,2026-04-20 16:00,148.57,10172,United Kingdom
INV700954,TH-SCARF,Merino Scarf,1,2026-04-20 16:00,40.57,10172,United Kingdom
INV701575,TH-SHORT,Chino Shorts,1,2026-04-20 20:00,43.02,10292,United Kingdom
INV701575,TH-SHORT,Chino Shorts,1,2026-04-20 20:00,42.21,10292,United Kingdom
INV701107,TH-BELT,Leather Belt,2,2026-04-21 13:00,33.73,10200,United Kingdom
INV701107,TH-SOCK,Sock 3-Pack,2,2026-04-21 13:00,14.69,10200,United Kingdom
INV701107,TH-BELT,Leather Belt,1,2026-04-21 13:00,35.28,10200,United Kingdom
INV701040,TH-SHORT,Chino Shorts,2,2026-04-21 18:00,44.0,10188,United Kingdom
INV700649,TH-CHINO,Stretch Chinos,1,2026-04-22 11:00,64.17,10118,United Kingdom
INV701002,TH-BAG,Canvas Tote Bag,1,2026-04-22 11:00,46.26,10181,United Kingdom
INV701002,TH-COAT,Wool Overcoat,2,2026-04-22 11:00,168.4,10181,United Kingdom
INV700649,TH-SHOE,Leather Sneakers,1,2026-04-22 11:00,131.68,10118,United Kingdom
INV701546,TH-SHIRT,Oxford Shirt,3,2026-04-22 14:00,56.78,10287,United Kingdom
INV701546,TH-SHORT,Chino Shorts,1,2026-04-22 14:00,40.21,10287,United Kingdom
INV701546,TH-JEAN,Slim Fit Jeans,2,2026-04-22 14:00,74.55,10287,United Kingdom
INV701313,TH-HOOD,Pullover Hoodie,1,2026-04-22 15:00,70.72,10237,United Kingdom
INV701313,TH-BELT,Leather Belt,1,2026-04-22 15:00,35.0,10237,United Kingdom
INV701313,TH-BOOT,Chelsea Boots,3,2026-04-22 15:00,161.25,10237,United Kingdom
INV700529,TH-JEAN,Slim Fit Jeans,3,2026-04-22 16:00,83.74,10095,United Kingdom
INV701149,TH-CHINO,Stretch Chinos,3,2026-04-22 16:00,59.66,10207,United Kingdom
INV701149,TH-TSHIRT,Cotton Tee,1,2026-04-22 16:00,24.97,10207,United Kingdom
INV701149,TH-CHINO,Stretch Chinos,2,2026-04-22 16:00,62.33,10207,United Kingdom
INV701695,TH-TSHIRT,Cotton Tee,3,2026-04-22 18:00,22.51,10315,United Kingdom
INV701695,TH-TSHIRT,Cotton Tee,1,2026-04-22 18:00,24.23,10315,United Kingdom
INV700060,TH-HAT,Wool Beanie,1,2026-04-23 10:00,22.12,10012,United Kingdom
INV700060,TH-SHIRT,Oxford Shirt,2,2026-04-23 10:00,52.87,10012,United Kingdom
INV700060,TH-SOCK,Sock 3-Pack,1,2026-04-23 10:00,15.0,10012,United Kingdom
INV700350,TH-SHORT,Chino Shorts,3,2026-04-23 11:00,42.46,10063,United Kingdom
INV700350,TH-JEAN,Slim Fit Jeans,2,2026-04-23 11:00,81.2,10063,United Kingdom
INV700898,TH-HOOD,Pullover Hoodie,3,2026-04-23 12:00,68.74,10161,United Kingdom
INV700711,TH-BELT,Leather Belt,1,2026-04-23 14:00,35.45,10127,United Kingdom
INV700711,TH-COAT,Wool Overcoat,3,2026-04-23 14:00,182.63,10127,United Kingdom
INV700711,TH-JACK,Denim Jacket,1,2026-04-23 14:00,97.61,10127,United Kingdom
INV700150,TH-CHINO,Stretch Chinos,2,2026-04-23 15:00,64.3,10025,United Kingdom
INV700742,TH-BOOT,Chelsea Boots,1,2026-04-23 16:00,154.88,10134,United Kingdom
INV700742,TH-SOCK,Sock 3-Pack,3,2026-04-23 16:00,16.14,10134,United Kingdom
INV700120,TH-BAG,Canvas Tote Bag,1,2026-04-23 17:00,44.39,10021,United Kingdom
INV700120,TH-SCARF,Merino Scarf,2,2026-04-23 17:00,39.53,10021,United Kingdom
INV700546,TH-SOCK,Sock 3-Pack,3,2026-04-24 18:00,14.25,10098,United Kingdom
INV700546,TH-SHOE,Leather Sneakers,1,2026-04-24 18:00,130.03,10098,United Kingdom
INV700977,TH-HOOD,Pullover Hoodie,1,2026-04-24 20:00,65.33,10175,United Kingdom
INV700977,TH-SCARF,Merino Scarf,3,2026-04-24 20:00,39.1,10175,United Kingdom
INV700977,TH-SHOE,Leather Sneakers,1,2026-04-24 20:00,123.18,10175,United Kingdom
INV701314,TH-BOOT,Chelsea Boots,1,2026-04-25 10:00,154.09,10237,United Kingdom
INV701314,TH-JEAN,Slim Fit Jeans,2,2026-04-25 10:00,82.12,10237,United Kingdom
INV701314,TH-SOCK,Sock 3-Pack,3,2026-04-25 10:00,13.47,10237,United Kingdom
INV701012,TH-SOCK,Sock 3-Pack,3,2026-04-25 16:00,14.02,10183,United States
INV700878,TH-JEAN,Slim Fit Jeans,1,2026-04-25 17:00,81.26,10159,United Kingdom
INV700102,TH-BELT,Leather Belt,3,2026-04-25 17:00,38.25,10018,United Kingdom
INV700102,TH-HOOD,Pullover Hoodie,1,2026-04-25 17:00,68.03,10018,United Kingdom
INV700102,TH-SHOE,Leather Sneakers,3,2026-04-25 17:00,128.51,10018,United Kingdom
INV701013,TH-JEAN,Slim Fit Jeans,1,2026-04-25 19:00,79.13,10183,United States
INV700114,TH-BOOT,Chelsea Boots,3,2026-04-26 08:00,149.18,10020,United Kingdom
INV700114,TH-TSHIRT,Cotton Tee,3,2026-04-26 08:00,21.52,10020,United Kingdom
INV701020,TH-TSHIRT,Cotton Tee,2,2026-04-26 09:00,22.9,10183,United States
INV700368,TH-BOOT,Chelsea Boots,1,2026-04-26 10:00,156.28,10066,United Kingdom
INV700368,TH-BOOT,Chelsea Boots,1,2026-04-26 10:00,164.23,10066,United Kingdom
INV701577,TH-SHIRT,Oxford Shirt,1,2026-04-26 10:00,55.19,10292,United Kingdom
INV701028,TH-HAT,Wool Beanie,1,2026-04-26 14:00,22.4,10185,United Kingdom
INV700430,TH-BELT,Leather Belt,2,2026-04-26 14:00,36.07,10075,United Kingdom
INV700430,TH-BOOT,Chelsea Boots,3,2026-04-26 14:00,165.32,10075,United Kingdom
INV701028,TH-BOOT,Chelsea Boots,2,2026-04-26 14:00,151.93,10185,United Kingdom
INV700430,TH-HOOD,Pullover Hoodie,1,2026-04-26 14:00,66.09,10075,United Kingdom
INV701028,TH-SHORT,Chino Shorts,2,2026-04-26 14:00,43.63,10185,United Kingdom
INV700532,TH-COAT,Wool Overcoat,3,2026-04-26 16:00,175.47,10095,United Kingdom
INV700532,TH-TSHIRT,Cotton Tee,3,2026-04-26 16:00,23.97,10095,United Kingdom
INV700097,TH-BELT,Leather Belt,1,2026-04-27 08:00,37.5,10018,United Kingdom
INV701019,TH-JEAN,Slim Fit Jeans,1,2026-04-27 10:00,82.81,10183,United States
INV701010,TH-HAT,Wool Beanie,2,2026-04-27 11:00,22.93,10183,United States
INV701010,TH-BAG,Canvas Tote Bag,2,2026-04-27 11:00,46.18,10183,United States
INV701010,TH-SHOE,Leather Sneakers,1,2026-04-27 11:00,122.72,10183,United States
INV701357,TH-TSHIRT,Cotton Tee,1,2026-04-27 11:00,26.28,10246,United Kingdom
INV701011,TH-BOOT,Chelsea Boots,1,2026-04-27 12:00,149.85,10183,United States
INV701011,TH-SHORT,Chino Shorts,3,2026-04-27 12:00,44.79,10183,United States
INV701022,TH-JACK,Denim Jacket,3,2026-04-27 13:00,92.32,10183,United States
INV701022,TH-BOOT,Chelsea Boots,2,2026-04-27 13:00,167.33,10183,United States
INV701022,TH-SHORT,Chino Shorts,2,2026-04-27 13:00,46.22,10183,United States
INV701120,TH-SOCK,Sock 3-Pack,3,2026-04-27 15:00,15.13,10203,United Kingdom
INV701120,TH-CHINO,Stretch Chinos,3,2026-04-27 15:00,59.44,10203,United Kingdom
INV700578,TH-BOOT,Chelsea Boots,2,2026-04-27 16:00,161.76,10106,United Kingdom
INV701286,TH-HAT,Wool Beanie,3,2026-04-27 16:00,21.39,10232,United Kingdom
INV701286,TH-CHINO,Stretch Chinos,2,2026-04-27 16:00,62.44,10232,United Kingdom
INV701286,TH-JEAN,Slim Fit Jeans,1,2026-04-27 16:00,80.68,10232,United Kingdom
INV700578,TH-SHORT,Chino Shorts,1,2026-04-27 16:00,41.54,10106,United Kingdom
INV700578,TH-BELT,Leather Belt,3,2026-04-27 16:00,35.54,10106,United Kingdom
INV701021,TH-BELT,Leather Belt,2,2026-04-27 18:00,37.17,10183,United States
INV700531,TH-BELT,Leather Belt,1,2026-04-28 09:00,36.84,10095,United Kingdom
INV700531,TH-BELT,Leather Belt,3,2026-04-28 09:00,34.78,10095,United Kingdom
INV701316,TH-HOOD,Pullover Hoodie,1,2026-04-28 10:00,66.76,10237,United Kingdom
INV701316,TH-SHOE,Leather Sneakers,2,2026-04-28 10:00,131.33,10237,United Kingdom
INV701032,TH-BAG,Canvas Tote Bag,1,2026-04-28 13:00,46.9,10186,United Kingdom
INV701014,TH-COAT,Wool Overcoat,2,2026-04-28 20:00,182.23,10183,United States
INV701014,TH-JEAN,Slim Fit Jeans,2,2026-04-28 20:00,78.44,10183,United States
INV701014,TH-BELT,Leather Belt,3,2026-04-28 20:00,35.5,10183,United States
INV701685,TH-BELT,Leather Belt,3,2026-04-29 08:00,38.38,10314,United Kingdom
INV701685,TH-CHINO,Stretch Chinos,1,2026-04-29 08:00,62.66,10314,United Kingdom
INV701691,TH-CHINO,Stretch Chinos,2,2026-04-29 10:00,62.74,10314,United Kingdom
INV701691,TH-BELT,Leather Belt,2,2026-04-29 10:00,37.74,10314,United Kingdom
INV701691,TH-HOOD,Pullover Hoodie,3,2026-04-29 10:00,67.08,10314,United Kingdom
INV701312,TH-JACK,Denim Jacket,1,2026-04-29 16:00,100.51,10237,United Kingdom
INV701312,TH-JEAN,Slim Fit Jeans,1,2026-04-29 16:00,77.26,10237,United Kingdom
INV701312,TH-BAG,Canvas Tote Bag,1,2026-04-29 16:00,47.45,10237,United Kingdom
INV700367,TH-CHINO,Stretch Chinos,2,2026-04-29 18:00,69.78,10066,United Kingdom
INV700367,TH-HOOD,Pullover Hoodie,2,2026-04-29 18:00,68.1,10066,United Kingdom
INV701693,TH-SOCK,Sock 3-Pack,2,2026-04-29 18:00,15.01,10314,United Kingdom
INV701693,TH-HOOD,Pullover Hoodie,2,2026-04-29 18:00,67.43,10314,United Kingdom
INV701693,TH-SOCK,Sock 3-Pack,1,2026-04-29 18:00,13.48,10314,United Kingdom
INV700241,TH-SOCK,Sock 3-Pack,1,2026-04-29 19:00,15.66,10041,United Kingdom
INV700178,TH-JACK,Denim Jacket,3,2026-04-30 09:00,93.93,10028,United Kingdom
INV701425,TH-HAT,Wool Beanie,3,2026-04-30 12:00,22.15,10263,United Kingdom
INV701311,TH-COAT,Wool Overcoat,2,2026-04-30 13:00,189.64,10237,United Kingdom
INV701311,TH-COAT,Wool Overcoat,2,2026-04-30 13:00,190.94,10237,United Kingdom
INV701311,TH-JEAN,Slim Fit Jeans,3,2026-04-30 13:00,77.5,10237,United Kingdom
INV701310,TH-SHIRT,Oxford Shirt,2,2026-04-30 15:00,59.05,10237,United Kingdom
INV701310,TH-SHIRT,Oxford Shirt,3,2026-04-30 15:00,55.8,10237,United Kingdom
INV700019,TH-SHOE,Leather Sneakers,3,2026-04-30 18:00,119.55,10002,United Kingdom
INV700019,TH-SCARF,Merino Scarf,2,2026-04-30 18:00,43.11,10002,United Kingdom
INV700019,TH-BOOT,Chelsea Boots,1,2026-04-30 18:00,173.24,10002,United Kingdom
INV700410,TH-JEAN,Slim Fit Jeans,1,2026-04-30 20:00,83.38,10073,United Kingdom
INV700410,TH-BAG,Canvas Tote Bag,2,2026-04-30 20:00,45.89,10073,United Kingdom
INV701686,TH-BAG,Canvas Tote Bag,3,2026-05-01 10:00,42.48,10314,United Kingdom
INV701686,TH-JEAN,Slim Fit Jeans,1,2026-05-01 10:00,77.83,10314,United Kingdom
INV700849,TH-CHINO,Stretch Chinos,1,2026-05-01 10:00,60.0,10154,United Kingdom
INV700849,TH-BAG,Canvas Tote Bag,3,2026-05-01 10:00,46.1,10154,United Kingdom
INV700849,TH-SHOE,Leather Sneakers,3,2026-05-01 10:00,128.44,10154,United Kingdom
INV700845,TH-BOOT,Chelsea Boots,3,2026-05-01 14:00,153.64,10154,United Kingdom
INV701538,TH-SHIRT,Oxford Shirt,3,2026-05-01 15:00,52.63,10286,United Kingdom
INV701538,TH-SHOE,Leather Sneakers,1,2026-05-01 15:00,123.24,10286,United Kingdom
INV700646,TH-BOOT,Chelsea Boots,2,2026-05-01 18:00,151.01,10117,United Kingdom
INV701199,TH-BOOT,Chelsea Boots,3,2026-05-01 19:00,174.49,10216,United Kingdom
INV701199,TH-SCARF,Merino Scarf,3,2026-05-01 19:00,38.18,10216,United Kingdom
INV701199,TH-BAG,Canvas Tote Bag,1,2026-05-01 19:00,45.2,10216,United Kingdom
INV701315,TH-SHOE,Leather Sneakers,1,2026-05-02 09:00,133.96,10237,United Kingdom
INV701315,TH-HAT,Wool Beanie,2,2026-05-02 09:00,21.97,10237,United Kingdom
INV701200,TH-SHORT,Chino Shorts,1,2026-05-02 10:00,42.76,10216,United Kingdom
INV701200,TH-BELT,Leather Belt,1,2026-05-02 10:00,36.48,10216,United Kingdom
INV701708,TH-TSHIRT,Cotton Tee,3,2026-05-02 12:00,22.23,10317,United Kingdom
INV700061,TH-HOOD,Pullover Hoodie,1,2026-05-02 12:00,68.44,10012,United Kingdom
INV700061,TH-HOOD,Pullover Hoodie,3,2026-05-02 12:00,66.95,10012,United Kingdom
INV700061,TH-JEAN,Slim Fit Jeans,1,2026-05-02 12:00,80.58,10012,United Kingdom
INV701426,TH-SHOE,Leather Sneakers,3,2026-05-02 17:00,121.25,10263,United Kingdom
INV701018,TH-BOOT,Chelsea Boots,3,2026-05-02 17:00,149.9,10183,United States
INV701018,TH-COAT,Wool Overcoat,1,2026-05-02 17:00,197.01,10183,United States
INV701426,TH-SOCK,Sock 3-Pack,2,2026-05-02 17:00,13.77,10263,United Kingdom
INV701270,TH-JACK,Denim Jacket,3,2026-05-02 17:00,92.35,10227,United Kingdom
INV701270,TH-HAT,Wool Beanie,3,2026-05-02 17:00,20.41,10227,United Kingdom
INV701270,TH-SOCK,Sock 3-Pack,3,2026-05-02 17:00,14.04,10227,United Kingdom
INV701018,TH-JEAN,Slim Fit Jeans,2,2026-05-02 17:00,78.24,10183,United States
INV701696,TH-SOCK,Sock 3-Pack,1,2026-05-03 10:00,15.97,10315,United Kingdom
INV701696,TH-COAT,Wool Overcoat,2,2026-05-03 10:00,183.73,10315,United Kingdom
INV701213,TH-CHINO,Stretch Chinos,3,2026-05-03 12:00,68.19,10217,United Kingdom
INV701213,TH-BOOT,Chelsea Boots,3,2026-05-03 12:00,160.44,10217,United Kingdom
INV701126,TH-SOCK,Sock 3-Pack,3,2026-05-03 17:00,14.98,10204,United Kingdom
INV701126,TH-SHOE,Leather Sneakers,2,2026-05-03 17:00,134.46,10204,United Kingdom
INV701126,TH-JACK,Denim Jacket,1,2026-05-03 17:00,94.66,10204,United Kingdom
INV701216,TH-HOOD,Pullover Hoodie,1,2026-05-03 20:00,72.18,10218,United States
INV701015,TH-JACK,Denim Jacket,1,2026-05-03 20:00,98.83,10183,United States
INV701216,TH-JACK,Denim Jacket,2,2026-05-03 20:00,106.51,10218,United States
INV701015,TH-SHOE,Leather Sneakers,2,2026-05-03 20:00,119.65,10183,United States
INV701015,TH-SCARF,Merino Scarf,1,2026-05-03 20:00,37.35,10183,United States
INV700029,TH-CHINO,Stretch Chinos,2,2026-05-04 08:00,64.82,10004,United Kingdom
INV701244,TH-HOOD,Pullover Hoodie,2,2026-05-04 10:00,68.91,10221,United Kingdom
INV700647,TH-BOOT,Chelsea Boots,3,2026-05-04 12:00,157.28,10117,United Kingdom
INV700647,TH-BOOT,Chelsea Boots,3,2026-05-04 12:00,155.7,10117,United Kingdom
INV700647,TH-SHORT,Chino Shorts,1,2026-05-04 12:00,43.55,10117,United Kingdom
INV700115,TH-HAT,Wool Beanie,2,2026-05-04 16:00,21.88,10020,United Kingdom
INV701699,TH-BELT,Leather Belt,1,2026-05-04 16:00,36.33,10315,United Kingdom
INV701016,TH-BAG,Canvas Tote Bag,3,2026-05-04 18:00,44.3,10183,United States
INV701016,TH-SHOE,Leather Sneakers,2,2026-05-04 18:00,131.96,10183,United States
INV700867,TH-COAT,Wool Overcoat,1,2026-05-04 18:00,184.13,10157,United Kingdom
INV700867,TH-SOCK,Sock 3-Pack,1,2026-05-04 18:00,14.51,10157,United Kingdom
INV700855,TH-HOOD,Pullover Hoodie,2,2026-05-04 18:00,69.19,10156,Ireland
INV700855,TH-HAT,Wool Beanie,3,2026-05-04 18:00,23.36,10156,Ireland
INV700855,TH-BOOT,Chelsea Boots,3,2026-05-04 18:00,151.27,10156,Ireland
INV700174,TH-COAT,Wool Overcoat,2,2026-05-04 18:00,179.76,10028,United Kingdom
INV700777,TH-SCARF,Merino Scarf,1,2026-05-05 10:00,38.35,10141,United Kingdom
INV700777,TH-SOCK,Sock 3-Pack,1,2026-05-05 10:00,15.17,10141,United Kingdom
INV700777,TH-SHIRT,Oxford Shirt,1,2026-05-05 10:00,50.35,10141,United Kingdom
INV700808,TH-JACK,Denim Jacket,3,2026-05-05 11:00,107.68,10145,United Kingdom
INV700808,TH-BELT,Leather Belt,1,2026-05-05 11:00,34.33,10145,United Kingdom
INV701204,TH-SHIRT,Oxford Shirt,2,2026-05-05 13:00,53.49,10216,United Kingdom
INV701204,TH-HOOD,Pullover Hoodie,3,2026-05-05 13:00,67.78,10216,United Kingdom
INV701506,TH-SOCK,Sock 3-Pack,3,2026-05-05 13:00,15.81,10279,United Kingdom
INV700187,TH-CHINO,Stretch Chinos,3,2026-05-06 08:00,65.26,10030,United Kingdom
INV701285,TH-HOOD,Pullover Hoodie,2,2026-05-06 09:00,68.19,10232,United Kingdom
INV701285,TH-SHOE,Leather Sneakers,3,2026-05-06 09:00,129.78,10232,United Kingdom
INV701285,TH-COAT,Wool Overcoat,2,2026-05-06 09:00,181.47,10232,United Kingdom
INV701687,TH-BAG,Canvas Tote Bag,3,2026-05-06 11:00,47.8,10314,United Kingdom
INV701687,TH-HOOD,Pullover Hoodie,3,2026-05-06 11:00,73.05,10314,United Kingdom
INV701687,TH-BAG,Canvas Tote Bag,2,2026-05-06 11:00,44.72,10314,United Kingdom
INV700237,TH-JACK,Denim Jacket,3,2026-05-06 11:00,94.81,10041,United Kingdom
INV701017,TH-SHORT,Chino Shorts,1,2026-05-06 17:00,39.74,10183,United States
INV701017,TH-BOOT,Chelsea Boots,1,2026-05-06 17:00,164.1,10183,United States
INV700774,TH-JEAN,Slim Fit Jeans,1,2026-05-07 10:00,79.11,10140,United Kingdom
INV700774,TH-COAT,Wool Overcoat,2,2026-05-07 10:00,193.52,10140,United Kingdom
INV700774,TH-SHOE,Leather Sneakers,1,2026-05-07 10:00,117.13,10140,United Kingdom
INV700028,TH-SOCK,Sock 3-Pack,3,2026-05-07 12:00,14.72,10003,United Kingdom
INV700028,TH-HAT,Wool Beanie,3,2026-05-07 12:00,22.29,10003,United Kingdom
INV700028,TH-SOCK,Sock 3-Pack,2,2026-05-07 12:00,13.89,10003,United Kingdom
INV700773,TH-BOOT,Chelsea Boots,3,2026-05-07 16:00,178.81,10140,United Kingdom
INV700773,TH-JEAN,Slim Fit Jeans,3,2026-05-07 16:00,76.26,10140,United Kingdom
INV701108,TH-SHORT,Chino Shorts,1,2026-05-07 18:00,41.01,10200,United Kingdom
INV701108,TH-BOOT,Chelsea Boots,2,2026-05-07 18:00,155.09,10200,United Kingdom
INV701108,TH-SOCK,Sock 3-Pack,3,2026-05-07 18:00,14.71,10200,United Kingdom
INV701208,TH-JEAN,Slim Fit Jeans,1,2026-05-07 19:00,76.78,10217,United Kingdom
INV700775,TH-JACK,Denim Jacket,1,2026-05-08 09:00,99.82,10140,United Kingdom
INV700775,TH-JACK,Denim Jacket,1,2026-05-08 09:00,92.89,10140,United Kingdom
INV700775,TH-SOCK,Sock 3-Pack,1,2026-05-08 09:00,14.48,10140,United Kingdom
INV700869,TH-SHOE,Leather Sneakers,1,2026-05-08 12:00,134.38,10157,United Kingdom
INV701684,TH-BOOT,Chelsea Boots,3,2026-05-08 12:00,163.13,10314,United Kingdom
INV700869,TH-COAT,Wool Overcoat,1,2026-05-08 12:00,191.08,10157,United Kingdom
INV701684,TH-BAG,Canvas Tote Bag,3,2026-05-08 12:00,44.2,10314,United Kingdom
INV701246,TH-SHOE,Leather Sneakers,1,2026-05-08 15:00,121.94,10221,United Kingdom
INV701334,TH-BELT,Leather Belt,2,2026-05-08 15:00,36.36,10240,United Kingdom
INV701218,TH-COAT,Wool Overcoat,3,2026-05-08 17:00,201.73,10218,United States
INV701218,TH-BOOT,Chelsea Boots,2,2026-05-08 17:00,168.81,10218,United States
INV701218,TH-HAT,Wool Beanie,3,2026-05-08 17:00,21.9,10218,United States
INV701209,TH-HAT,Wool Beanie,3,2026-05-08 19:00,21.55,10217,United Kingdom
INV701649,TH-TSHIRT,Cotton Tee,2,2026-05-08 20:00,22.7,10306,United Kingdom
INV701649,TH-SHIRT,Oxford Shirt,1,2026-05-08 20:00,51.29,10306,United Kingdom
INV700782,TH-JACK,Denim Jacket,1,2026-05-09 08:00,95.53,10141,United Kingdom
INV700782,TH-SHOE,Leather Sneakers,2,2026-05-09 08:00,126.1,10141,United Kingdom
INV700533,TH-CHINO,Stretch Chinos,2,2026-05-09 10:00,61.55,10095,United Kingdom
INV700533,TH-BOOT,Chelsea Boots,3,2026-05-09 10:00,151.76,10095,United Kingdom
INV700533,TH-JEAN,Slim Fit Jeans,2,2026-05-09 10:00,70.62,10095,United Kingdom
INV700714,TH-JACK,Denim Jacket,3,2026-05-09 11:00,98.01,10127,United Kingdom
INV701690,TH-SOCK,Sock 3-Pack,1,2026-05-09 11:00,15.29,10314,United Kingdom
INV700714,TH-SHOE,Leather Sneakers,3,2026-05-09 11:00,119.35,10127,United Kingdom
INV700714,TH-CHINO,Stretch Chinos,3,2026-05-09 11:00,64.4,10127,United Kingdom
INV700547,TH-BELT,Leather Belt,3,2026-05-09 14:00,33.2,10098,United Kingdom
INV700805,TH-JACK,Denim Jacket,3,2026-05-09 14:00,95.19,10145,United Kingdom
INV700035,TH-JACK,Denim Jacket,1,2026-05-09 15:00,109.84,10006,United Kingdom
INV701424,TH-JACK,Denim Jacket,3,2026-05-09 17:00,104.18,10263,United Kingdom
INV701424,TH-JACK,Denim Jacket,2,2026-05-09 17:00,100.62,10263,United Kingdom
INV701424,TH-BAG,Canvas Tote Bag,1,2026-05-09 17:00,43.71,10263,United Kingdom
INV700446,TH-COAT,Wool Overcoat,1,2026-05-09 20:00,187.91,10079,United Kingdom
INV700408,TH-HAT,Wool Beanie,3,2026-05-10 11:00,21.18,10073,United Kingdom
INV700408,TH-BELT,Leather Belt,1,2026-05-10 11:00,36.75,10073,United Kingdom
INV700408,TH-HOOD,Pullover Hoodie,2,2026-05-10 11:00,74.79,10073,United Kingdom
INV700713,TH-JACK,Denim Jacket,1,2026-05-10 13:00,94.2,10127,United Kingdom
INV700713,TH-SCARF,Merino Scarf,1,2026-05-10 13:00,38.04,10127,United Kingdom
INV700131,TH-TSHIRT,Cotton Tee,2,2026-05-10 13:00,23.96,10023,France
INV700713,TH-BOOT,Chelsea Boots,1,2026-05-10 13:00,145.9,10127,United Kingdom
INV701698,TH-SOCK,Sock 3-Pack,2,2026-05-10 15:00,15.57,10315,United Kingdom
INV701683,TH-SHOE,Leather Sneakers,3,2026-05-10 15:00,126.72,10314,United Kingdom
INV701698,TH-SHOE,Leather Sneakers,1,2026-05-10 15:00,123.35,10315,United Kingdom
INV701683,TH-SOCK,Sock 3-Pack,2,2026-05-10 15:00,14.25,10314,United Kingdom
INV701698,TH-BAG,Canvas Tote Bag,3,2026-05-10 15:00,44.13,10315,United Kingdom
INV700135,TH-SHIRT,Oxford Shirt,3,2026-05-10 17:00,56.06,10023,France
INV700135,TH-SOCK,Sock 3-Pack,1,2026-05-10 17:00,15.43,10023,France
INV700135,TH-SHOE,Leather Sneakers,1,2026-05-10 17:00,131.75,10023,France
INV700444,TH-BAG,Canvas Tote Bag,1,2026-05-10 19:00,47.5,10079,United Kingdom
INV700100,TH-HOOD,Pullover Hoodie,1,2026-05-10 20:00,66.81,10018,United Kingdom
INV700100,TH-TSHIRT,Cotton Tee,3,2026-05-10 20:00,25.82,10018,United Kingdom
INV701284,TH-SHIRT,Oxford Shirt,3,2026-05-11 08:00,56.56,10232,United Kingdom
INV700850,TH-JEAN,Slim Fit Jeans,1,2026-05-11 11:00,75.97,10154,United Kingdom
INV701688,TH-TSHIRT,Cotton Tee,3,2026-05-11 12:00,24.42,10314,United Kingdom
INV701688,TH-SHORT,Chino Shorts,2,2026-05-11 12:00,42.33,10314,United Kingdom
INV701688,TH-BAG,Canvas Tote Bag,1,2026-05-11 12:00,43.56,10314,United Kingdom
INV700117,TH-SHORT,Chino Shorts,2,2026-05-11 12:00,44.57,10020,United Kingdom
INV700117,TH-COAT,Wool Overcoat,2,2026-05-11 12:00,190.86,10020,United Kingdom
INV701692,TH-BOOT,Chelsea Boots,1,2026-05-11 18:00,151.43,10314,United Kingdom
INV701692,TH-HAT,Wool Beanie,1,2026-05-11 18:00,22.44,10314,United Kingdom
INV700126,TH-TSHIRT,Cotton Tee,3,2026-05-12 14:00,24.0,10021,United Kingdom
INV700126,TH-SHIRT,Oxford Shirt,1,2026-05-12 14:00,55.52,10021,United Kingdom
INV700116,TH-SHORT,Chino Shorts,2,2026-05-12 15:00,45.54,10020,United Kingdom
INV700116,TH-JACK,Denim Jacket,1,2026-05-12 15:00,94.52,10020,United Kingdom
INV700116,TH-BOOT,Chelsea Boots,1,2026-05-12 15:00,164.71,10020,United Kingdom
INV701269,TH-CHINO,Stretch Chinos,3,2026-05-12 16:00,64.49,10227,United Kingdom
INV700772,TH-SHORT,Chino Shorts,1,2026-05-12 17:00,40.6,10140,United Kingdom
INV700772,TH-COAT,Wool Overcoat,2,2026-05-12 17:00,191.63,10140,United Kingdom
INV700804,TH-BELT,Leather Belt,2,2026-05-12 20:00,35.93,10145,United Kingdom
INV701540,TH-HOOD,Pullover Hoodie,1,2026-05-13 08:00,66.71,10286,United Kingdom
INV701540,TH-CHINO,Stretch Chinos,3,2026-05-13 08:00,60.79,10286,United Kingdom
INV701540,TH-TSHIRT,Cotton Tee,1,2026-05-13 08:00,23.56,10286,United Kingdom
INV700134,TH-HAT,Wool Beanie,1,2026-05-13 10:00,21.59,10023,France
INV700132,TH-BELT,Leather Belt,2,2026-05-13 13:00,34.75,10023,France
INV700132,TH-HAT,Wool Beanie,1,2026-05-13 13:00,21.62,10023,France
INV700652,TH-JACK,Denim Jacket,3,2026-05-13 19:00,97.77,10119,United Kingdom
INV700875,TH-SHOE,Leather Sneakers,2,2026-05-13 19:00,134.79,10159,United Kingdom
INV700652,TH-BELT,Leather Belt,1,2026-05-13 19:00,36.63,10119,United Kingdom
INV700652,TH-TSHIRT,Cotton Tee,1,2026-05-13 19:00,25.67,10119,United Kingdom
INV700434,TH-SHOE,Leather Sneakers,3,2026-05-14 10:00,123.73,10076,United Kingdom
INV700434,TH-TSHIRT,Cotton Tee,3,2026-05-14 10:00,23.94,10076,United Kingdom
INV701689,TH-BELT,Leather Belt,2,2026-05-14 12:00,34.95,10314,United Kingdom
INV700905,TH-SOCK,Sock 3-Pack,2,2026-05-14 12:00,16.12,10163,United Kingdom
INV700905,TH-SHORT,Chino Shorts,3,2026-05-14 12:00,40.67,10163,United Kingdom
INV700905,TH-JEAN,Slim Fit Jeans,3,2026-05-14 12:00,80.96,10163,United Kingdom
INV701689,TH-HOOD,Pullover Hoodie,3,2026-05-14 12:00,70.86,10314,United Kingdom
INV701502,TH-JEAN,Slim Fit Jeans,2,2026-05-15 08:00,78.05,10278,United Kingdom
INV701671,TH-BAG,Canvas Tote Bag,1,2026-05-15 08:00,45.85,10310,United Kingdom
INV701502,TH-BOOT,Chelsea Boots,1,2026-05-15 08:00,150.83,10278,United Kingdom
INV701671,TH-TSHIRT,Cotton Tee,2,2026-05-15 08:00,22.96,10310,United Kingdom
INV700449,TH-JEAN,Slim Fit Jeans,3,2026-05-15 08:00,75.9,10079,United Kingdom
INV700449,TH-CHINO,Stretch Chinos,1,2026-05-15 08:00,59.82,10079,United Kingdom
INV701671,TH-JEAN,Slim Fit Jeans,2,2026-05-15 08:00,87.31,10310,United Kingdom
INV700866,TH-JEAN,Slim Fit Jeans,2,2026-05-15 09:00,82.28,10157,United Kingdom
INV700113,TH-SCARF,Merino Scarf,2,2026-05-15 10:00,37.66,10020,United Kingdom
INV700113,TH-JEAN,Slim Fit Jeans,1,2026-05-15 10:00,86.35,10020,United Kingdom
INV700113,TH-BOOT,Chelsea Boots,3,2026-05-15 10:00,154.88,10020,United Kingdom
INV700864,TH-CHINO,Stretch Chinos,1,2026-05-15 12:00,64.12,10156,Ireland
INV700864,TH-HAT,Wool Beanie,3,2026-05-15 12:00,21.25,10156,Ireland
INV700610,TH-TSHIRT,Cotton Tee,1,2026-05-15 14:00,23.74,10110,United Kingdom
INV700610,TH-HAT,Wool Beanie,2,2026-05-15 14:00,22.13,10110,United Kingdom
INV700610,TH-SHORT,Chino Shorts,1,2026-05-15 14:00,41.57,10110,United Kingdom
INV700710,TH-SHOE,Leather Sneakers,1,2026-05-15 16:00,128.58,10127,United Kingdom
INV700710,TH-HOOD,Pullover Hoodie,2,2026-05-15 16:00,74.53,10127,United Kingdom
INV700710,TH-SHORT,Chino Shorts,3,2026-05-15 16:00,41.21,10127,United Kingdom
INV700530,TH-SOCK,Sock 3-Pack,2,2026-05-15 20:00,14.16,10095,United Kingdom
INV700608,TH-BAG,Canvas Tote Bag,3,2026-05-15 20:00,45.99,10110,United Kingdom
INV700608,TH-SHIRT,Oxford Shirt,1,2026-05-15 20:00,49.38,10110,United Kingdom
INV700608,TH-BAG,Canvas Tote Bag,2,2026-05-15 20:00,45.02,10110,United Kingdom
INV700530,TH-JACK,Denim Jacket,3,2026-05-15 20:00,110.67,10095,United Kingdom
INV701545,TH-COAT,Wool Overcoat,2,2026-05-16 12:00,193.21,10287,United Kingdom
INV700407,TH-BELT,Leather Belt,2,2026-05-16 13:00,32.76,10073,United Kingdom
INV701643,TH-JEAN,Slim Fit Jeans,3,2026-05-16 20:00,75.46,10305,United Kingdom
INV701643,TH-SCARF,Merino Scarf,1,2026-05-16 20:00,37.84,10305,United Kingdom
INV701643,TH-SHIRT,Oxford Shirt,2,2026-05-16 20:00,57.44,10305,United Kingdom
INV700202,TH-HOOD,Pullover Hoodie,2,2026-05-17 10:00,68.22,10033,United Kingdom
INV700202,TH-BOOT,Chelsea Boots,2,2026-05-17 10:00,155.61,10033,United Kingdom
INV700202,TH-BELT,Leather Belt,2,2026-05-17 10:00,36.6,10033,United Kingdom
INV700648,TH-CHINO,Stretch Chinos,2,2026-05-17 18:00,59.8,10118,United Kingdom
INV700648,TH-SCARF,Merino Scarf,1,2026-05-17 18:00,38.54,10118,United Kingdom
INV700648,TH-SHOE,Leather Sneakers,3,2026-05-17 18:00,131.65,10118,United Kingdom
INV701543,TH-SHOE,Leather Sneakers,2,2026-05-17 19:00,121.74,10286,United Kingdom
INV701543,TH-COAT,Wool Overcoat,1,2026-05-17 19:00,195.15,10286,United Kingdom
INV701543,TH-HAT,Wool Beanie,2,2026-05-17 19:00,25.5,10286,United Kingdom
INV700137,TH-CHINO,Stretch Chinos,2,2026-05-18 10:00,62.44,10023,France
INV700137,TH-HOOD,Pullover Hoodie,1,2026-05-18 10:00,64.47,10023,France
INV700137,TH-TSHIRT,Cotton Tee,3,2026-05-18 10:00,25.28,10023,France
INV700650,TH-TSHIRT,Cotton Tee,1,2026-05-18 12:00,24.03,10119,United Kingdom
INV700810,TH-BOOT,Chelsea Boots,2,2026-05-18 20:00,169.93,10145,United Kingdom
INV700810,TH-HAT,Wool Beanie,1,2026-05-18 20:00,20.09,10145,United Kingdom
INV700200,TH-BAG,Canvas Tote Bag,3,2026-05-19 13:00,45.33,10033,United Kingdom
INV700200,TH-SOCK,Sock 3-Pack,1,2026-05-19 13:00,13.34,10033,United Kingdom
INV700508,TH-BAG,Canvas Tote Bag,2,2026-05-19 16:00,43.12,10090,United Kingdom
INV700507,TH-SOCK,Sock 3-Pack,1,2026-05-19 16:00,15.3,10090,United Kingdom
INV701573,TH-SOCK,Sock 3-Pack,3,2026-05-20 09:00,14.26,10291,United Kingdom
INV701573,TH-SCARF,Merino Scarf,3,2026-05-20 09:00,37.94,10291,United Kingdom
INV701573,TH-SHIRT,Oxford Shirt,2,2026-05-20 09:00,52.26,10291,United Kingdom
INV700130,TH-HOOD,Pullover Hoodie,2,2026-05-20 10:00,73.86,10023,France
INV701122,TH-TSHIRT,Cotton Tee,1,2026-05-20 11:00,24.09,10203,United Kingdom
INV701122,TH-BELT,Leather Belt,2,2026-05-20 11:00,35.55,10203,United Kingdom
INV700693,TH-JACK,Denim Jacket,2,2026-05-20 12:00,98.41,10124,United Kingdom
INV700138,TH-SHIRT,Oxford Shirt,1,2026-05-20 12:00,53.1,10023,France
INV700198,TH-JACK,Denim Jacket,3,2026-05-20 13:00,98.48,10033,United Kingdom
INV701428,TH-BOOT,Chelsea Boots,3,2026-05-20 13:00,152.66,10263,United Kingdom
INV700198,TH-HOOD,Pullover Hoodie,2,2026-05-20 13:00,66.93,10033,United Kingdom
INV700133,TH-TSHIRT,Cotton Tee,3,2026-05-20 14:00,22.48,10023,France
INV700133,TH-BAG,Canvas Tote Bag,2,2026-05-20 14:00,49.86,10023,France
INV700651,TH-SHORT,Chino Shorts,3,2026-05-20 17:00,39.6,10119,United Kingdom
INV700651,TH-BOOT,Chelsea Boots,2,2026-05-20 17:00,142.97,10119,United Kingdom
INV700651,TH-JACK,Denim Jacket,3,2026-05-20 17:00,97.8,10119,United Kingdom
INV701106,TH-SHORT,Chino Shorts,3,2026-05-20 18:00,40.64,10200,United Kingdom
INV701106,TH-JEAN,Slim Fit Jeans,3,2026-05-20 18:00,76.06,10200,United Kingdom
INV700427,TH-JACK,Denim Jacket,1,2026-05-20 20:00,99.42,10075,United Kingdom
INV700234,TH-HOOD,Pullover Hoodie,1,2026-05-21 09:00,67.11,10041,United Kingdom
INV700234,TH-SHOE,Leather Sneakers,1,2026-05-21 09:00,125.87,10041,United Kingdom
INV701550,TH-TSHIRT,Cotton Tee,3,2026-05-21 09:00,24.3,10287,United Kingdom
INV701550,TH-SHOE,Leather Sneakers,2,2026-05-21 09:00,117.22,10287,United Kingdom
INV701550,TH-BELT,Leather Belt,2,2026-05-21 09:00,36.66,10287,United Kingdom
INV700974,TH-HOOD,Pullover Hoodie,2,2026-05-21 13:00,75.0,10175,United Kingdom
INV700974,TH-JEAN,Slim Fit Jeans,1,2026-05-21 13:00,71.67,10175,United Kingdom
INV700974,TH-TSHIRT,Cotton Tee,2,2026-05-21 13:00,26.0,10175,United Kingdom
INV700249,TH-COAT,Wool Overcoat,1,2026-05-21 14:00,184.2,10043,United Kingdom
INV700909,TH-HAT,Wool Beanie,1,2026-05-21 20:00,22.97,10164,United Kingdom
INV700909,TH-SOCK,Sock 3-Pack,3,2026-05-21 20:00,14.67,10164,United Kingdom
INV700847,TH-SHOE,Leather Sneakers,3,2026-05-22 11:00,122.41,10154,United Kingdom
INV700906,TH-SHIRT,Oxford Shirt,1,2026-05-22 11:00,52.68,10164,United Kingdom
INV700906,TH-HOOD,Pullover Hoodie,2,2026-05-22 11:00,66.35,10164,United Kingdom
INV700906,TH-BAG,Canvas Tote Bag,1,2026-05-22 11:00,42.43,10164,United Kingdom
INV700118,TH-BOOT,Chelsea Boots,3,2026-05-22 15:00,151.64,10021,United Kingdom
INV700042,TH-SHOE,Leather Sneakers,1,2026-05-22 15:00,134.78,10006,United Kingdom
INV700042,TH-SHIRT,Oxford Shirt,2,2026-05-22 15:00,56.37,10006,United Kingdom
INV700712,TH-JEAN,Slim Fit Jeans,2,2026-05-22 17:00,81.37,10127,United Kingdom
INV700813,TH-SHOE,Leather Sneakers,3,2026-05-22 18:00,122.01,10145,United Kingdom
INV700813,TH-HOOD,Pullover Hoodie,1,2026-05-22 18:00,67.47,10145,United Kingdom
INV700813,TH-SCARF,Merino Scarf,2,2026-05-22 18:00,36.01,10145,United Kingdom
INV700409,TH-TSHIRT,Cotton Tee,3,2026-05-22 19:00,24.51,10073,United Kingdom
INV700409,TH-SHIRT,Oxford Shirt,2,2026-05-22 19:00,54.53,10073,United Kingdom
INV700409,TH-BOOT,Chelsea Boots,2,2026-05-22 19:00,164.29,10073,United Kingdom
INV700039,TH-BOOT,Chelsea Boots,1,2026-05-22 19:00,168.07,10006,United Kingdom
INV701648,TH-SOCK,Sock 3-Pack,2,2026-05-23 09:00,15.89,10306,United Kingdom
INV700429,TH-HOOD,Pullover Hoodie,2,2026-05-23 10:00,66.14,10075,United Kingdom
INV700708,TH-SHORT,Chino Shorts,2,2026-05-23 11:00,39.6,10127,United Kingdom
INV700708,TH-JACK,Denim Jacket,1,2026-05-23 11:00,97.78,10127,United Kingdom
INV700822,TH-CHINO,Stretch Chinos,1,2026-05-23 12:00,63.27,10148,United Kingdom
INV700822,TH-SHORT,Chino Shorts,2,2026-05-23 12:00,37.54,10148,United Kingdom
INV700823,TH-BOOT,Chelsea Boots,2,2026-05-23 13:00,165.65,10148,United Kingdom
INV700823,TH-TSHIRT,Cotton Tee,3,2026-05-23 13:00,22.28,10148,United Kingdom
INV700689,TH-SHORT,Chino Shorts,3,2026-05-23 17:00,44.95,10124,United Kingdom
INV700689,TH-BAG,Canvas Tote Bag,2,2026-05-23 17:00,43.76,10124,United Kingdom
INV701647,TH-HAT,Wool Beanie,1,2026-05-24 08:00,23.87,10306,United Kingdom
INV701647,TH-TSHIRT,Cotton Tee,2,2026-05-24 08:00,24.29,10306,United Kingdom
INV700136,TH-SHIRT,Oxford Shirt,1,2026-05-24 09:00,54.7,10023,France
INV700136,TH-HAT,Wool Beanie,1,2026-05-24 09:00,20.71,10023,France
INV700266,TH-COAT,Wool Overcoat,1,2026-05-24 09:00,199.95,10048,United Kingdom
INV700266,TH-SCARF,Merino Scarf,1,2026-05-24 09:00,38.3,10048,United Kingdom
INV700136,TH-TSHIRT,Cotton Tee,2,2026-05-24 09:00,24.5,10023,France
INV700266,TH-HOOD,Pullover Hoodie,3,2026-05-24 09:00,65.9,10048,United Kingdom
INV700690,TH-SHORT,Chino Shorts,2,2026-05-24 13:00,42.08,10124,United Kingdom
INV700690,TH-BELT,Leather Belt,2,2026-05-24 13:00,37.35,10124,United Kingdom
INV701212,TH-COAT,Wool Overcoat,3,2026-05-24 13:00,196.54,10217,United Kingdom
INV701212,TH-HAT,Wool Beanie,2,2026-05-24 13:00,22.7,10217,United Kingdom
INV700096,TH-COAT,Wool Overcoat,1,2026-05-24 16:00,182.81,10018,United Kingdom
INV700096,TH-BELT,Leather Belt,3,2026-05-24 16:00,34.44,10018,United Kingdom
INV700098,TH-BELT,Leather Belt,2,2026-05-24 17:00,35.37,10018,United Kingdom
INV700098,TH-BOOT,Chelsea Boots,2,2026-05-24 17:00,136.26,10018,United Kingdom
INV700095,TH-SOCK,Sock 3-Pack,1,2026-05-25 09:00,14.47,10018,United Kingdom
INV700095,TH-SOCK,Sock 3-Pack,2,2026-05-25 09:00,15.05,10018,United Kingdom
INV700095,TH-HOOD,Pullover Hoodie,2,2026-05-25 09:00,68.21,10018,United Kingdom
INV701427,TH-HOOD,Pullover Hoodie,3,2026-05-25 10:00,72.59,10263,United Kingdom
INV701427,TH-JEAN,Slim Fit Jeans,3,2026-05-25 10:00,77.52,10263,United Kingdom
INV700199,TH-HAT,Wool Beanie,3,2026-05-25 11:00,23.14,10033,United Kingdom
INV700238,TH-BOOT,Chelsea Boots,3,2026-05-25 17:00,166.82,10041,United Kingdom
INV700238,TH-JEAN,Slim Fit Jeans,2,2026-05-25 17:00,79.99,10041,United Kingdom
INV700238,TH-SHOE,Leather Sneakers,3,2026-05-25 17:00,117.68,10041,United Kingdom
INV701521,TH-SHORT,Chino Shorts,1,2026-05-25 17:00,41.76,10282,United Kingdom
INV701521,TH-BOOT,Chelsea Boots,1,2026-05-25 17:00,164.52,10282,United Kingdom
INV700244,TH-BELT,Leather Belt,3,2026-05-26 08:00,33.1,10041,United Kingdom
INV700244,TH-BELT,Leather Belt,1,2026-05-26 08:00,34.05,10041,United Kingdom
INV700244,TH-SHOE,Leather Sneakers,2,2026-05-26 08:00,125.63,10041,United Kingdom
INV701525,TH-SHIRT,Oxford Shirt,3,2026-05-26 12:00,59.68,10282,United Kingdom
INV701300,TH-SHORT,Chino Shorts,1,2026-05-26 12:00,44.24,10235,United Kingdom
INV701300,TH-SHORT,Chino Shorts,2,2026-05-26 12:00,46.99,10235,United Kingdom
INV700309,TH-BAG,Canvas Tote Bag,1,2026-05-26 12:00,48.01,10056,United Kingdom
INV701525,TH-BAG,Canvas Tote Bag,1,2026-05-26 12:00,46.12,10282,United Kingdom
INV700309,TH-JEAN,Slim Fit Jeans,2,2026-05-26 12:00,78.11,10056,United Kingdom
INV700309,TH-COAT,Wool Overcoat,1,2026-05-26 12:00,186.46,10056,United Kingdom
INV701300,TH-SHIRT,Oxford Shirt,3,2026-05-26 12:00,52.88,10235,United Kingdom
INV701522,TH-SHOE,Leather Sneakers,1,2026-05-26 13:00,116.73,10282,United Kingdom
INV701522,TH-SHORT,Chino Shorts,1,2026-05-26 13:00,45.04,10282,United Kingdom
INV701522,TH-BOOT,Chelsea Boots,3,2026-05-26 13:00,164.89,10282,United Kingdom
INV700676,TH-CHINO,Stretch Chinos,3,2026-05-26 14:00,66.16,10122,United Kingdom
INV700676,TH-BOOT,Chelsea Boots,1,2026-05-26 14:00,155.09,10122,United Kingdom
INV700676,TH-HAT,Wool Beanie,2,2026-05-26 14:00,21.19,10122,United Kingdom
INV700679,TH-JEAN,Slim Fit Jeans,1,2026-05-26 16:00,76.83,10122,United Kingdom
INV700679,TH-COAT,Wool Overcoat,1,2026-05-26 16:00,190.17,10122,United Kingdom
INV700679,TH-SHORT,Chino Shorts,2,2026-05-26 16:00,39.32,10122,United Kingdom
INV700149,TH-CHINO,Stretch Chinos,2,2026-05-26 16:00,66.16,10025,United Kingdom
INV700268,TH-BAG,Canvas Tote Bag,2,2026-05-26 19:00,46.11,10048,United Kingdom
INV700268,TH-SHIRT,Oxford Shirt,3,2026-05-26 19:00,56.14,10048,United Kingdom
INV700268,TH-BOOT,Chelsea Boots,1,2026-05-26 19:00,143.96,10048,United Kingdom
INV701711,TH-SCARF,Merino Scarf,3,2026-05-26 20:00,34.68,10319,United Kingdom
INV701711,TH-SCARF,Merino Scarf,2,2026-05-26 20:00,40.69,10319,United Kingdom
INV701711,TH-BOOT,Chelsea Boots,3,2026-05-26 20:00,146.52,10319,United Kingdom
INV700412,TH-SHOE,Leather Sneakers,2,2026-05-27 09:00,116.41,10073,United Kingdom
INV700670,TH-HAT,Wool Beanie,3,2026-05-27 09:00,20.92,10122,United Kingdom
INV700678,TH-SHIRT,Oxford Shirt,3,2026-05-27 10:00,52.09,10122,United Kingdom
INV700678,TH-SCARF,Merino Scarf,1,2026-05-27 10:00,40.95,10122,United Kingdom
INV700678,TH-SHORT,Chino Shorts,1,2026-05-27 10:00,40.14,10122,United Kingdom
INV701153,TH-BOOT,Chelsea Boots,1,2026-05-27 13:00,160.34,10207,United Kingdom
INV700433,TH-SHIRT,Oxford Shirt,2,2026-05-27 14:00,52.51,10076,United Kingdom
INV700433,TH-TSHIRT,Cotton Tee,1,2026-05-27 14:00,24.76,10076,United Kingdom
INV700099,TH-SOCK,Sock 3-Pack,2,2026-05-27 15:00,15.14,10018,United Kingdom
INV700099,TH-SHORT,Chino Shorts,3,2026-05-27 15:00,40.31,10018,United Kingdom
INV700236,TH-SHORT,Chino Shorts,3,2026-05-27 16:00,39.1,10041,United Kingdom
INV700236,TH-TSHIRT,Cotton Tee,1,2026-05-27 16:00,20.91,10041,United Kingdom
INV700236,TH-HAT,Wool Beanie,1,2026-05-27 16:00,22.45,10041,United Kingdom
INV700265,TH-SCARF,Merino Scarf,2,2026-05-27 17:00,39.41,10048,United Kingdom
INV700265,TH-HOOD,Pullover Hoodie,1,2026-05-27 17:00,67.48,10048,United Kingdom
INV700122,TH-BOOT,Chelsea Boots,3,2026-05-27 20:00,165.89,10021,United Kingdom
INV700122,TH-JEAN,Slim Fit Jeans,1,2026-05-27 20:00,78.39,10021,United Kingdom
INV700306,TH-COAT,Wool Overcoat,2,2026-05-28 08:00,182.48,10055,United Kingdom
INV700306,TH-JACK,Denim Jacket,2,2026-05-28 08:00,94.7,10055,United Kingdom
INV700653,TH-BOOT,Chelsea Boots,2,2026-05-28 08:00,154.88,10119,United Kingdom
INV700306,TH-BELT,Leather Belt,1,2026-05-28 08:00,34.57,10055,United Kingdom
INV701541,TH-JEAN,Slim Fit Jeans,1,2026-05-28 09:00,74.98,10286,United Kingdom
INV701541,TH-SHORT,Chino Shorts,3,2026-05-28 09:00,40.3,10286,United Kingdom
INV701541,TH-JACK,Denim Jacket,3,2026-05-28 09:00,100.01,10286,United Kingdom
INV700600,TH-HOOD,Pullover Hoodie,3,2026-05-28 12:00,72.76,10108,United Kingdom
INV700600,TH-SCARF,Merino Scarf,2,2026-05-28 12:00,40.08,10108,United Kingdom
INV700600,TH-HOOD,Pullover Hoodie,1,2026-05-28 12:00,60.38,10108,United Kingdom
INV701423,TH-BAG,Canvas Tote Bag,3,2026-05-28 14:00,43.84,10263,United Kingdom
INV701423,TH-HAT,Wool Beanie,1,2026-05-28 14:00,22.84,10263,United Kingdom
INV701423,TH-CHINO,Stretch Chinos,1,2026-05-28 14:00,61.96,10263,United Kingdom
INV700580,TH-COAT,Wool Overcoat,3,2026-05-28 14:00,171.65,10106,United Kingdom
INV701350,TH-CHINO,Stretch Chinos,3,2026-05-28 14:00,62.51,10244,United Kingdom
INV700243,TH-COAT,Wool Overcoat,3,2026-05-28 16:00,180.29,10041,United Kingdom
INV700243,TH-BAG,Canvas Tote Bag,2,2026-05-28 16:00,48.08,10041,United Kingdom
INV700243,TH-SCARF,Merino Scarf,1,2026-05-28 16:00,37.96,10041,United Kingdom
INV701523,TH-SHIRT,Oxford Shirt,1,2026-05-28 18:00,58.22,10282,United Kingdom
INV701523,TH-HAT,Wool Beanie,3,2026-05-28 18:00,21.05,10282,United Kingdom
INV700677,TH-SCARF,Merino Scarf,2,2026-05-29 11:00,40.25,10122,United Kingdom
INV700672,TH-HAT,Wool Beanie,3,2026-05-29 13:00,21.26,10122,United Kingdom
INV700672,TH-SHORT,Chino Shorts,1,2026-05-29 13:00,43.32,10122,United Kingdom
INV700672,TH-BOOT,Chelsea Boots,1,2026-05-29 13:00,163.9,10122,United Kingdom
INV700308,TH-SHORT,Chino Shorts,3,2026-05-29 14:00,42.8,10056,United Kingdom
INV700308,TH-BOOT,Chelsea Boots,2,2026-05-29 14:00,159.53,10056,United Kingdom
INV700269,TH-BAG,Canvas Tote Bag,2,2026-05-29 14:00,46.48,10048,United Kingdom
INV701406,TH-SHIRT,Oxford Shirt,1,2026-05-29 15:00,53.26,10260,United Kingdom
INV700505,TH-TSHIRT,Cotton Tee,1,2026-05-29 15:00,25.26,10090,United Kingdom
INV700505,TH-JACK,Denim Jacket,3,2026-05-29 15:00,102.48,10090,United Kingdom
INV701397,TH-HOOD,Pullover Hoodie,2,2026-05-29 15:00,63.82,10258,United Kingdom
INV701397,TH-HAT,Wool Beanie,3,2026-05-29 15:00,22.51,10258,United Kingdom
INV701397,TH-SOCK,Sock 3-Pack,2,2026-05-29 15:00,14.12,10258,United Kingdom
INV701406,TH-SOCK,Sock 3-Pack,1,2026-05-29 15:00,14.89,10260,United Kingdom
INV701406,TH-JEAN,Slim Fit Jeans,3,2026-05-29 15:00,84.61,10260,United Kingdom
INV701371,TH-HOOD,Pullover Hoodie,1,2026-05-29 20:00,67.52,10252,United Kingdom
INV700846,TH-SHIRT,Oxford Shirt,1,2026-05-29 20:00,54.68,10154,United Kingdom
INV700311,TH-SHIRT,Oxford Shirt,2,2026-05-29 20:00,54.78,10056,United Kingdom
INV700311,TH-TSHIRT,Cotton Tee,2,2026-05-29 20:00,23.5,10056,United Kingdom
INV701371,TH-CHINO,Stretch Chinos,3,2026-05-29 20:00,64.74,10252,United Kingdom
INV700846,TH-BELT,Leather Belt,2,2026-05-29 20:00,36.86,10154,United Kingdom
INV700846,TH-SHORT,Chino Shorts,1,2026-05-29 20:00,41.8,10154,United Kingdom
INV700697,TH-BAG,Canvas Tote Bag,2,2026-05-29 20:00,45.81,10124,United Kingdom
INV700696,TH-SOCK,Sock 3-Pack,2,2026-05-30 10:00,15.99,10124,United Kingdom
INV700696,TH-HAT,Wool Beanie,3,2026-05-30 10:00,22.61,10124,United Kingdom
INV700696,TH-SHOE,Leather Sneakers,2,2026-05-30 10:00,114.93,10124,United Kingdom
INV700310,TH-BELT,Leather Belt,2,2026-05-30 17:00,35.19,10056,United Kingdom
INV700310,TH-SHORT,Chino Shorts,3,2026-05-30 17:00,45.83,10056,United Kingdom
INV700310,TH-BAG,Canvas Tote Bag,3,2026-05-30 17:00,44.52,10056,United Kingdom
INV701407,TH-COAT,Wool Overcoat,2,2026-05-31 08:00,192.35,10260,United Kingdom
INV701407,TH-BOOT,Chelsea Boots,2,2026-05-31 08:00,169.27,10260,United Kingdom
INV701407,TH-SHOE,Leather Sneakers,2,2026-05-31 08:00,132.12,10260,United Kingdom
INV700329,TH-JEAN,Slim Fit Jeans,3,2026-05-31 09:00,78.42,10059,United Kingdom
INV701715,TH-SHORT,Chino Shorts,2,2026-05-31 10:00,41.73,10319,United Kingdom
INV701715,TH-HAT,Wool Beanie,2,2026-05-31 10:00,21.24,10319,United Kingdom
INV701714,TH-TSHIRT,Cotton Tee,1,2026-05-31 10:00,22.65,10319,United Kingdom
INV701714,TH-HOOD,Pullover Hoodie,2,2026-05-31 10:00,69.83,10319,United Kingdom
INV700916,TH-SHOE,Leather Sneakers,1,2026-05-31 11:00,133.26,10164,United Kingdom
INV700695,TH-JACK,Denim Jacket,3,2026-05-31 11:00,96.54,10124,United Kingdom
INV700916,TH-SHIRT,Oxford Shirt,1,2026-05-31 11:00,52.27,10164,United Kingdom
INV700916,TH-COAT,Wool Overcoat,3,2026-05-31 11:00,200.58,10164,United Kingdom
INV700695,TH-SOCK,Sock 3-Pack,2,2026-05-31 11:00,15.82,10124,United Kingdom
INV700695,TH-BELT,Leather Belt,3,2026-05-31 11:00,35.74,10124,United Kingdom
INV700694,TH-TSHIRT,Cotton Tee,2,2026-05-31 12:00,24.22,10124,United Kingdom
INV700694,TH-CHINO,Stretch Chinos,2,2026-05-31 12:00,65.0,10124,United Kingdom
INV700694,TH-JACK,Denim Jacket,1,2026-05-31 12:00,106.36,10124,United Kingdom
INV700305,TH-BAG,Canvas Tote Bag,3,2026-05-31 16:00,43.73,10055,United Kingdom
INV700305,TH-JEAN,Slim Fit Jeans,2,2026-05-31 16:00,78.42,10055,United Kingdom
INV700270,TH-HAT,Wool Beanie,2,2026-05-31 19:00,21.55,10048,United Kingdom
INV700270,TH-TSHIRT,Cotton Tee,3,2026-05-31 19:00,24.86,10048,United Kingdom
INV700270,TH-TSHIRT,Cotton Tee,2,2026-05-31 19:00,25.01,10048,United Kingdom
INV700779,TH-CHINO,Stretch Chinos,1,2026-06-01 13:00,62.14,10141,United Kingdom
INV700609,TH-HAT,Wool Beanie,3,2026-06-01 15:00,21.75,10110,United Kingdom
INV700609,TH-HOOD,Pullover Hoodie,3,2026-06-01 15:00,67.42,10110,United Kingdom
INV700609,TH-SHOE,Leather Sneakers,1,2026-06-01 15:00,123.25,10110,United Kingdom
INV701121,TH-SOCK,Sock 3-Pack,3,2026-06-01 18:00,14.63,10203,United Kingdom
INV701121,TH-SHOE,Leather Sneakers,1,2026-06-01 18:00,126.08,10203,United Kingdom
INV700307,TH-JACK,Denim Jacket,3,2026-06-02 11:00,100.97,10056,United Kingdom
INV700201,TH-SHORT,Chino Shorts,1,2026-06-02 15:00,42.49,10033,United Kingdom
INV700201,TH-BAG,Canvas Tote Bag,2,2026-06-02 15:00,45.89,10033,United Kingdom
INV700506,TH-SCARF,Merino Scarf,2,2026-06-02 17:00,40.81,10090,United Kingdom
INV701511,TH-JEAN,Slim Fit Jeans,1,2026-06-02 18:00,84.73,10280,United Kingdom
INV700973,TH-SOCK,Sock 3-Pack,2,2026-06-02 19:00,16.29,10175,United Kingdom
INV700973,TH-COAT,Wool Overcoat,1,2026-06-02 19:00,194.43,10175,United Kingdom
INV701405,TH-SHOE,Leather Sneakers,3,2026-06-03 08:00,127.8,10260,United Kingdom
INV700691,TH-SOCK,Sock 3-Pack,1,2026-06-03 08:00,14.53,10124,United Kingdom
INV700912,TH-SHIRT,Oxford Shirt,3,2026-06-03 11:00,57.09,10164,United Kingdom
INV700912,TH-COAT,Wool Overcoat,1,2026-06-03 11:00,183.64,10164,United Kingdom
INV700912,TH-SHIRT,Oxford Shirt,3,2026-06-03 11:00,61.28,10164,United Kingdom
INV700928,TH-COAT,Wool Overcoat,1,2026-06-03 14:00,190.14,10167,United Kingdom
INV700926,TH-BAG,Canvas Tote Bag,3,2026-06-03 16:00,45.14,10166,United Kingdom
INV700926,TH-TSHIRT,Cotton Tee,3,2026-06-03 16:00,23.59,10166,United Kingdom
INV700570,TH-BELT,Leather Belt,1,2026-06-03 16:00,31.96,10104,United Kingdom
INV700926,TH-TSHIRT,Cotton Tee,1,2026-06-03 16:00,21.13,10166,United Kingdom
INV700570,TH-SOCK,Sock 3-Pack,3,2026-06-03 16:00,14.71,10104,United Kingdom
INV700692,TH-BOOT,Chelsea Boots,1,2026-06-03 19:00,167.72,10124,United Kingdom
INV700692,TH-TSHIRT,Cotton Tee,3,2026-06-03 19:00,22.74,10124,United Kingdom
INV700692,TH-SHIRT,Oxford Shirt,1,2026-06-03 19:00,54.7,10124,United Kingdom
INV701548,TH-BAG,Canvas Tote Bag,3,2026-06-03 20:00,45.4,10287,United Kingdom
INV701548,TH-COAT,Wool Overcoat,2,2026-06-03 20:00,179.55,10287,United Kingdom
INV700848,TH-JEAN,Slim Fit Jeans,1,2026-06-04 12:00,78.77,10154,United Kingdom
INV700848,TH-CHINO,Stretch Chinos,3,2026-06-04 12:00,64.66,10154,United Kingdom
INV700267,TH-SOCK,Sock 3-Pack,2,2026-06-04 12:00,13.77,10048,United Kingdom
INV700267,TH-BELT,Leather Belt,2,2026-06-04 12:00,35.72,10048,United Kingdom
INV700848,TH-CHINO,Stretch Chinos,2,2026-06-04 12:00,65.31,10154,United Kingdom
INV701712,TH-BAG,Canvas Tote Bag,1,2026-06-04 13:00,45.74,10319,United Kingdom
INV701712,TH-JEAN,Slim Fit Jeans,3,2026-06-04 13:00,82.29,10319,United Kingdom
INV701712,TH-HAT,Wool Beanie,2,2026-06-04 13:00,23.32,10319,United Kingdom
INV701352,TH-CHINO,Stretch Chinos,2,2026-06-04 16:00,66.91,10244,United Kingdom
INV701352,TH-HOOD,Pullover Hoodie,2,2026-06-04 16:00,69.08,10244,United Kingdom
INV700041,TH-BELT,Leather Belt,1,2026-06-04 17:00,33.86,10006,United Kingdom
INV700041,TH-SHOE,Leather Sneakers,3,2026-06-04 17:00,121.16,10006,United Kingdom
INV701716,TH-BOOT,Chelsea Boots,3,2026-06-04 17:00,166.05,10319,United Kingdom
INV700041,TH-SOCK,Sock 3-Pack,2,2026-06-04 17:00,15.13,10006,United Kingdom
INV700432,TH-SHOE,Leather Sneakers,3,2026-06-05 08:00,140.85,10075,United Kingdom
INV700432,TH-SHORT,Chino Shorts,1,2026-06-05 08:00,41.62,10075,United Kingdom
INV700709,TH-CHINO,Stretch Chinos,1,2026-06-05 08:00,62.9,10127,United Kingdom
INV700328,TH-JEAN,Slim Fit Jeans,3,2026-06-05 10:00,82.21,10059,United Kingdom
INV700328,TH-BELT,Leather Belt,2,2026-06-05 10:00,34.23,10059,United Kingdom
INV700328,TH-SCARF,Merino Scarf,3,2026-06-05 10:00,42.1,10059,United Kingdom
INV701547,TH-SOCK,Sock 3-Pack,1,2026-06-05 10:00,15.92,10287,United Kingdom
INV701547,TH-BOOT,Chelsea Boots,2,2026-06-05 10:00,159.27,10287,United Kingdom
INV701717,TH-SHIRT,Oxford Shirt,1,2026-06-05 10:00,57.25,10319,United Kingdom
INV700331,TH-SCARF,Merino Scarf,1,2026-06-05 11:00,39.43,10059,United Kingdom
INV700331,TH-SHOE,Leather Sneakers,2,2026-06-05 11:00,132.27,10059,United Kingdom
INV700331,TH-BOOT,Chelsea Boots,1,2026-06-05 11:00,150.65,10059,United Kingdom
INV700250,TH-BOOT,Chelsea Boots,1,2026-06-05 14:00,161.04,10043,United Kingdom
INV700250,TH-SOCK,Sock 3-Pack,2,2026-06-05 14:00,14.94,10043,United Kingdom
INV700924,TH-JACK,Denim Jacket,1,2026-06-05 15:00,98.42,10166,United Kingdom
INV700924,TH-CHINO,Stretch Chinos,2,2026-06-05 15:00,65.99,10166,United Kingdom
INV700924,TH-COAT,Wool Overcoat,1,2026-06-05 15:00,189.9,10166,United Kingdom
INV700655,TH-SHORT,Chino Shorts,1,2026-06-05 15:00,42.21,10119,United Kingdom
INV700552,TH-SOCK,Sock 3-Pack,3,2026-06-05 16:00,14.77,10100,United Kingdom
INV700606,TH-SHORT,Chino Shorts,1,2026-06-05 16:00,43.12,10109,United Kingdom
INV700552,TH-CHINO,Stretch Chinos,1,2026-06-05 16:00,66.08,10100,United Kingdom
INV700606,TH-HAT,Wool Beanie,2,2026-06-05 16:00,21.19,10109,United Kingdom
INV701650,TH-JEAN,Slim Fit Jeans,1,2026-06-05 17:00,71.99,10306,United Kingdom
INV701650,TH-SHOE,Leather Sneakers,1,2026-06-05 17:00,127.82,10306,United Kingdom
INV701650,TH-CHINO,Stretch Chinos,2,2026-06-05 17:00,62.04,10306,United Kingdom
INV700922,TH-COAT,Wool Overcoat,3,2026-06-05 18:00,178.91,10166,United Kingdom
INV700675,TH-BELT,Leather Belt,2,2026-06-05 19:00,39.06,10122,United Kingdom
INV700675,TH-BAG,Canvas Tote Bag,2,2026-06-05 19:00,48.66,10122,United Kingdom
INV701713,TH-BOOT,Chelsea Boots,2,2026-06-06 17:00,152.76,10319,United Kingdom
INV701713,TH-SHORT,Chino Shorts,3,2026-06-06 17:00,37.67,10319,United Kingdom
INV700673,TH-TSHIRT,Cotton Tee,2,2026-06-06 19:00,22.5,10122,United Kingdom
INV700673,TH-JEAN,Slim Fit Jeans,3,2026-06-06 19:00,79.04,10122,United Kingdom
INV701524,TH-SOCK,Sock 3-Pack,3,2026-06-06 19:00,14.11,10282,United Kingdom
INV700553,TH-SCARF,Merino Scarf,3,2026-06-07 08:00,37.82,10100,United Kingdom
INV700553,TH-HAT,Wool Beanie,3,2026-06-07 08:00,23.92,10100,United Kingdom
INV701510,TH-SHORT,Chino Shorts,2,2026-06-07 10:00,39.88,10280,United Kingdom
INV700504,TH-JACK,Denim Jacket,1,2026-06-07 13:00,99.21,10090,United Kingdom
INV701408,TH-SOCK,Sock 3-Pack,3,2026-06-07 14:00,15.63,10260,United Kingdom
INV701408,TH-CHINO,Stretch Chinos,1,2026-06-07 14:00,69.4,10260,United Kingdom
INV700879,TH-HAT,Wool Beanie,2,2026-06-07 17:00,22.25,10159,United Kingdom
INV700879,TH-BELT,Leather Belt,3,2026-06-07 17:00,34.26,10159,United Kingdom
INV700879,TH-JACK,Denim Jacket,2,2026-06-07 17:00,100.49,10159,United Kingdom
INV701369,TH-SHOE,Leather Sneakers,2,2026-06-07 19:00,126.02,10251,United Kingdom
INV701526,TH-JACK,Denim Jacket,3,2026-06-07 20:00,101.23,10282,United Kingdom
INV701526,TH-HAT,Wool Beanie,3,2026-06-07 20:00,22.8,10282,United Kingdom
INV701526,TH-CHINO,Stretch Chinos,2,2026-06-07 20:00,63.89,10282,United Kingdom
INV701278,TH-HAT,Wool Beanie,2,2026-06-08 10:00,20.2,10230,United Kingdom
INV700781,TH-TSHIRT,Cotton Tee,2,2026-06-08 10:00,23.39,10141,United Kingdom
INV700781,TH-JACK,Denim Jacket,2,2026-06-08 10:00,92.34,10141,United Kingdom
INV701278,TH-SCARF,Merino Scarf,1,2026-06-08 10:00,40.38,10230,United Kingdom
INV700781,TH-BELT,Leather Belt,2,2026-06-08 10:00,34.48,10141,United Kingdom
INV701282,TH-BELT,Leather Belt,1,2026-06-08 12:00,34.22,10230,United Kingdom
INV701337,TH-COAT,Wool Overcoat,2,2026-06-08 12:00,186.42,10240,United Kingdom
INV701282,TH-HAT,Wool Beanie,1,2026-06-08 12:00,23.29,10230,United Kingdom
INV701337,TH-JACK,Denim Jacket,3,2026-06-08 12:00,97.53,10240,United Kingdom
INV701349,TH-COAT,Wool Overcoat,3,2026-06-08 15:00,174.57,10244,United Kingdom
INV701539,TH-SOCK,Sock 3-Pack,1,2026-06-08 17:00,14.95,10286,United Kingdom
INV701542,TH-COAT,Wool Overcoat,1,2026-06-08 18:00,180.69,10286,United Kingdom
INV701542,TH-SHIRT,Oxford Shirt,1,2026-06-08 18:00,53.93,10286,United Kingdom
INV701542,TH-JACK,Denim Jacket,2,2026-06-08 18:00,98.5,10286,United Kingdom
INV700411,TH-HOOD,Pullover Hoodie,1,2026-06-09 08:00,66.03,10073,United Kingdom
INV700411,TH-SCARF,Merino Scarf,2,2026-06-09 08:00,40.52,10073,United Kingdom
INV700411,TH-SHORT,Chino Shorts,1,2026-06-09 08:00,39.41,10073,United Kingdom
INV700923,TH-HOOD,Pullover Hoodie,3,2026-06-09 09:00,70.66,10166,United Kingdom
INV701277,TH-SHOE,Leather Sneakers,1,2026-06-09 09:00,130.6,10230,United Kingdom
INV701277,TH-SOCK,Sock 3-Pack,3,2026-06-09 09:00,14.22,10230,United Kingdom
INV700923,TH-BOOT,Chelsea Boots,3,2026-06-09 09:00,164.48,10166,United Kingdom
INV701277,TH-BAG,Canvas Tote Bag,2,2026-06-09 09:00,41.77,10230,United Kingdom
INV700923,TH-COAT,Wool Overcoat,3,2026-06-09 09:00,187.98,10166,United Kingdom
INV701372,TH-SOCK,Sock 3-Pack,1,2026-06-09 11:00,15.08,10252,United Kingdom
INV701372,TH-JACK,Denim Jacket,2,2026-06-09 11:00,93.7,10252,United Kingdom
INV700862,TH-SHOE,Leather Sneakers,3,2026-06-09 12:00,121.21,10156,Ireland
INV701281,TH-BOOT,Chelsea Boots,3,2026-06-09 15:00,155.72,10230,United Kingdom
INV701281,TH-SHORT,Chino Shorts,3,2026-06-09 15:00,43.52,10230,United Kingdom
INV701279,TH-BOOT,Chelsea Boots,3,2026-06-09 16:00,155.61,10230,United Kingdom
INV701402,TH-BAG,Canvas Tote Bag,1,2026-06-09 17:00,47.13,10260,United Kingdom
INV700671,TH-BAG,Canvas Tote Bag,2,2026-06-09 17:00,46.36,10122,United Kingdom
INV700671,TH-SHIRT,Oxford Shirt,3,2026-06-09 17:00,58.61,10122,United Kingdom
INV700671,TH-CHINO,Stretch Chinos,3,2026-06-09 17:00,58.28,10122,United Kingdom
INV700930,TH-SCARF,Merino Scarf,2,2026-06-09 18:00,40.34,10167,United Kingdom
INV700930,TH-HAT,Wool Beanie,1,2026-06-09 18:00,22.29,10167,United Kingdom
INV701509,TH-SHOE,Leather Sneakers,2,2026-06-09 18:00,124.56,10280,United Kingdom
INV701509,TH-SHIRT,Oxford Shirt,2,2026-06-09 18:00,56.02,10280,United Kingdom
INV701509,TH-HAT,Wool Beanie,2,2026-06-09 18:00,21.88,10280,United Kingdom
INV700930,TH-SHOE,Leather Sneakers,1,2026-06-09 18:00,129.13,10167,United Kingdom
INV700605,TH-CHINO,Stretch Chinos,3,2026-06-09 20:00,60.19,10109,United Kingdom
INV700605,TH-JACK,Denim Jacket,1,2026-06-09 20:00,107.26,10109,United Kingdom
INV700038,TH-CHINO,Stretch Chinos,2,2026-06-09 20:00,62.41,10006,United Kingdom
INV700038,TH-HOOD,Pullover Hoodie,3,2026-06-09 20:00,74.26,10006,United Kingdom
INV700038,TH-CHINO,Stretch Chinos,2,2026-06-09 20:00,65.5,10006,United Kingdom
INV700332,TH-BOOT,Chelsea Boots,3,2026-06-09 20:00,175.57,10059,United Kingdom
INV700865,TH-HOOD,Pullover Hoodie,3,2026-06-10 08:00,65.5,10157,United Kingdom
INV700865,TH-JACK,Denim Jacket,3,2026-06-10 08:00,96.49,10157,United Kingdom
INV700921,TH-HOOD,Pullover Hoodie,1,2026-06-10 10:00,70.52,10166,United Kingdom
INV700188,TH-BELT,Leather Belt,3,2026-06-10 13:00,36.89,10030,United Kingdom
INV700540,TH-HAT,Wool Beanie,1,2026-06-10 16:00,21.37,10097,United Kingdom
INV701719,TH-BOOT,Chelsea Boots,3,2026-06-10 18:00,152.32,10319,United Kingdom
INV701719,TH-SHOE,Leather Sneakers,1,2026-06-10 18:00,135.42,10319,United Kingdom
INV701373,TH-HOOD,Pullover Hoodie,1,2026-06-11 08:00,67.32,10252,United Kingdom
INV700330,TH-COAT,Wool Overcoat,2,2026-06-11 15:00,193.84,10059,United Kingdom
INV700550,TH-SHOE,Leather Sneakers,3,2026-06-11 15:00,139.52,10100,United Kingdom
INV700550,TH-SOCK,Sock 3-Pack,2,2026-06-11 15:00,15.6,10100,United Kingdom
INV700550,TH-JEAN,Slim Fit Jeans,3,2026-06-11 15:00,80.05,10100,United Kingdom
INV700040,TH-JEAN,Slim Fit Jeans,1,2026-06-12 08:00,80.01,10006,United Kingdom
INV700239,TH-BOOT,Chelsea Boots,3,2026-06-12 12:00,168.95,10041,United Kingdom
INV700870,TH-CHINO,Stretch Chinos,1,2026-06-12 12:00,63.63,10157,United Kingdom
INV700870,TH-SHIRT,Oxford Shirt,3,2026-06-12 12:00,50.85,10157,United Kingdom
INV700239,TH-SHIRT,Oxford Shirt,1,2026-06-12 12:00,58.45,10041,United Kingdom
INV700239,TH-HAT,Wool Beanie,3,2026-06-12 12:00,22.21,10041,United Kingdom
INV700870,TH-SHIRT,Oxford Shirt,3,2026-06-12 12:00,58.18,10157,United Kingdom
INV701514,TH-JACK,Denim Jacket,1,2026-06-12 14:00,90.18,10280,United Kingdom
INV701514,TH-SOCK,Sock 3-Pack,1,2026-06-12 14:00,15.55,10280,United Kingdom
INV700925,TH-JACK,Denim Jacket,1,2026-06-12 18:00,89.17,10166,United Kingdom
INV700925,TH-SOCK,Sock 3-Pack,3,2026-06-12 18:00,15.27,10166,United Kingdom
INV700925,TH-SCARF,Merino Scarf,3,2026-06-12 18:00,37.93,10166,United Kingdom
INV701718,TH-HAT,Wool Beanie,3,2026-06-12 19:00,19.24,10319,United Kingdom
INV701718,TH-BELT,Leather Belt,1,2026-06-12 19:00,37.12,10319,United Kingdom
INV701280,TH-COAT,Wool Overcoat,2,2026-06-12 19:00,201.21,10230,United Kingdom
INV701280,TH-SHIRT,Oxford Shirt,2,2026-06-12 19:00,51.49,10230,United Kingdom
INV701718,TH-SHORT,Chino Shorts,3,2026-06-12 19:00,41.83,10319,United Kingdom
INV701298,TH-SCARF,Merino Scarf,3,2026-06-12 20:00,40.02,10235,United Kingdom
INV700863,TH-HOOD,Pullover Hoodie,2,2026-06-13 10:00,64.83,10156,Ireland
INV701283,TH-SHIRT,Oxford Shirt,2,2026-06-13 11:00,54.29,10231,United Kingdom
INV701283,TH-BELT,Leather Belt,2,2026-06-13 11:00,32.62,10231,United Kingdom
INV701283,TH-SHORT,Chino Shorts,1,2026-06-13 11:00,47.65,10231,United Kingdom
INV700189,TH-HOOD,Pullover Hoodie,1,2026-06-13 18:00,66.64,10030,United Kingdom
INV700189,TH-COAT,Wool Overcoat,2,2026-06-13 18:00,184.58,10030,United Kingdom
INV700189,TH-SCARF,Merino Scarf,1,2026-06-13 18:00,33.04,10030,United Kingdom
INV700281,TH-BOOT,Chelsea Boots,3,2026-06-13 19:00,157.63,10051,United Kingdom
INV700281,TH-SHORT,Chino Shorts,2,2026-06-13 19:00,43.39,10051,United Kingdom
INV700281,TH-JEAN,Slim Fit Jeans,2,2026-06-13 19:00,86.76,10051,United Kingdom
INV701640,TH-JACK,Denim Jacket,2,2026-06-14 09:00,104.39,10305,United Kingdom
INV701640,TH-TSHIRT,Cotton Tee,1,2026-06-14 09:00,24.43,10305,United Kingdom
INV701640,TH-SHORT,Chino Shorts,1,2026-06-14 09:00,44.35,10305,United Kingdom
INV700927,TH-JACK,Denim Jacket,1,2026-06-14 13:00,102.65,10167,United Kingdom
INV700927,TH-JACK,Denim Jacket,1,2026-06-14 13:00,102.6,10167,United Kingdom
INV700927,TH-COAT,Wool Overcoat,1,2026-06-14 13:00,207.95,10167,United Kingdom
INV701297,TH-JACK,Denim Jacket,2,2026-06-14 20:00,97.37,10235,United Kingdom
INV700976,TH-SOCK,Sock 3-Pack,2,2026-06-15 08:00,14.8,10175,United Kingdom
INV700263,TH-HAT,Wool Beanie,1,2026-06-15 09:00,21.07,10047,United Kingdom
INV700263,TH-HOOD,Pullover Hoodie,2,2026-06-15 09:00,74.3,10047,United Kingdom
INV700263,TH-BOOT,Chelsea Boots,2,2026-06-15 09:00,167.12,10047,United Kingdom
INV701351,TH-JEAN,Slim Fit Jeans,2,2026-06-15 13:00,78.77,10244,United Kingdom
INV701351,TH-SHORT,Chino Shorts,3,2026-06-15 13:00,38.75,10244,United Kingdom
INV701351,TH-SHORT,Chino Shorts,1,2026-06-15 13:00,42.09,10244,United Kingdom
INV700674,TH-BOOT,Chelsea Boots,1,2026-06-15 14:00,161.06,10122,United Kingdom
INV701724,TH-COAT,Wool Overcoat,40,2026-06-15 14:00,189.0,20901,United Kingdom
INV700674,TH-HOOD,Pullover Hoodie,1,2026-06-15 14:00,73.67,10122,United Kingdom
INV701338,TH-BOOT,Chelsea Boots,1,2026-06-15 19:00,163.59,10240,United Kingdom
INV701338,TH-BELT,Leather Belt,3,2026-06-15 19:00,32.74,10240,United Kingdom
INV701348,TH-HOOD,Pullover Hoodie,1,2026-06-15 19:00,72.47,10244,United Kingdom
INV701348,TH-SHIRT,Oxford Shirt,3,2026-06-15 19:00,56.34,10244,United Kingdom
INV701348,TH-SOCK,Sock 3-Pack,3,2026-06-15 19:00,14.53,10244,United Kingdom
INV701532,TH-SCARF,Merino Scarf,2,2026-06-15 20:00,41.27,10285,Ireland
INV701571,TH-JACK,Denim Jacket,1,2026-06-16 09:00,110.76,10291,United Kingdom
INV701571,TH-SHIRT,Oxford Shirt,3,2026-06-16 09:00,56.74,10291,United Kingdom
INV700264,TH-SHORT,Chino Shorts,3,2026-06-16 10:00,40.7,10047,United Kingdom
INV700542,TH-CHINO,Stretch Chinos,3,2026-06-16 12:00,68.71,10097,United Kingdom
INV700542,TH-TSHIRT,Cotton Tee,2,2026-06-16 12:00,23.61,10097,United Kingdom
INV700542,TH-HOOD,Pullover Hoodie,2,2026-06-16 12:00,65.92,10097,United Kingdom
INV700541,TH-JACK,Denim Jacket,3,2026-06-16 17:00,94.85,10097,United Kingdom
INV700541,TH-JEAN,Slim Fit Jeans,1,2026-06-16 17:00,85.83,10097,United Kingdom
INV701404,TH-CHINO,Stretch Chinos,3,2026-06-16 17:00,61.26,10260,United Kingdom
INV701404,TH-SHOE,Leather Sneakers,3,2026-06-16 17:00,122.88,10260,United Kingdom
INV700607,TH-BELT,Leather Belt,1,2026-06-16 18:00,34.3,10109,United Kingdom
INV700904,TH-COAT,Wool Overcoat,3,2026-06-17 13:00,195.63,10163,United Kingdom
INV701301,TH-SHOE,Leather Sneakers,3,2026-06-17 14:00,121.26,10235,United Kingdom
INV701301,TH-COAT,Wool Overcoat,3,2026-06-17 14:00,166.68,10235,United Kingdom
INV701301,TH-SHORT,Chino Shorts,2,2026-06-17 14:00,43.75,10235,United Kingdom
INV700551,TH-TSHIRT,Cotton Tee,3,2026-06-18 09:00,22.9,10100,United Kingdom
INV700551,TH-TSHIRT,Cotton Tee,1,2026-06-18 09:00,23.64,10100,United Kingdom
INV700551,TH-JACK,Denim Jacket,1,2026-06-18 09:00,104.78,10100,United Kingdom
INV701403,TH-BOOT,Chelsea Boots,3,2026-06-18 17:00,152.64,10260,United Kingdom
INV701403,TH-SHOE,Leather Sneakers,1,2026-06-18 17:00,125.67,10260,United Kingdom
INV701403,TH-SCARF,Merino Scarf,1,2026-06-18 17:00,39.85,10260,United Kingdom
INV700929,TH-SOCK,Sock 3-Pack,2,2026-06-19 19:00,15.18,10167,United Kingdom
INV700929,TH-TSHIRT,Cotton Tee,1,2026-06-19 19:00,24.91,10167,United Kingdom
INV701726,TH-SOCK,Sock 3-Pack,60,2026-06-20 03:00,15.0,20902,United Kingdom
INV701729,TH-SOCK,Sock 3-Pack,60,2026-06-20 03:00,15.0,20902,United Kingdom
INV701730,TH-SOCK,Sock 3-Pack,60,2026-06-20 03:00,15.0,20902,United Kingdom
INV701727,TH-SOCK,Sock 3-Pack,60,2026-06-20 03:00,15.0,20902,United Kingdom
INV701728,TH-SOCK,Sock 3-Pack,60,2026-06-20 03:00,15.0,20902,United Kingdom
INV701731,TH-SOCK,Sock 3-Pack,60,2026-06-20 03:00,15.0,20902,United Kingdom
INV700262,TH-BELT,Leather Belt,3,2026-06-20 08:00,32.66,10047,United Kingdom
INV700602,TH-BAG,Canvas Tote Bag,3,2026-06-20 11:00,43.69,10108,United Kingdom
INV700602,TH-COAT,Wool Overcoat,1,2026-06-20 11:00,179.21,10108,United Kingdom
INV701513,TH-BOOT,Chelsea Boots,3,2026-06-20 12:00,165.96,10280,United Kingdom
INV701513,TH-JACK,Denim Jacket,2,2026-06-20 12:00,101.67,10280,United Kingdom
INV701513,TH-SOCK,Sock 3-Pack,3,2026-06-20 12:00,14.36,10280,United Kingdom
INV700539,TH-JEAN,Slim Fit Jeans,3,2026-06-21 09:00,76.94,10097,United Kingdom
INV700539,TH-JACK,Denim Jacket,2,2026-06-21 09:00,104.29,10097,United Kingdom
INV700036,TH-HAT,Wool Beanie,1,2026-06-21 09:00,19.99,10006,United Kingdom
INV700036,TH-BELT,Leather Belt,2,2026-06-21 09:00,35.17,10006,United Kingdom
INV701202,TH-CHINO,Stretch Chinos,1,2026-06-21 11:00,62.01,10216,United Kingdom
INV700037,TH-TSHIRT,Cotton Tee,3,2026-06-21 13:00,24.19,10006,United Kingdom
INV700037,TH-SOCK,Sock 3-Pack,3,2026-06-21 13:00,13.43,10006,United Kingdom
INV701299,TH-BELT,Leather Belt,3,2026-06-21 15:00,34.9,10235,United Kingdom
INV701299,TH-BAG,Canvas Tote Bag,2,2026-06-21 15:00,45.41,10235,United Kingdom
INV701201,TH-SOCK,Sock 3-Pack,3,2026-06-22 13:00,14.26,10216,United Kingdom
INV701512,TH-TSHIRT,Cotton Tee,1,2026-06-23 14:00,25.64,10280,United Kingdom
INV700043,TH-HOOD,Pullover Hoodie,1,2026-06-23 14:00,69.15,10006,United Kingdom
INV700043,TH-SHIRT,Oxford Shirt,2,2026-06-23 14:00,57.21,10006,United Kingdom
INV701072,TH-HOOD,Pullover Hoodie,1,2026-06-24 13:00,69.75,10193,United Kingdom
INV701072,TH-SHIRT,Oxford Shirt,1,2026-06-24 13:00,53.37,10193,United Kingdom
INV701072,TH-BAG,Canvas Tote Bag,1,2026-06-24 13:00,46.31,10193,United Kingdom
INV701374,TH-SHIRT,Oxford Shirt,3,2026-06-24 15:00,53.59,10252,United Kingdom
INV701358,TH-BAG,Canvas Tote Bag,1,2026-06-25 10:00,45.34,10247,Ireland
INV701358,TH-HOOD,Pullover Hoodie,3,2026-06-25 10:00,70.15,10247,Ireland
INV701732,TH-BOOT,Chelsea Boots,25,2026-06-25 11:00,159.0,20903,Germany
INV700654,TH-SHORT,Chino Shorts,2,2026-06-27 19:00,39.95,10119,United Kingdom
INV700654,TH-HAT,Wool Beanie,1,2026-06-27 19:00,23.19,10119,United Kingdom
INV700654,TH-SCARF,Merino Scarf,1,2026-06-27 19:00,39.16,10119,United Kingdom
