CustomerID,frequency,recency,T,monetary_value,predicted_purchases_90d,prob_alive,clv_12months,clv_segment
12347,6.0,365.0,367.0,599.7016666666667,1.4940636052789615,0.9986927779642301,3460.8737457586644,Premium CLV
12348,3.0,283.0,358.0,301.48,0.9170684113055239,0.9929725516495252,1104.3153885780994,Medium CLV
12352,6.0,260.0,296.0,368.25666666666666,1.7663086639093863,0.9973419765452343,2513.4607294999096,High CLV
12356,2.0,303.0,325.0,269.90500000000003,0.7746971478839064,0.9930755037189128,864.1575316022369,Medium CLV
12358,1.0,149.0,150.0,683.2,0.9274382534302041,0.9533436442544492,2890.453635646916,Premium CLV
12359,3.0,274.0,331.0,1941.6933333333334,0.9769307099391544,0.9940862350531372,7550.235640977192,Premium CLV
12360,2.0,148.0,200.0,789.24,1.1030220821536287,0.9884568863641706,3579.6243445956484,Premium CLV
12362,9.0,292.0,295.0,527.4588888888889,2.4744687766588997,0.9991325512627969,4989.097738964202,Premium CLV
12363,1.0,133.0,242.0,252.9,0.6192444371781483,0.8800079042535524,721.3619956866143,Low CLV
12364,3.0,105.0,112.0,229.7266666666667,2.0393366310961047,0.9964303896325187,1870.9976223223453,High CLV
12370,3.0,309.0,360.0,651.6233333333333,0.9146117530497494,0.9947302864475353,2375.373632105291,High CLV
12371,1.0,15.0,59.0,360.0,1.3970117240818969,0.8925415621791982,2302.879118567919,High CLV
12372,2.0,225.0,296.0,449.41,0.82876967551683,0.9882229017457895,1534.992750510336,High CLV
12375,1.0,88.0,98.0,227.20000000000002,1.1756184329157162,0.9471391307184722,1230.7856393107497,Medium CLV
12377,1.0,39.0,354.0,626.6,0.23848733507951397,0.45304303320251516,682.9278061672769,Low CLV
12379,1.0,89.0,170.0,392.4,0.7963029684495664,0.8866130274069833,1431.2640948706064,Medium CLV
12380,3.0,164.0,185.0,705.7533333333332,1.4973254072624218,0.9956292583270971,4207.714245152225,Premium CLV
12381,4.0,115.0,119.0,144.14249999999998,2.403028382202719,0.9976942910325896,1363.7683094797749,Medium CLV
12383,4.0,168.0,352.0,312.46,1.0933648395915745,0.9593830868834062,1342.207846089643,Medium CLV
12384,1.0,93.0,121.0,292.58000000000004,1.0337374715788092,0.9344730311364562,1389.0992586514851,Medium CLV
12386,1.0,29.0,366.0,143.0,0.19741145228394574,0.38513446670471396,131.54085400862175,Low CLV
12388,5.0,311.0,326.0,469.872,1.424253083304534,0.9980003576025693,2601.6037223397157,High CLV
12393,3.0,260.0,332.0,373.3666666666666,0.9734030414245141,0.9928474933136904,1450.3901120946898,Medium CLV
12394,1.0,154.0,217.0,891.4,0.6993360568618421,0.9191157035125654,2841.7506907818756,High CLV
12395,10.0,352.0,371.0,267.253,2.261053615306846,0.9988416620406807,2307.2124038990064,High CLV
12397,1.0,100.0,135.0,1195.09,0.9650029045271366,0.9300876034032445,5248.246016559617,Premium CLV
12399,3.0,142.0,261.0,273.53333333333336,1.1548988177926947,0.9799315532599572,1261.8086438587397,Medium CLV
12406,1.0,161.0,183.0,1794.05,0.8068484723796001,0.9431820084087015,6583.430621595524,Premium CLV
12407,4.0,215.0,264.0,370.455,1.415962499536062,0.9952441689465908,2059.216484266289,High CLV
12408,3.0,228.0,260.0,683.6533333333333,1.1763448019736462,0.9952873559207205,3203.7202413116656,Premium CLV
12409,2.0,104.0,182.0,2432.795,1.1670552378366559,0.9810058062640886,11654.981826009982,Premium CLV
12412,2.0,95.0,169.0,356.19,1.2256758890964539,0.9811038854715128,1799.7886365063257,High CLV
12413,2.0,271.0,337.0,139.425,0.7503242068104676,0.9896168827443391,435.08852285182684,Low CLV
12414,2.0,93.0,310.0,204.325,0.7385301161417039,0.9125280746461047,624.949766315766,Low CLV
12415,15.0,313.0,337.0,7860.21,3.493069008745559,0.9987997191490593,104066.01969779194,Premium CLV
12417,8.0,354.0,357.0,419.72,1.9301307842088278,0.9990289803982864,3105.981382970082,Premium CLV
12421,3.0,304.0,319.0,216.53,1.0079071199984966,0.9963960537668483,872.9558219364851,Medium CLV
12422,2.0,229.0,324.0,282.53,0.7706868525448997,0.9855565082315291,899.623071974755,Medium CLV
12423,7.0,353.0,353.0,231.6257142857143,1.7445090653607083,0.9989414982686545,1555.9643384972596,High CLV
12427,2.0,350.0,371.0,261.15,0.6975988747046753,0.9932671778026484,753.2204833972058,Low CLV
12428,6.0,258.0,283.0,497.8733333333334,1.8287766240934462,0.9978591561331183,3516.6284933747365,Premium CLV
12429,3.0,356.0,365.0,822.9666666666667,0.9063344628718853,0.9966722690274261,2971.723614246953,Premium CLV
12431,13.0,338.0,373.0,471.4769230769231,2.8320555535263665,0.9983145443074026,5073.479647409407,Premium CLV
12432,2.0,130.0,172.0,871.33,1.221857409595109,0.9893607247164847,4375.911089497996,Premium CLV
12433,5.0,373.0,373.0,2291.346,1.280309608210392,0.998430239582029,11392.283655454397,Premium CLV
12434,1.0,176.0,260.0,519.89,0.6074883881521859,0.9100263474227298,1444.3165842516753,Medium CLV
12435,1.0,188.0,267.0,3850.9,0.5989009592528896,0.9150758618199345,10483.98796316427,Premium CLV
12437,14.0,330.0,331.0,325.6221428571429,3.331686261878243,0.9994866636939902,4118.4798115762605,Premium CLV
12438,1.0,126.0,140.0,2016.78,0.9602906222648877,0.9460688460442261,8802.955084675781,Premium CLV
12444,4.0,150.0,171.0,783.8149999999999,1.9227804095560945,0.9966927817319885,5905.736881283243,Premium CLV
12449,3.0,165.0,187.0,1069.4533333333334,1.4864259062033545,0.9955623150875701,6326.070966696063,Premium CLV
12450,1.0,17.0,173.0,96.0,0.5908045419671432,0.6653836437306738,267.1790193983373,Low CLV
12451,4.0,314.0,324.0,1529.0025,1.2137909923951242,0.9976273219922597,7273.853500333606,Premium CLV
12455,5.0,223.0,296.0,156.592,1.5283545214525627,0.9937633448935047,933.1762517095218,Medium CLV
12456,2.0,210.0,254.0,1120.435,0.9321771274132931,0.9907050146424844,4293.115721054324,Premium CLV
12457,6.0,173.0,239.0,282.33,2.063290723788633,0.9931006909518567,2251.572142518881,High CLV
12458,1.0,213.0,284.0,505.48,0.5765137105107268,0.922747363318277,1333.1378360798105,Medium CLV
12461,1.0,60.0,154.0,200.0,0.8166678753031327,0.8534412624086194,754.6660625372854,Low CLV
12462,1.0,285.0,303.0,427.48,0.5637853438777856,0.9481446956929992,1104.0888887419844,Medium CLV
12463,3.0,188.0,241.0,331.40333333333336,1.2412549428216493,0.9932466101841664,1641.641992721074,High CLV
12464,6.0,299.0,309.0,166.35833333333332,1.7107225295860102,0.9984668687245913,1101.9619705850769,Medium CLV
12465,1.0,152.0,169.0,301.25,0.8523643199145042,0.9453895225737404,1179.419649302764,Medium CLV
12468,1.0,129.0,316.0,508.95000000000005,0.46372791640628463,0.8056312942319965,1079.8293351109448,Medium CLV
12471,19.0,362.0,364.0,919.138947368421,4.080411871181553,0.9996075782464303,14183.616931060998,Premium CLV
12472,6.0,337.0,369.0,823.4683333333334,1.4862448364960543,0.9978117532968981,4726.088252257914,Premium CLV
12473,3.0,162.0,191.0,1088.7866666666666,1.4644570463787716,0.9949970518204089,6345.280062888522,Premium CLV
12474,16.0,312.0,329.0,445.399375,3.7753543000527223,0.9991102896697562,6371.675513714015,Premium CLV
12476,9.0,346.0,361.0,755.9966666666667,2.11194681311339,0.9988574790396172,6103.024489172458,Premium CLV
12477,5.0,279.0,301.0,2172.7580000000003,1.5148016050036819,0.9977007877635322,12778.348591212254,Premium CLV
12480,3.0,308.0,336.0,821.7933333333334,0.9671890841998402,0.9958528675671067,3166.4163252489957,Premium CLV
12481,7.0,343.0,365.0,776.7057142857144,1.697569011821152,0.9983796315709925,5069.382544085385,Premium CLV
12483,7.0,322.0,339.0,276.7742857142857,1.8006147647885058,0.9985017944485013,1918.2647801182352,High CLV
12484,5.0,304.0,336.0,680.61,1.3899679163224978,0.9973740104713366,3676.0725234488586,Premium CLV
12488,2.0,66.0,75.0,372.635,1.94597791095894,0.9930347480152133,2986.1019706352486,Premium CLV
12490,9.0,324.0,329.0,505.96777777777777,2.2736919966893376,0.9990932543957666,4398.148413514779,Premium CLV
12492,1.0,42.0,105.0,136.82,1.0556760717678504,0.8820993945791691,672.551663587082,Low CLV
12493,1.0,32.0,197.0,201.24,0.5617950412213748,0.69033414251764,522.4888130204162,Low CLV
12494,6.0,350.0,365.0,198.08333333333334,1.5001409778467474,0.9983691521856396,1150.1346368091195,Medium CLV
12498,1.0,36.0,57.0,156.45,1.479463942154415,0.9325654330490267,1073.6483164825283,Medium CLV
12500,9.0,310.0,333.0,434.76444444444445,2.250992539947315,0.99855646317261,3742.017325826897,Premium CLV
12502,4.0,214.0,309.0,776.655,1.2504849340603084,0.9905737659464433,3808.422693440929,Premium CLV
12504,1.0,12.0,30.0,32.65,1.8086407553306285,0.9311782588461778,297.44136328072494,Low CLV
12507,2.0,164.0,298.0,429.325,0.812897079660305,0.9743135447731928,1438.5916043377847,Medium CLV
12508,1.0,3.0,29.0,123.08,1.7936160274292101,0.9157691891589792,1029.9115001348696,Medium CLV
12510,1.0,183.0,325.0,301.52,0.49228287251464875,0.8741698921873872,682.4744783069636,Low CLV
12516,1.0,103.0,180.0,728.86,0.7750530335420751,0.8960770755187167,2576.768006373381,High CLV
12517,3.0,162.0,190.0,578.63,1.4698014109475732,0.9950780744181058,3387.775569471762,Premium CLV
12518,4.0,110.0,110.0,433.015,2.5116333161786346,0.9979304380808375,4263.738882849103,Premium CLV
12520,4.0,194.0,273.0,411.71,1.376192774985224,0.9918637456131992,2223.801752998584,High CLV
12522,1.0,12.0,51.0,103.32,1.4865857187029559,0.8989072141356045,720.7337222803933,Low CLV
12523,10.0,312.0,331.0,168.68200000000002,2.4756302233355894,0.998785382128236,1595.5246258942925,High CLV
12524,7.0,324.0,333.0,592.6185714285714,1.8265522416150637,0.9987266394672297,4162.232641928789,Premium CLV
12526,2.0,94.0,94.0,398.17999999999995,1.7475843960739568,0.9943020711571516,2865.2198771584785,Premium CLV
12527,2.0,244.0,325.0,108.09500000000003,0.7704468224177308,0.9876270596206984,347.64434952720467,Low CLV
12528,5.0,303.0,312.0,287.99,1.4740829930421524,0.9981775676370962,1651.8728695044938,High CLV
12530,3.0,277.0,336.0,424.96000000000004,0.9653779738490494,0.9939880828359932,1636.581038500022,High CLV
12535,1.0,95.0,186.0,344.9,0.7441472172647638,0.879426775408668,1177.255919146845,Medium CLV
12536,1.0,16.0,59.0,8322.12,1.4006806582696658,0.8948856199956321,52863.80332211126,Premium CLV
12539,3.0,311.0,333.0,1284.1666666666667,0.9743053761166433,0.9961209059112586,4981.6686579448915,Premium CLV
12540,16.0,342.0,361.0,782.451875,3.5075063395071138,0.9990845372187781,10397.91799286436,Premium CLV
12541,2.0,251.0,280.0,334.39,0.8681977712245118,0.992369421626015,1198.0399419876117,Medium CLV
12545,1.0,184.0,259.0,372.24,0.6137027758363591,0.9167132395562257,1047.5834037918066,Medium CLV
12546,1.0,31.0,77.0,401.3,1.256228582016989,0.8992907426075114,2306.5152591878636,High CLV
12547,1.0,83.0,280.0,48.4,0.4677978450621012,0.7407452696045145,110.57508631612434,Low CLV
12552,1.0,1.0,39.0,120.0,1.6134217177366206,0.8927889405911956,904.0574078277523,Medium CLV
12553,9.0,321.0,329.0,332.4411111111111,2.273526727715688,0.9990206328107083,2890.7556042033543,Premium CLV
12556,1.0,101.0,151.0,290.81,0.8898991255768879,0.9185594982631275,1189.0076600622838,Medium CLV
12557,4.0,355.0,371.0,2842.7400000000002,1.0899585341036098,0.9974786879856046,12142.519776308909,Premium CLV
12559,1.0,9.0,319.0,75.60000000000001,0.19420298713870215,0.3398768079829602,69.91098093672642,Low CLV
12560,2.0,138.0,143.0,420.85,1.3799314050594245,0.9938417597615627,2391.772871943447,High CLV
12562,6.0,190.0,198.0,556.13,2.3694446018052773,0.9984340344124201,5086.753193445951,Premium CLV
12567,8.0,347.0,369.0,984.295,1.8787789195060622,0.9985419273005922,7085.952408002807,Premium CLV
12569,25.0,250.0,252.0,151.0404,6.994029252322864,0.9996852827973718,3987.758469513037,Premium CLV
12571,1.0,82.0,121.0,271.26,1.022012477816474,0.9238739276286656,1274.5004247722063,Medium CLV
12572,1.0,43.0,51.0,487.68,1.565535882185025,0.9466467226068263,3486.4198243081514,Premium CLV
12576,4.0,269.0,304.0,262.245,1.273943707024334,0.9965196918122051,1313.0595436050348,Medium CLV
12577,1.0,324.0,359.0,461.91,0.4911889635819275,0.9435813850081439,1039.0334271885822,Medium CLV
12578,1.0,309.0,330.0,1185.85,0.52727858697646,0.9475777958544944,2849.392701729922,Premium CLV
12582,1.0,50.0,288.0,306.2,0.37650168076118473,0.6090501395459432,529.8605269017055,Low CLV
12583,14.0,371.0,373.0,458.96571428571434,3.0295436906107907,0.9994708050169163,5277.968993397965,Premium CLV
12584,8.0,277.0,280.0,234.315,2.3315300834802035,0.9990157796164785,2095.81888164597,High CLV
12585,1.0,117.0,351.0,777.25,0.39362520908159404,0.7427057190885847,1396.592201393551,Medium CLV
12589,1.0,116.0,144.0,515.18,0.9346751901894956,0.9368129435965287,2200.2897381656953,High CLV
12592,1.0,121.0,213.0,205.8,0.6857766743915706,0.8895728029061774,652.0683947092934,Low CLV
12593,2.0,110.0,218.0,91.05,1.022992955945444,0.9735688227526097,389.806252948869,Low CLV
12594,8.0,285.0,322.0,374.65250000000003,2.0913385583389896,0.9977558893906473,3004.1034908061642,Premium CLV
12596,1.0,191.0,242.0,348.32,0.6547601859459001,0.9304793138693219,1046.429553344233,Medium CLV
12597,3.0,249.0,268.0,1098.3566666666666,1.1510210346305674,0.9961008586703483,5033.108436747167,Premium CLV
12598,6.0,275.0,284.0,383.7033333333333,1.8250224841902525,0.9984787316371766,2705.6390537151374,High CLV
12599,6.0,275.0,304.0,138.45333333333335,1.7311593382799741,0.9977410811507289,928.7382021268617,Medium CLV
12600,9.0,343.0,371.0,280.28222222222223,2.0653129226066747,0.9984494965530207,2214.7777158004233,High CLV
12601,4.0,143.0,332.0,108.19999999999999,1.1283856767816598,0.9453406291342263,482.27185397979576,Low CLV
12604,1.0,182.0,261.0,75.68,0.6084626357539197,0.9140857393537839,219.1889461597521,Low CLV
12609,2.0,240.0,318.0,419.46,0.783823988901443,0.9878435874241026,1355.522622425331,Medium CLV
12610,4.0,104.0,126.0,288.1975,2.3218204067012143,0.9962280715140649,2626.450277206353,High CLV
12613,2.0,205.0,262.0,1261.36,0.9097111494494962,0.989287631677959,4715.954767030537,Premium CLV
12615,3.0,166.0,168.0,552.15,1.597837453600112,0.9968533165173348,3514.181150676564,Premium CLV
12616,1.0,202.0,297.0,457.7,0.5485592127950549,0.9084749899916553,1149.534839064978,Medium CLV
12619,8.0,237.0,253.0,429.4075,2.513798120936261,0.9985605888896106,4136.966998244948,Premium CLV
12620,2.0,190.0,204.0,388.875,1.0932706802083918,0.9932146392580408,1752.3533942736278,High CLV
12621,16.0,364.0,365.0,826.56625,3.478317343677259,0.9995537469748659,10892.687879400803,Premium CLV
12624,1.0,71.0,177.0,341.19,0.7408628693808957,0.8470494072505373,1159.5005006583767,Medium CLV
12625,1.0,108.0,319.0,967.2,0.4329729128671007,0.7577507109262581,1909.569807357398,High CLV
12626,8.0,303.0,326.0,690.56,2.072638456542226,0.998429297730106,5484.679747284087,Premium CLV
12627,6.0,130.0,140.0,618.4183333333334,2.9657776210534443,0.9982279786750898,7076.6481121476745,Premium CLV
12628,2.0,60.0,64.0,226.41,2.086199834935029,0.9937388238834512,1950.9160857211348,High CLV
12630,1.0,34.0,43.0,569.09,1.6567165541898443,0.9450928695629952,4300.332840367104,Premium CLV
12633,3.0,229.0,287.0,383.72,1.0901772913185934,0.9934727610709252,1668.9794826136779,High CLV
12635,1.0,65.0,154.0,1005.54,0.8265778016861465,0.8637974186117228,3785.232737262059,Premium CLV
12637,6.0,256.0,323.0,750.87,1.6472935391996717,0.9951604324497099,4776.042205947283,Premium CLV
12640,2.0,58.0,81.0,204.995,1.872922780577572,0.9904482766166796,1587.453616277914,High CLV
12642,2.0,82.0,107.0,323.40500000000003,1.6265972197237473,0.9907420911474296,2168.6151786183086,High CLV
12643,4.0,204.0,332.0,618.36,1.175165712440393,0.9845320769259777,2850.664046848615,Premium CLV
12645,3.0,283.0,316.0,468.6266666666667,1.0144572257609892,0.995521229876706,1895.8510648184638,High CLV
12646,1.0,45.0,49.0,615.28,1.5942282142645599,0.950359211639897,4472.236666381476,Premium CLV
12647,10.0,347.0,369.0,335.082,2.2706774842857405,0.9987433509605245,2904.2808182583835,Premium CLV
12649,1.0,105.0,212.0,248.51000000000002,0.6719216093515753,0.8687289858321645,769.1729647224342,Low CLV
12653,1.0,148.0,296.0,1430.75,0.5172620068933411,0.854433191359377,3370.161096107741,Premium CLV
12654,3.0,285.0,295.0,145.12666666666667,1.0708757939892508,0.996574083483481,623.2864058503709,Low CLV
12656,4.0,216.0,233.0,877.4925,1.5547937732240087,0.9972002356448444,5347.4960095307715,Premium CLV
12657,2.0,67.0,78.0,512.37,1.9107185323660212,0.9927388689643751,4026.2634788313526,Premium CLV
12662,9.0,373.0,373.0,398.70000000000005,2.0579447410514327,0.9992015478778883,3137.942432280764,Premium CLV
12664,8.0,314.0,322.0,527.5375,2.093739443973306,0.9989013269726402,4233.358393757041,Premium CLV
12668,3.0,344.0,355.0,1112.4266666666665,0.9266136391801771,0.9965942688700956,4105.124043016372,Premium CLV
12669,2.0,106.0,256.0,803.865,0.8957218893846114,0.9574893498892046,2961.597089030327,Premium CLV
12670,4.0,222.0,232.0,590.75,1.5601360113006857,0.997531286837964,3614.238250836796,Premium CLV
12673,1.0,321.0,326.0,389.62,0.5350608948847516,0.9524189705280176,955.9345532323159,Medium CLV
12674,3.0,169.0,207.0,461.2866666666667,1.3846908754335034,0.9943134127190822,2545.983683390879,High CLV
12676,5.0,287.0,311.0,164.378,1.476964347915178,0.9976424297902239,946.4831899068735,Medium CLV
12678,8.0,311.0,353.0,2175.8975,1.9448305646615176,0.9976342462485168,16210.164917310407,Premium CLV
12679,3.0,225.0,283.0,106.32000000000001,1.101793217920583,0.9934142373985375,471.2022380005685,Low CLV
12680,3.0,113.0,113.0,183.67666666666665,2.0303896941389348,0.9969636998838982,1491.3602902304654,Medium CLV
12681,19.0,353.0,367.0,671.2642105263158,4.052470656643422,0.9993199354357685,10288.499905946446,Premium CLV
12682,26.0,368.0,371.0,459.69153846153847,5.384455409320866,0.9996904068474335,9338.484301684994,Premium CLV
12683,10.0,361.0,365.0,741.3489999999999,2.2917052763780057,0.9992122356541455,6481.121412679423,Premium CLV
12684,6.0,206.0,213.0,299.0883333333333,2.2523600523816,0.9984900497473841,2603.139136217282,High CLV
12685,5.0,65.0,93.0,462.76800000000003,3.2266312091850082,0.9953138520003066,5797.018589996604,Premium CLV
12689,1.0,102.0,127.0,736.5799999999999,1.0085646905224555,0.9375847143139414,3386.850113772927,Premium CLV
12691,5.0,329.0,357.0,171.16,1.3250012677350935,0.9975958560344916,884.1164100749704,Medium CLV
12693,3.0,192.0,319.0,231.28666666666666,0.9947813009960044,0.9834201416048618,919.9777123565752,Medium CLV
12694,1.0,113.0,183.0,430.17,0.7744080256446427,0.9052600853307367,1524.8164925722199,High CLV
12695,3.0,203.0,210.0,164.28333333333333,1.3740329073507473,0.9966163377606005,904.0389167998079,Medium CLV
12697,2.0,141.0,169.0,283.54499999999996,1.238564318238036,0.9914205507668968,1449.6745788876797,Medium CLV
12700,3.0,208.0,215.0,1282.52,1.351538351963404,0.996622411898351,6897.851603294322,Premium CLV
12701,1.0,163.0,242.0,460.63,0.6407694832217917,0.9105971344840994,1350.8458905111877,Medium CLV
12704,6.0,162.0,169.0,335.2133333333333,2.6345451684388728,0.9984431722640235,3410.9940561618046,Premium CLV
12705,7.0,342.0,357.0,858.6128571428571,1.7282822458539293,0.9985807338902276,5704.863294712424,Premium CLV
12708,9.0,339.0,368.0,279.60777777777776,2.0787390881044883,0.9984036576240293,2223.800750474208,High CLV
12709,14.0,351.0,366.0,658.13,3.075093029415613,0.9991666630097522,7680.629057302998,Premium CLV
12710,2.0,105.0,201.0,215.03000000000003,1.08575400857628,0.976333249103286,965.9176834738639,Medium CLV
12712,12.0,343.0,371.0,351.7166666666667,2.6503560291307,0.998632694076516,3546.897617292673,Premium CLV
12714,4.0,285.0,294.0,935.1400000000001,1.3085602309603988,0.9976370377309568,4797.301770965645,Premium CLV
12716,1.0,130.0,133.0,375.59000000000003,0.9968359642065278,0.9522471406107184,1715.0826558771755,High CLV
12717,1.0,94.0,245.0,421.24,0.5668936464703247,0.812879418141722,1093.7298271265486,Medium CLV
12719,1.0,60.0,65.0,361.35,1.4294086311898369,0.9499167086452722,2365.2133234574767,High CLV
12720,20.0,367.0,369.0,265.41700000000003,4.231988752691074,0.999626822822088,4248.021448286028,Premium CLV
12721,5.0,323.0,354.0,473.90599999999995,1.3337815396542094,0.9974709615555334,2457.456855860396,High CLV
12722,3.0,65.0,150.0,231.57000000000002,1.6845624886930117,0.9777168145950841,1558.3460111540062,High CLV
12723,2.0,62.0,65.0,212.82999999999998,2.073077518141202,0.9938888574576077,1823.3165394201494,High CLV
12724,3.0,327.0,332.0,292.17,0.9772713194602781,0.996793043088867,1140.5084781223045,Medium CLV
12726,6.0,329.0,357.0,406.46999999999997,1.5263084009172634,0.9979340137634396,2397.441473054479,High CLV
12727,5.0,310.0,320.0,693.24,1.4453030328697662,0.9981527777798009,3893.059627107362,Premium CLV
12728,3.0,261.0,332.0,194.59666666666666,0.9734938736183193,0.9929401399483256,758.2578048127668,Low CLV
12731,10.0,341.0,364.0,1782.4009999999998,2.2955751314503026,0.9987008186182872,15604.138103703746,Premium CLV
12735,1.0,22.0,337.0,459.8,0.21250397718295305,0.3882487310182965,447.43422825483356,Low CLV
12739,1.0,21.0,99.0,37.5,1.0345459710116198,0.8379067437007911,193.04325457936537,Low CLV
12744,5.0,267.0,318.0,3845.244,1.4495672914001767,0.9962175006148966,21638.82825372162,Premium CLV
12747,10.0,367.0,369.0,383.745,2.2718338374951337,0.9992519657185585,3327.2966603458017,Premium CLV
12748,112.0,373.0,373.0,301.02482142857144,22.07214809111117,0.9999415154907602,24933.495717113845,Premium CLV
12749,3.0,210.0,213.0,1077.26,1.3607227430136404,0.9968218640575013,5834.246432469421,Premium CLV
12753,5.0,340.0,362.0,3567.7599999999998,1.3106461026905842,0.9978190530685492,18156.089648807607,Premium CLV
12754,2.0,73.0,308.0,1482.585,0.7117157700763198,0.8750036849116419,4336.666363342615,Premium CLV
12755,1.0,85.0,365.0,17.549999999999997,0.3247709156949099,0.6322153400234806,31.275496231073788,Low CLV
12757,8.0,196.0,211.0,837.06875,2.8641765196957953,0.9985135923403923,9181.91303232223,Premium CLV
12758,1.0,160.0,276.0,1221.4,0.5647084903497587,0.8845489265605866,3141.9393389927127,Premium CLV
12759,2.0,223.0,275.0,543.32,0.878091835839127,0.9901297090789826,1964.6192766785712,High CLV
12762,1.0,18.0,25.0,1436.93,1.9172168327953287,0.9460652829632943,12513.92333774223,Premium CLV
12763,1.0,231.0,369.0,174.0,0.45355806215648975,0.8906701535131398,366.111720618642,Low CLV
12766,6.0,363.0,366.0,973.39,1.4973050008187443,0.9986706102383273,5627.41052774878,Premium CLV
12775,4.0,294.0,311.0,292.89750000000004,1.2527810732790936,0.9973634717414891,1441.690941236719,Medium CLV
12778,5.0,293.0,312.0,137.55,1.4735847699079225,0.9978401950748907,790.8792841700454,Medium CLV
12779,7.0,334.0,371.0,533.3142857142857,1.6745611843557717,0.9978283091869541,3434.75330528925,Premium CLV
12781,1.0,221.0,284.0,277.48,0.5794484076420214,0.9274445352860363,739.8679776447535,Low CLV
12782,4.0,353.0,357.0,466.855,1.1244622452910635,0.9978237818266048,2060.5188358647065,High CLV
12783,4.0,73.0,75.0,471.72249999999997,3.0432462887509697,0.9977843678228013,5625.032765030165,Premium CLV
12784,1.0,6.0,15.0,56.0,2.0910972885957575,0.9423895927299791,565.0105805090977,Low CLV
12787,2.0,183.0,192.0,152.78,1.14017546356367,0.9936003639488049,723.1124220589082,Low CLV
12793,1.0,37.0,371.0,413.68,0.212452326901389,0.4190165525805073,402.8743546023233,Low CLV
12794,1.0,45.0,98.0,543.41,1.1135872509601747,0.8971635960468217,2762.818648889879,High CLV
12798,2.0,160.0,170.0,2685.0,1.236323958146617,0.993443015702833,13624.574029095938,Premium CLV
12808,2.0,332.0,368.0,177.125,0.7015249005700814,0.9923628962710656,515.4296195303621,Low CLV
12811,2.0,24.0,284.0,137.3,0.6120378925993283,0.7071278740990441,349.4793937451393,Low CLV
12815,1.0,51.0,198.0,448.1,0.6188071725834408,0.763035167834789,1268.9444195999322,Medium CLV
12816,1.0,81.0,176.0,253.55,0.7615166853523111,0.8674089659577261,888.9135927255447,Medium CLV
12820,3.0,323.0,326.0,257.29333333333335,0.9914231538479835,0.9968611825875194,1019.4574183568626,Medium CLV
12822,1.0,17.0,87.0,257.98,1.1176288288938738,0.8478585304480587,1325.9245804884206,Medium CLV
12823,4.0,222.0,296.0,363.375,1.2960120506387125,0.9932127764964689,1849.0929539971476,High CLV
12826,6.0,363.0,365.0,219.95333333333335,1.5006269669416419,0.9986925861347193,1277.1443014604522,Medium CLV
12827,2.0,39.0,44.0,106.2,2.39630767466202,0.993470647823459,1060.33673803797,Medium CLV
12828,5.0,128.0,130.0,158.342,2.692635878553805,0.998332815094712,1660.8123205917927,High CLV
12829,1.0,24.0,360.0,207.25,0.19062230083162654,0.3670027441186521,182.66288323852152,Low CLV
12830,4.0,134.0,171.0,1148.2,1.9197838373286584,0.995139478040012,8634.569626430943,Premium CLV
12832,1.0,66.0,98.0,115.23,1.1506991245340368,0.9270628445546082,620.3621691146802,Low CLV
12836,3.0,252.0,311.0,588.7233333333334,1.0252216753386123,0.9937045333809976,2405.662901015448,High CLV
12838,1.0,340.0,373.0,292.34000000000003,0.4768569144795841,0.9445724963481533,641.3495841149398,Low CLV
12839,13.0,365.0,367.0,399.1392307692308,2.8724247297788223,0.9994292172548176,4356.68965210945,Premium CLV
12840,3.0,83.0,226.0,624.2333333333332,1.2481071513418545,0.9535122560643574,3103.702595385397,Premium CLV
12841,23.0,367.0,371.0,162.09130434782608,4.79892011564376,0.999636236622645,2939.3170079582324,Premium CLV
12842,1.0,238.0,308.0,808.26,0.5436272982303736,0.9258578410968028,2004.961180825145,High CLV
12843,7.0,199.0,264.0,229.83714285714285,2.1719398161871273,0.9939666695709684,1921.6679128091957,High CLV
12844,1.0,101.0,130.0,151.08,0.9917121993987809,0.9346354960933513,696.1200051707873,Low CLV
12845,3.0,23.0,290.0,96.33333333333333,0.6015991584389704,0.552592987237961,233.3982526036652,Low CLV
12849,1.0,237.0,268.0,346.39,0.6149741495339628,0.9422622456752877,977.6146796005569,Medium CLV
12853,2.0,181.0,315.0,764.8499999999999,0.7803303035626309,0.9762164989586042,2455.827415053941,High CLV
12854,2.0,240.0,318.0,467.3,0.783823988901443,0.9878435874241026,1509.4533311165117,Medium CLV
12856,5.0,56.0,63.0,357.238,3.8683749226449917,0.9978623834326912,5365.82287292618,Premium CLV
12857,1.0,92.0,302.0,304.8,0.4394805852314467,0.7372176630258697,615.7458956656985,Low CLV
12865,1.0,97.0,123.0,586.85,1.026152090484452,0.9363888959922047,2748.773940763463,High CLV
12867,6.0,334.0,360.0,612.3383333333333,1.5162595564402515,0.9980135424589361,3586.1487300865074,Premium CLV
12868,5.0,188.0,373.0,280.75200000000007,1.226357303375424,0.9563563440985174,1340.0860173260248,Medium CLV
12871,1.0,123.0,207.0,248.64,0.7053482052158732,0.8968751687237497,807.8244273064389,Medium CLV
12872,1.0,39.0,365.0,221.44,0.22465156344578996,0.4373179915658088,229.761127970909,Low CLV
12875,1.0,219.0,362.0,49.470000000000006,0.45752449484343993,0.8847757791609498,110.41727508242525,Low CLV
12876,1.0,139.0,196.0,1491.59,0.7517485202080032,0.9205364992649491,5102.35073363812,Premium CLV
12877,11.0,355.0,358.0,125.97363636363637,2.52838151168543,0.999302415475907,1215.6479175718575,Medium CLV
12878,1.0,30.0,266.0,539.81,0.36055255415909876,0.5493567057948597,889.8707163878017,Medium CLV
12879,2.0,47.0,91.0,216.35999999999996,1.7591801252421038,0.9846073345493812,1573.15904282078,High CLV
12882,1.0,24.0,33.0,991.1999999999999,1.789493206732488,0.9442872644479059,8067.216644530697,Premium CLV
12883,1.0,65.0,89.0,411.84000000000003,1.217739140069615,0.934217402617767,2294.3648193135664,High CLV
12885,1.0,60.0,123.0,529.87,0.9779398779143983,0.8923940721055225,2366.844589811504,High CLV
12886,1.0,152.0,219.0,603.4,0.6926296409776687,0.9162213140564696,1908.8990679911008,High CLV
12888,1.0,41.0,255.0,81.36,0.42281374614749473,0.6243476393226038,163.21215357439632,Low CLV
12891,2.0,107.0,292.0,144.5,0.7977471751327717,0.9413845606572366,479.1140774858251,Low CLV
12895,1.0,44.0,86.0,105.0,1.2068578087093775,0.9103896590361382,594.565112877842,Low CLV
12897,1.0,97.0,301.0,87.7,0.4493738291962034,0.7518932652873331,186.45302108493541,Low CLV
12901,22.0,262.0,270.0,786.5790909090908,5.893872239115172,0.9994774774786577,17505.31016722365,Premium CLV
12904,1.0,154.0,172.0,264.89,0.8422287776205393,0.9449464279928761,1026.4418791374396,Medium CLV
12906,1.0,67.0,78.0,983.22,1.3128127037933657,0.9454107737454499,5874.329121472304,Premium CLV
12908,1.0,136.0,312.0,432.0,0.4778123635736237,0.821933909095834,945.5798993757464,Medium CLV
12909,3.0,214.0,253.0,425.0733333333333,1.199645601234986,0.9947200224541484,2033.5470889477124,High CLV
12910,5.0,218.0,241.0,470.96400000000006,1.788773684884534,0.9974768329205871,3273.902002860243,Premium CLV
12912,4.0,38.0,40.0,336.06,3.861172360444449,0.9977429595138025,5086.043388500308,Premium CLV
12913,4.0,364.0,368.0,516.5025,1.0974758361836985,0.9978264187084405,2224.5957776111527,High CLV
12915,1.0,224.0,372.0,164.0,0.44684788134609965,0.8832205545094505,340.39545583806904,Low CLV
12916,3.0,182.0,320.0,719.4333333333334,0.9891731030340407,0.9802649677815638,2835.4475460839976,High CLV
12919,5.0,161.0,169.0,225.798,2.2869325339707274,0.99806955433982,2009.3181561400854,High CLV
12921,22.0,364.0,373.0,739.304090909091,4.583387495489797,0.9995113930815333,12799.09293825999,Premium CLV
12924,3.0,239.0,327.0,291.83666666666664,0.9832473139741074,0.991015152751525,1146.1572482310733,Medium CLV
12925,1.0,70.0,74.0,325.74,1.3525732458720765,0.9509100163057735,2019.9474769372916,High CLV
12928,4.0,324.0,359.0,417.59000000000003,1.1182442227353835,0.9967429603864366,1833.3232024265262,High CLV
12930,1.0,93.0,171.0,194.24,0.7974550240006609,0.8913039238737485,716.1731154386557,Low CLV
12931,11.0,336.0,357.0,3807.1781818181817,2.532824732016688,0.9988250845516703,36710.47605172246,Premium CLV
12933,2.0,259.0,283.0,248.39,0.8615706683278174,0.9927708274751842,884.7991597673533,Medium CLV
12935,5.0,317.0,319.0,345.81399999999996,1.4491624023708614,0.998378684981019,1949.2364984501091,High CLV
12936,2.0,61.0,78.0,132.72,1.9086293943770622,0.9916534299271029,1052.3473519023266,Medium CLV
12937,3.0,252.0,267.0,428.9466666666667,1.154476492691508,0.9963029504630888,1974.8947385721012,High CLV
12939,5.0,270.0,334.0,1929.7199999999998,1.3937419076433044,0.99538976502189,10443.689006804605,Premium CLV
12940,1.0,33.0,87.0,552.27,1.171876448523075,0.8890120027548178,2954.156350549021,Premium CLV
12942,2.0,234.0,365.0,212.575,0.69799024778423,0.9809012580766426,614.4197364960808,Low CLV
12944,1.0,319.0,354.0,317.56,0.4966431211519571,0.943449286104981,724.8127547780192,Low CLV
12947,5.0,230.0,373.0,259.99,1.2596213831661462,0.9822968376650305,1274.909153710603,Medium CLV
12948,6.0,248.0,264.0,282.19166666666666,1.9275297393708386,0.998203704077607,2102.6289387793586,High CLV
12949,4.0,222.0,252.0,658.23,1.4675181310699281,0.9965432679904486,3787.7901244489194,Premium CLV
12950,2.0,22.0,24.0,765.7,2.817115817269923,0.9939290200713164,8854.269247382905,Premium CLV
12951,5.0,322.0,330.0,175.07600000000002,1.4110051176811416,0.9982180849820173,962.8674108623328,Medium CLV
12952,2.0,73.0,78.0,328.125,1.9124738948631048,0.9936508905680069,2585.9478014905358,High CLV
12955,10.0,266.0,267.0,428.334,2.9205808872808454,0.999265388275172,4772.3839463531895,Premium CLV
12957,6.0,330.0,339.0,600.6433333333333,1.5912372228205853,0.9985147576874494,3691.431638110799,Premium CLV
12962,1.0,106.0,113.0,95.85000000000001,1.0918101728662928,0.9496315947220647,492.7311605160764,Low CLV
12963,6.0,357.0,365.0,248.47166666666666,1.500417681002255,0.9985533028080483,1442.0770358974005,Medium CLV
12967,1.0,13.0,371.0,292.5,0.14948037289332353,0.29481790781835704,201.15076506611157,Low CLV
12970,1.0,315.0,322.0,428.44,0.539908647296541,0.9518206873218388,1059.7912771432652,Medium CLV
12971,70.0,369.0,372.0,159.21128571428574,13.940477306243746,0.9998501081376622,8338.513861661557,Premium CLV
12980,8.0,201.0,358.0,810.6975,1.8229979770796514,0.9456872319525605,5663.327087013718,Premium CLV
12981,1.0,104.0,133.0,185.04,0.9787386262896198,0.9349593029896521,837.8289706030155,Medium CLV
12985,1.0,28.0,28.0,485.0,1.8839373705764662,0.9538245446580348,4171.240282733718,Premium CLV
12987,1.0,124.0,197.0,254.4,0.7372029476587085,0.9058755015477489,863.5193520792586,Medium CLV
12989,12.0,361.0,364.0,560.1341666666666,2.6931657651086267,0.9993615228141806,5737.98000431758,Premium CLV
12990,2.0,279.0,310.0,156.0,0.8031685984202431,0.9923954063804333,520.3241691422575,Low CLV
12991,1.0,89.0,112.0,200.2,1.0835501267966092,0.9378151788656526,1001.8655177155636,Medium CLV
12993,3.0,275.0,298.0,103.95333333333333,1.0619709640106394,0.9959815662900836,444.2046893785001,Low CLV
12994,2.0,264.0,268.0,310.90999999999997,0.8988034917187165,0.9940681209883512,1153.5872502516665,Medium CLV
12997,3.0,295.0,317.0,307.11333333333334,1.0125370603322394,0.9960823110596128,1241.7803796187902,Medium CLV
12999,2.0,49.0,245.0,67.8,0.850261492025662,0.8800306401285058,242.91718794566376,Low CLV
13000,2.0,258.0,364.0,166.54999999999998,0.7026537407482295,0.9852867127203755,485.74303448183537,Low CLV
13001,12.0,322.0,326.0,751.1141666666667,2.9389741914713117,0.9993346523419663,8394.55467788731,Premium CLV
13003,2.0,109.0,214.0,45.0,1.0372213633040646,0.9743056486638697,199.25123707254755,Low CLV
13004,16.0,346.0,357.0,331.18125,3.539764817191925,0.9993344703729832,4443.22055761253,Premium CLV
13005,1.0,73.0,246.0,192.05,0.5275518860878584,0.7587208090448327,468.7950955446061,Low CLV
13012,7.0,285.0,294.0,183.51,2.011898658267386,0.9987022195732216,1422.2470826865886,Medium CLV
13013,11.0,370.0,371.0,298.41818181818184,2.457210786773394,0.9993412476093971,2794.5385617413262,High CLV
13014,9.0,271.0,281.0,327.8777777777778,2.567279022254917,0.9989334878344317,3218.9686736270287,Premium CLV
13015,3.0,196.0,249.0,893.8366666666667,1.2121571762446532,0.9933838377488482,4314.162048675277,Premium CLV
13016,1.0,50.0,123.0,364.64,0.9576684357954324,0.8738958850609616,1599.9618499906942,High CLV
13018,19.0,279.0,295.0,365.60526315789474,4.809101104009712,0.9991411722872019,6650.065208114139,Premium CLV
13021,7.0,354.0,358.0,351.29,1.7249030874722462,0.9988566907830342,2331.5502655847595,High CLV
13023,1.0,65.0,129.0,353.5,0.9525346752432751,0.8936411862081587,1543.339314826264,High CLV
13026,4.0,274.0,275.0,222.75,1.3769849920949375,0.9978984491263977,1206.114701361266,Medium CLV
13027,5.0,241.0,354.0,1094.4,1.3227023200272066,0.9891853469132011,5623.011666136083,Premium CLV
13028,1.0,23.0,45.0,305.38,1.6037072148701152,0.9285723704491776,2246.1048285510183,High CLV
13029,2.0,323.0,353.0,432.5,0.7254858475088344,0.9926768284677631,1293.6543847363512,Medium CLV
13030,1.0,357.0,368.0,371.74,0.48531423451472516,0.9509575217731123,827.804123104375,Medium CLV
13032,1.0,35.0,87.0,513.88,1.1772489342303114,0.8930876920345037,2762.7578024434542,High CLV
13034,1.0,315.0,369.0,476.90999999999997,0.4772360695962385,0.937167606167768,1042.0926833670321,Medium CLV
13035,1.0,187.0,260.0,588.88,0.613007721369753,0.9182943880077842,1649.49673342816,High CLV
13037,2.0,118.0,256.0,315.325,0.9031211203767183,0.9653988192862069,1175.4193903296627,Medium CLV
13038,2.0,210.0,290.0,256.68000000000006,0.8405872088457438,0.9867500949629865,891.8809903072483,Medium CLV
13040,1.0,25.0,33.0,373.74,1.7917372159369112,0.9454713926161875,3064.0521878712393,Premium CLV
13046,1.0,236.0,266.0,431.59000000000003,0.6186586591503053,0.9426206501155636,1222.8392517120415,Medium CLV
13047,7.0,342.0,373.0,410.13,1.667752435224684,0.9980802574977208,2631.443561265689,High CLV
13048,3.0,313.0,327.0,452.76666666666665,0.9886383648691005,0.9964487939629095,1785.308485133655,High CLV
13049,1.0,254.0,318.0,502.9,0.5325985267943453,0.9298309824388186,1225.5754319651985,Medium CLV
13050,16.0,352.0,366.0,344.303125,3.4696620611665185,0.9992569032244962,4527.776658088394,Premium CLV
13055,1.0,135.0,213.0,869.55,0.6976366809924834,0.9049573146698943,2765.5612155806684,High CLV
13058,2.0,127.0,151.0,111.925,1.3313231635124547,0.991707049341171,621.0268552796347,Low CLV
13064,3.0,315.0,327.0,305.3966666666667,0.98871745609136,0.9965285100207057,1205.8635010653802,Medium CLV
13066,1.0,8.0,32.0,318.99,1.759868334284324,0.9211258417342492,2572.8957121412386,High CLV
13068,1.0,309.0,319.0,179.0,0.5433390115158977,0.9509036478143756,450.8175269592402,Low CLV
13069,19.0,369.0,369.0,215.98,4.036119373891381,0.9996416902879192,3298.9813847189225,Premium CLV
13077,2.0,365.0,366.0,207.77500000000003,0.7059438892201402,0.994257095486093,607.5107335068386,Low CLV
13078,24.0,363.0,366.0,504.73125000000005,5.048895047038505,0.9996674027306551,9619.7129148945,Premium CLV
13079,4.0,136.0,140.0,49.075,2.1838994249306087,0.9977171320821235,427.1782790935589,Low CLV
13081,8.0,360.0,371.0,3246.325,1.8712137846661334,0.9988524066795174,23268.861112742565,Premium CLV
13082,6.0,212.0,338.0,539.0316666666666,1.5691734569541471,0.9823756320735056,3267.211138149904,Premium CLV
13083,1.0,71.0,75.0,111.36,1.344422474879711,0.9509284304842719,701.0188240637511,Low CLV
13085,1.0,138.0,295.0,137.98000000000002,0.5103823052005148,0.8408882803578304,328.3223318957924,Low CLV
13089,65.0,367.0,369.0,893.7143076923077,13.051883157672998,0.9998644499798377,43820.229915052485,Premium CLV
13090,12.0,364.0,372.0,729.185,2.646283644426874,0.9992601688885517,7338.931038792382,Premium CLV
13092,4.0,289.0,359.0,73.095,1.1159170687574111,0.994668660069816,323.5222700510988,Low CLV
13093,6.0,98.0,373.0,1172.1783333333333,0.6716119171515242,0.4548234799738057,3039.3903469496363,Premium CLV
13094,11.0,347.0,368.0,154.87636363636364,2.4720640642518537,0.9988424603878919,1460.5949769178997,Medium CLV
13097,8.0,328.0,360.0,713.19,1.9155891646982532,0.9981532240085532,5235.643885622158,Premium CLV
13098,25.0,316.0,317.0,1129.3455999999999,5.877697141371923,0.9997125370162044,25042.517897951664,Premium CLV
13102,19.0,364.0,365.0,321.4352631578947,4.07151901458246,0.9996250781206112,4951.324268455015,Premium CLV
13104,5.0,351.0,354.0,199.344,1.3349683145979763,0.9983584933657398,1036.8131996531447,Medium CLV
13107,3.0,289.0,333.0,321.5933333333333,0.9731859868121281,0.9949764525238357,1249.648107138487,Medium CLV
13109,1.0,98.0,157.0,416.69,0.8605522942116427,0.9103358353135909,1641.4266943245864,High CLV
13110,5.0,280.0,311.0,243.42400000000004,1.4765057843498184,0.99733268469028,1399.184131645237,Medium CLV
13113,22.0,366.0,366.0,539.6813636363636,4.654560687925559,0.9996925365557003,9488.855062615994,Premium CLV
13115,3.0,173.0,184.0,472.07666666666665,1.5038507236868548,0.996335820581139,2829.1806485287257,High CLV
13117,7.0,351.0,372.0,111.82714285714285,1.6719316525169035,0.998421391697338,721.724416910254,Low CLV
13118,3.0,269.0,288.0,335.62666666666667,1.090229528558829,0.9961534464368699,1460.5352105692073,Medium CLV
13122,1.0,146.0,240.0,18.72,0.634452105585266,0.8961973260236367,64.42641015062603,Low CLV
13124,2.0,270.0,359.0,1305.005,0.7120380838284571,0.9874596939651991,3820.4011769915883,Premium CLV
13126,6.0,362.0,366.0,312.7,1.4972712753054103,0.9986481160377714,1810.1373869053864,High CLV
13131,2.0,164.0,187.0,374.20000000000005,1.1591284718000876,0.9922298625514705,1787.9251794504482,High CLV
13133,1.0,31.0,304.0,57.45,0.2900033677361317,0.48895160362940243,80.48024415178612,Low CLV
13134,3.0,155.0,240.0,431.1266666666667,1.2386202819752605,0.988146800016582,2129.2882026639063,High CLV
13136,3.0,156.0,212.0,677.7166666666667,1.3589390872513505,0.9922329658893708,3667.9926875895935,Premium CLV
13137,7.0,298.0,308.0,490.3542857142857,1.941132119158026,0.9986827858501971,3660.386458138114,Premium CLV
13138,5.0,350.0,372.0,153.832,1.2823141452746705,0.9978349017988309,769.4125383857616,Low CLV
13139,5.0,243.0,259.0,931.088,1.6972366800709353,0.9978612369542513,6137.0550295277235,Premium CLV
13140,2.0,258.0,366.0,132.10500000000002,0.6994105011725699,0.9850554188046264,384.59066307739596,Low CLV
13141,3.0,231.0,315.0,621.3933333333333,1.0125467095656542,0.9912009466145227,2507.5368997789474,High CLV
13145,3.0,333.0,372.0,107.84000000000002,0.8915180233546963,0.995450596643113,386.7952934342045,Low CLV
13147,3.0,89.0,99.0,198.0,2.17870297608233,0.996103688907741,1724.0397994371192,High CLV
13148,6.0,335.0,364.0,566.2866666666667,1.5027568149536659,0.9979132169734254,3287.218145784198,Premium CLV
13149,3.0,275.0,289.0,433.10666666666674,1.0876152283294411,0.9963915009661194,1878.6984922873598,High CLV
13155,3.0,335.0,368.0,197.35333333333332,0.8995434433214752,0.9957217609584462,710.6122458738349,Low CLV
13157,3.0,249.0,298.0,514.4666666666667,1.0602450505272951,0.9943628986685786,2174.5782420895894,High CLV
13158,3.0,224.0,318.0,314.8833333333334,1.003826374187302,0.9899375483413562,1262.1267309455711,Medium CLV
13159,3.0,107.0,115.0,326.84666666666664,2.0093793891082887,0.99635531275491,2618.857003824299,High CLV
13162,3.0,212.0,334.0,311.6766666666667,0.9618318848400986,0.9856910497705972,1197.131667840544,Medium CLV
13165,1.0,305.0,351.0,666.84,0.49788529548969684,0.9394272721330105,1516.7440496447687,Medium CLV
13167,3.0,125.0,143.0,182.80666666666664,1.766865189749777,0.9956098099018377,1292.02271101762,Medium CLV
13168,3.0,282.0,318.0,229.00333333333333,1.00932751167186,0.9953625727226504,924.2595060993413,Medium CLV
13169,1.0,189.0,252.0,207.68,0.6312350242162987,0.9240209107926942,605.7550913153362,Low CLV
13171,2.0,278.0,299.0,164.02999999999997,0.8264017005922358,0.9930499849088779,562.5875796727756,Low CLV
13173,1.0,363.0,367.0,187.71,0.48732049878779504,0.9528066575170736,423.7195865169916,Low CLV
13174,2.0,353.0,369.0,700.53,0.7008214021958133,0.9935303395026698,2020.9987837787269,High CLV
13178,10.0,334.0,360.0,501.547,2.315695829831733,0.9985824424217971,4431.5715024204255,Premium CLV
13183,8.0,327.0,334.0,416.59250000000003,2.0345771953429925,0.9989320991615896,3249.4604583571054,Premium CLV
13184,8.0,276.0,290.0,186.09625,2.2694813372588305,0.9986951500379335,1621.1064192341582,High CLV
13186,2.0,89.0,128.0,293.77500000000003,1.4667749173401372,0.9884764923500413,1777.729870765362,High CLV
13189,1.0,97.0,115.0,133.68,1.0725747503462022,0.9420711839519892,668.1123957184932,Low CLV
13192,1.0,110.0,205.0,447.62,0.6987686546338764,0.8825367689793714,1431.4683304322039,Medium CLV
13196,2.0,251.0,262.0,642.8249999999999,0.9136914633515043,0.993616121348373,2417.2504187580007,High CLV
13198,5.0,351.0,361.0,603.338,1.3140258916594145,0.9981802153220397,3081.3429379865433,Premium CLV
13199,32.0,363.0,366.0,292.13875,6.627176351812714,0.9997394416453109,7295.699376814615,Premium CLV
13200,3.0,107.0,126.0,183.59,1.9052867364376969,0.9953684883900972,1398.9769177481069,Medium CLV
13203,3.0,233.0,242.0,234.58333333333334,1.241642638390886,0.9965557061503706,1164.1544857176455,Medium CLV
13207,1.0,135.0,150.0,52.739999999999995,0.9201363857193405,0.9458378193139833,235.4115711713932,Low CLV
13208,5.0,251.0,309.0,211.09,1.481300094866213,0.9955839854584668,1217.8178856768125,Medium CLV
13209,5.0,331.0,361.0,1114.5520000000001,1.3131689969517968,0.9975292880083642,5685.33450329664,Premium CLV
13211,2.0,351.0,361.0,543.36,0.7134534804382358,0.993825749726249,1596.9746050035014,High CLV
13212,1.0,42.0,61.0,496.61,1.4452403166680343,0.9357158106392256,3277.454897336728,Premium CLV
13213,3.0,143.0,199.0,368.4333333333334,1.4194692500689765,0.9918590727256015,2085.8501319898523,High CLV
13217,2.0,34.0,156.0,224.49,1.2318871690254682,0.9366479189589734,1143.360660162649,Medium CLV
13220,3.0,158.0,236.0,245.29666666666665,1.2553822618069412,0.9893909488916028,1230.476026127936,Medium CLV
13221,1.0,119.0,359.0,349.25,0.38444643295783665,0.7385273786007822,616.4400307864745,Low CLV
13223,1.0,32.0,232.0,62.4,0.451979458990273,0.6229939560161132,135.5346099691989,Low CLV
13224,1.0,91.0,151.0,943.69,0.8791437819144501,0.9074577646011106,3779.113224466915,Premium CLV
13225,6.0,358.0,361.0,876.1866666666668,1.5138943809770642,0.9986698687742288,5121.8544737511575,Premium CLV
13230,12.0,361.0,365.0,226.12666666666667,2.687197316215412,0.9993421359202564,2313.1500393510114,High CLV
13232,6.0,231.0,243.0,206.69500000000002,2.049256654995828,0.9983292900092982,1638.4899516399096,High CLV
13233,1.0,262.0,336.0,300.88,0.5082040032525587,0.9263268400381414,703.1081134811317,Low CLV
13236,1.0,82.0,106.0,305.62,1.1148625249842101,0.9363203381113141,1563.8173581695467,High CLV
13238,3.0,343.0,360.0,203.19333333333336,0.916125913584729,0.9963770850346576,744.9764875060552,Low CLV
13240,3.0,269.0,365.0,146.52666666666667,0.9011922855802942,0.9910175513499014,529.6832815989129,Low CLV
13242,1.0,101.0,213.0,166.4,0.6640820677449369,0.8614310874421525,512.6552011655903,Low CLV
13246,5.0,312.0,330.0,330.246,1.4105623934940272,0.9979048789668876,1812.1515046828176,High CLV
13247,3.0,65.0,82.0,65.35000000000001,2.3913332105284013,0.9951065714149732,632.1691435412888,Low CLV
13248,1.0,65.0,189.0,78.21000000000001,0.6841849863010739,0.8173357632387507,254.20042571662754,Low CLV
13249,2.0,169.0,261.0,209.78500000000003,0.9066489483930218,0.9831596316831944,787.3480001943756,Low CLV
13253,1.0,183.0,339.0,553.9200000000001,0.4708984501960943,0.8643641757199527,1192.8648158019898,Medium CLV
13255,1.0,364.0,373.0,173.81,0.48036547660612744,0.9515223615715158,387.34293477687964,Low CLV
13258,2.0,194.0,205.0,236.98000000000002,1.089851185615525,0.9934716130133949,1067.730676405644,Medium CLV
13261,1.0,17.0,285.0,99.0,0.27500736163399825,0.4413420774804955,128.20965033756872,Low CLV
13263,32.0,324.0,325.0,228.5128125,7.281875063368517,0.9997736444505162,6270.488411758137,Premium CLV
13265,4.0,220.0,273.0,450.055,1.3805495026378163,0.9950037709691404,2438.1547194706245,High CLV
13266,11.0,245.0,256.0,321.0945454545454,3.272427302761325,0.9990371395704306,4002.629553915044,Premium CLV
13267,13.0,364.0,366.0,322.54153846153844,2.8787208245836755,0.9994291369248169,3528.904876583038,Premium CLV
13268,9.0,250.0,267.0,284.56888888888886,2.6671691480295214,0.9986612290819404,2902.8694108921945,Premium CLV
13269,12.0,368.0,369.0,416.23333333333335,2.6639417459214956,0.9993989961171524,4218.4477717013115,Premium CLV
13272,1.0,58.0,89.0,135.6,1.2075857597586772,0.926427996603165,762.5133434731633,Low CLV
13276,1.0,36.0,99.0,453.55,1.0839259313408105,0.8779009082163105,2247.5158745281356,High CLV
13277,3.0,118.0,133.0,60.833333333333336,1.8463913160664664,0.9958211766227171,455.21230258974697,Low CLV
13280,2.0,215.0,337.0,253.755,0.7438726089621741,0.9811077475020037,780.494920811323,Low CLV
13282,2.0,202.0,220.0,393.72,1.0366260191092185,0.9929416094260947,1682.3337967002594,High CLV
13283,1.0,126.0,185.0,68.16,0.7785860048986558,0.9167988410316896,253.7488292968887,Low CLV
13285,3.0,267.0,290.0,680.7433333333333,1.084282513823095,0.9959570337134583,2940.848581424046,Premium CLV
13292,1.0,246.0,284.0,329.37,0.5872124518686652,0.9398713886430455,888.1767282098058,Medium CLV
13294,1.0,60.0,249.0,390.09,0.4908488380757666,0.7122270920293395,877.6067518200332,Medium CLV
13297,2.0,60.0,67.0,387.235,2.045484804263621,0.993291082361719,3260.859824585996,Premium CLV
13301,3.0,189.0,292.0,148.06,1.0691608671045438,0.9872315787690064,634.7535679348667,Low CLV
13305,9.0,368.0,372.0,207.18444444444444,2.0622379532726094,0.9991244944854693,1635.56115100043,High CLV
13308,2.0,181.0,203.0,285.28,1.0961703965428595,0.9924659500807833,1291.1161111359793,Medium CLV
13309,4.0,301.0,308.0,266.52,1.2626617202701487,0.9977146163024904,1322.5935340166775,Medium CLV
13310,2.0,296.0,324.0,360.925,0.7762567038236315,0.992679249666016,1155.9408584756516,Medium CLV
13311,1.0,146.0,150.0,108.46000000000001,0.9259945457920555,0.9518596106857453,471.032610934524,Low CLV
13313,4.0,317.0,339.0,312.005,1.1709041758457661,0.9972224760553287,1435.2444324055075,Medium CLV
13314,2.0,72.0,73.0,138.16,1.9720749418604566,0.9941750584028236,1131.2265550062211,Medium CLV
13316,3.0,217.0,254.0,1451.75,1.1963591479862117,0.9948844334211242,6912.211878562314,Premium CLV
13317,3.0,292.0,358.0,678.5433333333334,0.9177386494371478,0.9936982642131322,2481.7617644396173,High CLV
13318,2.0,36.0,37.0,168.89999999999998,2.529825139542893,0.9941383727066295,1768.9881499659466,High CLV
13319,16.0,360.0,365.0,630.391875,3.478055679416517,0.9994785532917048,8307.542055789625,Premium CLV
13320,2.0,135.0,213.0,520.045,1.0504948085147006,0.9835319393031118,2249.223174154439,High CLV
13321,1.0,14.0,86.0,308.32,1.1136138597369285,0.8400513587826965,1575.3528702421927,High CLV
13323,4.0,81.0,84.0,166.8875,2.885841595031986,0.9977190486439936,1893.9433621338958,High CLV
13324,5.0,324.0,360.0,1294.3700000000001,1.3157576668342248,0.9972808833850191,6614.9816811878945,Premium CLV
13327,6.0,327.0,365.0,480.46166666666664,1.498908744966577,0.9975490803963624,2782.414337904453,High CLV
13329,1.0,335.0,366.0,484.79999999999995,0.48441308922278115,0.9450524507274036,1075.1166673407324,Medium CLV
13330,2.0,223.0,315.0,402.55499999999995,0.787918054789633,0.9857090022023902,1307.9078676798981,Medium CLV
13334,2.0,223.0,305.0,938.19,0.8088405496631648,0.9869236344553042,3120.950407731198,Premium CLV
13340,4.0,231.0,276.0,1764.6125,1.3701913666581447,0.9956935054352061,9473.837654438285,Premium CLV
13344,1.0,210.0,277.0,887.57,0.5885380039165805,0.9243897953004317,2382.2141762105666,High CLV
13350,1.0,63.0,79.0,332.55,1.2989567917861624,0.9409866748041364,1980.102522958725,High CLV
13362,3.0,278.0,287.0,759.3466666666667,1.0936174704339832,0.996607777981992,3308.0084233600755,Premium CLV
13363,1.0,26.0,43.0,388.68,1.6396477265690284,0.9353557620080328,2915.38667493918,Premium CLV
13365,1.0,184.0,217.0,1524.77,0.7143866936061942,0.9388962888890323,4957.127875255836,Premium CLV
13368,1.0,81.0,337.0,588.0,0.35921283233466933,0.6562885465402536,965.5555758134111,Medium CLV
13373,2.0,216.0,276.0,1162.275,0.8748694410077602,0.9891959910204413,4179.876864310155,Premium CLV
13376,2.0,135.0,234.0,321.88,0.978088231280682,0.9791297284187218,1299.1424840239204,Medium CLV
13379,2.0,110.0,136.0,218.135,1.4187960938675817,0.9911777517466682,1279.6482469034477,Medium CLV
13381,5.0,267.0,298.0,644.64,1.5258666155624363,0.997282836375251,3821.9191282636834,Premium CLV
13384,5.0,148.0,178.0,595.866,2.2068755856734734,0.9965684359150951,5106.911750787003,Premium CLV
13389,2.0,221.0,232.0,270.03499999999997,0.998647432097392,0.9935469576161193,1113.9892469271726,Medium CLV
13394,7.0,308.0,309.0,315.18,1.9367268456948885,0.9989184228214119,2348.80137796571,High CLV
13396,1.0,290.0,319.0,973.72,0.5397522375956859,0.9446263948796026,2396.4929296832006,High CLV
13397,4.0,267.0,339.0,311.0525,1.1673888293491574,0.9942285653580605,1426.5797759230309,Medium CLV
13402,1.0,245.0,372.0,312.95,0.45508633919631725,0.8995043405908623,654.6860127002225,Low CLV
13404,1.0,211.0,212.0,34.68,0.7374439383366155,0.9534429548671328,128.30248467556112,Low CLV
13405,2.0,243.0,317.0,206.20049999999998,0.7861358560953835,0.9883312775155185,671.3069088458403,Low CLV
13408,40.0,372.0,373.0,677.309,8.081726351482176,0.9998183019469193,20599.69420028723,Premium CLV
13410,4.0,267.0,291.0,188.20499999999998,1.318044276229949,0.9970228927961101,976.2399735501679,Medium CLV
13414,2.0,163.0,296.0,500.25,0.8171968855507002,0.9744235357464347,1684.0900597736477,High CLV
13416,1.0,38.0,81.0,437.5,1.2370440939712006,0.9067146989337584,2474.4520274242414,High CLV
13417,1.0,201.0,205.0,404.83,0.753953461293956,0.9522345446932176,1398.0623899604109,Medium CLV
13418,12.0,361.0,372.0,458.68249999999995,2.6460988698797565,0.9991903963811535,4617.251338573717,Premium CLV
13420,1.0,21.0,170.0,104.05,0.6221433840151391,0.6927017115820578,304.07357508554134,Low CLV
13421,1.0,250.0,290.0,1026.04,0.5775843812554535,0.9392685749554758,2701.321890223253,High CLV
13425,2.0,186.0,294.0,611.32,0.82742997539492,0.9815186574973459,2082.3844823514687,High CLV
13426,9.0,359.0,359.0,367.1488888888889,2.1220801789923187,0.9992015478778883,2979.81907317468,Premium CLV
13427,2.0,196.0,215.0,184.05,1.0534776073527794,0.9928270382929637,803.383939643903,Medium CLV
13429,3.0,65.0,75.0,225.4,2.4947614164197587,0.9959550698285515,2245.0847149597753,High CLV
13430,1.0,68.0,86.0,343.14,1.2457886747911835,0.9397570440274978,1959.0351746241508,High CLV
13431,1.0,21.0,88.0,415.41999999999996,1.1246606706363975,0.8580015658172019,2137.2276780350057,High CLV
13434,1.0,22.0,96.0,461.40000000000003,1.0620241651660833,0.8465408661868495,2239.8384477709737,High CLV
13435,6.0,184.0,189.0,561.0283333333333,2.4460993645949842,0.9985494838405353,5297.245618542391,Premium CLV
13437,6.0,176.0,190.0,327.86,2.436355110346695,0.9981335787564541,3085.7206505641216,Premium CLV
13447,2.0,12.0,35.0,452.71500000000003,2.5549080111054097,0.9882148352853478,4756.381999947298,Premium CLV
13448,4.0,357.0,373.0,773.8525000000001,1.0852556884009454,0.9974808756301251,3294.0214959858235,Premium CLV
13450,5.0,192.0,218.0,360.62399999999997,1.9216965524024063,0.9971932011990939,2694.1216331966225,High CLV
13451,4.0,308.0,334.0,643.665,1.1845004690858505,0.9970524105059826,2990.7397306290172,Premium CLV
13452,1.0,11.0,270.0,295.0,0.27942009222843817,0.4305148335111597,378.98078597831307,Low CLV
13453,1.0,124.0,289.0,171.98,0.5077800651237276,0.8235830395602072,405.05412457810127,Low CLV
13455,1.0,342.0,366.0,365.4,0.4855232357574805,0.9472182607078224,814.1660420232012,Medium CLV
13456,5.0,190.0,207.0,311.812,1.9937947363599215,0.9976850379605897,2417.477194812809,High CLV
13458,13.0,352.0,359.0,650.8238461538463,2.9232801397890245,0.9993266068446288,7227.533789724138,Premium CLV
13460,1.0,20.0,49.0,75.98,1.540378265403538,0.9182579136648024,555.9121964553697,Low CLV
13461,2.0,125.0,163.0,434.29999999999995,1.2658307582903408,0.989804958939113,2264.1867641916965,High CLV
13467,1.0,26.0,36.0,301.25,1.7452922922659,0.943361915150468,2411.4280133389584,High CLV
13468,35.0,372.0,373.0,152.712,7.110183951046386,0.9997939321375959,4091.0371162330657,Premium CLV
13470,1.0,16.0,115.0,49.5,0.8968461078806417,0.787724001894635,216.1948940936434,Low CLV
13471,3.0,46.0,47.0,529.97,3.0065264697089193,0.9968598603763682,6339.752010807489,Premium CLV
13473,1.0,272.0,332.0,181.38,0.5165470124800403,0.9327059990227076,434.2015051498598,Low CLV
13475,3.0,107.0,298.0,371.5533333333333,0.9974755740762141,0.935493830125637,1478.863936489474,Medium CLV
13476,1.0,103.0,281.0,510.87,0.49783305218269364,0.7904323858305415,1163.3629389877435,Medium CLV
13477,5.0,254.0,291.0,253.836,1.5533210867458007,0.9969230217841653,1534.6333955701525,High CLV
13479,1.0,34.0,234.0,156.6,0.45361972814185403,0.6291316538021644,330.0497850825258,Low CLV
13481,3.0,211.0,256.0,379.76,1.1886917252524742,0.9942501445328508,1800.8182925874435,High CLV
13486,2.0,77.0,155.0,460.125,1.2911340464487473,0.9777103790011147,2446.0481027787496,High CLV
13487,2.0,296.0,353.0,191.125,0.724023790779667,0.9906763072419756,573.5457659279792,Low CLV
13488,11.0,350.0,367.0,689.6718181818183,2.4777793143660185,0.9989668192914296,6508.329951359281,Premium CLV
13489,3.0,189.0,294.0,124.08,1.0632667784202048,0.9869250600639884,529.8518449455394,Low CLV
13491,9.0,321.0,372.0,124.10222222222222,2.058359456895712,0.9972454190248603,979.1253228111507,Medium CLV
13492,2.0,78.0,214.0,477.27,1.0152901402501244,0.9537047284943369,1995.6785033288118,High CLV
13493,1.0,12.0,287.0,439.28,0.25259870375901616,0.4075384545172375,508.1706735381988,Low CLV
13495,4.0,361.0,368.0,383.48,1.0973855755688853,0.9977443536432609,1652.5355512594838,High CLV
13496,1.0,349.0,359.0,152.32,0.4951413081503661,0.9511738983551883,350.8839878898372,Low CLV
13497,1.0,86.0,368.0,194.55,0.32237724434228526,0.6316877675395753,290.324184520543,Low CLV
13499,4.0,252.0,269.0,250.22,1.399121228797883,0.9972858315440128,1375.984145458473,Medium CLV
13500,2.0,99.0,122.0,420.185,1.5126952330641594,0.9914070932472769,2617.2769221932285,High CLV
13502,2.0,307.0,323.0,88.7,0.7787278664864126,0.9934363211250611,289.3767450576691,Low CLV
13505,3.0,160.0,232.0,1127.98,1.2721704473510462,0.9903315819134357,5711.699479774778,Premium CLV
13506,1.0,53.0,369.0,157.4,0.25377137605440625,0.4983410269303811,185.70229383285047,Low CLV
13507,3.0,142.0,145.0,412.26,1.7539035807816794,0.996779311793196,2881.776195818513,Premium CLV
13509,6.0,276.0,284.0,128.4,1.8250796430593608,0.9985100035341661,908.2705920805283,Medium CLV
13510,3.0,182.0,183.0,402.08,1.510226492437258,0.9969121382640381,2420.968171100447,High CLV
13515,3.0,175.0,247.0,229.24,1.2162675841085637,0.9908772646338727,1114.5501629484636,Medium CLV
13516,2.0,217.0,238.0,621.705,0.9796433209872916,0.9927795665233794,2506.4941408137674,High CLV
13517,2.0,120.0,179.0,513.28,1.186313574161897,0.9862099478797295,2506.529707021751,High CLV
13520,5.0,313.0,371.0,664.1899999999999,1.2829813066471327,0.996194384997745,3311.7176742526426,Premium CLV
13521,2.0,9.0,10.0,402.885,3.2111730065803177,0.9940931070242888,5320.556718994094,Premium CLV
13523,3.0,333.0,366.0,1132.6433333333332,0.9034798291404184,0.9957150766109755,4075.45183068691,Premium CLV
13524,4.0,179.0,219.0,130.245,1.62242270931124,0.9955108975039302,833.1123480826013,Medium CLV
13525,1.0,234.0,248.0,345.9,0.6557700165427192,0.9487273937622246,1040.8779860080558,Medium CLV
13527,5.0,293.0,326.0,435.412,1.4232449210781846,0.9972939197691446,2409.393130914366,High CLV
13529,1.0,126.0,204.0,126.66000000000001,0.7170340956032879,0.9025416098814761,424.1416391952429,Low CLV
13531,1.0,161.0,366.0,178.35,0.41711302671201844,0.8137552367897076,344.9332793362005,Low CLV
13533,1.0,85.0,267.0,124.15,0.49979837959739115,0.7636545339931058,290.0696758419429,Low CLV
13534,17.0,356.0,358.0,328.64,3.733398307465969,0.9995623494380138,4647.147095743684,Premium CLV
13536,6.0,74.0,75.0,498.8533333333333,4.13457866737266,0.9986758424602115,7955.284708656785,Premium CLV
13538,6.0,272.0,315.0,185.67500000000004,1.6829799386474187,0.9970367511427938,1209.5385898875645,Medium CLV
13539,2.0,224.0,309.0,233.62,0.800477150271007,0.9865996566379156,773.6257041656066,Low CLV
13544,1.0,201.0,240.0,168.5,0.6633895445783325,0.9370729968887136,518.5417233715723,Low CLV
13546,2.0,188.0,200.0,219.41500000000002,1.1085061472080666,0.9933713499601707,1006.0933355093293,Medium CLV
13548,1.0,147.0,243.0,401.4,0.627923283085316,0.895024595027136,1154.8915275775407,Medium CLV
13549,6.0,217.0,242.0,122.45,2.054148412178758,0.9977093764570071,974.9457201033314,Medium CLV
13552,7.0,249.0,315.0,489.4814285714286,1.9008115528122347,0.9951282378782227,3578.067675391615,Premium CLV
13555,1.0,128.0,201.0,2559.23,0.7279176291371657,0.9069087010673682,8468.656984944482,Premium CLV
13557,1.0,252.0,280.0,343.38,0.5961082103739223,0.9439212721218864,939.5420070792759,Medium CLV
13558,3.0,63.0,68.0,134.35666666666665,2.606499711738754,0.9964808988433269,1403.153241585756,Medium CLV
13562,2.0,164.0,245.0,598.03,0.9513951525115378,0.984705167683422,2341.8847746305764,High CLV
13563,1.0,56.0,140.0,466.65,0.8765512731357558,0.8635696655229782,1870.3794586831116,High CLV
13564,2.0,224.0,368.0,604.51,0.6914893186760153,0.9781667656617772,1721.4650448521,High CLV
13565,1.0,315.0,334.0,130.04,0.5226969953108753,0.9482773211602668,317.4583751806697,Low CLV
13566,1.0,42.0,82.0,289.53000000000003,1.2371243591333938,0.9120631351569617,1644.5883182994662,High CLV
13569,1.0,350.0,367.0,255.43,0.4855172746758647,0.9492810025464405,571.5511439853943,Low CLV
13571,11.0,241.0,253.0,177.00454545454545,3.3008971722861613,0.998996235703092,2227.4997275690275,High CLV
13573,1.0,203.0,253.0,262.63,0.6348435819653174,0.9320159409542842,767.6364797374903,Low CLV
13575,4.0,153.0,176.0,160.88,1.886439298745973,0.9965695165727975,1194.6417388862174,Medium CLV
13576,17.0,363.0,373.0,374.5994117647059,3.611894524992887,0.9993955924998013,5124.438594277111,Premium CLV
13577,3.0,216.0,241.0,443.6166666666666,1.2442552154001771,0.9956474147775217,2200.779863906573,High CLV
13579,1.0,355.0,369.0,302.34,0.48384326492710117,0.9501424205755434,672.7195919582566,Low CLV
13588,8.0,240.0,255.0,295.70625,2.4993474341902773,0.9986056787663401,2833.8762224654715,High CLV
13589,1.0,165.0,179.0,232.65,0.8223958285028113,0.9472977348603012,881.9895145626839,Medium CLV
13590,5.0,292.0,303.0,334.572,1.5077117784714928,0.9981072221342341,1962.0861392479558,High CLV
13591,2.0,202.0,266.0,327.465,0.8987247675077144,0.9884341189308778,1214.5355808674062,Medium CLV
13592,3.0,229.0,264.0,57.080000000000005,1.1628532410734054,0.9951064539513046,269.57157702567315,Low CLV
13593,4.0,228.0,336.0,369.3075,1.169943924598726,0.9894415363732415,1696.662277400067,High CLV
13596,1.0,7.0,12.0,285.44,2.164559101707546,0.9477062439832493,2834.5924629862593,High CLV
13599,14.0,365.0,366.0,342.9164285714286,3.076082379186693,0.9994881249297214,4004.7081540601857,Premium CLV
13601,1.0,166.0,211.0,320.12,0.7226983214609467,0.9312899550258087,1062.2388208191544,Medium CLV
13606,2.0,282.0,311.0,105.26,0.8012893807675187,0.9925461446887076,352.21449525418444,Low CLV
13610,6.0,273.0,285.0,148.785,1.8199815916128879,0.9983814599170833,1048.8565099396724,Medium CLV
13611,2.0,270.0,359.0,434.32500000000005,0.7120380838284571,0.9874596939651991,1275.0394203916308,Medium CLV
13614,3.0,306.0,330.0,468.2366666666667,0.9811629099904398,0.9960231383860456,1832.2066879045015,High CLV
13617,2.0,140.0,180.0,206.53500000000003,1.1863387397741385,0.9898923100587815,1013.9108074217116,Medium CLV
13623,4.0,267.0,297.0,147.945,1.2972711777587538,0.9967514095433601,756.3205161867121,Low CLV
13627,4.0,298.0,357.0,331.82,1.121773071967825,0.9954374668510526,1462.1815267272143,Medium CLV
13629,10.0,315.0,338.0,713.236,2.43483368087773,0.9986509908510364,6624.386018529409,Premium CLV
13630,6.0,280.0,285.0,288.7733333333333,1.8203798473251431,0.9985999297748301,2032.1343143376287,High CLV
13631,6.0,168.0,267.0,498.40333333333336,1.8865612320851115,0.9852614164879796,3631.3655180543806,Premium CLV
13632,4.0,219.0,243.0,464.9225,1.507621616825676,0.9968564357456515,2749.972454108919,High CLV
13634,4.0,294.0,327.0,303.28999999999996,1.2039681068235473,0.9967194473589747,1434.6103814238118,Medium CLV
13636,4.0,249.0,285.0,198.655,1.3382304429600451,0.9963627898390716,1045.9358061826701,Medium CLV
13637,2.0,174.0,226.0,193.95,1.0131005555264831,0.9891669638108936,813.7968139911472,Medium CLV
13643,2.0,154.0,185.0,215.77,1.1664063363290809,0.9912600471172686,1041.09671950912,Medium CLV
13644,3.0,89.0,105.0,591.0566666666667,2.1104813488840293,0.995503512835999,4965.421419251478,Premium CLV
13647,3.0,225.0,234.0,417.82666666666665,1.272257256181402,0.9965448132985465,2119.7643123570856,High CLV
13649,1.0,110.0,366.0,148.8,0.3626764840234728,0.7075537545806311,251.21976121447068,Low CLV
13650,4.0,251.0,267.0,366.055,1.4070097569589235,0.9973258483041701,2021.9801872584742,High CLV
13651,1.0,4.0,39.0,15.0,1.627553420541201,0.9006087361455472,137.51197743697264,Low CLV
13652,2.0,323.0,368.0,393.14,0.7010925682421095,0.991751327728325,1136.9276642343148,Medium CLV
13654,4.0,230.0,273.0,598.6,1.3816744391874782,0.9958145467557936,3243.9069165119076,Premium CLV
13655,1.0,127.0,241.0,549.32,0.6162933330419473,0.8731805954934554,1547.4305416750672,High CLV
13656,1.0,173.0,337.0,216.95,0.4674793560411893,0.8540935052899418,468.5118146864178,Low CLV
13657,1.0,191.0,201.0,229.8,0.7622213276159032,0.9496474964802984,807.7335147082755,Medium CLV
13658,2.0,195.0,204.0,852.935,1.0937290977840013,0.993631102495582,3835.3630898397837,Premium CLV
13659,1.0,115.0,320.0,527.8,0.44052239847612845,0.7728453594082354,1063.5378698699149,Medium CLV
13662,2.0,174.0,259.0,335.03,0.9131549408649291,0.9845786225902269,1262.3412018480903,Medium CLV
13666,1.0,227.0,287.0,20.6,0.5760365441568691,0.9293675678363869,63.43018455888151,Low CLV
13668,20.0,360.0,362.0,309.29650000000004,4.297498265520162,0.9996262760357227,5026.364419933098,Premium CLV
13669,1.0,99.0,149.0,170.39999999999998,0.8969121499651186,0.9181313584638838,708.3160894278049,Low CLV
13672,1.0,31.0,332.0,124.26,0.24618406441468163,0.4445236313359547,143.05300930120438,Low CLV
13673,1.0,14.0,32.0,183.32,1.7799927194690708,0.9316590679316639,1508.0219119076862,Medium CLV
13675,1.0,133.0,284.0,178.38000000000002,0.5268419856569081,0.843244565197955,435.56220495025104,Low CLV
13680,3.0,338.0,339.0,950.3133333333334,0.9614705542584415,0.996931014298449,3639.2756194118506,Premium CLV
13681,3.0,138.0,155.0,208.12333333333333,1.680706218125557,0.9957773501001267,1398.2303670018491,Medium CLV
13685,5.0,58.0,60.0,357.056,3.9473170754449436,0.9982849513202292,5472.337805322341,Premium CLV
13692,2.0,212.0,236.0,315.845,0.9853773488286764,0.9925085520394962,1284.437643474875,Medium CLV
13694,34.0,370.0,373.0,1888.1617647058824,6.91563025997608,0.9997527946099236,49174.859376054956,Premium CLV
13695,13.0,228.0,259.0,186.23,3.7551234331046155,0.9979201751034624,2658.5939328877826,High CLV
13700,7.0,301.0,327.0,301.3014285714286,1.8517668226128967,0.9981596927514303,2147.1694612847286,High CLV
13704,8.0,83.0,88.0,277.4375,4.842630858097364,0.9988034991675384,5146.508538586972,Premium CLV
13705,2.0,366.0,373.0,196.86,0.6950884927767044,0.9939826102919564,567.0332487477436,Low CLV
13707,1.0,48.0,315.0,223.0,0.3210294455708616,0.5563505694741027,330.52528698434094,Low CLV
13709,7.0,312.0,315.0,836.1928571428572,1.9079619246281692,0.9988716583634556,6132.790106916902,Premium CLV
13715,3.0,91.0,372.0,268.8966666666667,0.7296621051017568,0.8147256239848707,784.1005395649097,Low CLV
13717,5.0,266.0,298.0,229.392,1.5257891132505432,0.9972321820620613,1362.7218955699432,Medium CLV
13718,1.0,49.0,295.0,192.5,0.3600041297946297,0.593130385869847,320.7383210353615,Low CLV
13719,4.0,219.0,234.0,227.195,1.5501581417991845,0.9973025833979221,1384.517294487394,Medium CLV
13720,3.0,138.0,254.0,177.9,1.1786756875647018,0.9801789835301008,839.5094138436605,Medium CLV
13722,1.0,151.0,282.0,911.94,0.5463024577514195,0.8697237619438825,2271.790815177014,High CLV
13725,7.0,259.0,308.0,147.55857142857144,1.9373355114872122,0.9967294892723664,1102.0458310706904,Medium CLV
13726,1.0,62.0,100.0,786.98,1.1303850496283532,0.9203620036054816,4053.25546396338,Premium CLV
13727,1.0,5.0,33.0,110.4,1.7309097149285222,0.9133736823179218,894.5075773411586,Medium CLV
13728,5.0,274.0,310.0,171.512,1.4798165686982632,0.9970779602285702,989.2823698157301,Medium CLV
13730,1.0,26.0,161.0,445.84999999999997,0.6835758048485453,0.7348075096366244,1394.3616519028685,Medium CLV
13731,1.0,27.0,246.0,302.47,0.39645899987927424,0.5701840919803152,551.0895832239462,Low CLV
13735,3.0,210.0,234.0,650.03,1.2711514558852484,0.9956786523516767,3291.5261594238464,Premium CLV
13736,1.0,255.0,260.0,374.37,0.635606293636063,0.9521473744640894,1091.1273843917124,Medium CLV
13741,2.0,146.0,217.0,252.735,1.038829996338847,0.9854347254362421,1084.972896287733,Medium CLV
13742,10.0,304.0,320.0,266.184,2.5422349478598245,0.9988718827861625,2583.3809184019647,High CLV
13743,6.0,257.0,259.0,199.98000000000002,1.9560571632972779,0.9986791940096068,1513.419646911379,Medium CLV
13744,1.0,197.0,292.0,263.2,0.5551606587368637,0.9075472795949789,672.8796941408316,Low CLV
13748,3.0,278.0,373.0,248.08333333333334,0.8858963074638777,0.9913130076445213,878.6385522464147,Medium CLV
13750,4.0,283.0,336.0,330.455,1.1772889563743811,0.9956533550527625,1528.140341049905,High CLV
13752,5.0,122.0,246.0,181.73600000000002,1.7103556477663953,0.9681445788084685,1210.9513174754584,Medium CLV
13754,1.0,166.0,317.0,126.6,0.4942497182706232,0.860768384749832,292.4311826706629,Low CLV
13755,7.0,60.0,63.0,237.9557142857143,5.045755498167168,0.9987450569655262,4615.156410127251,Premium CLV
13756,11.0,365.0,367.0,423.33818181818185,2.478661810423154,0.9993226154166627,3997.6090168934816,Premium CLV
13758,6.0,362.0,373.0,471.34999999999997,1.4744020112941378,0.9984823624055551,2685.1468903678015,High CLV
13759,1.0,38.0,71.0,99.0,1.331712533407276,0.9191607504494874,619.7314374472244,Low CLV
13760,1.0,202.0,256.0,151.70000000000002,0.627979693339436,0.9299891717170283,443.0042453525105,Low CLV
13761,1.0,129.0,179.0,578.94,0.8018609545493436,0.9236441134439867,2120.254235863726,High CLV
13764,2.0,267.0,337.0,510.935,0.750005300706776,0.9891962714121191,1578.7954566277801,High CLV
13767,30.0,371.0,373.0,557.0826666666667,6.138533021440058,0.9997442453596997,12889.184848551973,Premium CLV
13769,8.0,365.0,367.0,309.27625,1.8879582541513376,0.9990506104441055,2239.607718062822,High CLV
13771,2.0,183.0,247.0,881.425,0.9488338711596707,0.9879105341939464,3439.0434935928924,Premium CLV
13772,2.0,206.0,239.0,451.855,0.9755910333900711,0.9916837001594654,1816.1863711657438,High CLV
13777,23.0,373.0,373.0,843.1304347826087,4.778534368213776,0.9997064233119446,15212.20697048619,Premium CLV
13780,1.0,163.0,170.0,243.73000000000002,0.8537668167861051,0.9505939474320746,958.4976015765108,Medium CLV
13782,5.0,315.0,327.0,144.012,1.4209775072809714,0.9980970945344257,798.3269814509243,Medium CLV
13784,10.0,323.0,332.0,234.91500000000002,2.470512561635106,0.9990869739704072,2216.0735065803956,High CLV
13787,1.0,289.0,364.0,202.64000000000001,0.4778299991928992,0.9281262915846453,447.87762125026376,Low CLV
13791,1.0,41.0,168.0,579.0,0.705732050204271,0.779737928263061,1866.0960478685258,High CLV
13792,1.0,221.0,287.0,120.95,0.573969896832724,0.9260332741762032,324.8137359172856,Low CLV
13798,52.0,371.0,372.0,706.6509615384615,10.435948055101285,0.9998572447886044,27723.695419190582,Premium CLV
13799,1.0,178.0,294.0,347.15999999999997,0.5416844468760248,0.8901461026870913,863.132070964474,Medium CLV
13802,2.0,173.0,311.0,1814.8400000000001,0.7867055959909488,0.9744814108954187,5866.628561751472,Premium CLV
13804,5.0,259.0,289.0,382.43199999999996,1.5620984904907247,0.9972971977626786,2322.9034625644917,High CLV
13805,1.0,77.0,129.0,424.36,0.9707483098585531,0.9107287048736624,1884.9152498060178,High CLV
13808,4.0,91.0,96.0,293.55,2.69952872031375,0.9975898136283362,3109.3970701106155,Premium CLV
13810,1.0,28.0,56.0,246.01,1.4731474100870523,0.9222836273892415,1667.1015399826006,High CLV
13811,2.0,56.0,239.0,277.875,0.8886787839005188,0.9033378070412361,1019.9487179154178,Medium CLV
13812,2.0,63.0,105.0,130.13,1.6361397146914096,0.9864530585932323,884.9996195156946,Medium CLV
13813,3.0,95.0,134.0,327.24,1.8324099627099395,0.9927069053504268,2391.4703855593193,High CLV
13814,1.0,45.0,137.0,961.5799999999999,0.8662492820734196,0.8423123693043683,3793.5161470091334,Premium CLV
13815,3.0,296.0,318.0,1005.1166666666667,1.0100598981932316,0.9960848260286483,4043.066457229139,Premium CLV
13816,1.0,41.0,64.0,199.98000000000002,1.4104872283674066,0.9313106875957137,1302.0281231401527,Medium CLV
13817,1.0,322.0,351.0,254.27999999999997,0.5010366352101641,0.9453733293955594,587.1585015669757,Low CLV
13819,2.0,18.0,319.0,366.025,0.46708097693215295,0.5900976826041692,705.3043334865955,Low CLV
13821,1.0,117.0,261.0,115.49000000000001,0.5587647962536227,0.8394253022217214,302.3052644513015,Low CLV
13822,1.0,35.0,40.0,163.62,1.702052718765875,0.9491137642786222,1290.2003421800794,Medium CLV
13823,1.0,73.0,91.0,307.24,1.212052119546814,0.9402186149499671,1708.768837780246,High CLV
13824,4.0,278.0,310.0,314.01500000000004,1.2550780865011433,0.9967022046633989,1548.1400669020222,High CLV
13827,2.0,86.0,143.0,149.655,1.3669573478020076,0.9844977011738073,849.1026657387391,Medium CLV
13831,5.0,353.0,369.0,358.99799999999993,1.2909254624612392,0.998016684691393,1802.7506777124945,High CLV
13835,3.0,190.0,215.0,168.70666666666668,1.3500239896446578,0.995505723330539,912.0092955744789,Medium CLV
13837,1.0,106.0,317.0,157.54000000000002,0.43365180232274464,0.755233129389097,317.5286353686097,Low CLV
13838,2.0,364.0,369.0,226.81,0.7012049937431147,0.9940741440140997,658.2420167815676,Low CLV
13842,8.0,308.0,366.0,384.38124999999997,1.8875434585635533,0.9966465968670712,2782.0576548966137,High CLV
13846,2.0,336.0,360.0,226.82999999999998,0.7144916572769612,0.9930671185902504,670.7506681927338,Low CLV
13848,2.0,274.0,366.0,467.5,0.7009765362528135,0.9872610353048732,1350.7449772419402,Medium CLV
13849,1.0,119.0,170.0,944.37,0.8274373445695862,0.9212784054878224,3559.984927736267,Premium CLV
13851,2.0,193.0,288.0,1202.5700000000002,0.842678409394743,0.9840039941029392,4165.682119569296,Premium CLV
13854,24.0,357.0,365.0,325.005,5.059431580832044,0.9995576806037708,6208.239034842806,Premium CLV
13856,2.0,35.0,203.0,147.05,0.9832086665417248,0.8901910929582741,600.4950321946526,Low CLV
13860,3.0,85.0,86.0,280.00666666666666,2.341232702116456,0.996883250354706,2614.9419629147174,High CLV
13862,7.0,314.0,332.0,254.8942857142857,1.8303904358500906,0.9984606084855653,1796.0817341930133,High CLV
13865,3.0,231.0,289.0,126.08666666666666,1.0844604482308613,0.9935013280485607,549.0563945735707,Low CLV
13867,2.0,187.0,218.0,438.22,1.0420153882293581,0.9916722191610686,1881.3103760362399,High CLV
13868,1.0,31.0,38.0,2685.0,1.7245975016381352,0.9469309101529702,21013.161719820328,Premium CLV
13869,3.0,234.0,357.0,927.11,0.9133897347667802,0.9867834844028196,3373.1936914071475,Premium CLV
13870,5.0,285.0,287.0,445.38199999999995,1.5720756912996057,0.9983742189186506,2721.788822477129,High CLV
13871,11.0,286.0,308.0,540.6545454545454,2.8441005943841406,0.9986883538915673,5856.1108432060255,Premium CLV
13873,2.0,190.0,309.0,134.07500000000002,0.7950320651429,0.9798885105222074,443.4985705365199,Low CLV
13875,4.0,248.0,301.0,361.535,1.2821805667069097,0.9953316023870097,1820.1549182597828,High CLV
13880,9.0,346.0,367.0,346.8855555555556,2.083874313749776,0.9986858368909085,2764.9123934914787,High CLV
13881,15.0,308.0,311.0,1075.612,3.7219718335454317,0.9994793222980313,15175.61128943054,Premium CLV
13882,4.0,62.0,64.0,249.5925,3.260292356777201,0.9977734709496784,3193.577144966866,Premium CLV
13883,2.0,243.0,253.0,847.0350000000001,0.9376853076635088,0.9936652978955657,3266.4131625750315,Premium CLV
13884,3.0,276.0,283.0,216.48333333333335,1.1054241305039465,0.9966879916714765,957.0672212188676,Medium CLV
13885,1.0,11.0,200.0,107.65,0.45927313106547646,0.5702432565923935,232.0293372324224,Low CLV
13888,1.0,99.0,218.0,366.11,0.6468237420817844,0.8528644783274426,1085.8185971778635,Medium CLV
13890,8.0,357.0,358.0,211.6825,1.9259037625813162,0.999070005091382,1564.7164434097665,High CLV
13892,3.0,220.0,246.0,192.81666666666663,1.2257072038628325,0.9956072350708224,945.673741486212,Medium CLV
13894,1.0,287.0,310.0,403.77000000000004,0.5529985974840012,0.946543828309526,1023.4448102315013,Medium CLV
13895,3.0,136.0,164.0,736.87,1.6196504935042868,0.9948132623197217,4751.112011389589,Premium CLV
13899,1.0,258.0,274.0,90.02,0.608787694331699,0.9483911961159929,258.9722848023092,Low CLV
13900,2.0,79.0,262.0,191.685,0.8509953898886624,0.9254357433579572,675.8084934565372,Low CLV
13901,4.0,246.0,318.0,663.2,1.2270057880875165,0.9938831340179903,3191.7688433875137,Premium CLV
13904,1.0,257.0,294.0,131.52,0.5724619720238728,0.9407225853952631,351.4577642542989,Low CLV
13908,3.0,197.0,276.0,624.5166666666668,1.1198476860835966,0.9907603679051008,2786.7144174860778,High CLV
13911,8.0,251.0,308.0,280.6725,2.161042752577542,0.9959959296651036,2326.3824271292415,High CLV
13914,1.0,25.0,36.0,305.38,1.7430418704078747,0.942145521608085,2440.941049204058,High CLV
13917,1.0,142.0,191.0,206.66,0.7697888467866645,0.9261787072006604,734.8356151482294,Low CLV
13918,1.0,204.0,253.0,1014.64,0.6352247436952279,0.932575525737765,2937.3586498089935,Premium CLV
13919,1.0,62.0,121.0,171.66,0.9933150589735927,0.8979321728706199,789.9164707508799,Medium CLV
13924,5.0,71.0,72.0,231.964,3.6555571888891047,0.998364815412809,3296.458479513068,Premium CLV
13925,2.0,42.0,134.0,149.065,1.3906115783876445,0.9629032920411585,860.3650023836872,Medium CLV
13928,3.0,123.0,133.0,120.12333333333333,1.8471908540269784,0.9962523944396898,890.5771915610385,Medium CLV
13929,1.0,157.0,326.0,429.79999999999995,0.4729138854288441,0.8417960651106081,931.2276516719909,Medium CLV
13930,1.0,79.0,136.0,127.33999999999999,0.9363809827543045,0.906503708719056,556.4631041739026,Low CLV
13931,1.0,185.0,280.0,859.3199999999999,0.5716314990594938,0.905163059973151,2240.478362798929,High CLV
13933,1.0,39.0,148.0,307.8,0.7921770953810662,0.8075325924495979,1119.4816002777754,Medium CLV
13939,2.0,288.0,311.0,192.025,0.8016240203402301,0.9929606581288293,637.8691200078664,Low CLV
13940,3.0,127.0,144.0,206.84,1.7594983632480528,0.9957088152967908,1454.6830368958033,Medium CLV
13941,4.0,351.0,372.0,1004.46,1.0874233477243107,0.9973159107505181,4283.007925469512,Premium CLV
13946,2.0,188.0,267.0,175.86,0.894082497358913,0.9860876064291235,651.9765066735254,Low CLV
13949,5.0,92.0,94.0,377.884,3.218784374834638,0.9983129398193161,4723.893564547308,Premium CLV
13950,3.0,235.0,246.0,188.58333333333334,1.22676050468712,0.9964628014883663,925.83614815501,Medium CLV
13951,2.0,118.0,294.0,230.945,0.8012129266087902,0.9504193218516644,765.4867881552998,Low CLV
13952,1.0,21.0,238.0,1208.31,0.3930720642258928,0.551875881848335,2163.100660256517,High CLV
13953,6.0,345.0,352.0,502.6133333333333,1.5445523132368464,0.9985726656766968,2999.04683088757,Premium CLV
13954,1.0,69.0,70.0,212.51,1.3894941161719683,0.9531005033905476,1361.6800580679353,Medium CLV
13955,1.0,151.0,305.0,117.86,0.5034604078718355,0.8509956929422148,277.87375394324374,Low CLV
13956,4.0,266.0,271.0,226.675,1.3920410624114354,0.9977626099975144,1240.6782190616848,Medium CLV
13959,2.0,283.0,362.0,191.73,0.7081920635546657,0.9886820555405424,562.7828769550337,Low CLV
13960,1.0,50.0,71.0,102.12,1.3544935263275697,0.9348844100406657,649.4927827842184,Low CLV
13962,1.0,224.0,245.0,51.95,0.6595996438708879,0.9458122842876521,166.51117118751887,Low CLV
13963,3.0,59.0,367.0,171.08,0.5918640512786384,0.6537161886154667,405.6893184030756,Low CLV
13969,16.0,358.0,365.0,546.021875,3.4779077396174327,0.999436040270065,7195.7777670827445,Premium CLV
13971,7.0,267.0,285.0,346.3971428571429,2.0594994328182836,0.99838473399938,2744.431840192854,High CLV
13972,1.0,131.0,201.0,44.349999999999994,0.7302931182545617,0.9098683103193257,159.1055091572408,Low CLV
13975,4.0,245.0,276.0,461.88,1.371447755651043,0.9966065007955405,2485.6232571863234,High CLV
13978,1.0,31.0,45.0,37.800000000000004,1.622612335408284,0.939518740477934,304.7790368810093,Low CLV
13982,3.0,326.0,365.0,481.07,0.9051965266986742,0.9954209104239268,1736.7744625340767,High CLV
13983,9.0,337.0,366.0,252.67444444444448,2.08784137292376,0.9983986373975691,2018.6915533546508,High CLV
13984,4.0,340.0,366.0,191.4275,1.1015133227630682,0.997126783755098,829.9873252409574,Medium CLV
13985,14.0,260.0,264.0,476.22357142857146,3.9616036580080154,0.9994094349917474,7158.652459745312,Premium CLV
13988,5.0,235.0,254.0,703.38,1.7216391765089103,0.9977172759444063,4703.912402020362,Premium CLV
13989,1.0,174.0,239.0,369.40999999999997,0.6539529920665623,0.9209489343579649,1107.743384093091,Medium CLV
13991,4.0,131.0,143.0,182.40499999999997,2.1547330519220163,0.9972187158535629,1545.726989049459,High CLV
13993,8.0,288.0,330.0,392.90125,2.050999375995054,0.9975001881535724,3089.567204121324,Premium CLV
13994,5.0,145.0,148.0,404.914,2.489083712473981,0.9982933093700088,3915.5777931114576,Premium CLV
13995,4.0,230.0,245.0,270.81,1.4993349255937887,0.9973264899725314,1595.259333487136,High CLV
13999,11.0,351.0,361.0,327.24636363636364,2.51118755301772,0.9991498646307556,3131.425589829954,Premium CLV
14001,2.0,328.0,373.0,870.9200000000001,0.6935523511786947,0.9917859144018144,2485.280470519661,High CLV
14002,1.0,22.0,156.0,304.94,0.6901628307467319,0.7271394522112478,966.4306475460942,Medium CLV
14004,6.0,245.0,288.0,613.77,1.802757087926631,0.9968389972175096,4272.660716604504,Premium CLV
14005,4.0,206.0,215.0,671.89,1.6470537239854042,0.9975532039177422,4338.47020602603,Premium CLV
14006,2.0,197.0,312.0,328.875,0.7900596855306721,0.9810741205165769,1072.4919738154938,Medium CLV
14009,1.0,7.0,205.0,314.7,0.4222040203940563,0.5332388187960468,610.1498282277327,Low CLV
14013,2.0,165.0,275.0,177.26,0.8687257642905131,0.97956859767908,638.5032184438484,Low CLV
14016,3.0,196.0,357.0,1195.8233333333333,0.9041209348769362,0.9767699071713345,4305.461808118662,Premium CLV
14019,2.0,92.0,138.0,518.66,1.4008079155235604,0.9872586449814583,2989.681207927611,Premium CLV
14020,1.0,72.0,88.0,311.66,1.2344303946860695,0.9417446872519071,1765.0006164585445,High CLV
14021,2.0,101.0,256.0,216.5,0.8920217736899466,0.9535340804992454,799.2065999818316,Medium CLV
14023,1.0,243.0,250.0,310.93,0.6537425650027594,0.9513811750937238,933.8594428301387,Medium CLV
14024,1.0,3.0,124.0,65.25,0.7661520325593839,0.7024074798679246,239.4473207218526,Low CLV
14029,1.0,81.0,144.0,302.46000000000004,0.89924488578413,0.9013016043517345,1248.9522096087605,Medium CLV
14030,6.0,348.0,366.0,280.5983333333333,1.4967244663350099,0.9982834060769717,1624.0761907937447,High CLV
14031,16.0,365.0,372.0,973.288125,3.425242866829638,0.9994383847510544,12630.220468898397,Premium CLV
14032,10.0,364.0,366.0,267.173,2.2867723670636266,0.9992517158983811,2332.7266991089655,High CLV
14034,1.0,135.0,157.0,177.91,0.8903667155676173,0.9418750414165119,733.5400534557134,Low CLV
14035,4.0,269.0,297.0,281.605,1.2974010543854102,0.9968511995586675,1435.5760942737802,Medium CLV
14037,1.0,188.0,364.0,35.400000000000006,0.43873566215568316,0.852190326664905,77.83476134393895,Low CLV
14038,2.0,129.0,207.0,422.03000000000003,1.071238058828396,0.9831166447604671,1862.7841726170298,High CLV
14040,10.0,291.0,331.0,332.52200000000005,2.47303573066684,0.9977386420589155,3138.616904429067,Premium CLV
14044,3.0,283.0,309.0,159.69333333333336,1.0325958704023308,0.9958643185193076,660.8681766827419,Low CLV
14045,2.0,264.0,373.0,666.675,0.6889145315875441,0.9851537919149931,1890.9282769925348,High CLV
14047,4.0,364.0,372.0,255.4225,1.0878619362760023,0.9977181564276875,1092.453292423179,Medium CLV
14049,3.0,301.0,317.0,1549.9633333333331,1.0128096415784835,0.9963504625854654,6249.000110784333,Premium CLV
14050,1.0,75.0,106.0,260.38,1.1068135679847302,0.9295603995805045,1325.4187684332403,Medium CLV
14051,21.0,366.0,366.0,713.6652380952381,4.457261872493181,0.9996772708295533,12019.826911968436,Premium CLV
14053,1.0,35.0,159.0,106.0,0.7263733511211375,0.7746035893683113,361.41048518222647,Low CLV
14056,22.0,283.0,284.0,346.1677272727273,5.6744596438206205,0.9996724825180451,7419.522880418199,Premium CLV
14057,13.0,337.0,360.0,407.08,2.915392302931596,0.9988487899510362,4509.684117527909,Premium CLV
14060,18.0,368.0,372.0,322.25444444444446,3.814912513348594,0.9995503315991314,4653.721527843994,Premium CLV
14062,10.0,355.0,364.0,949.823,2.2964997528885664,0.9991030795483063,8320.122832769335,Premium CLV
14064,4.0,245.0,274.0,292.1475,1.379118854786433,0.9967087583561913,1582.7901115311324,High CLV
14067,1.0,33.0,96.0,150.03,1.0985081496541527,0.8756222984588241,765.5808828747503,Low CLV
14071,6.0,261.0,264.0,202.23666666666665,1.9283938260518665,0.9986511859026749,1508.834249502987,Medium CLV
14075,2.0,257.0,261.0,317.16999999999996,0.9167041083036608,0.9940633307739852,1200.0702255818028,Medium CLV
14077,4.0,234.0,274.0,95.5775,1.3781858147565489,0.9960344370919617,520.7752085716696,Low CLV
14078,5.0,272.0,373.0,182.62599999999998,1.272166960849572,0.9920803182011692,905.5307428818891,Medium CLV
14081,1.0,67.0,369.0,511.0,0.28458108790540304,0.5588432935058013,665.4935733871773,Low CLV
14083,7.0,367.0,371.0,101.27,1.6762912047271252,0.9988591842114883,655.6082336840958,Low CLV
14085,15.0,366.0,368.0,276.03266666666667,3.2590435801115007,0.9995057058054526,3412.906435259319,Premium CLV
14088,11.0,312.0,322.0,3904.2636363636366,2.7487108764027,0.9991265405806131,40851.06602067792,Premium CLV
14092,11.0,351.0,358.0,347.8418181818182,2.528168936552233,0.999218398549232,3350.783414905994,Premium CLV
14096,16.0,97.0,101.0,4071.434375,8.280162031942034,0.9993769122829691,127533.53813658062,Premium CLV
14099,10.0,338.0,354.0,272.065,2.3477476783355304,0.9989117690726744,2438.6368474379387,High CLV
14101,5.0,253.0,326.0,1045.038,1.4191296242315357,0.9944102555013676,5760.4747538814445,Premium CLV
14102,4.0,39.0,44.0,234.795,3.7449375122242223,0.9974400267851999,3450.7089693416865,Premium CLV
14104,1.0,11.0,165.0,104.95,0.5948971846815824,0.6496529186616165,293.17445461028234,Low CLV
14107,6.0,313.0,364.0,389.9983333333334,1.5011968242715696,0.9968772973192748,2262.632961904544,High CLV
14108,1.0,71.0,101.0,306.58,1.1359889479774785,0.9297812367783576,1598.3115409259904,High CLV
14110,11.0,263.0,266.0,434.4445454545455,3.181352583636492,0.9992869213739884,5263.677997703907,Premium CLV
14111,3.0,227.0,241.0,199.55000000000004,1.2450682343209285,0.9962979888531553,993.9213524207682,Medium CLV
14112,4.0,253.0,275.0,574.5125,1.3758427476654507,0.9970706667240826,3100.45668500273,Premium CLV
14113,3.0,351.0,354.0,468.97333333333336,0.9289539030896575,0.9968677720830788,1737.5862145934518,High CLV
14114,1.0,57.0,330.0,191.39999999999998,0.31912975213026823,0.5735113744125762,282.7801828633269,Low CLV
14116,4.0,102.0,121.0,265.6925,2.37741084996469,0.9964932637410604,2479.883431018155,High CLV
14121,3.0,56.0,59.0,849.0166666666668,2.7642123289838345,0.9966666159612523,9331.249783097892,Premium CLV
14125,2.0,68.0,78.0,722.5,1.9110323940739646,0.9929019399304422,5672.571002854243,Premium CLV
14126,1.0,3.0,10.0,62.5,2.200836862836991,0.9447513390181304,659.4151906270088,Low CLV
14127,2.0,188.0,310.0,197.54000000000002,0.792481413810243,0.979190317268428,648.531883949786,Low CLV
14128,1.0,195.0,255.0,331.96,0.6272856870577236,0.9262809959795533,956.000796935291,Medium CLV
14129,3.0,259.0,260.0,254.98666666666668,1.178278674178727,0.996923575633218,1200.4451379729649,Medium CLV
14132,10.0,181.0,183.0,327.91700000000003,3.81841048761095,0.999225603062984,4776.052329419852,Premium CLV
14133,1.0,186.0,315.0,287.64,0.510055036289272,0.8839357691879808,674.9155848901603,Low CLV
14135,13.0,371.0,372.0,323.4661538461539,2.841403504130553,0.9994474089271792,3493.191320406313,Premium CLV
14138,1.0,62.0,63.0,344.17,1.4528472054109651,0.9530669897294635,2290.7837336206435,High CLV
14140,1.0,28.0,31.0,394.06,1.8316469036745127,0.950859139350696,3300.861281842679,Premium CLV
14141,3.0,103.0,105.0,209.99,2.1132651081820706,0.9968165981952016,1773.009964818561,High CLV
14145,3.0,171.0,217.0,871.1999999999999,1.3386863859850209,0.9936120336413864,4643.195394475294,Premium CLV
14146,3.0,349.0,357.0,983.1899999999999,0.9225700206284931,0.9967014352244896,3612.9193612077697,Premium CLV
14147,1.0,207.0,285.0,300.6,0.572292345984584,0.9184361153181496,790.8316591989411,Medium CLV
14150,1.0,324.0,359.0,352.46000000000004,0.4911889635819275,0.9435813850081439,794.7603282593425,Medium CLV
14152,1.0,159.0,234.0,306.78000000000003,0.6578428841036891,0.9123716539257655,927.222163135501,Medium CLV
14156,42.0,362.0,371.0,2787.081666666667,8.505377592638162,0.9996267836842364,89181.62777581003,Premium CLV
14157,1.0,266.0,285.0,155.71,0.5903943000385271,0.9474868067656621,427.3154836403346,Low CLV
14159,10.0,343.0,362.0,449.979,2.3060261245758067,0.9988301063976707,3959.6759651873335,Premium CLV
14161,2.0,154.0,369.0,413.68500000000006,0.6680976018377632,0.9471389359615044,1139.7826302277213,Medium CLV
14162,1.0,119.0,292.0,111.68,0.4963125781078034,0.8113455501608262,259.9772328717854,Low CLV
14163,3.0,152.0,239.0,678.0133333333333,1.2417387879247928,0.9876355816466456,3353.614363970151,Premium CLV
14164,1.0,10.0,80.0,358.0,1.1506268606212136,0.8384537610734193,1886.7918984538962,High CLV
14167,3.0,292.0,331.0,142.16333333333333,0.9780828905391711,0.9952586486778895,557.8305148556828,Low CLV
14173,2.0,209.0,219.0,168.4,1.0406556313142292,0.9935897852408813,726.8038473437823,Low CLV
14175,2.0,270.0,329.0,1449.86,0.765084927778463,0.9901975195351044,4559.496516409,Premium CLV
14176,2.0,70.0,367.0,208.675,0.5661862226826562,0.7991684066886515,489.3341623774191,Low CLV
14177,2.0,93.0,179.0,220.66500000000002,1.1759051381120627,0.9775571739439102,1073.1410289711853,Medium CLV
14178,6.0,174.0,182.0,237.26,2.5086580747779306,0.9984139017398388,2300.8029382268764,High CLV
14179,1.0,12.0,52.0,168.1,1.4733794997489393,0.8972232838605465,1146.964544228044,Medium CLV
14180,23.0,362.0,372.0,197.68565217391307,4.787870601155545,0.9994971049717298,3575.9010368922736,Premium CLV
14188,5.0,280.0,310.0,331.27200000000005,1.4802591779710184,0.9973761836436825,1907.4508301538883,High CLV
14189,13.0,366.0,368.0,334.0646153846154,2.8661561165774883,0.9994292972219664,3638.9357925728473,Premium CLV
14191,12.0,219.0,220.0,377.87000000000006,3.943488640349329,0.9993903523075914,5666.501144600203,Premium CLV
14193,1.0,202.0,269.0,430.85,0.601037800195386,0.9234771957879367,1186.0115673537437,Medium CLV
14194,14.0,304.0,308.0,773.755,3.523892926872686,0.9994209538420532,10345.529188201206,Premium CLV
14195,1.0,51.0,252.0,183.60000000000002,0.45982240779732864,0.6731019410453153,390.9804889686541,Low CLV
14198,3.0,221.0,239.0,172.70000000000002,1.2523429381264917,0.996069751662246,866.0171547624284,Medium CLV
14201,6.0,299.0,359.0,113.36666666666667,1.5169440082434638,0.9962464923870065,667.1240027640102,Low CLV
14205,1.0,248.0,264.0,243.8,0.6258474308088164,0.9482253937582459,703.291254940407,Low CLV
14209,5.0,322.0,332.0,345.096,1.4042423789461373,0.9981614110715538,1884.9874183707527,High CLV
14210,5.0,266.0,371.0,320.178,1.276821209625437,0.9914112645950856,1590.6451661365268,High CLV
14211,8.0,242.0,295.0,261.9875,2.2345086516497843,0.9962358847148433,2245.48742611633,High CLV
14214,4.0,247.0,277.0,91.4325,1.3677967945126568,0.9966670445943271,494.6528218224233,Low CLV
14215,5.0,357.0,368.0,324.744,1.293924858335833,0.9981574300206772,1634.8734481631986,High CLV
14216,3.0,34.0,37.0,459.8333333333333,3.2420606650079207,0.9966115831911135,5932.89155098689,Premium CLV
14217,15.0,365.0,366.0,125.77866666666667,3.2733888820018904,0.9995232777201242,1563.6225209979305,High CLV
14220,1.0,111.0,358.0,319.42,0.37543734120461386,0.7196167125225864,551.1054076738304,Low CLV
14221,6.0,297.0,339.0,519.975,1.5892004142929148,0.9972366431836562,3192.070073927955,Premium CLV
14223,2.0,172.0,264.0,343.115,0.8991370104865537,0.9833380234793743,1272.8292352138733,Medium CLV
14224,3.0,210.0,320.0,268.6066666666666,0.9963103268581813,0.9873379163489695,1069.293429529302,Medium CLV
14226,4.0,241.0,269.0,312.2225,1.3983583024142738,0.9967420218603171,1714.7696713774312,High CLV
14227,5.0,258.0,284.0,522.852,1.583251946182809,0.9974762968128067,3217.1163034817773,Premium CLV
14229,2.0,282.0,333.0,545.115,0.7584552798905326,0.9909791734595699,1702.9822502304824,High CLV
14231,2.0,105.0,288.0,308.38,0.8062345198764433,0.9414481003635821,1026.5075463619542,Medium CLV
14232,4.0,222.0,264.0,338.7225,1.4167669187681686,0.9958095748456912,1884.3302957187534,High CLV
14233,3.0,268.0,317.0,453.95666666666665,1.0109629719617372,0.9945338032139964,1830.337254632211,High CLV
14234,3.0,35.0,57.0,135.22666666666666,2.793188559740777,0.9936163875732704,1513.094014864896,Medium CLV
14235,3.0,185.0,260.0,764.85,1.1710927373773596,0.9908436643462836,3567.5478128237546,Premium CLV
14236,1.0,292.0,372.0,301.55999999999995,0.4687165732316347,0.9264452826101048,650.0355243850723,Low CLV
14239,10.0,273.0,316.0,222.125,2.5634805451836393,0.9973981037291555,2174.354506769821,High CLV
14240,1.0,195.0,225.0,663.49,0.6977617994198415,0.9409005910004983,2113.4902323433603,High CLV
14242,1.0,91.0,325.0,142.2,0.39674083602943755,0.7045113962356411,262.86524143036354,Low CLV
14243,9.0,357.0,365.0,263.94111111111107,2.093764533919583,0.9990364721436354,2114.5363479141197,High CLV
14245,1.0,44.0,263.0,688.35,0.4131376981405247,0.6241822093225473,1298.3291633031874,Medium CLV
14246,2.0,135.0,245.0,512.21,0.9434918693601376,0.9765251767087941,1990.1635523780349,High CLV
14250,1.0,82.0,89.0,675.22,1.2370476898103753,0.9490304135439807,3808.231219107733,Premium CLV
14251,4.0,56.0,57.0,405.06,3.4155930510222814,0.9978499000226156,5421.6342103087045,Premium CLV
14256,1.0,104.0,364.0,445.2,0.35694559465532605,0.6933231308718697,727.9781895987778,Low CLV
14257,4.0,254.0,318.0,619.895,1.2279335159051628,0.9946345999359752,2985.897532072713,Premium CLV
14258,7.0,328.0,337.0,1364.2514285714285,1.8094552497725236,0.9987288658596274,9487.487322714165,Premium CLV
14261,1.0,28.0,78.0,219.7,1.2382625274451282,0.891724105646799,1253.9624816589214,Medium CLV
14262,7.0,232.0,240.0,339.7471428571429,2.3408689913786302,0.9986929809423666,3059.0043557841204,Premium CLV
14264,1.0,91.0,245.0,218.27,0.5622945920508879,0.8062847478649411,566.6126650830972,Low CLV
14265,1.0,39.0,148.0,278.13,0.7921770953810662,0.8075325924495979,1012.8329990146572,Medium CLV
14267,1.0,98.0,260.0,679.88,0.5366416097028078,0.8038968537955966,1665.7803111487574,High CLV
14272,1.0,181.0,254.0,305.87,0.6230677181760838,0.9173901479985543,875.7466968278088,Medium CLV
14273,3.0,191.0,242.0,149.05666666666667,1.237811436218425,0.9934807421725469,739.6126909481313,Low CLV
14276,2.0,191.0,289.0,389.27,0.8399777951424416,0.9834425885309686,1348.3574253492995,Medium CLV
14277,2.0,197.0,212.0,1289.385,1.0642888910109254,0.9931621401314067,5638.084760722198,Premium CLV
14282,14.0,364.0,367.0,225.5957142857143,3.069242924855139,0.9994518438635174,2629.7782714325112,High CLV
14284,1.0,56.0,86.0,343.15,1.228890946337939,0.9270102919793125,1932.5187813668315,High CLV
14285,3.0,155.0,176.0,634.7033333333334,1.5478434138021964,0.9955727683347719,3912.3018472318754,Premium CLV
14286,2.0,219.0,242.0,1289.335,0.9677108078382115,0.9926327893597153,5127.17289356588,Premium CLV
14287,1.0,190.0,198.0,93.35,0.770826736230179,0.9504865717625921,339.38678585514265,Low CLV
14289,5.0,281.0,289.0,117.804,1.5635019448104426,0.9981932110862705,719.2475965132996,Low CLV
14290,4.0,350.0,361.0,384.27250000000004,1.1142727080080186,0.9976241232656089,1681.3875874538198,High CLV
14291,6.0,274.0,275.0,483.06166666666667,1.870424390849313,0.9987089779021444,3489.731355991518,Premium CLV
14292,5.0,275.0,282.0,881.7860000000001,1.592946251411314,0.998220834590451,5455.7272293968035,Premium CLV
14293,3.0,365.0,368.0,227.21333333333334,0.9005814579225623,0.9968707590798473,818.4151582392341,Medium CLV
14297,3.0,257.0,274.0,357.57666666666665,1.1321988789094912,0.9962188807329981,1615.4972675812555,High CLV
14298,24.0,352.0,360.0,2023.0933333333332,5.115612594902996,0.9995554228513921,39058.389073784514,Premium CLV
14299,8.0,357.0,365.0,442.0475,1.8960064678071562,0.9989208605368369,3213.2716099088866,Premium CLV
14305,2.0,64.0,135.0,407.38,1.4061891845755896,0.9780301168799012,2359.4499489039326,High CLV
14306,1.0,34.0,85.0,390.38,1.1917695094838359,0.8939123220928761,2129.358430110145,High CLV
14307,4.0,285.0,373.0,553.1525,1.0806954838739353,0.99328949764126,2345.7842081803033,High CLV
14309,8.0,350.0,358.0,275.5975,1.925610667286768,0.9989179607768601,2035.839684291441,High CLV
14312,5.0,291.0,337.0,260.408,1.3857414902614962,0.9966740021161196,1404.649068317312,Medium CLV
14315,5.0,222.0,266.0,390.146,1.6612131186090495,0.996257078758392,2519.784269985855,High CLV
14320,1.0,126.0,332.0,125.28,0.4338422035735603,0.7833695987505613,254.10810354077765,Low CLV
14321,4.0,323.0,333.0,300.98249999999996,1.187991692118425,0.9976342955308947,1404.8656771246087,Medium CLV
14323,1.0,124.0,238.0,305.24,0.6209269443645222,0.8717857008215996,870.8710669946374,Medium CLV
14329,5.0,312.0,329.0,693.452,1.413973014866023,0.9979375291434236,3809.9525262584866,Premium CLV
14331,1.0,11.0,135.0,79.0,0.7467670895172674,0.7197478985100816,279.9993626498694,Low CLV
14332,2.0,125.0,147.0,373.635,1.3540589787640849,0.9919256733730403,2084.8324175066805,High CLV
14334,7.0,342.0,358.0,318.86571428571426,1.724379039342564,0.998553225049552,2116.0220497394685,High CLV
14335,1.0,80.0,96.0,109.00999999999999,1.1822177389011477,0.9423473227224807,603.991779160509,Low CLV
14336,3.0,260.0,276.0,360.16333333333336,1.1260782718273359,0.9962727402575589,1618.3625406064125,High CLV
14338,1.0,35.0,196.0,8.25,0.5762041728073082,0.7055776737028132,31.10832512638573,Low CLV
14341,4.0,273.0,318.0,461.6625,1.2296493719348178,0.9960244551304934,2227.9536694942453,High CLV
14342,3.0,189.0,210.0,119.65333333333332,1.3728587522759836,0.9957646972181405,659.6814774634529,Low CLV
14344,7.0,241.0,368.0,81.01857142857143,1.6604347404826862,0.9829754164454203,520.2014373361861,Low CLV
14346,1.0,177.0,297.0,759.14,0.5357010939031036,0.8871805168350425,1856.085692670436,High CLV
14352,2.0,116.0,273.0,423.83,0.8540539692823185,0.9577535984919717,1491.9848909825105,Medium CLV
14354,1.0,25.0,30.0,75.84,1.8426579600466135,0.9486920085307878,663.6537875831907,Low CLV
14356,1.0,2.0,81.0,356.2,1.0975351655988244,0.8044590100668785,1790.795900595163,High CLV
14359,2.0,68.0,87.0,214.39499999999998,1.8113627573816509,0.9914461055894526,1605.1647369416066,High CLV
14360,2.0,63.0,94.0,496.77,1.7382340478432348,0.9889821160049234,3552.31312799078,Premium CLV
14364,6.0,103.0,211.0,499.70000000000005,2.1893791383734764,0.9641685361986765,4224.082651498207,Premium CLV
14367,12.0,268.0,276.0,689.8633333333333,3.339840841726989,0.9992120671445448,8760.44243378691,Premium CLV
14377,1.0,71.0,262.0,302.45,0.4842706665341588,0.7295829920024375,673.1744290463024,Low CLV
14379,1.0,251.0,295.0,237.12,0.5691711995224217,0.937746834713599,622.447879222956,Low CLV
14383,2.0,125.0,163.0,502.8,1.2658307582903408,0.989804958939113,2619.814027196087,High CLV
14385,2.0,14.0,23.0,73.475,2.8374242528068634,0.9923303977072627,874.8847689587845,Medium CLV
14387,2.0,77.0,109.0,664.9000000000001,1.6079921100182288,0.9893373355207649,4394.944083931803,Premium CLV
14388,7.0,362.0,372.0,414.2914285714286,1.6724359112914302,0.9987225180900831,2665.567067029235,High CLV
14389,1.0,125.0,190.0,732.32,0.7608643243730999,0.9121894659618881,2541.74586822811,High CLV
14390,7.0,362.0,372.0,632.7314285714285,1.6724359112914302,0.9987225180900831,4069.2549067501473,Premium CLV
14395,8.0,370.0,372.0,399.87875,1.8675368914561996,0.9990510437281712,2863.4650258829506,Premium CLV
14396,1.0,306.0,371.0,377.64,0.47302040153075897,0.9329310760698954,819.5268346129927,Medium CLV
14397,18.0,211.0,213.0,135.97333333333333,5.815671637187721,0.9995682280589206,2994.34243339165,Premium CLV
14401,12.0,355.0,359.0,317.0083333333333,2.72308677044914,0.9993410747781136,3284.8116840650937,Premium CLV
14403,3.0,117.0,247.0,228.36999999999998,1.1932188480545844,0.9720997613666339,1089.3011541656272,Medium CLV
14404,5.0,336.0,369.0,268.168,1.2901711031642218,0.9974334882276407,1346.7736599352095,Medium CLV
14407,5.0,169.0,276.0,360.11,1.5972909881102884,0.9848104241256092,2236.7426403614218,High CLV
14408,6.0,254.0,264.0,375.955,1.927963407939258,0.9984282866417544,2800.3955085656507,High CLV
14409,4.0,297.0,368.0,432.66249999999997,1.0940367055324598,0.9946995567693849,1858.2878653774942,High CLV
14410,6.0,213.0,305.0,161.23666666666665,1.7143923916205652,0.990583818912236,1070.4352690993494,Medium CLV
14412,1.0,30.0,72.0,307.58,1.3022313568674282,0.9043810124166665,1837.4999360585268,High CLV
14414,6.0,267.0,358.0,213.29666666666665,1.5152753245884918,0.992935468906972,1250.6635754088395,Medium CLV
14415,12.0,359.0,360.0,418.7583333333334,2.717194787520424,0.9993986391101352,4328.75264894425,Premium CLV
14416,1.0,20.0,42.0,129.22,1.6386940545673494,0.9278022958194891,986.7312032172242,Medium CLV
14418,2.0,105.0,108.0,893.405,1.6236872169359635,0.9939818031959402,5958.760541050794,Premium CLV
14419,5.0,354.0,364.0,186.792,1.3053504223976897,0.9981820117651868,950.2362020293995,Medium CLV
14421,1.0,154.0,211.0,357.93,0.7161506055204182,0.9228523789270435,1175.5420977032622,Medium CLV
14422,5.0,267.0,267.0,772.4660000000001,1.6601767008668766,0.998430239582029,4981.332123239664,Premium CLV
14426,6.0,289.0,312.0,630.0833333333334,1.697208129396694,0.998022516252057,4129.67765313261,Premium CLV
14427,1.0,13.0,63.0,41.6,1.3423507833485797,0.880581395952873,275.32164376359907,Low CLV
14428,4.0,318.0,325.0,260.32,1.2109855372727398,0.9977239643959146,1239.1356569754719,Medium CLV
14432,5.0,80.0,89.0,400.152,3.3068738242281004,0.9977943819875238,5138.352873363007,Premium CLV
14434,5.0,51.0,72.0,212.4,3.647197916823791,0.9960818246999736,3012.399295345498,Premium CLV
14440,4.0,357.0,365.0,425.245,1.1045835410726312,0.9977146949551522,1844.0870424124544,High CLV
14441,3.0,255.0,255.0,452.01666666666665,1.1953876977896603,0.9969636998838982,2154.4239178952866,High CLV
14442,1.0,112.0,316.0,914.24,0.44355227590216534,0.7705802938582075,1849.4863972847952,High CLV
14443,3.0,315.0,368.0,372.23333333333335,0.8985886285507847,0.994664858313088,1335.0345126764241,Medium CLV
14446,3.0,246.0,246.0,245.51333333333332,1.2273771683172943,0.9969636998838982,1204.1463502543625,Medium CLV
14447,3.0,262.0,280.0,299.41,1.113814980242896,0.9961833048561604,1331.6527876096288,Medium CLV
14448,1.0,355.0,364.0,273.0,0.4898507654649985,0.9514751588407284,615.7518049383964,Low CLV
14449,3.0,354.0,372.0,232.28666666666666,0.8923294237296564,0.9963565895296405,828.937324345437,Medium CLV
14450,2.0,140.0,320.0,161.11,0.7548926635575327,0.9560408235368891,504.9057071416622,Low CLV
14451,1.0,134.0,194.0,302.59000000000003,0.754635981113345,0.9176223462193572,1048.9923474007212,Medium CLV
14452,1.0,83.0,93.0,137.07,1.2074056564942814,0.9469385075252621,770.4832888392383,Low CLV
14456,7.0,137.0,142.0,417.1457142857143,3.3288813449136923,0.9987235149689601,5336.58582591254,Premium CLV
14460,2.0,200.0,310.0,202.17000000000002,0.7948170694599698,0.9820762542214343,665.549248622481,Low CLV
14461,2.0,113.0,261.0,663.415,0.8856880978648967,0.960429927841896,2417.9930909028617,High CLV
14462,8.0,273.0,339.0,236.84,2.0039443925269347,0.9954883125992603,1821.0965295754684,High CLV
14463,2.0,107.0,205.0,206.85,1.070733622637494,0.9760446868611395,916.6469961671364,Medium CLV
14465,1.0,56.0,302.0,461.32,0.365145570627899,0.6125225397631183,771.2072140639192,Low CLV
14466,6.0,343.0,372.0,315.44166666666666,1.4767769063399991,0.9979318333940631,1801.015367714221,High CLV
14467,3.0,295.0,312.0,155.68666666666667,1.0253426843582927,0.9962981601218822,639.8935486460097,Low CLV
14470,1.0,276.0,287.0,163.55,0.5890170556435494,0.9503101044028917,447.29814781727737,Low CLV
14472,7.0,252.0,355.0,236.70857142857145,1.720951437649532,0.9898985014502941,1568.5701096607258,High CLV
14473,1.0,208.0,282.0,149.34,0.5782780118092795,0.9206294438987238,401.8080374070919,Low CLV
14475,2.0,233.0,304.0,309.65,0.8121149538801417,0.98841285003431,1038.3049054316675,Medium CLV
14477,3.0,278.0,297.0,381.5333333333333,1.0649196478820329,0.9961750830920587,1621.1203940834473,High CLV
14479,1.0,112.0,365.0,141.85,0.3668099409487394,0.7140506133213909,242.4980171085266,Low CLV
14481,1.0,123.0,287.0,333.65,0.510611618414099,0.823812104853684,782.2551621850162,Low CLV
14482,5.0,221.0,239.0,366.01000000000005,1.8000881230012802,0.9977255458272657,2561.5183403375977,High CLV
14487,4.0,342.0,368.0,267.8075,1.0967109893115943,0.9971310189646923,1154.5375448004131,Medium CLV
14491,1.0,197.0,372.0,213.73,0.4335045162389904,0.8568466254367174,428.1909909488026,Low CLV
14493,4.0,148.0,155.0,443.005,2.0500158132454462,0.9975663320650222,3561.524780452924,Premium CLV
14495,1.0,71.0,121.0,83.2,1.0076157077151129,0.9108596045872009,396.9501211134799,Low CLV
14496,1.0,62.0,373.0,234.47,0.2687603581112408,0.5323685882957396,290.7960343730529,Low CLV
14498,4.0,319.0,361.0,447.775,1.1129353324300835,0.9964267519858263,1956.2354979675183,High CLV
14499,2.0,252.0,278.0,344.65,0.8731085677406768,0.9925937949487824,1241.570996800673,Medium CLV
14500,2.0,101.0,189.0,36.0,1.1343827327676304,0.9780492459684473,175.99984301223435,Low CLV
14501,1.0,136.0,319.0,184.28,0.46583613424162856,0.8152650002035625,397.6856727372813,Low CLV
14502,8.0,294.0,313.0,289.4325,2.139725980212285,0.9985533694073659,2375.2509819414754,High CLV
14503,5.0,175.0,178.0,589.238,2.210730700361052,0.9983093068728484,5058.997369595006,Premium CLV
14504,3.0,231.0,278.0,175.34333333333333,1.1177689443895948,0.9943204694727091,784.8537110055987,Low CLV
14505,7.0,345.0,362.0,693.6128571428571,1.7090849457748345,0.9985285523643143,4558.090664174382,Premium CLV
14506,4.0,352.0,369.0,435.6175,1.0946671196367272,0.997444408544613,1872.0369268181603,High CLV
14507,4.0,253.0,276.0,251.0825,1.3720244204330276,0.9970255527558778,1354.0110948960496,Medium CLV
14508,1.0,67.0,89.0,138.86,1.2203737706218951,0.936238621802089,788.6293321043051,Low CLV
14511,4.0,122.0,133.0,294.1625,2.251332536999987,0.9972540696549397,2599.40913038611,High CLV
14512,1.0,45.0,232.0,148.95999999999998,0.4952392610515252,0.6826218764592712,343.14747129105103,Low CLV
14513,2.0,188.0,288.0,218.42000000000002,0.8417853736683589,0.9829611873668918,760.9525085618659,Low CLV
14514,2.0,270.0,331.0,400.05,0.7613247177346467,0.9900296255427553,1256.0208934837426,Medium CLV
14515,4.0,201.0,218.0,419.1725,1.6303779940257799,0.9971575197301854,2681.4717421256005,High CLV
14517,1.0,108.0,141.0,78.0,0.9425016618864945,0.9325718567674492,349.13342908333726,Low CLV
14520,1.0,289.0,290.0,105.60000000000001,0.5863490229918118,0.9535216483086895,290.94381978520005,Low CLV
14522,3.0,174.0,198.0,231.97,1.4295855194305638,0.9954749171925189,1325.1837504905723,Medium CLV
14524,5.0,329.0,360.0,318.446,1.316030360070912,0.9974875717128407,1630.588018100924,High CLV
14525,8.0,342.0,361.0,483.73749999999995,1.9122462495771253,0.998624444702167,3546.081868345229,Premium CLV
14527,53.0,367.0,369.0,155.01641509433964,10.6999389785646,0.9998417681000776,6237.232414170597,Premium CLV
14529,2.0,50.0,110.0,242.4,1.5843836753350937,0.9797027503802884,1586.2579975337255,High CLV
14530,5.0,271.0,296.0,445.53000000000003,1.5341929182476945,0.9975595745290421,2657.1761958616053,High CLV
14532,3.0,116.0,352.0,236.75,0.8492449906097688,0.9072295051365883,803.9387186051698,Medium CLV
14533,6.0,328.0,352.0,252.70333333333335,1.543772218284632,0.9980683243933115,1508.8942088737613,Medium CLV
14534,17.0,316.0,318.0,240.70176470588234,4.099228946675357,0.9995587549402598,3737.62750097083,Premium CLV
14535,2.0,188.0,248.0,1005.11,0.9466391269856176,0.9885467858100491,3911.580803977757,Premium CLV
14538,1.0,192.0,256.0,281.75,0.6238345086745568,0.9238504750457947,808.504812813281,Medium CLV
14539,1.0,29.0,44.0,465.35,1.6322866685431656,0.9381384949545294,3469.52974663979,Premium CLV
14540,2.0,300.0,309.0,400.18,0.8063329877531344,0.9938170609663696,1330.5794940819392,Medium CLV
14541,6.0,261.0,319.0,216.43500000000003,1.6647420842919922,0.9959668261186839,1394.0123062058985,Medium CLV
14543,14.0,336.0,364.0,241.13785714285717,3.0870842726151215,0.9986654492451359,2827.0608726269984,High CLV
14544,1.0,337.0,361.0,902.53,0.49085698753488965,0.947138046259748,2021.0715197108766,High CLV
14546,4.0,243.0,248.0,504.20000000000005,1.486670007457353,0.9977506154952221,2940.473122435863,Premium CLV
14547,7.0,51.0,54.0,502.4771428571429,5.360678782110161,0.9987314827408155,10340.760020207681,Premium CLV
14548,1.0,167.0,317.0,326.4,0.4949452767683985,0.8619797456115519,742.0778303577754,Low CLV
14550,1.0,34.0,44.0,424.83000000000004,1.642610904917889,0.9440722342668663,3189.818931856585,Premium CLV
14551,1.0,186.0,204.0,60.8,0.7515755157537127,0.9460194153879594,219.87048709508022,Low CLV
14553,3.0,320.0,339.0,219.11,0.960825827889768,0.996262509465077,842.1024891599448,Medium CLV
14554,3.0,42.0,52.0,676.4033333333333,2.897610928887908,0.9957553463318358,7795.005233036968,Premium CLV
14555,1.0,245.0,302.0,126.2,0.5556489607983548,0.9320872004545722,327.723079916368,Low CLV
14560,19.0,350.0,357.0,96.29473684210525,4.143854135582949,0.9995040398318374,1511.7296953637615,Medium CLV
14561,2.0,109.0,184.0,429.345,1.1599402178076632,0.9821849377028464,2051.523934088082,High CLV
14562,16.0,301.0,304.0,300.745,4.016391002055956,0.9995088885630599,4577.7622547528,Premium CLV
14565,3.0,266.0,361.0,643.9033333333333,0.9091956060564133,0.9910354751184867,2333.391993492376,High CLV
14567,1.0,74.0,130.0,729.6,0.9611277198905914,0.9058112664476705,3197.2116730873245,Premium CLV
14572,6.0,321.0,324.0,416.20166666666665,1.6491021121449019,0.9986638077119502,2651.9623603707832,High CLV
14573,7.0,193.0,372.0,177.1885714285714,1.5623189638749986,0.9329643779630813,1066.763641342519,Medium CLV
14577,3.0,350.0,362.0,170.93666666666664,0.9122471171019185,0.9965648136851396,624.7630166136488,Low CLV
14583,4.0,200.0,205.0,219.51,1.703125325305892,0.9977228866081264,1469.6613384652478,Medium CLV
14584,3.0,29.0,198.0,273.96,1.2189532498891227,0.8488036350412012,1333.4032617023233,Medium CLV
14587,8.0,313.0,331.0,172.53625,2.0484186397198267,0.9986157744636148,1357.0346353683517,Medium CLV
14591,1.0,198.0,213.0,1196.92,0.7305444698886756,0.9476444970996593,3981.761663006459,Premium CLV
14592,2.0,29.0,64.0,153.25,2.0693149864826816,0.9856959081658357,1314.8188945582187,Medium CLV
14593,1.0,177.0,198.0,278.4,0.7658335176539708,0.9443295626923406,980.4960391403318,Medium CLV
14594,1.0,366.0,373.0,124.83,0.4806304164257843,0.9520471623225094,280.5847973310449,Low CLV
14595,5.0,294.0,313.0,315.36,1.469933203744014,0.997841946343785,1803.382793083431,High CLV
14597,1.0,180.0,191.0,718.05,0.788778422086574,0.9490261937224208,2583.9245176037102,High CLV
14606,88.0,372.0,373.0,135.89011363636362,17.40844914931162,0.9999094600790773,8882.894314683064,Premium CLV
14607,6.0,246.0,261.0,2679.0833333333335,1.944060842253711,0.9982384807916955,20094.293161195787,Premium CLV
14608,3.0,358.0,362.0,527.0500000000001,0.9124965636698402,0.9968373162426429,1917.6770847570567,High CLV
14609,3.0,224.0,296.0,152.52,1.0634002865226573,0.9921855303494093,650.2075278335366,Low CLV
14616,2.0,75.0,317.0,84.24000000000001,0.6927648786428986,0.870945132725183,244.74274821906909,Low CLV
14618,2.0,328.0,337.0,170.82,0.7535340805964698,0.9938504463975888,534.0709063339439,Low CLV
14620,1.0,78.0,283.0,177.43,0.4520596594882162,0.7216190461137343,371.78382483222384,Low CLV
14621,4.0,357.0,358.0,370.665,1.1220446070184482,0.9979044205916074,1633.2859447969593,High CLV
14623,4.0,203.0,235.0,174.14249999999998,1.5438495655249795,0.9963069175671645,1058.1898336222348,Medium CLV
14624,1.0,2.0,59.0,15.600000000000001,1.3379542372424174,0.85481012395757,116.71365621639643,Low CLV
14625,1.0,165.0,361.0,314.1,0.42709576091600376,0.8241069289678827,616.6196040790272,Low CLV
14626,3.0,210.0,233.0,734.79,1.275160991905719,0.9957394377610733,3731.6346061840295,Premium CLV
14628,1.0,151.0,242.0,340.38,0.6331399122969821,0.8997547557451137,989.0492284914126,Medium CLV
14629,1.0,43.0,47.0,354.18,1.6173476528068498,0.9503060192066508,2622.996299889762,High CLV
14631,2.0,248.0,298.0,348.74,0.8265425604928621,0.9906686002073433,1189.341564691366,Medium CLV
14636,1.0,232.0,268.0,309.66,0.6135250982633932,0.940042012019385,872.9690179773602,Medium CLV
14639,3.0,309.0,361.0,769.3166666666666,0.9125359227338583,0.9946764653558203,2797.2514361634585,High CLV
14640,5.0,203.0,227.0,342.326,1.8674974307581367,0.9973627976076501,2485.6766391740257,High CLV
14643,1.0,188.0,358.0,335.87,0.4468504757531086,0.8564973034351274,689.332226161021,Low CLV
14644,1.0,231.0,298.0,643.26,0.5580315683911999,0.9265466089747367,1639.7395849064276,High CLV
14645,1.0,119.0,275.0,356.99,0.5305715908723813,0.8288104405123167,869.0194597093075,Medium CLV
14646,44.0,353.0,354.0,6366.705909090909,9.237900434713865,0.9998330126724377,221213.22519854497,Premium CLV
14649,2.0,208.0,212.0,416.53499999999997,1.065211819352475,0.9940233888906707,1828.3488328297422,High CLV
14651,1.0,144.0,211.0,238.28,0.7098504141101334,0.9147337700955227,779.6185373633685,Low CLV
14653,5.0,337.0,338.0,320.54799999999994,1.384908071603446,0.9984058458126978,1727.1073323082335,High CLV
14655,3.0,214.0,222.0,373.89000000000004,1.321187961543588,0.9965794265050628,1970.3546045182327,High CLV
14656,1.0,114.0,283.0,157.94,0.508174889006636,0.811195316740003,372.9495332403447,Low CLV
14657,3.0,309.0,326.0,144.04666666666665,0.9908881907902657,0.9963232852181799,572.5461890235003,Low CLV
14658,1.0,112.0,117.0,124.00999999999999,1.072234800115082,0.9509397132768057,620.8813831192641,Low CLV
14659,8.0,307.0,315.0,242.095,2.1298995606248408,0.9988977123974291,1978.2689571503665,High CLV
14660,1.0,14.0,100.0,156.79,0.9966112641075174,0.8114430920254624,725.1516048609315,Low CLV
14662,3.0,288.0,316.0,223.37333333333333,1.0147273798140606,0.995786341197657,906.4733324372855,Medium CLV
14664,1.0,14.0,33.0,248.85,1.7629741258183005,0.9302935648474164,2017.135652495311,High CLV
14665,3.0,250.0,310.0,480.43333333333334,1.0276815565925652,0.9936068058316296,1968.7799056174779,High CLV
14667,22.0,358.0,368.0,396.80181818181813,4.633269201259635,0.9994823635084291,6945.5892902175965,Premium CLV
14669,1.0,91.0,332.0,427.54,0.38510775489290916,0.6953719692119258,754.3951848606338,Low CLV
14672,1.0,102.0,336.0,480.27,0.3960999712167164,0.7219896583420554,870.834722105081,Medium CLV
14673,4.0,364.0,367.0,340.72749999999996,1.099904855680855,0.997852816195885,1472.1053550833549,Medium CLV
14676,5.0,252.0,283.0,398.384,1.5870849562412082,0.9972195055795158,2458.255786774145,High CLV
14680,15.0,346.0,371.0,1804.882,3.2356899311063523,0.9988406622925703,22139.57660383818,Premium CLV
14681,1.0,140.0,211.0,105.0,0.7070837696974884,0.911168592103389,348.74821140773196,Low CLV
14682,1.0,14.0,201.0,31.200000000000003,0.47085874068381744,0.5866403996918594,74.47631336672166,Low CLV
14684,4.0,337.0,362.0,266.98,1.1112870526675835,0.9971556787125604,1166.2573337017095,Medium CLV
14688,19.0,366.0,373.0,272.94157894736844,4.000736041035428,0.9995096234526372,4131.76851681325,Premium CLV
14690,1.0,107.0,151.0,154.99,0.895539735845866,0.9243817718103812,644.6247602886275,Low CLV
14691,3.0,182.0,212.0,558.2433333333333,1.3628584380857165,0.9950946902589375,3031.2435645850173,Premium CLV
14692,3.0,185.0,322.0,110.64999999999999,0.9849135676509622,0.980801162806539,438.24813367026843,Low CLV
14696,6.0,369.0,373.0,297.3883333333333,1.4746487973450246,0.9986494888183046,1695.6956457071149,High CLV
14698,4.0,50.0,51.0,188.18,3.5607218818442603,0.9978463894859371,2632.350505172405,High CLV
14700,2.0,206.0,238.0,756.875,0.9786507135689029,0.9917736490211168,3046.7692204597797,Premium CLV
14701,6.0,306.0,316.0,358.82,1.6812539368482777,0.9984720186048073,2331.3911379404076,High CLV
14702,16.0,364.0,365.0,185.84,3.478317343677259,0.9995537469748659,2451.3696135392684,High CLV
14704,8.0,169.0,180.0,179.59875,3.193189270528331,0.9986433343021371,2200.3386223655725,High CLV
14708,2.0,366.0,368.0,353.655,0.702832122249485,0.9942120655461505,1025.806008060651,Medium CLV
14709,11.0,343.0,358.0,418.81272727272733,2.5276561972156517,0.999015746514645,4032.982412300632,Premium CLV
14710,3.0,45.0,59.0,144.40666666666667,2.7602166045451524,0.9952259143505773,1595.8758650292052,High CLV
14711,10.0,252.0,262.0,266.82800000000003,2.9612753608673414,0.999006757670834,3015.8410653682618,Premium CLV
14712,2.0,83.0,112.0,400.675,1.5853426938207174,0.9900832294218876,2615.9120539266382,High CLV
14713,10.0,356.0,365.0,236.74099999999999,2.291455985521534,0.9991035417149247,2071.6108464448544,High CLV
14715,3.0,307.0,331.0,243.14333333333335,0.9788367655702959,0.9960257622344264,951.4393523619535,Medium CLV
14716,1.0,105.0,148.0,141.12,0.9072174685676055,0.9248028989724185,595.9172646507495,Low CLV
14719,4.0,248.0,249.0,344.6675,1.4825040596515962,0.9978959710635977,2006.1363661096327,High CLV
14720,2.0,121.0,126.0,254.005,1.488313371231239,0.993803536358844,1561.1158390441262,High CLV
14723,4.0,361.0,371.0,226.84,1.0901572230300385,0.9976605187281974,972.6840199574034,Medium CLV
14730,6.0,275.0,276.0,287.9816666666666,1.865317452427367,0.9987090515028362,2076.5281876501213,High CLV
14731,2.0,165.0,212.0,126.17999999999999,1.0604390731915072,0.9895696068099159,556.9009905767476,Low CLV
14732,7.0,331.0,339.0,357.05571428571426,1.8010725464456767,0.9987556498622685,2474.2630465367706,High CLV
14733,11.0,351.0,367.0,705.080909090909,2.477851526716318,0.9989959331602372,6653.867350777442,Premium CLV
14735,19.0,355.0,358.0,305.97315789473686,4.134957845886594,0.9995885069511654,4786.6404753754605,Premium CLV
14737,2.0,350.0,353.0,365.275,0.7265710600071424,0.9941617165668666,1095.056131597485,Medium CLV
14738,6.0,274.0,316.0,184.9466666666667,1.6789510038660205,0.9971043405324415,1201.9294731614987,Medium CLV
14739,6.0,363.0,367.0,531.4,1.4939970875632131,0.9986483148221724,3066.9675281669806,Premium CLV
14740,2.0,86.0,283.0,463.555,0.7992906938631898,0.921006845648384,1526.7063583314416,High CLV
14741,5.0,361.0,372.0,243.16800000000003,1.2827319480313366,0.9981600157143293,1214.5281229833247,Medium CLV
14744,5.0,350.0,366.0,174.996,1.2994092975240399,0.9980135758624531,886.4141404804514,Medium CLV
14745,3.0,173.0,285.0,326.55333333333334,1.0862542174518626,0.9846507185111094,1415.9927436437633,Medium CLV
14748,3.0,339.0,368.0,315.10999999999996,0.8997058620130232,0.9959015452998935,1132.2309295089542,Medium CLV
14754,1.0,251.0,295.0,409.78,0.5691711995224217,0.937746834713599,1068.8271189655911,Medium CLV
14755,10.0,325.0,334.0,452.18199999999996,2.458867799471537,0.9990880615491872,4242.42536180998,Premium CLV
14758,3.0,115.0,259.0,276.43666666666667,1.144931622964456,0.965943899452172,1264.1253757547738,Medium CLV
14759,2.0,228.0,232.0,526.86,0.9991442142586544,0.9940412025208337,2167.4603693138697,High CLV
14761,1.0,276.0,334.0,158.4,0.5146736153090735,0.933721298525711,378.89813613386565,Low CLV
14765,2.0,147.0,176.0,86.805,1.2059753953217576,0.9913890954586403,438.4038092648014,Low CLV
14766,5.0,358.0,366.0,458.59400000000005,1.2996988775423506,0.9982359883002611,2317.4935409717064,High CLV
14768,1.0,110.0,127.0,59.400000000000006,1.0149494018494596,0.9435200874256109,290.27817099469354,Low CLV
14769,7.0,355.0,357.0,1475.3914285714286,1.7288346576219353,0.9988999107781625,9803.561853402205,Premium CLV
14770,1.0,91.0,323.0,597.8199999999999,0.4001360649379451,0.707121175696804,1093.330783498802,Medium CLV
14775,2.0,314.0,372.0,302.66999999999996,0.6943576056951637,0.990794787495704,868.0956275678183,Medium CLV
14776,8.0,261.0,312.0,247.4925,2.1409751737621465,0.9966584792278749,2032.786904115295,High CLV
14778,1.0,181.0,308.0,396.81,0.5188791308885122,0.8837089555260709,943.8839988950065,Medium CLV
14779,2.0,43.0,323.0,61.8,0.585116949717126,0.7464435972704994,152.81757769202562,Low CLV
14780,1.0,25.0,79.0,114.88,1.2195992634226929,0.8834987143056711,655.4286202655361,Low CLV
14784,1.0,297.0,323.0,175.31,0.5351820589274949,0.9457746998619992,435.08732522108886,Low CLV
14785,1.0,5.0,15.0,37.92,2.087772860735047,0.940891381128443,393.11058850711737,Low CLV
14788,1.0,19.0,26.0,310.99,1.9008854242625255,0.9461395005489922,2709.907139663848,High CLV
14790,3.0,237.0,253.0,197.63333333333333,1.2014544573837482,0.9962198866032442,950.0063886277712,Medium CLV
14794,6.0,332.0,334.0,190.135,1.6102722901672957,0.9986893765970363,1185.0687664544498,Medium CLV
14796,16.0,365.0,366.0,459.455,3.470692906313615,0.9995537849124624,6042.881467586212,Premium CLV
14798,2.0,258.0,310.0,49.03,0.8017358971410026,0.9906251601693261,167.35465780776866,Low CLV
14800,11.0,322.0,369.0,343.9909090909091,2.463373874429253,0.9975033680055916,3228.8923749231044,Premium CLV
14803,2.0,130.0,292.0,151.7,0.8133962375137866,0.9598512956999494,512.5507081807903,Low CLV
14805,3.0,298.0,313.0,148.46666666666667,1.0228913388763998,0.9963866692635567,608.9910689575123,Low CLV
14808,5.0,133.0,172.0,412.31000000000006,2.254865162766394,0.9954628852349958,3612.399565146987,Premium CLV
14810,10.0,329.0,369.0,190.744,2.26888356091109,0.9979543049357306,1653.3011147567727,High CLV
14815,1.0,31.0,67.0,226.92,1.3563124699711955,0.9129405002115362,1417.7188392803191,Medium CLV
14817,1.0,77.0,277.0,529.55,0.4628273267964924,0.7269417693160503,1120.8006973771671,Medium CLV
14818,2.0,180.0,253.0,269.775,0.9310289266126617,0.9866115296369188,1037.6893756931602,Medium CLV
14819,1.0,128.0,192.0,187.35,0.7566335466199946,0.9135843128387742,655.9634462846246,Low CLV
14820,3.0,152.0,173.0,122.50666666666667,1.5654487007382971,0.9955528708355691,769.800691285607,Low CLV
14823,1.0,14.0,194.0,110.78,0.4950039551718106,0.6019149657593578,257.10240040116787,Low CLV
14824,3.0,81.0,91.0,228.60000000000002,2.274764173507312,0.9960592426537701,2076.378087256077,High CLV
14825,11.0,365.0,368.0,185.71,2.4732056186300126,0.9993037077318566,1751.5661412798713,High CLV
14828,2.0,140.0,336.0,778.8800000000001,0.7218751349740941,0.9498672590507982,2313.6390603383948,High CLV
14829,3.0,343.0,372.0,153.52666666666667,0.8919317217619236,0.9959125237332183,549.0917510411631,Low CLV
14834,5.0,223.0,240.0,295.322,1.7947274313828645,0.9977755676504803,2061.6438568997273,High CLV
14836,2.0,20.0,30.0,13.2,2.6719323199478433,0.9922196064055695,164.37876202852908,Low CLV
14837,3.0,112.0,201.0,385.74666666666667,1.3984344773734678,0.9839163278095914,2151.2147759686572,High CLV
14841,5.0,305.0,358.0,580.12,1.3204641118111842,0.9964025966294716,2977.397329711319,Premium CLV
14842,3.0,265.0,308.0,838.23,1.0341565654600342,0.9948718682797848,3452.8980091757635,Premium CLV
14844,3.0,178.0,241.0,771.7533333333334,1.239717222201371,0.9920161330752256,3810.2719598121244,Premium CLV
14849,12.0,352.0,373.0,631.225,2.639628172656293,0.9989034824559555,6337.4542630807455,Premium CLV
14851,1.0,233.0,256.0,305.22,0.6382980751023357,0.9452698940252772,895.2807659541735,Medium CLV
14852,4.0,194.0,252.0,586.5725,1.4640081929173927,0.9941597845002503,3367.931710040908,Premium CLV
14853,1.0,187.0,211.0,261.29999999999995,0.7320271891637611,0.9433114037069582,880.4764274312989,Medium CLV
14854,6.0,196.0,274.0,382.925,1.8632254150429286,0.9921412456916928,2756.5709802103897,High CLV
14855,1.0,15.0,134.0,339.3,0.7731911060196339,0.7419109316276362,1203.007270111496,Medium CLV
14856,1.0,20.0,56.0,308.11,1.4505413222600425,0.9081307839335128,2049.8383436649488,High CLV
14857,1.0,89.0,148.0,650.6,0.89050473351505,0.9077662056085167,2643.571243327984,High CLV
14859,2.0,192.0,204.0,528.44,1.0934584965155518,0.9933852666325234,2378.73899040749,High CLV
14862,1.0,123.0,148.0,537.1,0.921441493301179,0.9393026410567871,2260.864059072149,High CLV
14865,1.0,365.0,372.0,15.0,0.4816673381011501,0.95204321471827,40.804966989315524,Low CLV
14866,10.0,356.0,366.0,1428.622,2.2863803885435274,0.9990804329082392,12457.562174104882,Premium CLV
14867,2.0,151.0,336.0,204.76999999999998,0.7275249245219134,0.9573014396341113,617.0342375019637,Low CLV
14868,6.0,230.0,233.0,419.04333333333335,2.1133183275686354,0.9986427526559101,3420.390264977548,Premium CLV
14869,1.0,95.0,103.0,334.39,1.1471469647853572,0.9487221873275088,1758.7368110356808,High CLV
14871,3.0,357.0,360.0,127.32666666666667,0.9165782775960719,0.9968690754131776,468.7072621261127,Low CLV
14875,1.0,155.0,262.0,1103.32,0.5903847365691641,0.8894502440575119,2967.930382003755,Premium CLV
14878,8.0,346.0,358.0,145.44125,1.9254197003443057,0.9988188959388943,1075.8545758821415,Medium CLV
14880,2.0,211.0,288.0,288.495,0.8453719697635174,0.9871492914449408,1007.3408673241369,Medium CLV
14882,1.0,7.0,33.0,341.8,1.7388632383769418,0.9175706308570806,2721.957828525878,High CLV
14883,4.0,193.0,211.0,112.7575,1.6681284435340258,0.9970788376071413,742.3382834060319,Low CLV
14891,1.0,39.0,187.0,105.0,0.6228110822683349,0.7386944394436821,307.1274811424106,Low CLV
14893,1.0,2.0,11.0,428.73,2.1724441796679588,0.9418610028726099,4254.989156065984,Premium CLV
14895,10.0,283.0,290.0,879.2369999999999,2.743500903670863,0.9991178195138911,9199.053536992918,Premium CLV
14896,1.0,161.0,365.0,211.55,0.41847239873526654,0.814619342655025,409.1847331806815,Low CLV
14897,3.0,289.0,296.0,396.96000000000004,1.0682363870311935,0.9966977624869194,1691.7051118792594,High CLV
14898,5.0,348.0,371.0,241.004,1.285049865580113,0.9978005555501884,1205.9236853186494,Medium CLV
14901,8.0,361.0,372.0,152.14249999999998,1.8671666657379828,0.9988529890648917,1091.268889925827,Medium CLV
14903,4.0,257.0,278.0,569.3625000000001,1.364710841702596,0.9971259236707573,3047.8859781436763,Premium CLV
14904,1.0,23.0,25.0,628.48,1.9287789942314497,0.9517707197942357,5524.223723651123,Premium CLV
14905,1.0,76.0,233.0,307.6,0.5678476899317432,0.7851295220065473,802.48377041347,Medium CLV
14907,5.0,364.0,367.0,576.606,1.2970184545109067,0.9983605861483573,2906.919552764316,Premium CLV
14910,3.0,52.0,54.0,73.31333333333333,2.860317817391542,0.9967623964547919,846.3226724846456,Medium CLV
14911,131.0,372.0,373.0,1093.661679389313,25.76359367760778,0.9999334675028582,105704.02111052845,Premium CLV
14912,1.0,230.0,246.0,385.06,0.659091493273869,0.9478999965664721,1163.3371046072248,Medium CLV
14913,3.0,324.0,359.0,308.8533333333333,0.917443970003655,0.99559489829709,1131.6825586944453,Medium CLV
14915,1.0,186.0,277.0,165.20000000000002,0.5779500108912871,0.9077597176501179,443.1995031790336,Low CLV
14916,3.0,254.0,324.0,324.6433333333333,0.9922578349788961,0.9929076056396763,1286.1324213853586,Medium CLV
14918,1.0,39.0,154.0,844.73,0.7629092694912856,0.7972619834179276,2936.9645101306332,Premium CLV
14921,1.0,171.0,201.0,413.06,0.7541776068037094,0.9396258675190899,1426.612287434832,Medium CLV
14930,1.0,166.0,274.0,1268.73,0.5726428156484427,0.892083414196203,3309.140857056166,Premium CLV
14931,4.0,236.0,240.0,241.17,1.5227320848708634,0.9977844116652723,1443.3875613179691,Medium CLV
14934,1.0,201.0,282.0,1062.1,0.5753643375877528,0.9159908198744875,2785.049102032598,High CLV
14936,4.0,242.0,275.0,1640.165,1.375035699728514,0.9964858005931784,8837.14535041972,Premium CLV
14937,1.0,74.0,130.0,862.32,0.9611277198905914,0.9058112664476705,3775.919706329178,Premium CLV
14944,6.0,267.0,296.0,857.66,1.766965143975545,0.9977126564496718,5850.457776070634,Premium CLV
14947,1.0,58.0,130.0,112.32,0.9341785736642426,0.8804131432141098,491.46595954912027,Low CLV
14948,5.0,196.0,219.0,164.714,1.9158539994861778,0.9973866416056133,1229.7402729041642,Medium CLV
14952,7.0,305.0,364.0,1059.047142857143,1.6981073510255877,0.9965024681990752,6913.098657669951,Premium CLV
14958,2.0,98.0,245.0,144.515,0.923751421309808,0.95609358090317,554.7141457162109,Low CLV
14959,3.0,232.0,296.0,172.25333333333333,1.0643096721892618,0.9930340154507838,734.2954516010522,Low CLV
14960,1.0,163.0,171.0,132.97,0.8500805410149687,0.950122701609229,527.0550456779939,Low CLV
14961,7.0,350.0,360.0,837.4257142857142,1.7169991137370308,0.9987160228054138,5527.898502865527,Premium CLV
14963,4.0,174.0,183.0,298.4,1.839838022070656,0.9975038698446412,2155.5715959530053,High CLV
14970,3.0,248.0,316.0,418.18666666666667,1.0118568976887696,0.9929694398802404,1687.983291249292,High CLV
14971,1.0,8.0,43.0,500.21,1.5832377141741258,0.903176026523677,3615.361127586763,Premium CLV
14973,2.0,118.0,225.0,329.925,1.0018375716834484,0.9750782542359736,1363.6872951735577,Medium CLV
14976,4.0,269.0,326.0,158.72750000000002,1.2051259881400904,0.9952871650238094,753.5754267677721,Low CLV
14978,4.0,258.0,330.0,405.29,1.192217898550982,0.9940876108578769,1896.9665931587108,High CLV
14984,1.0,161.0,180.0,103.09,0.8171118487129083,0.9447033481310884,395.83722305073707,Low CLV
14985,1.0,160.0,358.0,172.24,0.42733939924340125,0.8190995936318287,341.5131295153005,Low CLV
14987,1.0,350.0,365.0,163.2,0.48792928214012704,0.949827592645076,369.9045368196161,Low CLV
14995,1.0,242.0,280.0,113.92,0.5934368218580177,0.9396912004631137,316.8686945612932,Low CLV
14997,2.0,132.0,178.0,195.45999999999998,1.1939010164991533,0.9888327767897478,966.1231389288725,Medium CLV
14998,1.0,71.0,241.0,246.23000000000002,0.536394312762939,0.7599775631610911,608.599571692549,Low CLV
15002,3.0,252.0,367.0,336.7033333333333,0.8950351368871979,0.9885698533283079,1203.237538116354,Medium CLV
15005,27.0,351.0,366.0,225.70629629629627,5.638797103737389,0.9993528894308719,4801.878569399393,Premium CLV
15009,2.0,13.0,25.0,334.61,2.7859753556573628,0.9915468989753565,3838.297736859603,Premium CLV
15012,1.0,320.0,373.0,231.98,0.47339543514850574,0.9377158941399574,506.8528810731726,Low CLV
15014,1.0,133.0,176.0,142.44,0.815459878901386,0.9288532003873543,540.6596569564433,Low CLV
15018,2.0,329.0,367.0,192.48000000000002,0.7029620209924167,0.9922266133876257,560.8018311778923,Low CLV
15021,7.0,358.0,366.0,244.16857142857143,1.6945064991765835,0.9987676176909228,1593.0861510768805,High CLV
15022,2.0,36.0,47.0,275.905,2.3411975098232047,0.9923114676060896,2663.5702607454746,High CLV
15023,10.0,366.0,369.0,634.216,2.271790088114294,0.9992327228258427,5496.862827346254,Premium CLV
15024,6.0,358.0,367.0,195.01833333333335,1.4938193101837407,0.9985294812033512,1127.627366444398,Medium CLV
15026,2.0,197.0,277.0,180.01,0.8699298247640836,0.986295457785701,649.2131448975501,Low CLV
15027,3.0,208.0,238.0,241.58333333333334,1.2551696639408525,0.9952864883061009,1211.748210257339,Medium CLV
15028,2.0,360.0,368.0,220.58,0.7026334006593098,0.9939309580150884,641.6075189448281,Low CLV
15030,1.0,197.0,268.0,365.52000000000004,0.6009479816209559,0.9207713773421323,1007.5274226580847,Medium CLV
15031,3.0,278.0,282.0,172.43666666666664,1.1085280419949886,0.9968093002086439,765.5646352369865,Low CLV
15032,1.0,110.0,366.0,2188.5,0.3626764840234728,0.7075537545806311,3612.548881319837,Premium CLV
15033,9.0,325.0,329.0,224.0666666666667,2.273744069646288,0.9991161360086244,1949.7136582416085,High CLV
15034,6.0,338.0,353.0,577.6183333333333,1.5407359323464267,0.9983576730454483,3437.5504582810886,Premium CLV
15036,2.0,107.0,179.0,206.2,1.1820932829419215,0.9827015220513984,1008.650847781714,Medium CLV
15038,5.0,311.0,369.0,115.81199999999998,1.2885479774467283,0.9961786469571602,582.9617610260891,Low CLV
15039,41.0,359.0,368.0,470.8031707317073,8.364679011427231,0.9996228646149226,14819.38491585453,Premium CLV
15044,14.0,343.0,362.0,490.3057142857143,3.101881112699297,0.9990336800497615,5772.620745359081,Premium CLV
15045,1.0,106.0,257.0,346.76,0.554612969469935,0.8237086200091986,882.531674683634,Medium CLV
15046,14.0,329.0,338.0,335.8442857142857,3.2766455242492647,0.9993109733110959,4177.580687566644,Premium CLV
15048,3.0,303.0,368.0,95.11666666666667,0.8978774492572115,0.9938776404151518,344.10071222055774,Low CLV
15050,1.0,46.0,71.0,458.90999999999997,1.347616275398319,0.9301376655544619,2826.1137560358766,High CLV
15051,2.0,127.0,150.0,506.93499999999995,1.3370273244320379,0.9918293407337767,2789.5539685900044,High CLV
15053,2.0,277.0,281.0,237.57,0.8673495732755374,0.9940765254885473,852.2072536998913,Medium CLV
15054,1.0,28.0,40.0,133.68,1.6881486408073543,0.9413604487528824,1050.6027688679021,Medium CLV
15057,1.0,40.0,315.0,358.5,0.2987392932105462,0.5177212813187,491.4615671877794,Low CLV
15058,7.0,287.0,312.0,260.81,1.920827235225366,0.998162396258017,1928.3488677603275,High CLV
15059,6.0,294.0,334.0,192.49,1.6080610976391132,0.997317997047757,1198.0528188872618,Medium CLV
15060,1.0,1.0,9.0,16.61,2.2192113667849966,0.9431408028751133,203.59929794928829,Low CLV
15061,28.0,369.0,372.0,1611.6714285714284,5.762254920779752,0.9997095726364609,35013.14714520774,Premium CLV
15062,3.0,288.0,359.0,259.5933333333333,0.9153474402501397,0.9933197791672325,949.7186459903654,Medium CLV
15065,3.0,254.0,291.0,794.8233333333333,1.0805627021606214,0.9951499677110879,3421.0407214053757,Premium CLV
15067,1.0,204.0,282.0,896.71,0.576640057048087,0.9180217891891665,2358.0613119006725,High CLV
15068,1.0,210.0,256.0,313.4,0.630979741611469,0.9344320102947894,908.4549566842101,Medium CLV
15071,1.0,182.0,275.0,393.4,0.5798253063783125,0.9057500926678694,1045.5738036432276,Medium CLV
15073,2.0,177.0,186.0,306.21500000000003,1.164910290120553,0.9935839148894485,1471.9627101933563,Medium CLV
15078,19.0,361.0,368.0,487.7873684210527,4.0443868873928945,0.9995079275041303,7462.248571396237,Premium CLV
15079,2.0,153.0,365.0,376.83,0.6745572907616757,0.947970401095694,1048.71237266652,Medium CLV
15081,4.0,345.0,367.0,98.41250000000001,1.0992660981736626,0.9972733242751737,427.7317297388069,Low CLV
15088,1.0,46.0,67.0,295.88,1.3880076568831092,0.9342746842099146,1884.7881443678182,High CLV
15089,5.0,118.0,128.0,239.856,2.716029139472112,0.9978607376069328,2533.6587960503625,High CLV
15092,1.0,68.0,283.0,134.65,0.431267528515544,0.6884287416832133,270.887151942165,Low CLV
15093,5.0,354.0,372.0,794.658,1.282475198683535,0.9979602257789265,3959.9803157375477,Premium CLV
15095,2.0,100.0,203.0,300.04999999999995,1.0751575789057415,0.9734410739430329,1331.5147531070381,Medium CLV
15100,2.0,40.0,373.0,262.79999999999995,0.4492428112690015,0.6424211403878162,488.1093302013948,Low CLV
15101,1.0,351.0,359.0,215.25,0.4954256903811761,0.9517202008968061,492.74561229830465,Low CLV
15103,1.0,55.0,86.0,411.68,1.2272740518510392,0.9257905923510688,2311.3593797241865,High CLV
15104,1.0,86.0,282.0,652.8,0.46896477569966655,0.7466007211819525,1398.2177566317198,Medium CLV
15105,4.0,116.0,134.0,441.4875,2.2400356899790643,0.9966947452305377,3877.724316874603,Premium CLV
15106,4.0,252.0,269.0,252.95499999999998,1.399121228797883,0.9972858315440128,1390.9696244322802,Medium CLV
15107,5.0,61.0,372.0,40.7,0.36371415597477047,0.28302478019704846,58.49615743509101,Low CLV
15108,3.0,86.0,227.0,369.6166666666666,1.2478028531570229,0.9562935632721031,1839.762359796982,High CLV
15110,3.0,295.0,318.0,275.48333333333335,1.0100124060044506,0.9960379909363096,1111.6173431218067,Medium CLV
15111,2.0,343.0,372.0,639.49,0.6957728256888737,0.9928141973522774,1832.0844238000263,High CLV
15113,2.0,45.0,54.0,683.3199999999999,2.2287405884101195,0.9928208318723105,6255.903007654011,Premium CLV
15114,9.0,271.0,301.0,277.9455555555556,2.4340990067910186,0.9981404079064834,2587.9599100478126,High CLV
15116,3.0,187.0,204.0,291.03333333333336,1.4011925023566985,0.9960098501455125,1627.9133012596178,High CLV
15117,4.0,201.0,215.0,309.84499999999997,1.6466501884569824,0.9973087989214694,2003.3785159376423,High CLV
15121,1.0,238.0,288.0,162.57,0.5777224750662907,0.9345561309223963,436.15200917189856,Low CLV
15122,2.0,183.0,297.0,618.37,0.8199657435019326,0.9802554728264508,2087.355995169834,High CLV
15123,1.0,199.0,206.0,1129.84,0.7504391921158621,0.9510030112407096,3861.4641864143773,Premium CLV
15124,1.0,169.0,191.0,93.44,0.7842091793547828,0.9435286662590368,345.58075657992043,Low CLV
15125,9.0,245.0,270.0,854.1777777777778,2.6439694255743644,0.9982887625191591,8629.54273525497,Premium CLV
15128,3.0,159.0,219.0,329.09999999999997,1.3276591415395067,0.9918406536360456,1743.5500365577989,High CLV
15129,9.0,241.0,291.0,343.55555555555554,2.4937458864099065,0.9964606143137885,3276.2162805573744,Premium CLV
15132,4.0,244.0,262.0,166.04000000000002,1.426835295310957,0.997224817250741,932.8394154985336,Medium CLV
15133,2.0,174.0,301.0,324.61,0.8088559836769318,0.9769582164778448,1083.793187441825,Medium CLV
15134,7.0,226.0,240.0,182.5557142857143,2.3403316707208908,0.9984637419839387,1645.4764655140602,High CLV
15136,2.0,94.0,96.0,351.9,1.7284327034617324,0.9940770880585078,2506.001795917585,High CLV
15139,1.0,97.0,336.0,56.86,0.3884239992234682,0.7079983107036676,106.77020139344373,Low CLV
15140,5.0,212.0,264.0,381.62,1.6693750811563102,0.9955315344980796,2476.9099787358855,High CLV
15144,13.0,304.0,312.0,477.0861538461538,3.26473820096977,0.9992820655109058,5917.092421053855,Premium CLV
15145,3.0,244.0,248.0,257.5,1.219912678483919,0.9967932419632727,1254.9805698861412,Medium CLV
15146,1.0,127.0,291.0,492.94,0.5071120877414641,0.8268332234752847,1143.8152210380174,Medium CLV
15150,9.0,252.0,269.0,534.8022222222221,2.6523295642872027,0.9986651729239705,5421.567887130124,Premium CLV
15152,12.0,178.0,187.0,332.46583333333336,4.41162508477475,0.9990858200543489,5577.137942546886,Premium CLV
15156,2.0,32.0,33.0,321.84499999999997,2.6119177243091096,0.9941329450717651,3462.396514935324,Premium CLV
15157,2.0,355.0,358.0,425.305,0.7184706163023671,0.9941633075103523,1259.9458376715108,Medium CLV
15159,18.0,360.0,361.0,932.2238888888888,3.908128517613357,0.9996039256681489,13785.26180872957,Premium CLV
15163,1.0,174.0,192.0,149.47,0.7831894773172817,0.9456488198993629,544.3219095813743,Low CLV
15164,2.0,271.0,339.0,334.83,0.7466979189440263,0.98944250015566,1031.999531642961,Medium CLV
15172,4.0,228.0,236.0,319.4125,1.5411494506385135,0.9976220585442955,1932.9636257163245,High CLV
15179,4.0,301.0,319.0,230.33249999999998,1.2282632919008072,0.9973384787212305,1112.5169197389748,Medium CLV
15181,2.0,203.0,269.0,194.74,0.8910364149589937,0.9882275449715359,718.8038849392415,Low CLV
15182,1.0,114.0,268.0,252.37,0.5397545058549347,0.8270108478309922,627.5674496674823,Low CLV
15184,1.0,161.0,190.0,171.53,0.7836832915491146,0.939546802631919,623.1286506440515,Low CLV
15186,1.0,154.0,168.0,182.15,0.8571121435893171,0.9469923421190837,722.7023913409762,Low CLV
15187,13.0,211.0,212.0,334.2753846153846,4.345760049538039,0.9994380529727049,5517.83373551179,Premium CLV
15189,37.0,331.0,332.0,427.21378378378375,8.227037623153992,0.9998028979014865,13231.446032181686,Premium CLV
15192,2.0,246.0,365.0,364.65999999999997,0.6996309089375341,0.9832069157766783,1052.734666212957,Medium CLV
15194,14.0,365.0,368.0,515.0264285714286,3.062544876402047,0.9994519672171536,5986.718445831328,Premium CLV
15197,2.0,348.0,358.0,261.555,0.7182242403309287,0.9938223917580604,776.6468814889982,Low CLV
15198,1.0,32.0,124.0,86.0,0.9021945169962299,0.8271311046673532,366.8898428133157,Low CLV
15199,3.0,249.0,308.0,305.2,1.0329040672508556,0.9936669489522858,1258.8523204143544,Medium CLV
15201,3.0,160.0,247.0,311.68666666666667,1.2128639610500445,0.9881043775240494,1509.0532339887222,Medium CLV
15203,5.0,286.0,311.0,323.172,1.4769027459013706,0.9976008195896654,1856.7009820555056,High CLV
15205,1.0,42.0,127.0,176.94,0.9143049006468267,0.8499586661364539,749.0288668611125,Low CLV
15206,3.0,265.0,275.0,134.20000000000002,1.1294761216247393,0.9965510238624673,608.2554501164169,Low CLV
15208,4.0,352.0,353.0,201.18,1.1347000107692198,0.99790412468762,898.307963619076,Medium CLV
15211,1.0,305.0,365.0,511.34000000000003,0.4801231290298267,0.9346317438039193,1123.490324305031,Medium CLV
15213,1.0,11.0,329.0,15.149999999999999,0.18822895928921823,0.33746397379574483,16.071009931755768,Low CLV
15214,7.0,241.0,242.0,163.78714285714287,2.3272911267150422,0.9989136969462324,1468.5704865016817,Medium CLV
15215,1.0,50.0,96.0,434.90000000000003,1.1390373395109494,0.9079281692784947,2265.3711239780428,High CLV
15218,8.0,308.0,318.0,646.90375,2.1141357855075853,0.9988450588176154,5240.910163904578,Premium CLV
15220,5.0,229.0,280.0,292.57,1.597716886559263,0.9958312465394433,1818.5950535897987,High CLV
15223,1.0,24.0,249.0,454.9,0.3775412530245994,0.5478165331244347,786.130719756039,Low CLV
15224,1.0,4.0,362.0,310.48,0.1331686440535698,0.25752586392696336,190.07273045866225,Low CLV
15227,3.0,281.0,317.0,300.39,1.0118002929837695,0.9953575169242393,1213.8185016031866,Medium CLV
15228,3.0,228.0,294.0,827.2866666666665,1.0695934948537917,0.9927975232340527,3524.455456701407,Premium CLV
15230,1.0,1.0,240.0,59.400000000000006,0.29697987344042115,0.419499858408736,85.0143055744522,Low CLV
15232,1.0,27.0,140.0,301.7,0.7922811897693032,0.7805476108677792,1097.6186380045135,Medium CLV
15235,9.0,156.0,373.0,240.89000000000001,1.2458803430610832,0.6049169068656527,1148.546641078939,Medium CLV
15237,3.0,226.0,227.0,157.79999999999998,1.300812710809538,0.996919360476216,822.4150588559182,Medium CLV
15238,2.0,155.0,184.0,385.925,1.1709388972319914,0.9914981222095577,1862.422120727009,High CLV
15239,1.0,68.0,78.0,318.8,1.3139883148017792,0.9462573798986935,1921.0717865223949,High CLV
15240,4.0,267.0,311.0,348.4175,1.251116896728258,0.9960385882979774,1711.8454976897074,High CLV
15241,7.0,217.0,283.0,194.44428571428574,2.0622147487756157,0.994372587971146,1544.3691274779983,High CLV
15244,1.0,183.0,248.0,333.63,0.6374190371312444,0.9221783347463516,976.2348090410618,Medium CLV
15245,2.0,127.0,261.0,632.1800000000001,0.8932374694728084,0.968616379083724,2324.1031745236655,High CLV
15246,1.0,120.0,358.0,328.15000000000003,0.387131244157736,0.7420309134453913,583.6270445068244,Low CLV
15249,11.0,225.0,256.0,516.9672727272728,3.268736715193336,0.9979104425635493,6434.515501860396,Premium CLV
15251,9.0,232.0,241.0,848.7744444444444,2.87731759468786,0.9989307323832092,9330.64414876562,Premium CLV
15252,1.0,147.0,183.0,440.23,0.7995312369559829,0.9346283765446015,1610.7914847413642,High CLV
15253,2.0,153.0,169.0,372.17499999999995,1.2403390187049186,0.9928411265806953,1902.6408413610275,High CLV
15258,1.0,49.0,217.0,307.5,0.5511171845004799,0.724316233633143,778.503631811025,Low CLV
15260,5.0,272.0,372.0,278.054,1.2750620831392596,0.9921916974909063,1379.948531565434,Medium CLV
15265,1.0,84.0,235.0,793.88,0.5768746381101685,0.8025407279705385,2088.982685627506,High CLV
15267,4.0,160.0,182.0,170.4,1.8450785161670473,0.9966843047594118,1237.2498504615319,Medium CLV
15270,4.0,295.0,310.0,424.1975,1.2560040117510836,0.9974375148786716,2091.3265069682093,High CLV
15271,14.0,358.0,365.0,171.09428571428572,3.082475789539714,0.9993700510417793,2003.7764279030866,High CLV
15272,1.0,29.0,86.0,422.98,1.168927942293452,0.88177737521572,2261.37159373744,High CLV
15274,1.0,14.0,18.0,332.58000000000004,2.0480857280690947,0.9492988417488971,3119.721694693136,Premium CLV
15281,8.0,275.0,333.0,193.96625,2.033926674166152,0.9962587586530444,1514.3621273655058,Medium CLV
15287,1.0,48.0,70.0,145.71,1.3610352477242265,0.9335796133574221,921.5967103319509,Medium CLV
15288,4.0,322.0,365.0,535.2175,1.1031238940728854,0.996396269316038,2316.9008598960336,High CLV
15289,2.0,220.0,249.0,282.165,0.9472934026871653,0.9921534263537347,1103.9586605861755,Medium CLV
15290,16.0,355.0,359.0,482.72625,3.524579268738053,0.9994974804364792,6447.251157930506,Premium CLV
15291,14.0,348.0,373.0,309.9642857142857,3.027585058659031,0.9988246365990043,3563.162901022946,Premium CLV
15296,5.0,276.0,326.0,494.70599999999996,1.4218998891557555,0.9963514311375198,2734.3672835856573,High CLV
15297,2.0,53.0,63.0,205.74,2.097704182305938,0.9927420111210452,1783.991136739045,High CLV
15298,10.0,364.0,366.0,440.23,2.2867723670636266,0.9992517158983811,3841.6549914805455,Premium CLV
15299,3.0,305.0,372.0,890.6666666666666,0.8900177727841146,0.9937754478671184,3158.0069073028,Premium CLV
15301,9.0,318.0,368.0,488.5533333333333,2.0764100177787017,0.9972850216463658,3878.851154765671,Premium CLV
15304,7.0,308.0,368.0,81.60714285714286,1.6832231627503682,0.9964661356664581,531.147365849815,Low CLV
15306,2.0,84.0,148.0,414.865,1.3356948539370859,0.982595574411225,2282.412630150401,High CLV
15311,89.0,373.0,373.0,677.7294382022471,17.603036114919817,0.9999262541792533,44785.2199488197,Premium CLV
15312,3.0,279.0,354.0,211.70333333333335,0.9252695562860183,0.9929140704219848,783.720382208444,Low CLV
15315,1.0,52.0,116.0,336.96,1.0049013005945555,0.886927511554358,1552.5799592083968,High CLV
15321,1.0,221.0,291.0,1588.8400000000001,0.5667861486226233,0.9241302457883954,4099.715902072202,Premium CLV
15329,2.0,132.0,171.0,370.3,1.2271242459788159,0.9898380062118468,1872.9605635655469,High CLV
15330,1.0,28.0,60.0,394.56,1.4258889109993669,0.9170889401777211,2573.900006345653,High CLV
15332,1.0,3.0,369.0,63.0,0.1246451976881164,0.2447707727467231,37.745482014715606,Low CLV
15334,2.0,17.0,173.0,118.58500000000001,1.0731948462709668,0.8722981585516465,530.0183690275354,Low CLV
15339,1.0,252.0,318.0,316.17,0.5320278354854596,0.928834647613027,772.9555352841412,Low CLV
15344,2.0,74.0,74.0,127.625,1.9603214734129368,0.9943020711571516,1039.8684587536056,Medium CLV
15349,1.0,29.0,187.0,107.69999999999999,0.5869618184283402,0.6961748815702014,296.64245967978394,Low CLV
15351,6.0,357.0,369.0,280.9066666666667,1.4872013325831803,0.9984539106415566,1615.5264223804627,High CLV
15353,1.0,113.0,367.0,465.37,0.3653571969939076,0.7143446059287557,778.6286708570718,Low CLV
15355,1.0,24.0,53.0,150.8,1.4997289863729104,0.919683175967211,1049.8888580659097,Medium CLV
15356,9.0,337.0,368.0,290.69777777777773,2.0785705371397527,0.9983227037897309,2311.6877214582078,High CLV
15358,14.0,361.0,365.0,551.6178571428571,3.082667857572993,0.9994323214546963,6453.924466649305,Premium CLV
15364,1.0,159.0,254.0,581.39,0.610635052744263,0.8990845859419895,1622.2810433236573,High CLV
15365,3.0,290.0,315.0,701.9033333333333,1.0173809302622725,0.9959332558357804,2845.308690069936,High CLV
15366,1.0,283.0,358.0,496.97,0.48397957696288324,0.9276642301605507,1100.8772106313188,Medium CLV
15367,2.0,218.0,275.0,556.505,0.8775745110330773,0.9895463775425678,2010.9508397296202,High CLV
15370,6.0,292.0,332.0,366.97499999999997,1.6156614257681903,0.9973079336963465,2291.391760395135,High CLV
15373,10.0,363.0,371.0,208.161,2.2617037712239827,0.999128874520943,1798.278842306953,High CLV
15376,2.0,182.0,222.0,289.595,1.0276569657731742,0.990693526386928,1228.7560799534883,Medium CLV
15379,6.0,189.0,358.0,368.6383333333333,1.45843170095208,0.9556867595972497,2077.9333409189267,High CLV
15380,4.0,357.0,365.0,365.0400000000001,1.1045835410726312,0.9977146949551522,1583.564394283664,High CLV
15381,1.0,55.0,268.0,314.55,0.4326250648306394,0.6628673179704482,625.178782662849,Low CLV
15382,4.0,281.0,295.0,1234.0725,1.3049248860383242,0.9974543507711229,6311.785648880276,Premium CLV
15384,1.0,190.0,359.0,338.84,0.44667515296527627,0.8580696854631189,695.0927976130617,Low CLV
15392,3.0,356.0,360.0,398.84999999999997,0.9165485468505229,0.9968367403016533,1458.731410479556,Medium CLV
15393,1.0,265.0,281.0,107.76,0.5973887514775514,0.948501538876218,302.2670133761822,Low CLV
15394,3.0,349.0,358.0,531.96,0.9204808677263547,0.9966674510897552,1952.4098311917528,High CLV
15398,1.0,62.0,78.0,710.6800000000001,1.3065441980820418,0.940896563289041,4231.725321184507,Premium CLV
15399,2.0,78.0,79.0,255.3,1.90218858151507,0.9941796316815324,2004.369689652107,High CLV
15400,4.0,186.0,278.0,92.525,1.3545648975837068,0.9897127899929756,495.6652837104109,Low CLV
15402,1.0,48.0,196.0,185.78,0.6174824748981647,0.7561240767629805,530.9422709199628,Low CLV
15406,1.0,270.0,301.0,258.42,0.5638172886983632,0.9433803098483711,671.1641765842153,Low CLV
15407,3.0,272.0,305.0,297.1466666666667,1.0426312321182392,0.9954703116121207,1237.2948009019797,Medium CLV
15410,7.0,177.0,261.0,438.32000000000005,2.1794875714005766,0.9889735483171683,3673.529724321874,Premium CLV
15411,3.0,156.0,182.0,400.82666666666665,1.5131499143580354,0.9951870692963503,2418.100284913964,High CLV
15414,2.0,233.0,242.0,369.35,0.9687637515019045,0.9937128500529147,1475.5237936069527,Medium CLV
15416,3.0,218.0,282.0,869.6933333333333,1.1040591493858494,0.9927907877798497,3824.0360516223545,Premium CLV
15421,2.0,252.0,310.0,327.65,0.8012502611474233,0.9900251081626253,1083.6443087850669,Medium CLV
15426,3.0,350.0,369.0,345.3233333333333,0.8981189523289433,0.9963139890703997,1238.190881885977,Medium CLV
15427,1.0,14.0,47.0,1112.11,1.5483273018695232,0.9097516864200869,7829.903753277259,Premium CLV
15429,1.0,49.0,75.0,154.29000000000002,1.3143762049810976,0.9296762922535781,941.1888076522639,Medium CLV
15433,1.0,54.0,267.0,160.66,0.4322620827139851,0.6604641247611613,322.5467269149021,Low CLV
15434,3.0,192.0,200.0,244.84,1.4212667491700037,0.9965479188129446,1390.2039899091621,Medium CLV
15436,2.0,222.0,234.0,316.74,0.9924209701675047,0.9934777292277859,1297.2487651710846,Medium CLV
15440,2.0,154.0,208.0,128.94,1.0733434713633814,0.9883614196853786,575.8174678422015,Low CLV
15443,6.0,319.0,320.0,466.5333333333333,1.6652614068108738,0.9987119306851355,3001.282481343742,Premium CLV
15444,1.0,31.0,40.0,1075.36,1.6944348426203288,0.9448658164773636,8285.7262340198,Premium CLV
15449,2.0,235.0,261.0,314.29999999999995,0.9152582353296216,0.9924954428465392,1187.3972943505485,Medium CLV
15452,2.0,235.0,264.0,145.74,0.9072983317316088,0.9922636237032486,549.4507272433136,Low CLV
15453,6.0,186.0,187.0,198.54666666666665,2.464118773223321,0.9987003868767209,1892.1989121939064,High CLV
15456,1.0,76.0,359.0,204.0,0.31649227647285366,0.6079864221721766,298.60208737651743,Low CLV
15462,2.0,93.0,187.0,64.8,1.1391411151026891,0.9751204112084036,311.3138919827187,Low CLV
15465,17.0,350.0,369.0,401.11,3.6423385625608606,0.9991161662711586,5533.081004387486,Premium CLV
15467,2.0,143.0,152.0,118.22999999999999,1.3281917537806842,0.9934739283589582,653.9140508999275,Low CLV
15469,1.0,70.0,120.0,234.25,1.0120547858627706,0.9105462190204383,1092.1587140489235,Medium CLV
15473,3.0,46.0,60.0,374.0,2.7418844978774644,0.9952410196050037,4084.752264448673,Premium CLV
15478,1.0,16.0,56.0,614.59,1.4371746749865832,0.8997624157383229,4027.543356891249,Premium CLV
15482,8.0,343.0,358.0,1291.415,1.925263814156316,0.9987380293776182,9525.590780394583,Premium CLV
15483,1.0,105.0,266.0,118.96000000000001,0.5327982750341047,0.8117992837647829,296.6618952825083,Low CLV
15484,3.0,77.0,78.0,652.5966666666667,2.452549388189385,0.9968793530250387,6367.970292114139,Premium CLV
15485,2.0,343.0,373.0,812.4549999999999,0.6942324233755484,0.9927584235778981,2321.0651732659676,High CLV
15489,2.0,189.0,211.0,393.01,1.0671340731120817,0.9925238027534078,1728.6402984144618,High CLV
15491,4.0,140.0,235.0,519.41,1.5275874867194472,0.9858123577539712,3112.1852331215837,Premium CLV
15492,1.0,46.0,74.0,171.71999999999997,1.3184925224228348,0.926949982060134,1048.3212254974535,Medium CLV
15493,3.0,238.0,270.0,487.68,1.1437661350691344,0.9953472489975025,2223.7508610940617,High CLV
15494,1.0,100.0,121.0,171.85,1.0400806000196487,0.9402070618976185,828.0023971646118,Medium CLV
15497,1.0,302.0,319.0,291.6,0.5420847525296193,0.9487085552109041,727.0648911608374,Low CLV
15498,16.0,364.0,366.0,771.23,3.4706317432433376,0.9995361700499427,10141.223923272157,Premium CLV
15500,3.0,73.0,81.0,241.84666666666666,2.407982250050256,0.9962171682781482,2324.4193104107117,High CLV
15502,7.0,354.0,369.0,1378.3185714285714,1.6831407045919276,0.9985917563529855,8917.008614297705,Premium CLV
15505,4.0,103.0,155.0,666.7,2.0389194429681186,0.9921666832792574,5327.231240123825,Premium CLV
15506,2.0,116.0,138.0,384.95500000000004,1.4072629286761535,0.9918079964433857,2231.908585189023,High CLV
15508,3.0,46.0,235.0,229.61666666666667,1.0896820104075848,0.856167532544557,1000.1208954259089,Medium CLV
15511,4.0,74.0,85.0,176.5825,2.8673753604608274,0.9970249595172583,1990.5729035560325,High CLV
15512,1.0,204.0,359.0,19.799999999999997,0.45436370704143547,0.8728395134555638,48.39921347405556,Low CLV
15513,14.0,340.0,373.0,1028.6585714285716,3.0263995043511933,0.9984335127072717,11813.28132643867,Premium CLV
15514,7.0,352.0,364.0,365.8957142857143,1.7017967702673609,0.9986675347235371,2395.859298011787,High CLV
15516,1.0,2.0,46.0,8.67,1.511916211583078,0.8818907892048717,84.3782309805703,Low CLV
15518,6.0,268.0,332.0,258.9483333333333,1.6128921356467767,0.9955985192331773,1615.214345159278,High CLV
15521,5.0,214.0,254.0,504.90200000000004,1.7194632203077247,0.9964562747292599,3373.678599770668,Premium CLV
15522,1.0,55.0,87.0,138.94,1.2190134087171935,0.9247711678432203,788.174353448437,Low CLV
15525,2.0,371.0,373.0,255.995,0.6952496365989943,0.9942130473640368,735.9737707352097,Low CLV
15527,7.0,336.0,354.0,315.48285714285714,1.7397945426659476,0.9984895007839621,2112.30081217602,High CLV
15529,10.0,344.0,366.0,369.957,2.285597917816385,0.9987385164026882,3227.268387381599,Premium CLV
15530,3.0,225.0,246.0,316.4066666666667,1.226089583641611,0.9959178313315746,1548.512520762634,High CLV
15531,1.0,22.0,30.0,485.13,1.8359474718224282,0.9452371152789423,4066.1887738143655,Premium CLV
15532,3.0,333.0,358.0,408.1933333333333,0.9199096420097053,0.9960489460246621,1498.2634063548849,Medium CLV
15533,2.0,70.0,89.0,178.95499999999998,1.7912318070982671,0.9914870613905021,1327.1768550620088,Medium CLV
15535,2.0,154.0,327.0,121.93,0.7468595528442845,0.962000232151905,379.4220466527584,Low CLV
15544,8.0,363.0,372.0,399.02125,1.8672557670217405,0.9989006543779266,2856.901476711632,Premium CLV
15545,1.0,317.0,371.0,157.39,0.4752133326761683,0.9372561614290326,347.72844869213804,Low CLV
15547,11.0,355.0,362.0,380.6790909090909,2.505809784045854,0.9992197802300572,3634.417407280178,Premium CLV
15549,2.0,239.0,316.0,375.58000000000004,0.787745950436701,0.9879245933905689,1220.3991692520144,Medium CLV
15550,3.0,297.0,301.0,145.91,1.0547135928067863,0.9968170222528745,617.1809972412224,Low CLV
15555,15.0,357.0,369.0,307.116,3.2512333062300343,0.9992865393597221,3787.797992682517,Premium CLV
15561,2.0,204.0,215.0,267.42,1.0541929601183695,0.9935012069346494,1164.519987120805,Medium CLV
15563,2.0,336.0,358.0,565.125,0.7177576137811561,0.9931767105241062,1670.7295941402506,High CLV
15565,1.0,20.0,70.0,84.36000000000001,1.2919905582901205,0.8862195508064655,515.4843999943915,Low CLV
15568,2.0,71.0,73.0,264.99,1.9718157998996462,0.9940444180967406,2155.887101067079,High CLV
15569,3.0,229.0,332.0,362.40333333333325,0.9697103205935933,0.9890810076294854,1402.5985532099066,Medium CLV
15570,11.0,362.0,369.0,331.6245454545455,2.467618435087337,0.9992221341239194,3118.290170777446,Premium CLV
15571,3.0,67.0,78.0,149.36,2.4500354569212273,0.9958575239894158,1465.0578374818076,Medium CLV
15572,4.0,274.0,278.0,526.7375,1.3656334721473025,0.9978000435694729,2821.9787379515724,High CLV
15573,1.0,54.0,85.0,196.75,1.233977830642471,0.925571580093946,1121.3092867443377,Medium CLV
15574,2.0,195.0,372.0,163.3,0.6786494477138835,0.968380456722399,460.1068033705383,Low CLV
15577,1.0,154.0,305.0,229.23000000000002,0.5058482090840316,0.855031777042195,535.0983561401013,Low CLV
15579,1.0,245.0,313.0,149.0,0.5377782216387441,0.9273850830681447,372.90098961817466,Low CLV
15581,11.0,246.0,366.0,309.7845454545455,2.4131110068357273,0.9707666083533789,2848.760281076215,Premium CLV
15582,2.0,196.0,220.0,189.65000000000003,1.0360581019228077,0.9923976248118745,813.9291101844121,Medium CLV
15584,3.0,139.0,162.0,190.15333333333334,1.6332741228179164,0.9952908964281664,1242.1946441608784,Medium CLV
15587,3.0,301.0,351.0,189.6,0.9332619491409276,0.9947290390168038,708.4206100305482,Low CLV
15589,1.0,55.0,310.0,293.58,0.34801074488605055,0.595674969622002,469.8733349788678,Low CLV
15594,4.0,219.0,234.0,375.9675,1.5501581417991845,0.9973025833979221,2287.5106421789123,High CLV
15596,4.0,265.0,365.0,251.0675,1.0979678678502167,0.9917390904439582,1083.8452508868431,Medium CLV
15599,1.0,178.0,204.0,312.90999999999997,0.7483622629797054,0.9419748457511856,1075.4096307408581,Medium CLV
15601,13.0,361.0,372.0,462.16769230769233,2.840810880348559,0.9992389569060139,4988.726240102781,Premium CLV
15602,8.0,360.0,368.0,150.665,1.8835957913202444,0.9989220735999712,1090.1997495444598,Medium CLV
15605,4.0,337.0,373.0,250.845,1.0844570795752027,0.996746857795156,1069.5898497803578,Medium CLV
15606,8.0,263.0,324.0,326.82,2.0771752590136257,0.9958067454176743,2603.29687928918,High CLV
15608,2.0,92.0,120.0,404.0,1.5256744041886428,0.9904947436869439,2538.446036657502,High CLV
15611,11.0,325.0,334.0,135.20000000000002,2.671045601906928,0.9991601570076266,1377.9558052256018,Medium CLV
15612,1.0,25.0,61.0,125.5,1.406211360848971,0.9104466490946368,823.2463265677762,Medium CLV
15615,16.0,349.0,359.0,582.409375,3.5241011900072556,0.9993619072373969,7776.927806528096,Premium CLV
15618,2.0,104.0,136.0,277.01,1.4173457446599884,0.9901645308384324,1620.508621102165,High CLV
15620,2.0,302.0,358.0,564.345,0.716050874138851,0.9908150580231514,1664.4636957053092,High CLV
15621,2.0,17.0,21.0,364.875,2.8918526383349796,0.9935014451727021,4342.292443352022,Premium CLV
15622,4.0,239.0,282.0,783.39,1.3483738615281686,0.9958896813438584,4141.668956783222,Premium CLV
15624,3.0,140.0,256.0,134.74333333333334,1.1721807508182056,0.980439971239886,633.7290292967426,Low CLV
15625,3.0,132.0,235.0,279.6433333333334,1.2507283368123034,0.9827022780816698,1396.715003010727,Medium CLV
15626,1.0,255.0,329.0,393.92,0.5163320270816153,0.9256995220870604,932.5744402652418,Medium CLV
15628,8.0,362.0,366.0,318.8825,1.8920184372456488,0.999009441682288,2314.02784358373,High CLV
15630,1.0,159.0,204.0,789.49,0.739315931702597,0.9305880923953453,2661.8969521697895,High CLV
15632,7.0,259.0,274.0,412.95428571428573,2.1219009509892395,0.9984804070148267,3369.9215700667082,Premium CLV
15636,1.0,193.0,282.0,418.06,0.5717508626143154,0.9102380999242177,1095.0937234951623,Medium CLV
15640,14.0,368.0,372.0,870.1385714285715,3.0359849594310826,0.9994335100911927,10024.897741346145,Premium CLV
15641,3.0,254.0,359.0,526.2766666666666,0.9120386218326679,0.989729104593598,1913.889098795091,High CLV
15643,1.0,91.0,282.0,326.9,0.47747175211134224,0.7601439872290862,716.8257121261075,Low CLV
15644,2.0,95.0,261.0,287.19,0.8719800262295238,0.9455650535330384,1034.2370037303706,Medium CLV
15646,2.0,215.0,372.0,128.92000000000002,0.6833329456416639,0.975063447296753,366.82214290673943,Low CLV
15648,1.0,63.0,267.0,340.5,0.4548038766925105,0.6949062996035571,710.8244234291965,Low CLV
15649,1.0,31.0,367.0,306.0,0.2015640825421308,0.39409710906926676,283.5975791360672,Low CLV
15651,1.0,224.0,260.0,418.98,0.6272740578874689,0.9396655654089038,1203.9014003956831,Medium CLV
15653,1.0,23.0,115.0,829.4399999999999,0.9270259875836605,0.8142318000636434,3503.1392753348227,Premium CLV
15654,1.0,17.0,26.0,327.51,1.895841707622238,0.9436290601605066,2844.624370945906,High CLV
15656,3.0,239.0,284.0,168.51666666666668,1.1000903614515956,0.994535787698893,742.593738651313,Low CLV
15658,4.0,182.0,372.0,179.47500000000002,1.048064592634759,0.9612185501776656,740.6525571590155,Low CLV
15660,5.0,340.0,365.0,278.312,1.3018828554674329,0.9977219059789122,1410.2497224311776,Medium CLV
15661,1.0,21.0,338.0,193.8,0.20820340196854256,0.3812810701672457,186.76617433421893,Low CLV
15665,1.0,75.0,243.0,765.79,0.5392688670452733,0.768659026252988,1884.1234499165423,High CLV
15669,3.0,223.0,263.0,161.84666666666666,1.1657040592752166,0.9947306211121759,755.8895048545967,Low CLV
15671,6.0,252.0,270.0,383.49,1.895292627622827,0.9981336350680087,2808.0976926600188,High CLV
15673,3.0,239.0,327.0,637.0233333333333,0.9832473139741074,0.991015152751525,2496.2224316204797,High CLV
15674,4.0,181.0,254.0,522.87,1.4525901532621532,0.9921699621007654,2979.3464775475577,Premium CLV
15675,2.0,199.0,280.0,139.345,0.8628327611243565,0.9862370953904845,499.918066527987,Low CLV
15676,2.0,265.0,283.0,1268.98,0.8619417583607185,0.9931984271748653,4495.746201678279,Premium CLV
15679,3.0,158.0,182.0,201.01999999999998,1.5134163970594752,0.9953623329210234,1216.5655796701067,Medium CLV
15680,2.0,357.0,366.0,427.39500000000004,0.705676500495268,0.993880503038709,1243.60230449599,Medium CLV
15681,3.0,255.0,280.0,360.16,1.1134033908531817,0.9958151840409779,1600.1607584943579,High CLV
15687,7.0,322.0,330.0,377.0857142857143,1.8396370639878434,0.9987512866751292,2668.7308923378564,High CLV
15689,1.0,242.0,361.0,150.6,0.46798262320336,0.9030005860777052,327.98355190832314,Low CLV
15690,1.0,96.0,100.0,128.76,1.1684118295180266,0.9513234917651412,701.6223306704995,Low CLV
15694,13.0,372.0,372.0,474.84615384615387,2.84145241392201,0.9994646126662017,5126.654509337154,Premium CLV
15696,7.0,293.0,326.0,320.43,1.855634343209592,0.9978471012725667,2288.0117899879,High CLV
15700,1.0,1.0,173.0,3.9,0.5025855597479528,0.5660285039753656,17.206604010763648,Low CLV
15701,3.0,108.0,110.0,228.38,2.0605095843946644,0.9968203816877929,1879.3640926823482,High CLV
15704,2.0,75.0,215.0,677.385,1.008241625534087,0.950195371952962,2809.642233822587,High CLV
15706,3.0,53.0,116.0,203.50333333333333,1.974667939858618,0.9839137463804265,1606.0119093984763,High CLV
15707,3.0,51.0,86.0,259.59999999999997,2.3288673686526726,0.9916181633755464,2412.3813220283246,High CLV
15708,6.0,329.0,369.0,502.26,1.4857420568068422,0.9974742049529808,2882.97710956561,Premium CLV
15712,4.0,278.0,287.0,193.14000000000001,1.3328309234572702,0.9976311420896175,1012.9362702196646,Medium CLV
15713,1.0,223.0,366.0,185.55,0.4540653211701273,0.885846303721171,390.34624686299134,Low CLV
15714,1.0,66.0,77.0,198.4,1.32057530999816,0.9453543472881509,1209.7659058149416,Medium CLV
15716,3.0,224.0,369.0,190.57000000000002,0.8859563438140943,0.9828215925726888,675.972345067571,Low CLV
15719,12.0,305.0,337.0,384.3808333333333,2.8603872862455972,0.998318233362917,4182.774844584218,Premium CLV
15722,3.0,255.0,290.0,632.8366666666667,1.0835359571322787,0.9952712914112399,2732.3751228191677,High CLV
15724,1.0,83.0,284.0,114.60000000000001,0.459423220324395,0.735336484584159,246.73606398971427,Low CLV
15727,6.0,343.0,359.0,607.0183333333333,1.520123476333307,0.9983345944625935,3564.0717115776565,Premium CLV
15730,2.0,141.0,206.0,326.725,1.0782169342594812,0.9861938275661811,1453.3262453893183,Medium CLV
15732,1.0,160.0,372.0,156.02,0.4082514926219203,0.8069325708933243,296.1902541791334,Low CLV
15734,1.0,86.0,200.0,760.8000000000001,0.6839581114120696,0.8492168917427874,2373.43196628027,High CLV
15737,6.0,228.0,242.0,121.54,2.05525399248857,0.9982463619226072,968.2569165433639,Medium CLV
15738,14.0,354.0,372.0,320.1978571428572,3.0349134279196996,0.9990807664136366,3689.6027958796394,Premium CLV
15743,3.0,168.0,184.0,153.97,1.5033419073358951,0.9959987180026894,927.3286721561819,Medium CLV
15745,3.0,217.0,236.0,263.91333333333336,1.2637693327514108,0.9960009611027251,1332.2437900544637,Medium CLV
15747,2.0,160.0,172.0,365.695,1.2266738966390889,0.9932607240740191,1849.1175146277392,High CLV
15749,1.0,97.0,332.0,21535.9,0.39489624060480993,0.7130466031256989,38643.27753240858,Premium CLV
15750,6.0,364.0,366.0,354.16,1.497338093365809,0.9986926822638353,2049.764628840653,High CLV
15752,6.0,333.0,372.0,396.28833333333336,1.4761834024108165,0.9975307731786487,2260.813834050385,High CLV
15754,2.0,195.0,246.0,183.385,0.9534143299167758,0.9897373385210889,724.6054300156268,Low CLV
15755,5.0,284.0,294.0,409.91399999999993,1.5430630691901939,0.9981320324829202,2459.224070436878,High CLV
15756,3.0,188.0,249.0,136.45666666666668,1.211039511859207,0.992467892392678,662.9656164303638,Low CLV
15757,1.0,152.0,217.0,453.06,0.6981136636726166,0.9175091500322179,1447.4928014803156,Medium CLV
15759,2.0,140.0,358.0,77.9,0.6796823270451331,0.9404911140125859,222.46874645382292,Low CLV
15762,1.0,12.0,77.0,268.44,1.1891599488550184,0.8512786198256372,1467.0189893243903,Medium CLV
15763,1.0,46.0,77.0,564.4300000000001,1.2903125059942482,0.9236902489897606,3323.476794951073,Premium CLV
15764,3.0,188.0,276.0,719.68,1.1182158111354483,0.9893166027894565,3205.8489791249654,Premium CLV
15768,2.0,110.0,225.0,133.74,0.9980623641850908,0.9714038834188645,555.1440591256543,Low CLV
15769,21.0,364.0,371.0,2674.329523809524,4.408350525252724,0.9995439653674778,44540.46643240647,Premium CLV
15777,2.0,120.0,361.0,340.78,0.6586406168294999,0.9174725791773665,926.4652575411,Medium CLV
15780,2.0,174.0,357.0,149.065,0.6976558662073423,0.9632086476225664,432.192111043925,Low CLV
15781,2.0,280.0,305.0,131.055,0.8136564417227049,0.9927998454050707,443.793365744672,Low CLV
15782,2.0,80.0,89.0,488.20000000000005,1.7942290836122141,0.9931461213017944,3603.525859083522,Premium CLV
15785,3.0,263.0,295.0,466.7966666666666,1.0697001023666761,0.9954799661191677,1991.132944286848,High CLV
15786,1.0,68.0,114.0,1771.36,1.0456626070324893,0.9139635223131831,8419.053339533046,Premium CLV
15787,1.0,35.0,61.0,456.0,1.4312198156485283,0.92663828607412,2982.180919653327,Premium CLV
15791,1.0,161.0,204.0,389.45000000000005,0.7403746878447028,0.9319207646892118,1321.1810433653775,Medium CLV
15793,2.0,254.0,268.0,329.485,0.8982241329086973,0.9934273556498091,1221.317901753551,Medium CLV
15796,7.0,301.0,302.0,338.23428571428576,1.9712897661145783,0.9989180055913331,2565.2384752297626,High CLV
15797,3.0,206.0,319.0,730.8000000000001,0.998089169810362,0.9866902320403865,2906.120123381913,Premium CLV
15799,2.0,259.0,334.0,281.96,0.7548350419235748,0.988578373319347,879.3896652580993,Medium CLV
15800,1.0,139.0,246.0,454.58,0.6146298709030644,0.8839556548131291,1278.8877730686736,Medium CLV
15801,2.0,63.0,109.0,463.365,1.6016573827450828,0.9854398150275865,3054.3709517317557,Premium CLV
15804,12.0,198.0,198.0,306.7525,4.24463971429404,0.9994165560737318,4951.694303000818,Premium CLV
15805,12.0,341.0,364.0,429.8066666666667,2.691698964664447,0.9988172325426529,4401.238011483166,Premium CLV
15806,2.0,230.0,276.0,242.11,0.8762785127139896,0.9907891979808501,877.2870004319997,Medium CLV
15807,1.0,27.0,77.0,268.3,1.2447638321689083,0.8910835233543593,1534.8251250893884,High CLV
15808,3.0,63.0,369.0,904.5066666666668,0.6097371910035688,0.6764022643972085,2197.0516894535363,High CLV
15809,4.0,266.0,302.0,79.2425,1.2803554515360323,0.9964549234502798,401.9482406480711,Low CLV
15810,3.0,218.0,296.0,338.21999999999997,1.0626291881783692,0.9914660716193567,1434.5694464765804,Medium CLV
15811,5.0,343.0,365.0,385.754,1.3020159363104362,0.9978238949341958,1953.4527742959963,High CLV
15812,4.0,210.0,317.0,389.08500000000004,1.2235729314243753,0.9886750427892262,1869.099806934754,High CLV
15813,1.0,32.0,239.0,533.26,0.432984584587886,0.6097635405100378,1055.5776018322472,Medium CLV
15814,2.0,34.0,50.0,412.19,2.2885646635487515,0.9912036546295868,3881.5244009476287,Premium CLV
15815,4.0,196.0,259.0,418.4,1.434022406154148,0.9937128015200344,2354.6720555992806,High CLV
15819,3.0,227.0,276.0,421.93666666666667,1.1236599514746068,0.9941331850375437,1890.933130809608,High CLV
15821,1.0,17.0,61.0,316.78,1.3806804167404894,0.8939167282314201,2005.506479740266,High CLV
15822,1.0,356.0,359.0,445.27,0.49611805717641205,0.9530502479215157,1011.9499319383209,Medium CLV
15826,1.0,154.0,210.0,934.3100000000001,0.7190116540315433,0.9234665984897167,3061.6199139632035,Premium CLV
15827,10.0,299.0,372.0,164.51600000000002,2.247014216614062,0.9947918331383233,1412.6622996218384,Medium CLV
15829,1.0,41.0,140.0,310.7,0.8392232839899373,0.8267944989249287,1196.9209139259228,Medium CLV
15831,2.0,266.0,324.0,245.90999999999997,0.7743387292925651,0.9902265384572118,787.4797360770931,Low CLV
15834,2.0,207.0,277.0,476.19,0.8713158349450328,0.9878668667741048,1709.4149852950236,High CLV
15835,3.0,286.0,330.0,217.66,0.9801130013182376,0.9949573282947167,853.3245766209188,Medium CLV
15838,14.0,356.0,367.0,2334.6842857142856,3.068705114082224,0.9992767140410174,27182.414157296378,Premium CLV
15839,2.0,115.0,148.0,374.655,1.3461458632491206,0.9902837941178941,2078.2964839108877,High CLV
15840,1.0,114.0,172.0,113.82,0.815580450390589,0.9150480888514985,434.7861130929622,Low CLV
15841,3.0,266.0,338.0,297.4866666666667,0.9598581818506063,0.9929410195485207,1140.5120397459953,Medium CLV
15845,7.0,320.0,337.0,486.9157142857143,1.8090393396786877,0.9984993042739687,3387.7323252415918,Premium CLV
15847,1.0,250.0,288.0,208.59,0.5811168502653437,0.9400470617582823,560.1827039328441,Low CLV
15850,1.0,149.0,168.0,119.97,0.8546045307393734,0.9442217709824391,479.4269920814034,Low CLV
15852,1.0,11.0,197.0,57.5,0.4694505358683327,0.5768611492699336,130.29642451419403,Low CLV
15854,9.0,357.0,361.0,304.95000000000005,2.1125071970655385,0.9991225158758963,2464.408823565005,High CLV
15855,4.0,127.0,263.0,154.11,1.3829432337005696,0.9692920621409469,839.5389617545553,Medium CLV
15856,20.0,361.0,365.0,740.8125,4.269016094094557,0.999589059859307,11955.117161670754,Premium CLV
15858,4.0,352.0,367.0,263.73,1.099522588408048,0.9975060166770541,1139.9300704074087,Medium CLV
15860,7.0,328.0,368.0,124.9357142857143,1.6852726968311698,0.9976794574354361,812.3558731761361,Medium CLV
15861,5.0,255.0,267.0,488.576,1.6595168972627505,0.9980334337057626,3151.1087023882565,Premium CLV
15862,3.0,365.0,373.0,159.54999999999998,0.890720228947294,0.996710948773835,569.6922946876666,Low CLV
15863,1.0,167.0,192.0,59.64,0.7801184564427306,0.9419407679527851,224.0921978339292,Low CLV
15864,5.0,294.0,316.0,338.78000000000003,1.4589206742230507,0.9977338824956994,1922.510175597189,High CLV
15865,2.0,173.0,213.0,290.6,1.0579874306493617,0.9905469508184834,1269.3144036798426,Medium CLV
15867,14.0,364.0,369.0,264.26714285714286,3.055757129344022,0.999413212309599,3066.5362134554784,Premium CLV
15874,5.0,221.0,284.0,764.306,1.5788663044509688,0.9947132661502701,4687.697615459391,Premium CLV
15877,1.0,16.0,17.0,251.02,2.074654782103283,0.9527358402815425,2393.5656483286307,High CLV
15881,2.0,52.0,364.0,193.47000000000003,0.5177938056671343,0.7260693668398851,415.18029373831354,Low CLV
15882,1.0,170.0,368.0,145.04,0.42134792219492984,0.8256176048398665,284.66436116319875,Low CLV
15883,1.0,31.0,33.0,252.72,1.8039352962386,0.9519081266793638,2095.637260493545,High CLV
15885,2.0,217.0,309.0,182.175,0.7995706737380046,0.9854824112101008,603.900649137369,Low CLV
15889,1.0,213.0,369.0,148.95,0.445664081626446,0.8751684274119776,309.01183182640574,Low CLV
15894,1.0,116.0,369.0,106.81,0.36653780635401223,0.7197849878392385,183.96269129004128,Low CLV
15898,4.0,367.0,368.0,251.5475,1.0975622572746482,0.9979049928736659,1085.5190481592288,Medium CLV
15901,2.0,138.0,154.0,126.695,1.3163423554892113,0.9927364779343288,693.7882480796534,Low CLV
15903,6.0,286.0,295.0,827.58,1.77292640689578,0.9984868452471127,5664.439455867324,Premium CLV
15906,4.0,236.0,255.0,289.09000000000003,1.4556670755782777,0.9971596059251419,1653.0716870034287,High CLV
15907,2.0,207.0,210.0,358.135,1.0723798481647773,0.994093242677836,1583.6886705575273,High CLV
15910,7.0,316.0,316.0,154.67000000000002,1.903398311278454,0.9989414982686545,1134.7704391548511,Medium CLV
15912,1.0,55.0,233.0,123.13,0.5206433118116546,0.7198628114305187,299.69050393546956,Low CLV
15916,6.0,350.0,366.0,215.94000000000003,1.4968119395012203,0.9983417488195866,1250.7212186377687,Medium CLV
15918,1.0,81.0,271.0,192.23,0.4836093397916883,0.747184621643366,430.20901220766916,Low CLV
15919,1.0,349.0,368.0,369.17,0.4841719578946125,0.948719267737708,820.2016517049861,Medium CLV
15932,7.0,285.0,289.0,311.16285714285715,2.0387067172804616,0.9988404452927495,2440.8403342765296,High CLV
15933,2.0,65.0,86.0,347.825,1.820860539925649,0.9910233947348495,2609.3129634123034,High CLV
15935,1.0,2.0,241.0,108.03999999999999,0.29962804048141145,0.4245208844345692,151.94935367202737,Low CLV
15938,4.0,211.0,323.0,82.42,1.204917177568079,0.987943405387662,393.292275384075,Low CLV
15939,13.0,242.0,331.0,412.91923076923075,3.0669838423003375,0.98309934621018,4811.775384279718,Premium CLV
15948,1.0,35.0,43.0,311.0,1.6586009347378956,0.9461678359566141,2365.1678907484497,High CLV
15949,1.0,55.0,71.0,127.68,1.362236533638851,0.9402287078770493,811.0665919243909,Medium CLV
15950,3.0,328.0,359.0,445.56333333333333,0.9176189466929218,0.9957847800826275,1630.9563579413236,High CLV
15951,1.0,277.0,285.0,333.05,0.5927638624339021,0.9512895689320302,906.4863010865678,Medium CLV
15952,3.0,192.0,225.0,191.3066666666667,1.3064871730020045,0.994957124187269,1000.0423763187819,Medium CLV
15953,7.0,354.0,369.0,207.07714285714286,1.6831407045919276,0.9985917563529855,1342.5424787740644,Medium CLV
15955,9.0,348.0,372.0,427.09777777777776,2.0611452740872425,0.9985951072064784,3366.4367683043815,Premium CLV
15963,1.0,26.0,45.0,190.72,1.6112961452530714,0.9329664836698044,1419.3959207597989,Medium CLV
15965,2.0,350.0,367.0,344.725,0.7038456681379283,0.9934738759543613,1001.4749628315143,Medium CLV
15967,1.0,295.0,318.0,245.03,0.5422615351735667,0.9467010339364172,612.5784156954834,Low CLV
15969,2.0,183.0,185.0,178.7,1.1698082636223652,0.9941511447596593,866.249532214746,Medium CLV
15971,10.0,294.0,311.0,343.78499999999997,2.5991402098013885,0.9988250023552825,3410.0485190716186,Premium CLV
15974,6.0,249.0,288.0,445.48499999999996,1.8032489779001961,0.9971109889968092,3103.176269899407,Premium CLV
15976,1.0,55.0,220.0,220.95,0.5582921098844391,0.7409032773749334,569.2773152250436,Low CLV
15977,1.0,22.0,39.0,699.1,1.6890439188704407,0.9346345808805492,5379.159879334467,Premium CLV
15980,1.0,166.0,254.0,1638.68,0.6149544436967762,0.9054443548556951,4586.329514906964,Premium CLV
15981,7.0,287.0,311.0,448.3542857142857,1.9256895391160167,0.998201282811771,3320.6046263920202,Premium CLV
15983,3.0,351.0,373.0,344.71000000000004,0.8902672883946837,0.9962041108316185,1225.210159184367,Medium CLV
15984,9.0,366.0,368.0,301.6633333333333,2.080321450108471,0.9991636548846292,2400.787409008871,High CLV
15985,1.0,113.0,236.0,242.84,0.6145580991476012,0.8575915936075407,687.8023805466202,Low CLV
15987,5.0,356.0,368.0,267.56000000000006,1.2938893420967115,0.9981300321407022,1347.5970046331577,Medium CLV
15990,1.0,243.0,287.0,390.74,0.5809711415638374,0.9373289634056183,1040.694024807985,Medium CLV
15993,4.0,36.0,44.0,378.02250000000004,3.7435863376539262,0.9970801501263269,5545.542684391372,Premium CLV
15996,5.0,278.0,366.0,159.48600000000002,1.2936175421592253,0.9935652080593497,804.5742972887647,Medium CLV
15998,4.0,326.0,362.0,556.645,1.1107896104312227,0.9967093247758093,2426.221277406284,High CLV
16003,3.0,330.0,359.0,518.1233333333333,0.9177029976597166,0.9958759907902826,1896.0092860054986,High CLV
16005,2.0,258.0,270.0,218.9,0.8933647323511862,0.9935667469628489,809.2674695849452,Medium CLV
16007,3.0,168.0,215.0,444.06333333333333,1.3472545375267908,0.9934635333731945,2385.0143786003537,High CLV
16008,2.0,181.0,204.0,169.815,1.0923449363778601,0.9923736194252291,769.1734991291282,Low CLV
16009,3.0,137.0,159.0,176.84,1.6530436352831537,0.9953595126676542,1169.740116171157,Medium CLV
16010,2.0,117.0,362.0,148.7,0.6538584694221968,0.9128288339410767,404.0878070037455,Low CLV
16011,15.0,358.0,366.0,208.31733333333332,3.272930758763758,0.9993833906315184,2587.365343159624,High CLV
16012,2.0,120.0,155.0,525.12,1.3075123974070144,0.9901128741307761,2825.596642845585,High CLV
16013,27.0,368.0,371.0,1335.874074074074,5.57960227896037,0.9997002994225036,28108.625404802784,Premium CLV
16014,2.0,254.0,291.0,199.72500000000002,0.8426639465557385,0.9917883538555563,697.096525166269,Low CLV
16015,2.0,46.0,49.0,202.31,2.3111261343731355,0.993838841535792,1932.6566673424004,High CLV
16016,6.0,363.0,366.0,187.74833333333333,1.4973050008187443,0.9986706102383273,1088.2517698568768,Medium CLV
16018,1.0,141.0,180.0,247.0,0.8063573579782706,0.9322695504564364,917.3144878499604,Medium CLV
16019,8.0,318.0,364.0,445.89250000000004,1.8974107861054075,0.9974647959317761,3243.5838121323554,Premium CLV
16020,1.0,49.0,65.0,332.21,1.4138829607924048,0.9395990895952433,2152.742727103979,High CLV
16023,2.0,220.0,266.0,270.985,0.9007442613143677,0.9906551955648304,1008.4767702427107,Medium CLV
16027,5.0,211.0,302.0,122.82000000000001,1.500920905589326,0.9910850673381554,719.7135063717761,Low CLV
16029,38.0,335.0,373.0,2034.8084210526315,7.654744624539372,0.9948233382943432,58625.46486362895,Premium CLV
16031,1.0,155.0,247.0,243.31,0.6240080779621587,0.9001097553157357,699.7608825862338,Low CLV
16033,17.0,364.0,369.0,509.45647058823533,3.643760866793239,0.9995063131857073,7029.603805578775,Premium CLV
16034,2.0,136.0,332.0,142.05,0.7276291472305648,0.9484571380205074,429.7609152052395,Low CLV
16036,1.0,176.0,263.0,570.19,0.601119562366329,0.9081914775475045,1566.5156517165924,High CLV
16037,2.0,89.0,358.0,277.28,0.6250930316324727,0.8649547270669152,716.2973171895702,Low CLV
16038,2.0,194.0,201.0,77.41499999999999,1.105159362844788,0.9937829591051087,359.25051076435113,Low CLV
16040,2.0,203.0,268.0,445.56,0.8936278109041982,0.9883438671892417,1640.7735671489268,High CLV
16041,1.0,111.0,141.0,426.6,0.9449469919475719,0.9349914238490644,1844.6298837786146,High CLV
16042,3.0,310.0,332.0,390.7733333333333,0.9766100777742651,0.9961185926069044,1522.7898786161636,High CLV
16043,3.0,280.0,317.0,155.38,1.0117415832557182,0.9952997612885296,630.1838401612905,Low CLV
16045,3.0,171.0,290.0,225.41666666666666,1.0703164645850827,0.983128656612049,964.72725958162,Medium CLV
16049,2.0,35.0,75.0,311.765,1.92955608605908,0.9846546720341112,2479.59173883021,High CLV
16053,1.0,90.0,122.0,387.76,1.0250516215477437,0.9310029755232945,1820.0289296311137,High CLV
16057,3.0,268.0,284.0,526.38,1.1020301045615843,0.9962894108642489,2312.3576965643097,High CLV
16059,5.0,302.0,367.0,268.322,1.2935477217628526,0.9956890414462288,1351.0635801822043,Medium CLV
16062,3.0,355.0,364.0,302.02,0.9083286960837554,0.9966715903612361,1095.765002207093,Medium CLV
16066,4.0,108.0,124.0,301.3725,2.344852138057448,0.9968047374527484,2773.3345945263336,High CLV
16070,1.0,10.0,32.0,165.3,1.76700991240139,0.9248637873670218,1352.7361063180242,Medium CLV
16076,8.0,205.0,208.0,241.16,2.8943905607861664,0.9989969273937817,2676.770370270646,High CLV
16079,2.0,24.0,40.0,421.89,2.4634666580872473,0.9908843716423497,4275.451726306987,Premium CLV
16080,1.0,193.0,274.0,86.9,0.5871951924765542,0.9147536261516105,241.46646179324327,Low CLV
16081,4.0,310.0,366.0,662.325,1.0999345379960699,0.9956976148613349,2857.923448584846,Premium CLV
16083,1.0,260.0,360.0,979.64,0.4751685694698238,0.9148361348780162,2122.950079530665,High CLV
16085,4.0,297.0,320.0,200.04000000000002,1.2250287133448654,0.9971423706217323,964.2366399827374,Medium CLV
16086,4.0,308.0,367.0,236.0325,1.0973348194625994,0.9955212346369289,1018.5934123912535,Medium CLV
16091,1.0,44.0,198.0,157.81,0.5987001567640613,0.7382417251111947,438.78550543433954,Low CLV
16092,2.0,140.0,254.0,253.495,0.9184803396106652,0.9761482571749294,962.345748051086,Medium CLV
16094,2.0,208.0,219.0,413.065,1.0405746462960703,0.9935124629409976,1771.3235424764443,High CLV
16098,6.0,286.0,373.0,262.505,1.4676004394478486,0.9938762580506152,1490.0415532955928,Medium CLV
16099,2.0,175.0,225.0,206.8,1.0165852276439211,0.9894319968330362,870.19022581116,Medium CLV
16102,2.0,86.0,128.0,501.19000000000005,1.4657143643257897,0.9877617734717867,3022.9439791025625,Premium CLV
16103,5.0,226.0,233.0,245.036,1.8343471776298579,0.9981863277052293,1749.1832450216893,High CLV
16107,6.0,166.0,183.0,445.21000000000004,2.4982900309522433,0.9979400290917179,4294.4311089931425,Premium CLV
16109,1.0,90.0,308.0,296.88,0.42497378726058804,0.723777695631982,580.1508406346122,Low CLV
16110,2.0,266.0,311.0,463.89,0.8002658533300205,0.9912783153171281,1529.8673638933456,High CLV
16112,3.0,195.0,338.0,41.24666666666667,0.9479225611861293,0.98059402123604,160.11086940997095,Low CLV
16115,7.0,283.0,292.0,218.4485714285714,2.0224229078108245,0.9987008172390048,1701.103191557148,High CLV
16119,1.0,64.0,72.0,113.88000000000001,1.3645483372714367,0.9476592621157819,727.0772569498155,Low CLV
16121,1.0,158.0,215.0,579.22,0.7072080641613122,0.9234173720996216,1871.3877843575115,High CLV
16122,3.0,293.0,366.0,192.9,0.9012415476514677,0.9932482914627472,695.9818472225764,Low CLV
16126,3.0,267.0,296.0,1798.8066666666666,1.067119940244215,0.9956560829223338,7639.6714881859,Premium CLV
16128,4.0,265.0,282.0,372.98,1.3502996378418817,0.9973120322319344,1977.230874079607,High CLV
16131,3.0,188.0,239.0,816.7266666666666,1.2490254844406157,0.9934311650830899,4062.194970243951,Premium CLV
16133,28.0,315.0,318.0,509.4760714285714,6.524516841885878,0.9997020353451711,12532.722338528512,Premium CLV
16134,1.0,338.0,359.0,334.56,0.4934967876772996,0.9480147497979111,758.357120980562,Low CLV
16136,2.0,218.0,277.0,275.04,0.872615860456913,0.9893407894065662,991.5609313422792,Medium CLV
16139,2.0,188.0,206.0,247.805,1.0855133189487434,0.9928674841518484,1111.6961001250418,Medium CLV
16140,1.0,306.0,371.0,601.04,0.47302040153075897,0.9329310760698954,1299.7004335024685,Medium CLV
16143,5.0,366.0,369.0,413.838,1.2913706983622457,0.9983608973285666,2078.2948796923597,High CLV
16145,10.0,351.0,359.0,349.671,2.3221096497819076,0.9991240925821785,3099.1502795457927,Premium CLV
16146,2.0,75.0,232.0,174.22,0.944918463442531,0.9400924033588937,682.5566822962436,Low CLV
16149,1.0,138.0,142.0,116.84,0.9577868312091493,0.9517898233166328,523.5860619550714,Low CLV
16150,4.0,330.0,372.0,414.9,1.0865066179411664,0.9964751441801645,1769.9139496170162,High CLV
16153,4.0,305.0,354.0,402.305,1.1300117284643814,0.9960228550255525,1784.9229731716255,High CLV
16156,8.0,302.0,310.0,352.275,2.1565024986616668,0.9988950447082351,2912.7931465803686,Premium CLV
16157,2.0,57.0,72.0,244.185,1.9797511656357971,0.9919325779544322,1995.7545708881532,High CLV
16160,1.0,20.0,85.0,223.49999999999997,1.1472268256052547,0.8605021251871031,1181.6368469378474,Medium CLV
16161,18.0,367.0,368.0,300.63111111111107,3.848423688273486,0.999604189262701,4379.7447833349825,Premium CLV
16163,1.0,133.0,365.0,415.00000000000006,0.3922636040746608,0.7635999895442128,746.183722517652,Low CLV
16164,2.0,25.0,42.0,288.56,2.425685997843335,0.9906692426971843,2885.23618691241,Premium CLV
16168,24.0,359.0,369.0,146.32500000000002,5.015101178286266,0.999506366291189,2772.214918475444,High CLV
16169,3.0,67.0,75.0,411.83666666666664,2.495339950770758,0.9961860314812994,4093.0738238641834,Premium CLV
16170,5.0,198.0,248.0,313.806,1.7482762951664739,0.9954956214581063,2133.752638250385,High CLV
16172,3.0,146.0,241.0,313.61,1.2318932979385933,0.9857554641471518,1542.1035877012685,High CLV
16173,5.0,83.0,98.0,197.788,3.147129231397486,0.997284563505884,2421.8191250076743,High CLV
16174,2.0,25.0,151.0,343.70000000000005,1.240244215202504,0.923862038031328,1757.3992283602147,High CLV
16175,3.0,146.0,240.0,254.91,1.2358662505633626,0.9859496881442718,1258.6131891271843,Medium CLV
16180,6.0,152.0,252.0,1640.05,1.96420875704761,0.9827404876319192,12429.871414306454,Premium CLV
16182,3.0,222.0,294.0,1930.8833333333332,1.068888084409795,0.9921427607050797,8213.750243348424,Premium CLV
16184,5.0,147.0,211.0,202.114,1.9569690566981093,0.9924354714134026,1540.0265477244657,High CLV
16185,1.0,216.0,232.0,194.41,0.6874939481097008,0.9476195564878901,618.233606927694,Low CLV
16186,9.0,350.0,372.0,411.0288888888889,2.061281841256194,0.9986612720268015,3240.1144378317817,Premium CLV
16187,10.0,253.0,284.0,623.554,2.7845426022366278,0.9980615451198352,6622.534588493073,Premium CLV
16188,3.0,198.0,242.0,276.7366666666667,1.2386760949922726,0.9941747265834461,1368.9905195052017,Medium CLV
16189,1.0,70.0,85.0,71.0,1.2564061175530357,0.942394398494017,425.26207559837775,Low CLV
16191,9.0,358.0,360.0,505.88,2.1172850304106143,0.9991629635370751,4095.2721166361034,Premium CLV
16200,1.0,160.0,164.0,530.05,0.8751594892837562,0.951970872996883,2119.6084162120824,High CLV
16201,3.0,106.0,109.0,519.89,2.07069275499877,0.996744500472342,4286.582282405,Premium CLV
16203,3.0,314.0,372.0,140.73333333333332,0.8905637402165886,0.9943850638167306,502.9226825191403,Low CLV
16205,3.0,149.0,179.0,216.34333333333333,1.5293792261492343,0.9947788062551762,1322.5224897048479,Medium CLV
16206,3.0,273.0,327.0,125.25333333333333,0.986473947183594,0.9942672769704545,496.25364900921403,Low CLV
16208,1.0,245.0,289.0,166.67000000000002,0.5779757555923671,0.9374354415959251,447.1090733055577,Low CLV
16209,4.0,158.0,246.0,489.1675,1.4820334369461285,0.9887582238362608,2844.037185518291,High CLV
16210,16.0,372.0,373.0,1163.2225,3.4182436481895815,0.9995540457938145,15063.58986411263,Premium CLV
16212,1.0,264.0,283.0,192.19,0.5935317340000064,0.9474497330998407,527.9232171519194,Low CLV
16214,2.0,99.0,269.0,259.89,0.8523788382959037,0.9453533352995638,915.5283962584238,Medium CLV
16217,1.0,47.0,282.0,121.25000000000001,0.3803545444772854,0.6055315706556088,215.75746281567575,Low CLV
16218,5.0,344.0,373.0,522.676,1.2792397740275705,0.9975959454451908,2599.301134926009,High CLV
16221,2.0,331.0,367.0,349.06,0.7030549607205643,0.9923577972481407,1012.8634063647213,Medium CLV
16224,3.0,192.0,249.0,375.9433333333333,1.2116202846496915,0.992943845771314,1817.102112064529,High CLV
16225,3.0,233.0,277.0,226.57000000000002,1.1210684317753064,0.994547976291488,1015.5562992802935,Medium CLV
16226,2.0,32.0,235.0,62.160000000000004,0.8329533167200819,0.8364108478697658,218.68204013353528,Low CLV
16229,1.0,125.0,212.0,652.4,0.6923132589743494,0.8950933962778008,2061.938149473694,High CLV
16230,1.0,31.0,220.0,266.1,0.48300558329408794,0.6409913615419978,591.5184942988437,Low CLV
16232,2.0,172.0,215.0,312.20500000000004,1.0506795004939704,0.9901900233948118,1353.696568864855,Medium CLV
16233,2.0,295.0,366.0,194.64000000000001,0.7026139189461984,0.9895671383617641,566.7532102757135,Low CLV
16235,4.0,292.0,332.0,189.66,1.189319645931154,0.9963899803593522,887.8128213129036,Medium CLV
16239,1.0,133.0,189.0,66.3,0.7702905177938012,0.9201984856176326,244.5498709647753,Low CLV
16240,1.0,53.0,77.0,1894.01,1.3024847338818193,0.9324039273862721,11206.82896931649,Premium CLV
16241,11.0,360.0,369.0,211.83818181818185,2.46750810022132,0.9991774558062663,1992.9649068569595,High CLV
16242,6.0,269.0,277.0,565.3083333333333,1.859858634106073,0.9985052778935053,4060.119050684968,Premium CLV
16243,1.0,21.0,54.0,194.15,1.4784749615281785,0.9129727479213845,1325.5394851134406,Medium CLV
16244,1.0,161.0,372.0,466.12,0.4090676494080777,0.8085457517526922,873.195826574772,Medium CLV
16245,2.0,233.0,256.0,479.84000000000003,0.9286719675951839,0.9927116095420472,1835.6550373151438,High CLV
16249,4.0,187.0,239.0,246.31,1.522469543926198,0.9945918172301701,1473.7729285398912,Medium CLV
16250,1.0,112.0,373.0,163.3,0.35576122911620744,0.7047025262429544,269.8779612564364,Low CLV
16253,1.0,189.0,255.0,1983.46,0.6246642812751834,0.9224100988600811,5636.811366255002,Premium CLV
16255,7.0,349.0,365.0,320.8085714285714,1.6978761881733215,0.9985602890942925,2096.2169509778346,High CLV
16258,4.0,174.0,219.0,1042.7625,1.6216157466047711,0.995015749005602,6626.196734731464,Premium CLV
16261,3.0,229.0,246.0,163.95666666666668,1.2263720496641501,0.996147270478881,805.4518502721361,Medium CLV
16265,7.0,355.0,364.0,658.027142857143,1.7019249737652613,0.9987427685431259,4306.322371283835,Premium CLV
16266,5.0,133.0,206.0,120.72,1.9849173702044443,0.9899013360738939,935.2081532880404,Medium CLV
16271,4.0,356.0,358.0,324.005,1.122014919174878,0.9978780173362012,1428.1510966579367,Medium CLV
16279,2.0,155.0,176.0,575.25,1.2071471125873123,0.9923523221749878,2857.333655757334,Premium CLV
16283,4.0,203.0,208.0,323.25,1.685998763290903,0.9977250955383397,2139.652303466816,High CLV
16284,1.0,19.0,50.0,424.57,1.5240050365143833,0.9150156965070909,2957.9443474862937,Premium CLV
16293,5.0,346.0,367.0,374.048,1.2963677367111641,0.9978597058395933,1886.0795125624588,High CLV
16295,3.0,55.0,64.0,324.21666666666664,2.672802154818846,0.9959974861606073,3453.701040715634,Premium CLV
16298,2.0,164.0,186.0,241.95,1.1634397701284933,0.9923296680834711,1163.4000647003477,Medium CLV
16303,2.0,308.0,333.0,2266.725,0.759936019154863,0.9929138712739051,7077.302921343755,Premium CLV
16306,5.0,154.0,367.0,112.83399999999999,1.1820231375861785,0.9098446582446327,521.0998104420564,Low CLV
16308,3.0,224.0,261.0,746.6666666666666,1.1725874735508495,0.9949403762365868,3487.330558484898,Premium CLV
16309,1.0,134.0,240.0,372.37,0.6250154428926685,0.8828675383261217,1067.1330523005845,Medium CLV
16311,1.0,32.0,49.0,214.71,1.5707143117784954,0.9363419877385232,1554.5143603217361,High CLV
16313,1.0,46.0,49.0,106.53,1.595735403742621,0.9512576848894267,796.8480354123727,Medium CLV
16316,6.0,294.0,358.0,438.4483333333333,1.5198442986334368,0.9959294438712073,2574.8314663149526,High CLV
16317,2.0,178.0,297.0,385.445,0.8188524708487923,0.9789245737984889,1301.6394880622297,Medium CLV
16320,1.0,41.0,213.0,185.78,0.5393917103478887,0.6996857921191877,463.85441069618355,Low CLV
16321,2.0,251.0,323.0,142.95,0.7750179963631473,0.9887035770103072,460.59639613765904,Low CLV
16322,1.0,35.0,36.0,113.67,1.7629428240085245,0.9529023454279253,937.2259410030957,Medium CLV
16324,1.0,49.0,177.0,262.12,0.69158651095441,0.7907103573107023,834.1910551578862,Medium CLV
16325,2.0,199.0,245.0,201.71,0.9568376827956312,0.9903382505111751,799.1552040888487,Medium CLV
16326,12.0,329.0,334.0,236.98000000000002,2.8834905386067304,0.9993144463768483,2600.862466625856,High CLV
16327,5.0,355.0,369.0,661.7239999999999,1.29100049270288,0.9980746906996341,3320.038376377613,Premium CLV
16330,1.0,95.0,112.0,202.95,1.0891190646464775,0.9426351076503098,1020.6000060137967,Medium CLV
16332,6.0,277.0,305.0,245.15,1.726865315667764,0.9977907318663918,1637.2635636919438,High CLV
16333,12.0,302.0,309.0,2136.44,3.0638937201877887,0.9992578272438305,24884.150012517624,Premium CLV
16341,2.0,177.0,201.0,587.11,1.1034510302355591,0.9922467898496946,2666.022097549574,High CLV
16342,3.0,104.0,179.0,61.82,1.5166118041964014,0.9864742859949044,379.9845873925595,Low CLV
16347,1.0,25.0,36.0,443.36,1.7430418704078747,0.942145521608085,3530.8290041639493,Premium CLV
16348,5.0,208.0,240.0,202.75,1.7931995552845812,0.9969261476134278,1415.7828094913468,Medium CLV
16350,3.0,312.0,333.0,246.59,0.9743484527623895,0.9961649470799067,960.4423893122871,Medium CLV
16352,1.0,20.0,37.0,289.52,1.7148674701136968,0.934252632660146,2278.267460018611,High CLV
16353,19.0,366.0,369.0,340.61631578947373,4.035910162942836,0.9995898741826812,5200.777418597784,Premium CLV
16354,1.0,10.0,73.0,29.700000000000003,1.2203496913119753,0.8527336423161934,184.48803677255253,Low CLV
16356,2.0,80.0,277.0,54.885,0.8079513046517768,0.9160264186897882,188.04138614001542,Low CLV
16357,2.0,180.0,213.0,260.49,1.0588912029488902,0.9913931129463102,1139.5886569922013,Medium CLV
16358,3.0,183.0,184.0,521.7833333333334,1.5047208939024872,0.9969123284367273,3128.1198944852276,Premium CLV
16359,8.0,324.0,331.0,207.315,2.0490649874561657,0.9989308726729267,1630.3710764905748,High CLV
16360,5.0,84.0,88.0,660.304,3.326704065704242,0.998176454767948,8523.614529989909,Premium CLV
16361,3.0,62.0,71.0,187.24,2.556887247903879,0.9960466774319385,1913.4352269328228,High CLV
16362,2.0,59.0,91.0,177.36,1.7662784560768954,0.9885802469889371,1297.169883255483,Medium CLV
16364,1.0,126.0,137.0,359.49,0.9747199891488303,0.9477857245700936,1605.8958963131408,High CLV
16365,7.0,350.0,367.0,200.07999999999998,1.6904049885460204,0.998533947118492,1302.8831925626769,Medium CLV
16367,1.0,325.0,362.0,633.58,0.48762768726176076,0.9429903137428981,1411.8791106323783,Medium CLV
16368,1.0,26.0,28.0,194.95,1.8799869930874251,0.9518244956815879,1691.7125117370797,High CLV
16369,2.0,178.0,196.0,599.605,1.123354183721666,0.9928094114813701,2771.601642366158,High CLV
16370,3.0,143.0,225.0,348.34,1.2972800203354655,0.987945404265057,1802.9487345388948,High CLV
16374,1.0,196.0,262.0,316.73,0.6128395985436462,0.9232798491037818,891.6383546873543,Medium CLV
16376,1.0,9.0,17.0,112.76,2.055739654951685,0.9440495182407544,1084.0942821202573,Medium CLV
16378,2.0,63.0,310.0,109.375,0.6842848655721175,0.8455026237145108,312.3413495558994,Low CLV
16379,3.0,74.0,78.0,559.5066666666667,2.45188343496126,0.9966086652964264,5459.812206550009,Premium CLV
16383,1.0,194.0,268.0,358.9,0.599631101475957,0.9187536560384774,987.2917651049303,Medium CLV
16384,1.0,174.0,263.0,175.4,0.6000270340146361,0.9065408492863304,487.8849711565354,Low CLV
16385,2.0,306.0,366.0,203.82999999999998,0.7033219574719607,0.990564345560334,593.8623802905414,Low CLV
16386,1.0,225.0,253.0,256.1,0.6423416365894267,0.9430238594941263,757.6553411813373,Low CLV
16389,3.0,230.0,283.0,420.8066666666667,1.1023007853063096,0.9938718774159371,1850.0937204742536,High CLV
16393,12.0,367.0,369.0,238.45083333333332,2.663893424230459,0.9993808678493004,2417.9245825561065,High CLV
16394,4.0,233.0,289.0,310.7325,1.322234761570017,0.9949463055261016,1613.8438065070923,High CLV
16395,4.0,270.0,330.0,296.44000000000005,1.1934385299773667,0.9951053900573569,1390.0565589551584,Medium CLV
16398,1.0,99.0,253.0,535.85,0.5545587052288198,0.8141494505909092,1358.6094354847523,Medium CLV
16399,1.0,216.0,235.0,230.16,0.6802885385965417,0.946408843321377,722.1944302078617,Low CLV
16401,11.0,326.0,327.0,328.22,2.716347717748176,0.9993393409589586,3396.9853254479017,Premium CLV
16402,1.0,105.0,369.0,87.8,0.351421075878417,0.6900996580508116,146.01994547437215,Low CLV
16405,1.0,8.0,310.0,160.4,0.20270988108219887,0.3469697531760275,151.05635772834174,Low CLV
16407,8.0,300.0,312.0,232.96125,2.1455381233937945,0.9987826058858597,1917.731760118968,High CLV
16409,4.0,281.0,317.0,439.33000000000004,1.2332914231271523,0.9965278073881493,2126.66307733224,High CLV
16411,1.0,350.0,369.0,83.15,0.4831246275199833,0.9487312034831282,190.53638837733104,Low CLV
16414,1.0,259.0,280.0,75.45,0.5978297954110707,0.9466473555913825,214.75870638196278,Low CLV
16416,2.0,30.0,56.0,358.755,2.188732814199584,0.9885153230941062,3233.34553071702,Premium CLV
16418,2.0,182.0,226.0,264.67999999999995,1.014220824036105,0.9902607669820307,1109.036864109565,Medium CLV
16419,4.0,199.0,311.0,179.89249999999998,1.239980376034543,0.9871725867442247,878.1206127102461,Medium CLV
16422,47.0,352.0,369.0,702.4723404255318,9.517224201604042,0.9991184053336448,25142.651892232552,Premium CLV
16426,6.0,274.0,276.0,263.31333333333333,1.8652666969844665,0.9986818765465456,1898.9766698445715,High CLV
16427,1.0,21.0,284.0,131.26,0.2916121518178776,0.46674405013392817,178.67805910190492,Low CLV
16431,1.0,84.0,297.0,298.88,0.4351800472290543,0.7207064977298786,598.0015850234515,Low CLV
16434,6.0,270.0,299.0,186.875,1.753365801263021,0.9977235000728115,1268.1683231715597,Medium CLV
16438,4.0,77.0,82.0,148.4875,2.918888237602834,0.9975592743248495,1705.5353036935658,High CLV
16440,4.0,207.0,214.0,842.0525,1.6526149362943365,0.9976425707872668,5454.064789221131,Premium CLV
16441,1.0,224.0,291.0,170.2,0.5678489714820902,0.9258631511403267,448.3849291957319,Low CLV
16442,2.0,359.0,360.0,232.565,0.7153473877870253,0.9942564926343895,688.3978000790472,Low CLV
16444,3.0,218.0,264.0,178.53,1.1618566490685782,0.9942536248057761,830.4809647137488,Medium CLV
16446,1.0,205.0,205.0,168469.6,0.7552123801008951,0.9538245446580348,577587.9318471436,Premium CLV
16449,1.0,83.0,280.0,291.0,0.4677978450621012,0.7407452696045145,626.0186995098243,Low CLV
16454,1.0,20.0,64.0,1.0,1.35681422612409,0.8958716991247534,28.562341194829447,Low CLV
16455,5.0,308.0,371.0,291.976,1.282561912931112,0.9958687390488614,1457.3788865879205,Medium CLV
16456,4.0,274.0,373.0,342.7425,1.0793807046629336,0.9920810569644064,1453.183802015112,Medium CLV
16458,17.0,358.0,360.0,193.46117647058824,3.7168132535818956,0.9995625116524434,2724.747801708849,High CLV
16460,2.0,53.0,81.0,277.94,1.870567188920286,0.9892025810004127,2144.653312154932,High CLV
16462,2.0,210.0,283.0,51.0,0.857081256065345,0.987597766587048,185.81511733109835,Low CLV
16463,3.0,183.0,204.0,367.6766666666667,1.400805478450985,0.9957347418918756,2054.2734301955384,High CLV
16464,2.0,123.0,142.0,464.84000000000003,1.3836706603702242,0.9922640084008207,2647.832447024781,High CLV
16466,6.0,259.0,292.0,248.63166666666666,1.785057083956308,0.9974899899017937,1716.3297119675633,High CLV
16469,2.0,223.0,246.0,186.775,0.9562259661517444,0.992656091970421,740.0444983933274,Low CLV
16470,3.0,307.0,358.0,182.01666666666665,0.9186790458215023,0.994716495553153,669.6533307976341,Low CLV
16473,2.0,172.0,336.0,83.35,0.7356893950463284,0.9680445208996894,257.24003155089383,Low CLV
16474,5.0,138.0,145.0,303.18600000000004,2.5202999749479975,0.9980839300464313,2970.3459420860995,Premium CLV
16475,3.0,185.0,273.0,78.10000000000001,1.1273030176660626,0.989188381469505,355.5765442214491,Low CLV
16477,6.0,308.0,371.0,378.135,1.4773295106529216,0.9961456115235948,2159.0767798596125,High CLV
16478,2.0,40.0,65.0,64.05,2.063535764859935,0.9893142855065481,556.9592412470798,Low CLV
16484,1.0,17.0,190.0,118.60000000000001,0.5239660377174666,0.6281754641623729,290.73525193593724,Low CLV
16488,2.0,115.0,148.0,139.87,1.3461458632491206,0.9902837941178941,782.1930539837379,Low CLV
16493,3.0,250.0,329.0,407.9433333333333,0.9796256210169556,0.9920966612015404,1594.3816337821024,High CLV
16495,1.0,273.0,276.0,437.9,0.6083270092815096,0.952872167238881,1219.9234943129466,Medium CLV
16496,2.0,308.0,316.0,431.40999999999997,0.7924956097955969,0.9938812159390943,1409.3827531881548,Medium CLV
16497,4.0,284.0,333.0,671.5975,1.1859066402026124,0.9958833411151549,3124.035813266507,Premium CLV
16498,1.0,1.0,162.0,9.75,0.5495733587836594,0.5931108806280526,33.403381383650085,Low CLV
16499,1.0,4.0,364.0,147.35,0.13145522728430362,0.2553356901301279,90.18983887250226,Low CLV
16500,4.0,326.0,330.0,58.965,1.1966902337698047,0.997816705210544,280.67057812122863,Low CLV
16503,3.0,254.0,360.0,314.61333333333334,0.9099172058264213,0.9896245043617145,1143.2524187518727,Medium CLV
16506,1.0,21.0,40.0,35.1,1.6712359703601576,0.9319294551443051,293.4404834409951,Low CLV
16511,2.0,245.0,266.0,304.755,0.9028006446249154,0.9929168439573433,1135.900668824446,Medium CLV
16513,3.0,39.0,43.0,255.38,3.0957067101569575,0.9965069069933726,3153.1491933344464,Premium CLV
16515,4.0,259.0,311.0,326.655,1.2504462284661753,0.9955046562004028,1604.340273457732,High CLV
16518,1.0,223.0,284.0,293.62,0.5801446562055735,0.9285589260013285,783.2856765079637,Low CLV
16519,1.0,340.0,365.0,111.38,0.4864250188068899,0.9468993182561194,254.22954862550884,Low CLV
16520,2.0,179.0,365.0,360.405,0.6854935788519321,0.9633394105918514,1019.4865358756738,Medium CLV
16523,17.0,314.0,315.0,510.26882352941175,4.1296601361069865,0.9995783444740296,7978.47094036341,Premium CLV
16525,25.0,364.0,366.0,504.6404,5.246277813109728,0.9996973500529867,9990.940478891645,Premium CLV
16531,6.0,338.0,360.0,191.96166666666667,1.5164671111072998,0.998150156515306,1126.8134504028521,Medium CLV
16532,2.0,321.0,338.0,2419.2,0.7514437847766832,0.9934123598714878,7468.735573920908,Premium CLV
16533,2.0,49.0,68.0,359.295,2.0278509604417483,0.9909890094591803,3000.626644397146,Premium CLV
16539,3.0,371.0,373.0,315.4866666666667,0.890891671246035,0.9969027917461677,1122.4924155294943,Medium CLV
16546,1.0,82.0,372.0,487.75,0.30978320704314255,0.6123043373913682,691.710747103209,Low CLV
16549,7.0,324.0,334.0,576.45,1.8221991334426992,0.9987005415292464,4039.1368011975665,Premium CLV
16550,4.0,260.0,368.0,436.0775,1.089670499511963,0.9907297967317286,1865.4498150002091,High CLV
16551,2.0,241.0,336.0,305.525,0.749318967489026,0.9859787646365156,945.4612742495623,Medium CLV
16552,1.0,131.0,373.0,284.44000000000005,0.37911280012245185,0.7509580193463554,496.2791919527473,Low CLV
16553,5.0,197.0,360.0,822.076,1.2801241153694247,0.9702723691435902,4088.8267940005735,Premium CLV
16554,2.0,289.0,331.0,418.125,0.7626105782568989,0.9917017635696588,1314.7297915776385,Medium CLV
16555,1.0,74.0,109.0,133.91,1.0858132890657681,0.9258487237888241,677.4492273951798,Low CLV
16556,6.0,294.0,360.0,500.49,1.5128811087807716,0.9957898225804179,2925.227494955916,Premium CLV
16557,1.0,113.0,137.0,180.7,0.9658785735804107,0.9391886222699167,807.8330561344009,Medium CLV
16558,19.0,366.0,366.0,408.89947368421053,4.062661539036268,0.9996416902879192,6284.117884587118,Premium CLV
16560,1.0,332.0,358.0,509.23,0.49379044414756756,0.9464691363741564,1150.7003064485405,Medium CLV
16561,1.0,54.0,59.0,246.16000000000003,1.4865547597053357,0.9497500161384052,1683.3511513652822,High CLV
16566,4.0,277.0,292.0,129.94,1.3151082727555283,0.9974110600440637,673.9668321315978,Low CLV
16567,1.0,142.0,336.0,308.03999999999996,0.44411496258358063,0.8095087942454816,628.8867295951641,Low CLV
16570,8.0,296.0,311.0,411.04249999999996,2.1506814132239342,0.9986878003173731,3388.9251483874345,Premium CLV
16571,2.0,255.0,281.0,492.505,0.8660700517115333,0.9926100552326972,1757.1506099980961,High CLV
16572,2.0,148.0,275.0,333.51,0.8637462528902576,0.9739537383069061,1188.7482268521792,Medium CLV
16573,1.0,206.0,290.0,370.98,0.5627457742408185,0.9151380102842744,957.5565707384475,Medium CLV
16584,1.0,174.0,254.0,324.14,0.6194616342706276,0.9120806354829555,922.072689920402,Medium CLV
16589,2.0,90.0,161.0,170.78,1.265026666716354,0.9813673501361121,895.5030766484907,Medium CLV
16592,8.0,283.0,287.0,457.3,2.288209306229053,0.998991640288619,4010.6071295654456,Premium CLV
16593,2.0,277.0,327.0,130.215,0.769376487524779,0.9910034045790258,417.02875662696255,Low CLV
16596,1.0,351.0,366.0,129.5,0.4868654734781431,0.9498368626316601,294.54690106796625,Low CLV
16600,5.0,334.0,338.0,137.53199999999998,1.384802873873517,0.998330006823323,743.2003010921034,Low CLV
16603,1.0,17.0,91.0,185.85,1.0831209711021317,0.8402035546571033,930.7556364939803,Medium CLV
16607,13.0,341.0,358.0,226.37615384615384,2.929016074054834,0.9990584251219972,2520.9129313430476,High CLV
16609,6.0,237.0,252.0,822.6550000000001,1.9951531190752385,0.9982226899789852,6335.422262510321,Premium CLV
16612,3.0,279.0,311.0,302.5366666666667,1.027129946315047,0.9955541407057513,1240.9494768366164,Medium CLV
16616,1.0,142.0,157.0,290.32,0.89435022057261,0.9460889949212411,1193.0297451349284,Medium CLV
16618,3.0,291.0,322.0,639.8100000000001,0.999828351272617,0.995653671290117,2549.3513339437786,High CLV
16620,1.0,257.0,260.0,83.2,0.6360606351690183,0.9528279846185905,250.85108837982202,Low CLV
16621,3.0,226.0,277.0,216.87666666666667,1.1204203042302738,0.9939729944973167,971.7773226715241,Medium CLV
16624,1.0,117.0,197.0,384.14,0.7309830043077397,0.8982324307752403,1286.7336688287196,Medium CLV
16626,16.0,266.0,266.0,226.08437500000002,4.445152248567263,0.9995706946054941,3809.1300722604683,Premium CLV
16628,4.0,205.0,234.0,456.85,1.5489187129192707,0.9965051901574871,2776.215620867099,High CLV
16629,1.0,23.0,96.0,180.95,1.06576546223691,0.8495230590284827,892.2094867645774,Medium CLV
16633,5.0,217.0,234.0,487.116,1.8279103385644662,0.9977607664014976,3459.974346868376,Premium CLV
16634,1.0,150.0,372.0,53.1,0.3996050201108644,0.7898423203526698,103.03496900147346,Low CLV
16637,3.0,193.0,225.0,283.6166666666667,1.3065936560194538,0.9950382164773469,1479.662985720509,Medium CLV
16638,9.0,346.0,368.0,181.14666666666665,2.0792625332388077,0.9986550646138054,1442.2065802871014,Medium CLV
16639,2.0,204.0,235.0,474.65500000000003,0.9877440757304129,0.991844132529756,1931.1781462411693,High CLV
16642,1.0,203.0,207.0,380.6,0.74889424829066,0.9522455013355667,1306.3259762892567,Medium CLV
16644,1.0,35.0,212.0,111.37,0.5223312816184812,0.675323308900177,272.73153830330926,Low CLV
16647,1.0,35.0,204.0,86.31,0.5485345260384821,0.6904486651918621,223.99438536598183,Low CLV
16652,4.0,215.0,273.0,1296.4524999999999,1.3798918947741177,0.9945298130973301,7010.876019818189,Premium CLV
16653,1.0,55.0,71.0,94.80000000000001,1.362236533638851,0.9402287078770493,607.9966219803011,Low CLV
16654,3.0,227.0,368.0,124.62333333333333,0.8886889714460705,0.9837067394158021,444.9002933100502,Low CLV
16655,5.0,314.0,331.0,596.454,1.407263897859968,0.9979402578195412,3262.057783227477,Premium CLV
16656,14.0,342.0,364.0,585.5028571428572,3.0878922895494574,0.9989268410710359,6861.782828057787,Premium CLV
16657,3.0,245.0,254.0,230.35666666666665,1.1983872914065714,0.9965710242087299,1103.5249813092557,Medium CLV
16660,2.0,303.0,319.0,492.525,0.7863289284552102,0.9934270530427537,1595.7078368230516,High CLV
16667,1.0,216.0,284.0,366.78,0.5776431337503879,0.9245550780308109,971.8526727651489,Medium CLV
16668,5.0,269.0,284.0,51.19199999999999,1.583994470333716,0.9979440999581789,319.17390607368867,Low CLV
16669,1.0,55.0,78.0,645.38,1.2965392739801274,0.933691603275229,3815.43912181245,Premium CLV
16670,9.0,342.0,358.0,410.25444444444446,2.1260158641256846,0.9988262939038485,3335.448015256915,Premium CLV
16671,2.0,136.0,164.0,154.695,1.2628183168716538,0.9913470079613074,810.6509921532698,Medium CLV
16672,17.0,264.0,266.0,409.38235294117646,4.6976462774092855,0.9995528069662282,7280.929164426643,Premium CLV
16674,1.0,44.0,98.0,197.41,1.1113538797834488,0.8953642764923897,1013.356844159536,Medium CLV
16676,3.0,304.0,337.0,375.76666666666665,0.9646899206278503,0.9956094651021304,1446.6440090994151,Medium CLV
16678,11.0,280.0,282.0,254.34636363636363,3.04467765451284,0.999313985311947,2951.0106563500267,Premium CLV
16681,5.0,181.0,253.0,293.748,1.717806706564185,0.9926045472562841,1962.9111731968303,High CLV
16682,4.0,183.0,187.0,125.625,1.8137515028774345,0.9977550973999972,898.3855213511082,Medium CLV
16684,15.0,354.0,358.0,4394.286666666667,3.331627041659853,0.9994665604619426,55494.35776431108,Premium CLV
16686,6.0,308.0,355.0,449.64166666666665,1.5318072732122578,0.9970507144777603,2661.233860105669,High CLV
16688,3.0,59.0,60.0,359.03666666666663,2.7463696718713253,0.9968690346224894,3928.2701256762293,Premium CLV
16689,1.0,7.0,82.0,128.44,1.1163615903398822,0.8230314475154696,668.6097066360664,Low CLV
16690,1.0,129.0,201.0,139.07999999999998,0.7287207676273327,0.9079093270389607,472.1303452672644,Low CLV
16692,1.0,33.0,289.0,1267.5,0.3235933113365196,0.5248452651778391,1868.309372999554,High CLV
16693,1.0,203.0,271.0,324.45,0.597458455558798,0.923083433948193,890.2550244975882,Medium CLV
16696,3.0,113.0,248.0,207.5,1.1860847983506537,0.9691524092204832,984.364301461069,Medium CLV
16698,1.0,27.0,253.0,816.0,0.37939402993104265,0.5569896173541791,1412.1354662625595,Medium CLV
16700,12.0,358.0,366.0,394.96750000000003,2.6810808584144814,0.999257832615174,4028.801762639474,Premium CLV
16701,11.0,353.0,361.0,447.4127272727273,2.5113059047269797,0.9991969543410179,4280.338430094265,Premium CLV
16705,11.0,358.0,358.0,1173.0245454545454,2.5285247334242698,0.9993590215810023,11293.850549784253,Premium CLV
16706,2.0,77.0,114.0,119.91,1.5670789362345106,0.9883517380472548,782.0613427007602,Low CLV
16709,3.0,197.0,281.0,636.4466666666666,1.1041110358792607,0.9901708276804754,2800.001261693282,High CLV
16710,8.0,349.0,368.0,263.44625,1.8830512388143468,0.9986332825966775,1903.2658769534762,High CLV
16711,4.0,354.0,357.0,359.2075,1.1244929635039511,0.997851040512686,1586.3726095094114,High CLV
16712,8.0,267.0,276.0,409.3325,2.3565909091224295,0.9988441382923373,3697.4808774235125,Premium CLV
16713,14.0,348.0,366.0,464.90714285714284,3.0748050324776046,0.9990730863482483,5426.027488701374,Premium CLV
16714,1.0,99.0,317.0,15.0,0.4233650849651338,0.7373181346870858,35.8562357377957,Low CLV
16716,1.0,45.0,311.0,166.8,0.31970462380966097,0.5485906114420623,247.5350704913285,Low CLV
16717,5.0,343.0,366.0,710.226,1.2991210572785583,0.9977921924395018,3585.497532399488,Premium CLV
16719,6.0,354.0,368.0,226.615,1.4903655368619217,0.998399541950808,1306.7328741435538,Medium CLV
16722,12.0,351.0,368.0,354.1775,2.6687546915852582,0.999024335432084,3596.458188371153,Premium CLV
16723,1.0,16.0,107.0,165.0,0.9530903936927639,0.804530030500822,729.0283703683872,Low CLV
16725,5.0,69.0,371.0,131.774,0.46398003608109567,0.3602658154879609,238.6648594983643,Low CLV
16726,3.0,335.0,361.0,417.48333333333335,0.9137624000353044,0.9960133421588581,1522.0374233996952,High CLV
16728,3.0,218.0,264.0,276.7266666666667,1.1618566490685782,0.9942536248057761,1284.183051626251,Medium CLV
16729,18.0,203.0,241.0,374.2027777777778,5.304295605641544,0.9958728122869078,7509.762161445005,Premium CLV
16730,2.0,267.0,319.0,278.045,0.7841975815827574,0.99073436609472,900.9366650772831,Medium CLV
16734,1.0,62.0,114.0,344.35,1.0362110992849718,0.9057024127985125,1635.6557037650973,High CLV
16735,3.0,256.0,334.0,546.7333333333332,0.9682782328836492,0.9922973056770443,2110.51682994821,High CLV
16743,5.0,329.0,358.0,361.562,1.3219982158626178,0.9975602087498431,1859.2390400561933,High CLV
16744,6.0,162.0,173.0,199.13333333333333,2.5940103519125506,0.9982510854769671,1997.6395475877123,High CLV
16745,16.0,225.0,311.0,434.6875,3.8328625191920422,0.9707744819407707,6312.884874668935,Premium CLV
16746,16.0,354.0,358.0,399.12625,3.532442530924455,0.999497302950606,5343.102411591406,Premium CLV
16747,1.0,30.0,67.0,355.86,1.3537386721802915,0.9112080644382949,2206.3668494816598,High CLV
16748,4.0,317.0,334.0,259.225,1.1849117208584221,0.9973985813871844,1207.4122943806615,Medium CLV
16750,4.0,188.0,232.0,126.30749999999999,1.5566435305821995,0.9952982387189966,775.3905684222781,Low CLV
16755,2.0,201.0,315.0,590.385,0.7845519671219532,0.9814979260681845,1907.2384023573595,High CLV
16759,1.0,23.0,30.0,370.94,1.8382502853314573,0.946422718261439,3120.131751626955,Premium CLV
16762,2.0,125.0,144.0,593.615,1.371890527973661,0.9922850651067322,3349.792718880916,Premium CLV
16764,12.0,140.0,143.0,218.5475,5.245220166130129,0.999304126712668,4359.759163616667,Premium CLV
16767,7.0,286.0,316.0,530.6542857142857,1.9015151667833614,0.9979531863781599,3880.167132188657,Premium CLV
16768,2.0,224.0,271.0,147.42000000000002,0.8882483004727895,0.9906175716126817,544.0578559694816,Low CLV
16770,4.0,315.0,372.0,159.825,1.0856418199874103,0.9956820061988342,683.6335010659892,Low CLV
16771,4.0,305.0,338.0,487.5375,1.1730933343872436,0.9967596254367396,2244.5363570250697,High CLV
16774,3.0,111.0,178.0,172.70666666666668,1.525669448391454,0.9886806940033779,1054.685876818511,Medium CLV
16775,10.0,357.0,367.0,146.376,2.2813809573211485,0.9990809558855636,1276.4537115803764,Medium CLV
16777,1.0,177.0,257.0,49.1,0.6144815773710595,0.9126251998779286,147.1804118144608,Low CLV
16778,1.0,200.0,274.0,152.76,0.5902948733193263,0.9195824195871966,419.3073014343115,Low CLV
16779,20.0,364.0,366.0,513.6405000000001,4.259818084903587,0.9996265906433891,8272.112100756243,Premium CLV
16780,1.0,159.0,259.0,263.3,0.5995861230802076,0.8956266109970736,726.8557110408013,Low CLV
16782,12.0,355.0,365.0,159.01666666666668,2.6868440590870395,0.9992107630839313,1627.3586550832763,High CLV
16788,1.0,131.0,254.0,300.31,0.5889995276283145,0.8672289512988589,812.9910366016935,Medium CLV
16790,5.0,34.0,37.0,176.282,4.6606143853615265,0.9981621835555492,3195.6302389635525,Premium CLV
16791,5.0,303.0,332.0,293.28000000000003,1.4032985881928042,0.9974905471778074,1601.4767708872014,High CLV
16794,8.0,179.0,180.0,118.49625,3.1945111385892795,0.9990567375225716,1454.2419105172926,Medium CLV
16801,3.0,110.0,273.0,289.2766666666667,1.0881135866125256,0.954800351572434,1257.0337574574755,Medium CLV
16804,1.0,247.0,270.0,418.94,0.613756105437533,0.9456410433537358,1177.917389202007,Medium CLV
16805,1.0,187.0,360.0,245.82,0.44351874209565095,0.8539011160133405,502.7271946417229,Low CLV
16806,3.0,136.0,239.0,186.73333333333335,1.2360828959662258,0.9831370830907897,923.7455274290642,Medium CLV
16807,2.0,128.0,270.0,375.18,0.8688177639226974,0.966266529385303,1344.2813891398703,Medium CLV
16808,1.0,175.0,274.0,121.92,0.5780062824280942,0.9004388141522848,329.61954264023456,Low CLV
16809,4.0,239.0,262.0,175.10250000000002,1.4264862067918196,0.9969808369288037,983.2355898627748,Medium CLV
16811,1.0,13.0,17.0,232.3,2.0670722255889222,0.9492537316365235,2209.512558337743,High CLV
16813,9.0,196.0,204.0,165.19222222222223,3.2391748319140543,0.9989304815933236,2048.0179254771406,High CLV
16814,20.0,355.0,369.0,311.7905,4.2307620568118285,0.9993370682466393,4988.277796310833,Premium CLV
16816,3.0,255.0,358.0,113.76,0.9142921125993032,0.9899664635796803,418.18976796084934,Low CLV
16817,8.0,366.0,368.0,170.06875,1.88383832890191,0.9990506978754765,1230.338969646323,Medium CLV
16818,10.0,195.0,205.0,279.515,3.532823588625565,0.9989393090252008,3767.7771337937725,Premium CLV
16824,1.0,149.0,164.0,237.74,0.8699690518694633,0.9463248789843355,952.9891352381294,Medium CLV
16825,1.0,147.0,185.0,456.48,0.7927339559917088,0.9334583045764683,1655.5925215585562,High CLV
16828,1.0,19.0,112.0,15.0,0.9309002021816744,0.8056963106968011,78.72183415227478,Low CLV
16832,2.0,33.0,217.0,70.125,0.9129706048624581,0.8660444350901663,269.4994454001568,Low CLV
16833,2.0,333.0,334.0,398.525,0.7591684584633167,0.9942536820104437,1247.7261965973203,Medium CLV
16835,1.0,245.0,373.0,99.1,0.4538474678024225,0.8989946933898894,211.88667457177846,Low CLV
16836,1.0,77.0,116.0,160.55,1.0456100573744154,0.922857126062639,778.7664680139798,Low CLV
16837,8.0,214.0,245.0,377.78,2.571546806108371,0.9976902042596687,3723.6011774039475,Premium CLV
16838,1.0,91.0,288.0,196.73000000000002,0.4651618885869039,0.7524718417791342,423.3472141941412,Low CLV
16839,31.0,361.0,369.0,517.4874193548387,6.387148242725226,0.9996174514479131,12455.626870151027,Premium CLV
16841,5.0,251.0,287.0,310.488,1.569847489331307,0.9969591602086886,1896.0888935756793,High CLV
16842,2.0,202.0,302.0,371.81,0.8123743133196752,0.9837146729011287,1245.9044899671815,Medium CLV
16843,11.0,285.0,327.0,857.9554545454546,2.711514499238168,0.9975612087379091,8858.282268579394,Premium CLV
16851,2.0,47.0,51.0,115.68,2.2780487696099017,0.9936833522648505,1096.5787848628704,Medium CLV
16852,1.0,166.0,176.0,31.85,0.8333481036399037,0.9492288623022057,134.2443297884057,Low CLV
16855,1.0,20.0,43.0,177.2,1.6240804412180196,0.9264752263808111,1331.1034103344243,Medium CLV
16859,1.0,117.0,261.0,487.97,0.5587647962536227,0.8394253022217214,1247.4853922466516,Medium CLV
16861,1.0,99.0,158.0,102.96,0.8573421005299487,0.9106042172269605,414.7436923007495,Low CLV
16863,1.0,335.0,366.0,338.55,0.48441308922278115,0.9450524507274036,753.204724198546,Low CLV
16866,2.0,21.0,161.0,49.394999999999996,1.1629813951395533,0.902203882364172,244.29081735625505,Low CLV
16869,3.0,153.0,175.0,197.29666666666665,1.553536243869411,0.995481969463793,1225.766427585804,Medium CLV
16871,4.0,248.0,270.0,569.33,1.394916320690353,0.9970560424097225,3115.0597463685895,Premium CLV
16872,2.0,107.0,184.0,145.83,1.159174830389957,0.9815368422392724,702.0746782001504,Low CLV
16873,5.0,360.0,364.0,993.1959999999999,1.3055517227867974,0.9983359431723561,5037.357676949978,Premium CLV
16875,3.0,272.0,339.0,575.5766666666667,0.9580555708648779,0.9933900812524198,2198.197803843219,High CLV
16877,5.0,196.0,208.0,155.19400000000002,1.9876209822140052,0.9979417822571353,1202.3216956756082,Medium CLV
16880,5.0,159.0,189.0,249.84,2.1201745884475502,0.9966786283411246,2060.7670389987115,High CLV
16882,2.0,251.0,317.0,347.61,0.786888420467473,0.9892774026687129,1128.727791505394,Medium CLV
16883,1.0,184.0,371.0,148.7,0.42699552868183194,0.8421569064696494,295.58516807668735,Low CLV
16885,2.0,342.0,357.0,140.43,0.7196405270150291,0.9935614568379904,420.29837990768493,Low CLV
16889,2.0,142.0,336.0,527.81,0.7229882444751963,0.9513319254724686,1572.0039272132524,High CLV
16891,4.0,370.0,371.0,144.36,1.0904245455280088,0.9979051596812256,620.5785714051835,Low CLV
16892,3.0,182.0,183.0,140.85333333333332,1.510226492437258,0.9969121382640381,852.8302004231117,Medium CLV
16897,1.0,14.0,313.0,76.75,0.21932459792561332,0.3782197796078965,80.09776875342514,Low CLV
16898,2.0,342.0,368.0,196.365,0.7019585917875157,0.9929763870712791,571.2004879887406,Low CLV
16899,5.0,353.0,360.0,222.202,1.3170485862266943,0.998259338053802,1139.781390124399,Medium CLV
16900,2.0,47.0,63.0,67.215,2.0951641831151804,0.9915399522577659,592.6518316072488,Low CLV
16904,14.0,363.0,367.0,243.96928571428572,3.069184028144343,0.9994326650537445,2843.6583589692355,High CLV
16905,5.0,366.0,371.0,569.606,1.2857101465754892,0.9983132428486756,2846.671137093917,High CLV
16906,3.0,167.0,248.0,155.04333333333332,1.2108240027123496,0.989366865676443,752.3333697516266,Low CLV
16907,4.0,336.0,365.0,199.9075,1.10380302879357,0.9970096975136222,868.3792012324157,Medium CLV
16910,7.0,87.0,91.0,199.75428571428571,4.265834567393289,0.9987173288931026,3277.764877211289,Premium CLV
16912,5.0,295.0,323.0,439.616,1.4338827340347762,0.9975068743428538,2450.774020989947,High CLV
16915,5.0,274.0,283.0,113.476,1.588575446579405,0.9981560313983023,704.0819297183805,Low CLV
16916,1.0,349.0,372.0,378.18,0.47942311094076595,0.9476073705758102,831.7999258005298,Medium CLV
16918,4.0,268.0,317.0,198.26,1.2323448903630572,0.995762987166151,961.3925049759868,Medium CLV
16919,10.0,212.0,368.0,239.81000000000003,2.0916685640138275,0.9180039749258272,1915.4833826707188,High CLV
16923,16.0,350.0,362.0,418.569375,3.500542166533771,0.9993107447836004,5552.697999283563,Premium CLV
16924,2.0,63.0,84.0,287.82000000000005,1.8416612157626613,0.9909732705564397,2186.156075423956,High CLV
16927,2.0,246.0,361.0,162.475,0.7062016208012294,0.9837240611953718,476.3747890006708,Low CLV
16928,16.0,293.0,373.0,170.709375,3.3788360579718053,0.9880305792738006,2187.66644008367,High CLV
16929,6.0,152.0,155.0,177.70833333333334,2.7854269943554057,0.9986115832562695,1914.7339931530876,High CLV
16930,1.0,42.0,68.0,173.44,1.3703453706334956,0.9282460432853568,1100.1538312541143,Medium CLV
16931,19.0,364.0,369.0,234.32473684210527,4.035753249721776,0.9995510108629925,3578.6144090366674,Premium CLV
16933,1.0,238.0,239.0,338.5,0.6770489001990256,0.9534744403815794,1051.8404080869366,Medium CLV
16938,3.0,300.0,308.0,822.9266666666667,1.0360228602084078,0.9966672677435492,3396.0682976920225,Premium CLV
16940,2.0,237.0,289.0,1146.1,0.8458714328645589,0.9903428356218097,3985.4300850438176,Premium CLV
16942,7.0,215.0,227.0,233.65,2.436390119253467,0.9985252954580913,2190.961224055337,High CLV
16943,2.0,107.0,318.0,182.85,0.7354216922575628,0.9268427772508021,557.5098019274078,Low CLV
16945,12.0,337.0,358.0,338.8041666666667,2.7279016989289815,0.9988794964099085,3516.6393719348785,Premium CLV
16948,2.0,187.0,325.0,182.70999999999998,0.7613822968692326,0.9760073469373147,576.7697333529054,Low CLV
16949,5.0,313.0,316.0,242.36999999999998,1.4598239009653522,0.9983515856650993,1377.4288413326447,Medium CLV
16950,2.0,311.0,367.0,503.28,0.702026913965159,0.9909067155110649,1455.9063804671123,Medium CLV
16951,2.0,170.0,304.0,111.98,0.8011153211120027,0.9750253630514123,374.2249811821374,Low CLV
16954,7.0,359.0,359.0,248.32571428571427,1.7212096170604805,0.9989414982686545,1645.6496311576202,High CLV
16955,3.0,189.0,373.0,120.85666666666667,0.8665043155281796,0.9696134772502388,420.816457007066,Low CLV
16957,1.0,42.0,281.0,301.8,0.36775258987045745,0.5838976655571513,510.1775923749386,Low CLV
16960,2.0,214.0,252.0,152.76,0.9382014525328979,0.9913169262173405,595.1571287227483,Low CLV
16966,6.0,232.0,240.0,290.96166666666664,2.068178108526677,0.9984766108633059,2325.768632349382,High CLV
16968,1.0,103.0,107.0,186.12,1.1270989862694638,0.9514155087509215,970.0976591813413,Medium CLV
16969,2.0,152.0,191.0,126.52499999999999,1.1404026165708347,0.9902787182158684,600.4265241832537,Low CLV
16979,5.0,294.0,297.0,300.96999999999997,1.5314400938778199,0.9983476078951214,1793.200348330435,High CLV
16980,1.0,36.0,291.0,346.6,0.329386709229978,0.5370565623381225,524.0054426290291,Low CLV
16983,6.0,357.0,369.0,294.62666666666667,1.4872013325831803,0.9984539106415566,1694.2615062762802,High CLV
16984,1.0,42.0,130.0,1255.22,0.8969687444862776,0.8453448772651985,5122.689161917114,Premium CLV
16985,6.0,341.0,358.0,755.1333333333332,1.5234679730509115,0.9983039792434233,4442.590408425227,Premium CLV
16986,1.0,1.0,30.0,1790.0,1.7665773679239476,0.9095219339341776,14357.816261512611,Premium CLV
16987,5.0,202.0,205.0,282.4,2.0085799977586514,0.9983208137639132,2206.1933833420126,High CLV
16989,5.0,143.0,150.0,55.10999999999999,2.4678631824739212,0.9980919916418023,534.4110802069224,Low CLV
16992,4.0,274.0,284.0,298.1775,1.343461137846171,0.9975918982694478,1573.6591150044537,High CLV
16996,4.0,323.0,353.0,332.355,1.1336010096703102,0.9969376157255776,1479.9551211128812,Medium CLV
16997,2.0,37.0,325.0,156.0,0.5539651002935649,0.7101215907653898,358.90363518099315,Low CLV
16998,2.0,155.0,304.0,102.50000000000001,0.7963675505232899,0.9692469231440105,341.0179389525805,Low CLV
16999,1.0,51.0,74.0,238.99,1.3271888687287838,0.9330638415740851,1460.0272507490927,Medium CLV
17001,10.0,358.0,358.0,359.161,2.32767429525088,0.9992888985411106,3190.7920785718,Premium CLV
17002,2.0,205.0,290.0,490.33500000000004,0.8398926272905447,0.9859347382595537,1696.632716536496,High CLV
17004,1.0,46.0,92.0,406.54,1.161972010316105,0.906338148131139,2161.4395953462763,High CLV
17006,3.0,71.0,75.0,167.00666666666666,2.49638128762098,0.9966017524831362,1667.6602993185238,High CLV
17007,4.0,307.0,357.0,170.7025,1.1223904567200935,0.9959853208950017,754.5678433059719,Low CLV
17014,2.0,58.0,66.0,199.14,2.0582189615978965,0.9931200594251992,1694.8158497527234,High CLV
17015,2.0,157.0,185.0,659.03,1.1668455568658709,0.9916333147826034,3163.123654229124,Premium CLV
17017,15.0,370.0,372.0,521.1293333333333,3.2308400416174594,0.9995060172832836,6384.981568854127,Premium CLV
17018,1.0,285.0,325.0,515.1,0.5297588966152956,0.9407178339842037,1248.4466800390514,Medium CLV
17019,3.0,357.0,368.0,304.59666666666664,0.9003418082082035,0.9966054862490951,1095.3739085784002,Medium CLV
17024,2.0,112.0,157.0,32.3,1.2945799405419076,0.9883111667200123,181.16282417382635,Low CLV
17025,1.0,313.0,373.0,196.8,0.4720481976408991,0.9350472456269697,429.94963894546703,Low CLV
17026,1.0,184.0,369.0,121.67999999999999,0.4296162937402578,0.8436547428526543,244.649724816101,Low CLV
17027,4.0,239.0,317.0,174.685,1.2291925998023079,0.9932158639624651,845.4284962576208,Medium CLV
17029,1.0,126.0,236.0,358.0,0.6278957786867587,0.8762037994622479,1031.0531996605162,Medium CLV
17031,1.0,143.0,154.0,154.4,0.907382032420626,0.9482401483571461,650.7372096173184,Low CLV
17033,2.0,273.0,359.0,361.16999999999996,0.7123011516242316,0.9878245183348604,1061.568821811714,Medium CLV
17034,2.0,271.0,287.0,301.86,0.8529320015474793,0.9933451094002944,1063.1328701153893,Medium CLV
17035,1.0,66.0,311.0,174.02,0.3724299679230924,0.6390635874691499,300.57316522200574,Low CLV
17041,2.0,334.0,360.0,388.53499999999997,0.7144069880340959,0.9929494373826545,1144.9770709874329,Medium CLV
17042,4.0,245.0,247.0,192.79250000000002,1.4912419607526979,0.9978604051478347,1131.0951671651276,Medium CLV
17043,3.0,234.0,266.0,520.1933333333333,1.1565787375472651,0.9953238064958018,2398.161160224403,High CLV
17045,2.0,134.0,247.0,149.745,0.9370585479292848,0.9756502574306191,582.8223076351715,Low CLV
17047,1.0,120.0,205.0,351.47,0.7086948112572807,0.8950733905589303,1142.4693841136311,Medium CLV
17048,2.0,214.0,331.0,333.47,0.7550113942183844,0.9818197550746931,1039.2399525632554,Medium CLV
17049,7.0,273.0,275.0,676.4914285714286,2.116959910101399,0.998890316600204,5504.9875651945,Premium CLV
17050,5.0,203.0,299.0,619.488,1.5106623128826866,0.9898885293398445,3636.382313692031,Premium CLV
17054,4.0,217.0,245.0,260.565,1.4982871006252665,0.9966294985397812,1534.038638528793,High CLV
17058,2.0,158.0,239.0,298.58500000000004,0.968411130800654,0.9843853629228921,1193.7559821973896,Medium CLV
17059,4.0,340.0,369.0,593.1700000000001,1.0942008923346114,0.9970195891568153,2546.6103027275785,High CLV
17061,8.0,159.0,232.0,411.685,2.6529361796993776,0.9893510304122831,4185.55268366892,Premium CLV
17062,3.0,56.0,369.0,119.57666666666667,0.5656894289048783,0.6275385794116402,271.84187907498585,Low CLV
17063,3.0,268.0,289.0,380.59,1.0872495189601996,0.9960564654702521,1650.9772205168708,High CLV
17064,2.0,269.0,327.0,355.75,0.7688050045041218,0.9902672999172463,1128.5261221154594,Medium CLV
17068,20.0,356.0,368.0,219.2995,4.240251996396752,0.999397485187234,3517.258481565903,Premium CLV
17069,7.0,345.0,373.0,347.5214285714286,1.6679375087758774,0.9981910162972464,2230.496075775468,High CLV
17071,7.0,281.0,309.0,302.92571428571426,1.9349895430049375,0.9980223627152244,2255.6047333375864,High CLV
17073,3.0,92.0,109.0,330.76666666666665,2.0679556361093647,0.9954269664279661,2727.252506314492,High CLV
17075,3.0,300.0,317.0,215.08666666666667,1.012765822830166,0.9963073559360381,871.3427935289877,Medium CLV
17076,2.0,328.0,364.0,344.78999999999996,0.7076854356952776,0.9923423389645475,1007.116005817373,Medium CLV
17080,1.0,247.0,269.0,211.29999999999998,0.6157043183207267,0.9460118766781562,601.0359129355724,Low CLV
17081,1.0,21.0,46.0,178.26,1.5842629576087042,0.9240901706653952,1306.1342736393003,Medium CLV
17082,1.0,285.0,318.0,1366.91,0.5402209289928156,0.9431384652202799,3363.4944060213397,Premium CLV
17083,2.0,194.0,303.0,357.21,0.8087888031272239,0.9818687878067882,1191.9409824658542,Medium CLV
17085,4.0,239.0,362.0,278.41499999999996,1.1009248601477362,0.9878577038191468,1204.7004100798524,Medium CLV
17086,5.0,56.0,63.0,327.52200000000005,3.8683749226449917,0.9978623834326912,4920.388177593553,Premium CLV
17088,3.0,225.0,253.0,325.06,1.200602284753253,0.995513283605435,1557.6885710735392,High CLV
17090,6.0,350.0,354.0,330.4583333333333,1.5377112167645712,0.9986456580400874,1964.3267262342968,High CLV
17091,6.0,365.0,367.0,589.0516666666666,1.4940636052789615,0.9986927779642301,3399.4748495441795,Premium CLV
17092,3.0,227.0,277.0,547.6266666666667,1.1205178009506054,0.9940594880271962,2445.756028574085,High CLV
17095,2.0,312.0,334.0,505.505,0.7582912707941105,0.9931048631149803,1579.3145737912723,High CLV
17096,3.0,246.0,261.0,296.2133333333333,1.1741783213868051,0.996290210496412,1388.7719888478405,Medium CLV
17097,6.0,363.0,365.0,129.95000000000002,1.5006269669416419,0.9986925861347193,755.984817217115,Low CLV
17101,3.0,168.0,178.0,463.7166666666667,1.537558243961469,0.9963849989348423,2841.3874024600414,High CLV
17105,1.0,147.0,306.0,346.38,0.4983733807113337,0.8445265457648528,792.4058820455255,Medium CLV
17107,4.0,245.0,278.0,2280.055,1.3638564476773543,0.9965016607092826,12183.229364168223,Premium CLV
17109,3.0,203.0,232.0,140.15,1.2785780561150186,0.9953196378274215,718.65250840374,Low CLV
17114,7.0,329.0,334.0,95.19714285714285,1.8224315117666752,0.9988279021199387,670.1659480031591,Low CLV
17115,2.0,225.0,233.0,263.74,0.9957794382145698,0.9937666942899053,1085.0753099869553,Medium CLV
17119,1.0,56.0,59.0,59.66,1.4891937251969938,0.9514360337586292,427.3409101235061,Low CLV
17126,2.0,210.0,362.0,396.07500000000005,0.6987697346518781,0.9755278732402941,1141.5558563073791,Medium CLV
17131,3.0,70.0,75.0,557.8000000000001,2.496134446829536,0.9965032090568746,5541.241099995396,Premium CLV
17133,5.0,251.0,266.0,841.7639999999999,1.6639780304103426,0.9979152422554918,5440.1913538660865,Premium CLV
17134,1.0,158.0,264.0,94.5,0.5881460727033138,0.8911038280619386,262.1425819631479,Low CLV
17135,4.0,355.0,371.0,231.0375,1.0899585341036098,0.9974786879856046,990.430258969099,Medium CLV
17139,8.0,273.0,288.0,1003.63625,2.281396443785185,0.9986576593131797,8771.151571000328,Premium CLV
17144,1.0,83.0,84.0,388.68,1.2780432487371889,0.953159358227709,2273.6268209348664,High CLV
17146,2.0,253.0,358.0,225.765,0.7120113976198501,0.9852255471292914,665.3038492821456,Low CLV
17147,3.0,289.0,311.0,435.03000000000003,1.0276589843370103,0.996066915155806,1783.1576243373202,High CLV
17152,1.0,69.0,263.0,1373.6,0.4776412138770489,0.7216362715945425,2987.4488674259774,Premium CLV
17155,1.0,160.0,177.0,108.39999999999999,0.827121567776147,0.9456714091966704,420.61020605843936,Low CLV
17157,1.0,169.0,176.0,157.54,0.8346134534586352,0.9506701646386514,610.5569081079436,Low CLV
17158,2.0,328.0,360.0,426.59,0.7141417602335104,0.9925807990577492,1256.1317789589739,Medium CLV
17159,2.0,150.0,171.0,505.21500000000003,1.230185414590836,0.9923072435735315,2558.3799632753753,High CLV
17160,5.0,210.0,241.0,581.2239999999999,1.787917490391183,0.9969993917670144,4037.2559372508367,Premium CLV
17162,5.0,277.0,305.0,258.21,1.4990977398742131,0.9974517515999869,1506.5913106085304,Medium CLV
17163,1.0,57.0,78.0,170.0,1.29955767463921,0.9358652785408107,1023.1813425634969,Medium CLV
17164,4.0,241.0,273.0,460.055,1.3826727800842418,0.9965340812274618,2496.052909359087,High CLV
17166,1.0,165.0,203.0,78.75,0.7453720394328025,0.9350256976965099,278.79047939511065,Low CLV
17169,1.0,126.0,183.0,527.1,0.7855084851952987,0.9182361943420969,1892.2574690930373,High CLV
17173,6.0,126.0,131.0,550.6366666666667,3.087269317292028,0.9984956149635603,6559.469504642393,Premium CLV
17175,3.0,252.0,296.0,308.2033333333333,1.0661083990596796,0.9947122835465311,1311.9901121300265,Medium CLV
17179,2.0,183.0,361.0,234.395,0.693639429742298,0.9662251922576546,672.7218422623358,Low CLV
17180,2.0,260.0,316.0,274.245,0.7896510500917959,0.9903138088490359,894.8724645999605,Medium CLV
17181,1.0,316.0,373.0,84.4,0.4726348923861401,0.9362093881969509,189.08735522694747,Low CLV
17183,5.0,98.0,105.0,603.528,3.03646004144782,0.9980024197589348,7112.920108875018,Premium CLV
17186,1.0,14.0,60.0,72.0,1.381305495622492,0.8884142258699811,473.65540592643777,Low CLV
17188,5.0,351.0,362.0,392.118,1.3110853465691281,0.9981534575352126,1999.4319839863604,High CLV
17189,1.0,253.0,359.0,157.18,0.47429107565962475,0.9111202882172764,346.5818981550311,Low CLV
17190,1.0,149.0,207.0,249.74,0.7247017243197668,0.9214838521844108,833.6086134067617,Medium CLV
17191,4.0,340.0,368.0,396.255,1.0966281243233946,0.9970556780125861,1706.2780344426217,High CLV
17193,4.0,141.0,176.0,312.685,1.8843181819841757,0.9954489714763801,2312.945442697191,High CLV
17194,1.0,87.0,360.0,10.0,0.3353623855641611,0.6456690284361747,20.790027746019813,Low CLV
17198,2.0,348.0,371.0,210.10500000000002,0.6975211741217475,0.9931565448278591,606.9465371180719,Low CLV
17203,2.0,25.0,60.0,1149.94,2.1235206544234426,0.9852899603131615,10020.825883372283,Premium CLV
17204,2.0,88.0,263.0,387.825,0.8589625976142453,0.9367506494786961,1373.5607087872866,Medium CLV
17211,7.0,343.0,369.0,291.98857142857145,1.6825699421969107,0.9982531283220996,1891.0266787131252,High CLV
17213,5.0,326.0,366.0,493.666,1.2982533831891854,0.9971257738427839,2491.67358554568,High CLV
17214,5.0,299.0,359.0,179.61399999999998,1.3169434162236646,0.995962778467118,921.9645530035444,Medium CLV
17218,9.0,364.0,368.0,185.35333333333335,2.0802384417357804,0.9991237865512814,1476.3160349153206,Medium CLV
17220,9.0,340.0,364.0,320.0833333333333,2.097416683415949,0.9985806603821922,2568.089525278673,High CLV
17221,1.0,29.0,36.0,202.85000000000002,1.7516724564137591,0.9468105087735363,1639.144672251553,High CLV
17223,1.0,58.0,368.0,133.95,0.2664543441534036,0.5221086561270283,166.59048839628005,Low CLV
17227,5.0,350.0,368.0,159.414,1.2936630414471344,0.9979554596581205,804.2458876518169,Medium CLV
17228,7.0,357.0,372.0,246.11285714285714,1.672221381526286,0.9985944081243716,1584.6541228041397,High CLV
17229,1.0,46.0,142.0,161.05,0.8425447921313705,0.8372693512884098,629.5946785091855,Low CLV
17230,3.0,95.0,359.0,625.7166666666667,0.7807200106723942,0.8472243374391449,1947.1684180890575,High CLV
17231,9.0,349.0,361.0,326.92333333333335,2.1121160446226273,0.9989375180622105,2641.2585286386993,High CLV
17232,1.0,12.0,14.0,213.48,2.1316569076284195,0.9515460998188283,2096.6990893108787,High CLV
17235,1.0,347.0,372.0,208.16,0.479123114629784,0.9470144106017401,461.1238228248781,Low CLV
17236,5.0,350.0,362.0,157.97,1.311048786696949,0.9981256238301696,807.6901767610501,Medium CLV
17237,1.0,11.0,22.0,71.09,1.9566611852763212,0.9404133470572136,662.5185213958497,Low CLV
17238,14.0,369.0,371.0,241.04,3.0426807620617806,0.9994706496181126,2785.319796971425,High CLV
17242,1.0,72.0,180.0,425.6,0.7311884389071271,0.8453630521187112,1424.5157643772925,Medium CLV
17243,25.0,368.0,369.0,336.798,5.212092593224491,0.9997146629165831,6625.5283792919,Premium CLV
17250,1.0,258.0,261.0,221.87,0.6342533911873298,0.9528308657815237,649.5581381809537,Low CLV
17252,1.0,70.0,186.0,11.9,0.7051119702218606,0.8332952564863749,49.746587844519944,Low CLV
17254,1.0,11.0,15.0,102.13,2.106122041571296,0.9491607606305384,1009.2051721150845,Medium CLV
17255,1.0,259.0,299.0,185.95,0.5644832920962182,0.9396708567785134,486.1313518779915,Low CLV
17256,1.0,205.0,312.0,112.1,0.524519409202428,0.9022794746832872,275.7832750298039,Low CLV
17259,1.0,220.0,368.0,221.73000000000002,0.45017776219819766,0.8821087424427777,461.01632328552915,Low CLV
17262,3.0,314.0,366.0,328.1666666666667,0.9025689070639681,0.9947111595163323,1182.7088490734031,Medium CLV
17265,1.0,42.0,180.0,178.81,0.6593919711503582,0.7623556112394194,546.0471436756809,Low CLV
17266,2.0,145.0,147.0,98.78999999999999,1.357063236507863,0.9941264640566213,559.9155416118596,Low CLV
17268,3.0,138.0,245.0,208.46666666666667,1.213073895615034,0.982415702661342,1011.4107436113754,Medium CLV
17272,3.0,220.0,262.0,496.98333333333335,1.1688171091741422,0.9945641526570113,2315.611781379014,High CLV
17277,1.0,95.0,322.0,348.33000000000004,0.40843136035578304,0.7200355469100588,653.0725569610812,Low CLV
17282,2.0,169.0,299.0,480.78,0.8120429540467049,0.9757957209956608,1608.595059070629,High CLV
17284,5.0,276.0,336.0,187.294,1.3876830733966548,0.9957345172675838,1012.7839964107878,Medium CLV
17287,6.0,346.0,372.0,158.365,1.4769331149377318,0.998037391336944,906.0045545935754,Medium CLV
17288,6.0,349.0,358.0,214.36166666666668,1.5238052128564599,0.9985249670461166,1263.965838833975,Medium CLV
17289,2.0,149.0,180.0,388.525,1.1878893992823671,0.9911861950776651,1901.9978207270647,High CLV
17290,1.0,13.0,16.0,172.21,2.0890756152961814,0.9504184703566166,1664.2980330088114,High CLV
17293,7.0,353.0,361.0,218.42428571428573,1.7132789584898673,0.9987655189065449,1441.2450244302165,Medium CLV
17295,1.0,36.0,64.0,277.59,1.400233517189817,0.9245404094853179,1785.2161193310317,High CLV
17298,1.0,23.0,124.0,390.78,0.8690261348659076,0.7967223623898861,1554.9346093050005,High CLV
17299,3.0,162.0,173.0,172.49333333333334,1.5666333779284671,0.9963062706608914,1081.638683684725,Medium CLV
17302,4.0,291.0,305.0,238.195,1.2719299912579065,0.9974679020032257,1191.1768907994592,Medium CLV
17306,14.0,343.0,353.0,593.3792857142859,3.1656942019680576,0.9992937905449812,7129.0470450070225,Premium CLV
17311,1.0,238.0,316.0,828.39,0.5308397489515143,0.9222242156387909,2006.425398161892,High CLV
17312,2.0,21.0,159.0,249.25,1.1755757282938952,0.9047174475307291,1210.4975086490485,Medium CLV
17314,7.0,288.0,312.0,332.01714285714286,1.9209067720020356,0.9982037277313194,2453.8855426721807,High CLV
17315,34.0,356.0,357.0,181.8629411764706,7.163319083402929,0.9997875875548362,4908.447370177344,Premium CLV
17317,2.0,43.0,89.0,286.2,1.7769148087104931,0.9835622810225038,2097.6175177003424,High CLV
17320,2.0,268.0,368.0,374.85,0.6972204521178541,0.986273910791818,1078.2900589014346,Medium CLV
17321,1.0,59.0,67.0,41.25,1.4075741114856835,0.9474449596794159,286.4804118356846,Low CLV
17323,6.0,277.0,292.0,129.89666666666668,1.7864819144190636,0.9982861852373266,899.4042600035007,Medium CLV
17324,3.0,349.0,366.0,287.72666666666663,0.9040882917966795,0.9963856565407679,1039.2474909711275,Medium CLV
17329,1.0,301.0,315.0,279.75,0.5479575851927481,0.9496216586224262,705.42908612261,Low CLV
17330,1.0,45.0,67.0,99.0,1.3862404700597422,0.9330851821901284,645.0746050926447,Low CLV
17334,1.0,6.0,308.0,10.5,0.19835373844907025,0.33781851031349724,12.7438050766829,Low CLV
17337,3.0,159.0,310.0,333.71666666666664,1.0071153094360834,0.973722471998832,1341.6639834018379,Medium CLV
17338,7.0,344.0,361.0,839.4757142857143,1.7128705868128067,0.9985274563610819,5528.114160532311,Premium CLV
17339,1.0,271.0,365.0,183.36,0.47198187500128835,0.9187835707221123,401.05000469731544,Low CLV
17340,7.0,337.0,366.0,1383.1457142857143,1.693439263454427,0.9981385729039888,9002.899487366823,Premium CLV
17341,1.0,210.0,366.0,267.76,0.4480959621509711,0.8742005462141295,552.6012986242201,Low CLV
17345,2.0,181.0,196.0,204.70499999999998,1.1236717881598026,0.9930901071692301,952.0224408769268,Medium CLV
17346,13.0,370.0,373.0,194.6115384615385,2.835166944495149,0.9994113260613109,2098.2529868358556,High CLV
17348,4.0,283.0,297.0,249.8425,1.2981896645369921,0.9974571239741992,1274.9526366252937,Medium CLV
17350,2.0,43.0,51.0,564.915,2.276428302701405,0.9929765056813398,5285.277134110874,Premium CLV
17351,2.0,237.0,273.0,194.27499999999998,0.8843435987280867,0.9917210087986654,711.7314377396559,Low CLV
17353,1.0,25.0,154.0,870.0,0.712552434720307,0.7446376523556901,2824.8135661274514,High CLV
17358,1.0,52.0,355.0,119.15,0.26992578816761675,0.5139184337780811,150.59933514811124,Low CLV
17360,1.0,167.0,184.0,254.84,0.8062287064514889,0.9459030712943776,945.8869889916934,Medium CLV
17361,2.0,242.0,291.0,221.6,0.8417208823248548,0.9906783975972504,771.8914867151889,Low CLV
17362,1.0,70.0,309.0,162.23000000000002,0.38483250834997473,0.6570569104811214,289.9689502790647,Low CLV
17364,9.0,331.0,331.0,449.43888888888887,2.263141557857032,0.9992015478778883,3889.0557510576027,Premium CLV
17365,6.0,320.0,332.0,676.4833333333333,1.6174727161649745,0.9984259985669501,4225.500836200586,Premium CLV
17368,7.0,314.0,337.0,192.78857142857143,1.8086723049453228,0.9982967194446226,1343.2455728586692,Medium CLV
17370,3.0,97.0,169.0,111.82666666666667,1.5752132438852895,0.9865434270057015,707.716545625364,Low CLV
17371,1.0,344.0,361.0,326.26,0.49193417647622295,0.9492165470354439,737.4104846980332,Low CLV
17372,7.0,322.0,362.0,167.13857142857142,1.7075880537387795,0.9976539969822059,1099.9845214654815,Medium CLV
17373,3.0,272.0,312.0,167.22333333333333,1.0241000994436371,0.9950907734762737,686.1113015889127,Low CLV
17374,1.0,63.0,281.0,303.82,0.42405014049411754,0.673283870552526,592.1688114814676,Low CLV
17375,2.0,162.0,361.0,145.195,0.6858967691190749,0.9554398282364096,414.01556588301753,Low CLV
17376,1.0,241.0,311.0,97.35,0.5397321505464797,0.9261423465039205,247.61627046330412,Low CLV
17377,19.0,350.0,373.0,204.0536842105263,3.998603554728014,0.998976861339796,3088.0341799966995,Premium CLV
17381,19.0,364.0,372.0,1012.6068421052631,4.0092994183445185,0.9994865401456665,15353.65704931324,Premium CLV
17384,1.0,200.0,219.0,108.75,0.715127732603697,0.9459821412775893,364.91108464110386,Low CLV
17386,3.0,158.0,165.0,691.0333333333333,1.6161226966064057,0.996550099766269,4446.383592766465,Premium CLV
17387,1.0,14.0,33.0,437.67,1.7629741258183005,0.9302935648474164,3525.5922149904623,Premium CLV
17388,3.0,210.0,287.0,292.65333333333336,1.0878580305565795,0.9913592310871052,1271.4266450905448,Medium CLV
17389,31.0,331.0,331.0,1023.4883870967742,6.9645757054727655,0.9997843448010981,26856.10953025385,Premium CLV
17391,1.0,1.0,164.0,101.76,0.5406824395775397,0.588137294197615,258.6270707517265,Low CLV
17392,1.0,52.0,358.0,145.5,0.26584201343431424,0.5095506886559941,180.15127540378606,Low CLV
17396,3.0,332.0,371.0,2311.1,0.8934467415145025,0.9954464251383577,8219.04825898945,Premium CLV
17398,2.0,141.0,255.0,173.85,0.9159337804665855,0.9762684152598232,660.3136960325661,Low CLV
17400,4.0,227.0,353.0,426.4475,1.1219112776208777,0.9866571612284337,1878.2275435314784,High CLV
17402,11.0,365.0,369.0,197.62545454545455,2.4677719947936385,0.9992843156408281,1859.6597661037863,High CLV
17404,14.0,356.0,360.0,2194.2014285714286,3.116901543174534,0.9994314480973904,25947.718872096724,Premium CLV
17405,2.0,149.0,150.0,319.05,1.340244928986098,0.9942162138703831,1763.599508190251,High CLV
17406,1.0,33.0,366.0,1498.32,0.20795575283439796,0.4057055811070919,1419.2394606543423,Medium CLV
17409,1.0,64.0,248.0,511.3,0.5029149150981117,0.7275861119736023,1175.9831885779201,Medium CLV
17410,4.0,199.0,215.0,228.07999999999998,1.6464756171907728,0.9972030682319457,1476.1000757288023,Medium CLV
17411,2.0,249.0,261.0,246.68,0.9162273529875338,0.9935463428241981,934.395517310118,Medium CLV
17412,6.0,370.0,372.0,176.79333333333332,1.477903679352916,0.9986932501346498,1011.694533326713,Medium CLV
17414,1.0,141.0,184.0,180.0,0.7925145056471646,0.9298129661451153,660.5884630547706,Low CLV
17416,6.0,252.0,281.0,796.4516666666667,1.8382523502606838,0.9976548436600102,5652.098128343084,Premium CLV
17418,1.0,281.0,323.0,296.07,0.5318334044468176,0.9398569516236689,724.1300268620853,Low CLV
17419,10.0,356.0,367.0,385.23,2.281325755754944,0.9990567815654646,3354.097351229745,Premium CLV
17420,2.0,323.0,373.0,233.99,0.6933000776412847,0.9914251610418778,671.2698339853788,Low CLV
17422,5.0,280.0,296.0,331.62399999999997,1.5347549817258601,0.997925038218431,1979.6661168289188,High CLV
17423,1.0,171.0,217.0,248.99,0.7085493257008645,0.9312244171811093,812.6751901935746,Medium CLV
17425,1.0,41.0,60.0,70.2,1.454615824960968,0.9355652288117051,486.9246171998286,Low CLV
17426,3.0,274.0,282.0,1281.1266666666668,1.1083456138653052,0.9966452573974572,5652.443485326515,Premium CLV
17428,20.0,368.0,368.0,845.1924999999999,4.241367535999525,0.9996604100026898,13550.942111606364,Premium CLV
17429,2.0,90.0,218.0,169.03,1.0106592410279391,0.9618309899135713,708.4621578155005,Low CLV
17430,1.0,333.0,365.0,153.16000000000003,0.4853007562721535,0.9447107724648401,345.7723111467879,Low CLV
17432,1.0,19.0,37.0,189.87,1.7121589799500174,0.9327770585355848,1501.4803118672648,Medium CLV
17434,6.0,83.0,85.0,312.37666666666667,3.898350748088462,0.9986202468765906,4700.811084277256,Premium CLV
17436,1.0,225.0,226.0,93.89999999999999,0.7048420494275625,0.9534599561067965,312.1574065356272,Low CLV
17440,1.0,91.0,247.0,61.8,0.557278226054694,0.8038542855647083,165.60868352570773,Low CLV
17442,5.0,254.0,290.0,361.546,1.557488419399024,0.996975795796542,2189.809527261788,High CLV
17444,2.0,25.0,172.0,884.29,1.111253549600746,0.8998027171935571,4038.8701445251627,Premium CLV
17446,1.0,134.0,310.0,52.800000000000004,0.4793266868089145,0.8204427989641642,122.89971211665974,Low CLV
17447,1.0,31.0,71.0,169.05,1.314953405668953,0.9075934399058052,1029.5509794513493,Medium CLV
17449,5.0,357.0,359.0,367.32000000000005,1.320144103066995,0.9983833569993583,1886.1453476837567,High CLV
17450,26.0,359.0,367.0,7404.6903846153855,5.430960085156252,0.999579073213304,151678.1555233706,Premium CLV
17451,4.0,104.0,105.0,343.8475,2.5758026686319755,0.9978700717356441,3473.9694516717336,Premium CLV
17453,1.0,47.0,64.0,144.72,1.421229072798902,0.9384032683170023,955.9044913354978,Medium CLV
17454,3.0,167.0,359.0,117.22666666666667,0.886307895456169,0.9618065493776988,417.61461671197515,Low CLV
17457,4.0,213.0,339.0,337.97499999999997,1.1573265296837119,0.9856588193496493,1536.3363079625428,High CLV
17459,1.0,17.0,60.0,356.91,1.3923933648179945,0.8955456104616503,2275.7920348344182,High CLV
17460,5.0,279.0,373.0,120.506,1.2733649307413961,0.9930145370482634,599.3035901925632,Low CLV
17461,1.0,7.0,29.0,374.9,1.8094439923449273,0.9238504966268202,3103.659680400663,Premium CLV
17462,1.0,224.0,284.0,212.28,0.5804874238192347,0.9291075476662957,569.2919677806764,Low CLV
17463,4.0,297.0,313.0,296.725,1.2466195229267143,0.9974045043124168,1453.300113761411,Medium CLV
17466,1.0,68.0,78.0,302.87,1.3139883148017792,0.9462573798986935,1826.1631630748998,High CLV
17468,1.0,4.0,14.0,30.0,2.107458981085069,0.9407444353747857,321.19799502640484,Low CLV
17469,4.0,188.0,204.0,391.40250000000003,1.7079668580675809,0.9971704653400392,2623.1793617765884,High CLV
17470,4.0,323.0,367.0,236.66750000000002,1.0982556093521811,0.9963565912404553,1022.180214565972,Medium CLV
17472,2.0,108.0,299.0,228.89,0.7811950115048792,0.9387271272915617,739.7892826213222,Low CLV
17481,3.0,90.0,93.0,331.65333333333336,2.2514397603293586,0.9967244252228028,2976.6916963996537,Premium CLV
17483,2.0,118.0,183.0,129.47,1.1674795479096123,0.9849656907151341,628.7520946608586,Low CLV
17489,1.0,154.0,212.0,168.07999999999998,0.7133065771584245,0.9222357053827323,556.0916871403962,Low CLV
17490,5.0,176.0,176.0,357.424,2.227607829167309,0.998430239582029,3094.586191351929,Premium CLV
17491,9.0,366.0,367.0,359.05222222222227,2.0849112853237415,0.9991828000797844,2863.199974674347,Premium CLV
17495,1.0,31.0,38.0,154.97,1.7245975016381352,0.9469309101529702,1239.6482217604685,Medium CLV
17500,2.0,12.0,29.0,425.0,2.688613274298545,0.9901104548005298,4699.666780117729,Premium CLV
17502,3.0,20.0,29.0,154.16666666666666,3.4562871481754343,0.9956443862125964,2131.3466099666653,High CLV
17503,1.0,36.0,38.0,218.53,1.7338023428603575,0.9519850452007672,1745.6708621841592,High CLV
17504,5.0,116.0,322.0,511.17600000000004,1.2498836767618553,0.8674005622558376,2483.442128388855,High CLV
17505,1.0,44.0,205.0,658.85,0.5748178380696577,0.7259883141545675,1728.741128693408,High CLV
17507,1.0,48.0,309.0,265.02,0.3314505437423408,0.5659133922505705,404.51077018221366,Low CLV
17509,2.0,6.0,63.0,898.14,2.0500203459261623,0.9701755558386856,7559.330030529753,Premium CLV
17511,27.0,371.0,373.0,3305.0607407407406,5.555611506967835,0.9997185736342377,69240.18253852204,Premium CLV
17512,9.0,273.0,301.0,270.05333333333334,2.434356598562575,0.9982460374454698,2514.8481646851524,High CLV
17515,3.0,287.0,318.0,135.84666666666666,1.0096065448672906,0.9956377452469963,550.4139797257279,Low CLV
17516,3.0,270.0,285.0,146.75,1.0991479646760192,0.9963384406525695,646.8103194177371,Low CLV
17519,5.0,351.0,368.0,301.744,1.2937023916536843,0.9979858151310735,1519.0815272493774,Medium CLV
17521,2.0,170.0,199.0,281.825,1.1104455061848704,0.9916821781431965,1292.1564203288196,Medium CLV
17522,4.0,217.0,218.0,230.8175,1.6315796460445255,0.9978924636211002,1480.2563440608187,Medium CLV
17523,2.0,8.0,19.0,201.76500000000001,2.939350671097854,0.9916614580128684,2450.316568791067,High CLV
17526,3.0,361.0,365.0,323.03333333333336,0.9064853270604264,0.9968381704239501,1169.3246642204758,Medium CLV
17527,3.0,165.0,218.0,215.75333333333333,1.3332390670111314,0.9927890345441939,1150.0616430491557,Medium CLV
17528,6.0,70.0,71.0,420.2366666666667,4.237178435480994,0.9986743169147139,6869.126470199262,Premium CLV
17530,8.0,364.0,365.0,260.545,1.8962901352317774,0.9990703121936324,1895.5598000060902,High CLV
17537,1.0,274.0,303.0,266.92,0.561440501592437,0.9442012626129582,690.0197775129199,Low CLV
17540,1.0,292.0,316.0,310.1,0.5447082521998985,0.9463178701844179,776.3499060105777,Low CLV
17549,1.0,28.0,51.0,120.66,1.5355929502667336,0.9285408595038177,865.1844776320401,Medium CLV
17550,1.0,46.0,243.0,110.94,0.4684165575850291,0.6676680910709009,243.71788563885744,Low CLV
17552,2.0,312.0,372.0,315.945,0.694242339495829,0.9906303115131,905.7918079911267,Medium CLV
17554,4.0,147.0,148.0,295.005,2.1109135410220863,0.9978811344677396,2444.5246315503623,High CLV
17555,1.0,315.0,334.0,287.81,0.5226969953108753,0.9482773211602668,692.1148493678406,Low CLV
17557,2.0,67.0,81.0,126.55000000000001,1.8763570551971647,0.9922644066855096,987.143845514833,Medium CLV
17560,3.0,216.0,310.0,230.95000000000002,1.0235977409846408,0.9896583969536412,945.2226999364395,Medium CLV
17562,6.0,159.0,173.0,137.04666666666668,2.593577881934896,0.9980846583752742,1376.4707387423734,Medium CLV
17564,2.0,56.0,80.0,167.445,1.883412152735913,0.9901807357401511,1306.4942635547284,Medium CLV
17566,1.0,17.0,25.0,486.95,1.914685321099485,0.9448160891903805,4256.043543987668,Premium CLV
17567,7.0,365.0,372.0,544.79,1.672554114357285,0.9987931049883788,3504.39400974203,Premium CLV
17571,3.0,248.0,298.0,404.71999999999997,1.0601632390034628,0.9942861707989771,1711.6549563571632,High CLV
17572,3.0,302.0,373.0,51.98333333333333,0.8878423028527622,0.9934905655884528,187.90517759580004,Low CLV
17573,2.0,64.0,93.0,102.94500000000001,1.7485297411950274,0.9894420951885247,750.8441957997824,Low CLV
17576,17.0,357.0,365.0,206.0605882352941,3.6755359096288487,0.9994399164489831,2869.814030829079,Premium CLV
17579,2.0,175.0,179.0,142.245,1.195669810174215,0.9939880035566,706.5703501546499,Low CLV
17580,2.0,106.0,358.0,84.435,0.6495526021221623,0.8987999629701726,230.03483811328303,Low CLV
17581,9.0,372.0,372.0,1139.8066666666666,2.0623969949447454,0.9992015478778883,8984.228055402393,Premium CLV
17584,1.0,120.0,127.0,492.85,1.021831059172867,0.9499174328573958,2301.558563443934,High CLV
17585,3.0,229.0,338.0,238.42,0.9554264554493643,0.9883565475771245,910.7569544029966,Medium CLV
17588,2.0,132.0,232.0,421.5,0.9836143156617891,0.9785906210572671,1708.5358563273994,High CLV
17589,3.0,180.0,240.0,604.4666666666667,1.2439372491293959,0.992388571409808,2995.795804159035,Premium CLV
17590,2.0,38.0,40.0,564.92,2.471154373564369,0.9939766144762053,5736.5381733982795,Premium CLV
17591,6.0,294.0,367.0,303.22833333333335,1.488940161846848,0.9952680603445242,1745.6523618144374,High CLV
17593,4.0,349.0,352.0,816.11,1.1372039525571012,0.9978501218566622,3639.716368661665,Premium CLV
17594,1.0,169.0,254.0,678.18,0.6166957161301112,0.9080081631364373,1909.4422122174867,High CLV
17595,1.0,25.0,37.0,230.89,1.727277580761106,0.941013609088941,1835.8250300185375,High CLV
17596,6.0,345.0,368.0,405.885,1.4899638022588433,0.9981304189512626,2337.0668865557896,High CLV
17602,5.0,322.0,324.0,867.184,1.43167255115561,0.9983793192758476,4823.00950584774,Premium CLV
17604,1.0,95.0,312.0,173.12,0.4259612465112248,0.7327395001874165,342.03643079040154,Low CLV
17609,3.0,287.0,327.0,227.39333333333335,0.9873787014467128,0.9951791789624804,897.8687397503243,Medium CLV
17611,13.0,354.0,361.0,287.6946153846154,2.9103245167490623,0.9993272968299494,3182.4945907864762,Premium CLV
17612,5.0,244.0,297.0,348.598,1.5276232238331662,0.9958593858001406,2071.1110899828604,High CLV
17613,10.0,283.0,305.0,397.235,2.6380532589622625,0.9986182036039182,3998.566329455184,Premium CLV
17615,2.0,92.0,222.0,87.925,0.9974628231201823,0.9615854264494972,367.29797377742227,Low CLV
17616,2.0,194.0,367.0,122.39999999999999,0.6866362169024276,0.969182840297053,350.20732929896286,Low CLV
17618,2.0,357.0,362.0,325.65,0.7120518178942535,0.9940705229503451,957.3662963723423,Medium CLV
17621,2.0,333.0,354.0,570.25,0.7242516254194615,0.9932229664686102,1701.0590752985174,High CLV
17624,1.0,204.0,218.0,443.18,0.7191204729327677,0.9481907776428552,1458.803102585703,Medium CLV
17625,3.0,239.0,257.0,499.10666666666674,1.1875023753275455,0.9961234130179861,2362.600150914,High CLV
17629,7.0,354.0,359.0,225.06714285714287,1.7210253835307274,0.9988345743260861,1491.6782524944392,Medium CLV
17630,1.0,63.0,232.0,168.1,0.543170490035888,0.7486887415960007,423.5626938248977,Low CLV
17631,2.0,231.0,232.0,112.89000000000001,0.9993422633775582,0.9942382401271209,470.38222713895686,Low CLV
17633,3.0,89.0,120.0,330.65000000000003,1.9563438448902315,0.9936869913320229,2579.4118301173935,High CLV
17634,8.0,301.0,337.0,197.04,2.0181660531370893,0.9978817160509439,1526.4028648068822,High CLV
17637,1.0,84.0,115.0,208.11,1.0599108305329323,0.9309481233652007,1018.0684229511153,Medium CLV
17642,1.0,57.0,176.0,316.99,0.7157436091068801,0.8152709399650526,1041.5652759861496,Medium CLV
17644,7.0,259.0,260.0,350.45285714285717,2.2076823569548485,0.9989151468241759,2975.98929497007,Premium CLV
17646,2.0,146.0,365.0,378.69500000000005,0.6706822950501053,0.9425247832226833,1047.823666476008,Medium CLV
17648,2.0,189.0,249.0,606.815,0.943874599873218,0.9885727227235145,2357.4509794387086,High CLV
17651,8.0,166.0,177.0,448.0125,3.229020352280176,0.9986371066977988,5541.865764134688,Premium CLV
17652,11.0,256.0,281.0,422.3109090909091,3.050262014358493,0.9984570922550114,4906.220362679645,Premium CLV
17653,3.0,84.0,120.0,348.1066666666666,1.9546248146783916,0.9928138432074365,2712.7077620395767,High CLV
17655,6.0,356.0,366.0,327.14000000000004,1.497054849923018,0.9985037649078502,1893.2909953422227,High CLV
17656,4.0,55.0,128.0,333.27750000000003,2.263129485903289,0.9800266923777194,2959.292464005255,Premium CLV
17658,1.0,186.0,211.0,277.82,0.7316350362476525,0.9428060641195246,934.8756013621309,Medium CLV
17659,11.0,355.0,372.0,250.15090909090907,2.450989263168943,0.9989722444544752,2337.114412670921,High CLV
17663,6.0,262.0,287.0,238.58666666666667,1.8094080511634052,0.9978714992106993,1669.5946453803124,High CLV
17664,1.0,194.0,212.0,278.45,0.7318792772414755,0.9462483918073947,937.2877096798215,Medium CLV
17666,1.0,62.0,65.0,319.08000000000004,1.4318387130249401,0.9515316249737251,2094.8526737662537,High CLV
17667,3.0,232.0,298.0,375.82,1.0586506192908758,0.9928675431701632,1587.5275345985951,High CLV
17668,1.0,37.0,38.0,185.89999999999998,1.7354995861074316,0.9529169566126626,1490.747014069092,Medium CLV
17669,6.0,207.0,249.0,488.5366666666667,2.009426092563647,0.9965509377872191,3791.0890955797313,Premium CLV
17671,3.0,350.0,365.0,392.8433333333333,0.9061405247493051,0.9964590003538832,1420.5376976541074,Medium CLV
17672,1.0,259.0,309.0,2000.33,0.5480996631986389,0.9358166566571051,4989.466641925259,Premium CLV
17673,5.0,319.0,320.0,245.34,1.4456679042789575,0.998404764665827,1380.7567793632131,Medium CLV
17674,1.0,294.0,368.0,250.38,0.47404458283672896,0.9288750043673132,547.1702646000654,Low CLV
17675,28.0,366.0,367.0,705.6128571428571,5.82547720519412,0.9997444638845837,15498.857728196957,Premium CLV
17676,5.0,362.0,366.0,217.39600000000002,1.2998295751545454,0.9983363708291161,1100.6497808062365,Medium CLV
17677,17.0,367.0,368.0,905.7782352941176,3.6519846125015696,0.9995805848345796,12524.017537376623,Premium CLV
17679,1.0,33.0,85.0,348.91,1.189082325072314,0.891896741699117,1900.9528176432225,High CLV
17682,5.0,358.0,368.0,416.566,1.2939597775061062,0.9981843673107631,2096.1586995788425,High CLV
17685,6.0,356.0,372.0,456.5016666666667,1.4773922947205054,0.9983476820250726,2605.9359627703298,High CLV
17686,4.0,295.0,302.0,1036.7125,1.2819695411532521,0.997711111756456,5209.969166361225,Premium CLV
17690,13.0,343.0,373.0,337.0115384615384,2.8328004663593043,0.9985771300163718,3628.335215162023,Premium CLV
17691,1.0,10.0,368.0,147.9,0.1441742226881854,0.28250471912948116,99.27831450921697,Low CLV
17692,3.0,232.0,359.0,132.55999999999997,0.908720518028505,0.9861283536731557,483.6064220314625,Low CLV
17695,1.0,40.0,171.0,411.74,0.689841144273671,0.7710254500072845,1300.4705104167328,Medium CLV
17696,6.0,326.0,364.0,351.685,1.5022028373082406,0.997545345333266,2042.0656219883595,High CLV
17700,3.0,265.0,281.0,644.0100000000001,1.1109268270787174,0.9962832542335613,2850.701937128449,Premium CLV
17702,3.0,176.0,206.0,461.5233333333333,1.3903851742440827,0.995044130556656,2557.7465199663743,High CLV
17703,2.0,103.0,138.0,284.79999999999995,1.4042176758100926,0.9896617691235253,1650.3816432840506,High CLV
17704,1.0,71.0,239.0,497.9,0.5416836299299919,0.7628422345262451,1233.6041367781133,Medium CLV
17705,8.0,298.0,301.0,210.9025,2.206387861285534,0.9990199167080955,1785.6794221749642,High CLV
17706,11.0,362.0,366.0,911.5145454545454,2.4839984209240966,0.9992837939924034,8622.38577628454,Premium CLV
17707,1.0,151.0,336.0,68.7,0.45223798093578427,0.8243149938692756,148.63804959538697,Low CLV
17708,1.0,137.0,324.0,156.48,0.4584965036721587,0.8122148476623562,333.52473001411335,Low CLV
17711,1.0,279.0,289.0,164.57,0.5861304747741495,0.9506618143343974,447.8266544486301,Low CLV
17716,8.0,245.0,267.0,623.81625,2.4147073520723117,0.9983245707795322,5771.45277529298,Premium CLV
17719,14.0,218.0,255.0,344.015,4.05550680131559,0.9971018837798767,5294.774860783379,Premium CLV
17720,3.0,341.0,367.0,364.6466666666667,0.9017876131694889,0.996027990124147,1312.5648032737004,Medium CLV
17722,3.0,270.0,366.0,504.6333333333334,0.8992392149489241,0.9910415428492106,1809.6468809415007,High CLV
17723,5.0,87.0,214.0,588.9200000000001,1.8489970534569913,0.9470177979865213,4229.815568344319,Premium CLV
17724,2.0,67.0,138.0,329.95000000000005,1.3883715023960201,0.9784937342205592,1888.7996551546835,High CLV
17725,10.0,251.0,267.0,310.137,2.919191328594754,0.9987899561767031,3454.938971665709,Premium CLV
17728,2.0,83.0,86.0,1265.49,1.8262196530664283,0.9939401510602736,9485.417312742224,Premium CLV
17730,12.0,323.0,326.0,415.5833333333333,2.939037631589699,0.9993562237830621,4646.231731841242,Premium CLV
17731,2.0,104.0,183.0,288.77,1.1624920576267403,0.9807579023901052,1385.6895923792335,Medium CLV
17733,1.0,223.0,261.0,475.24,0.624892408976727,0.9387679803350669,1358.9946773285408,Medium CLV
17734,2.0,180.0,233.0,293.82500000000005,0.9911921869853483,0.9891887151561781,1202.4365820293444,Medium CLV
17735,17.0,365.0,367.0,744.4364705882354,3.6599082490195642,0.9995630677382817,10316.011415419101,Premium CLV
17736,2.0,104.0,113.0,34.975,1.582666830016028,0.9932975403170496,238.7487231885797,Low CLV
17737,1.0,49.0,58.0,80.85000000000001,1.4907818911715673,0.9460751805586174,570.9882833834004,Low CLV
17738,2.0,263.0,282.0,549.5649999999999,0.8641932363587944,0.993125892207305,1955.740160223572,High CLV
17739,6.0,349.0,360.0,405.215,1.5169594786782987,0.998474236585659,2375.432333587972,High CLV
17742,1.0,219.0,332.0,52.54,0.4994183075412235,0.9017774572521913,127.47590435796067,Low CLV
17744,5.0,355.0,358.0,388.976,1.3230569987305363,0.9983591505684238,2001.5266285759044,High CLV
17749,1.0,78.0,256.0,305.51,0.512617622072852,0.7591469004737427,719.6756857326162,Low CLV
17750,8.0,159.0,164.0,184.32125,3.3950423410773856,0.9988984165175953,2400.5513263613043,High CLV
17754,4.0,260.0,260.0,377.005,1.4359975289626394,0.9979304380808375,2125.1480449856226,High CLV
17757,29.0,371.0,372.0,188.3393103448276,5.957187972900183,0.9997531832794072,4231.604178762476,Premium CLV
17758,5.0,231.0,250.0,574.582,1.7418605565208107,0.9977069027472344,3888.5284631208256,Premium CLV
17759,1.0,152.0,169.0,667.84,0.8523643199145042,0.9453895225737404,2597.499657567774,High CLV
17760,1.0,352.0,373.0,115.05,0.47869051627643766,0.9482045498509375,258.1791122551245,Low CLV
17764,1.0,161.0,211.0,556.85,0.7200925522322397,0.9279320854476636,1832.2980002947688,High CLV
17765,2.0,98.0,256.0,125.31500000000001,0.8895954292400637,0.9509404194561712,464.1413776994932,Low CLV
17768,2.0,158.0,166.0,930.925,1.255833816197229,0.9936160466108869,4804.350514693265,Premium CLV
17769,9.0,308.0,320.0,402.40777777777777,2.3231405859771246,0.9989062554954348,3574.65387721179,Premium CLV
17770,3.0,84.0,282.0,180.03333333333333,1.0104274485776037,0.9085953983767603,728.3421291826025,Low CLV
17771,1.0,267.0,323.0,130.01,0.5284876557745293,0.9339443385351651,320.88536835354597,Low CLV
17774,3.0,209.0,305.0,335.14,1.0360101840642313,0.9891487507702001,1385.994239922822,Medium CLV
17777,2.0,76.0,100.0,235.57999999999998,1.6864642158836622,0.9907642205910112,1641.142785815176,High CLV
17779,2.0,122.0,143.0,167.74,1.3773892910309,0.9920109013070335,957.7316648145451,Medium CLV
17781,1.0,94.0,253.0,86.02000000000001,0.5472091498801148,0.8033595443234263,222.80766466892584,Low CLV
17783,1.0,175.0,247.0,171.06,0.6357369172120461,0.9170281943555486,504.3399118489021,Low CLV
17786,1.0,232.0,317.0,163.89,0.5272432433745349,0.9182287782737125,401.2673636180267,Low CLV
17787,3.0,219.0,371.0,376.30333333333334,0.8806264007251305,0.9811624596652699,1322.620190200171,Medium CLV
17788,1.0,56.0,129.0,1101.2,0.9357673272136233,0.8779105328553491,4690.363217249243,Premium CLV
17790,11.0,338.0,364.0,166.97272727272727,2.493361226561395,0.998653061100167,1587.97543596222,High CLV
17795,1.0,85.0,264.0,187.14000000000001,0.5066274443655132,0.7675944395926968,438.9552463375527,Low CLV
17796,3.0,329.0,369.0,194.41666666666666,0.897284156889748,0.9953879220144427,698.3467970860257,Low CLV
17797,1.0,160.0,182.0,508.02,0.8097704636455486,0.9431370330235155,1880.561586180834,High CLV
17799,8.0,339.0,361.0,354.05625,1.9120642113529138,0.9985293796337388,2596.0886711219127,High CLV
17800,8.0,297.0,334.0,132.87,2.032302089829952,0.9978150730142615,1037.6536110214372,Medium CLV
17802,2.0,290.0,372.0,592.4200000000001,0.6927835427260862,0.988548720955696,1690.3224020893952,High CLV
17809,9.0,357.0,373.0,597.4566666666666,2.057202386171831,0.9988411095580559,4698.961429568204,Premium CLV
17811,37.0,329.0,333.0,206.80432432432434,8.207083928299127,0.9997404626307947,6391.090280366721,Premium CLV
17812,3.0,356.0,368.0,171.53666666666666,0.9003101455453716,0.9965704382448818,618.7493941965977,Low CLV
17813,4.0,57.0,71.0,366.0675,3.1149255200904746,0.9965587888236026,4470.248993845259,Premium CLV
17816,3.0,329.0,365.0,6.783333333333334,0.9053313787222655,0.9955692036620652,28.80567596082393,Low CLV
17817,1.0,273.0,277.0,117.97999999999999,0.6064684580516535,0.9525523416734153,335.00432110868394,Low CLV
17819,6.0,300.0,371.0,518.9,1.4763795603186378,0.9955050713801545,2959.624356546211,Premium CLV
17827,2.0,359.0,364.0,361.83,0.7089186301513103,0.9940715692258644,1058.4687225512182,Medium CLV
17828,3.0,162.0,184.0,328.9766666666667,1.5026541286290087,0.9955430487321223,1972.2049166502766,High CLV
17830,2.0,287.0,288.0,105.1,0.8514509318892793,0.9942477562270711,373.66486601569267,Low CLV
17835,2.0,21.0,23.0,120.4,2.841985441696448,0.9939255791047369,1422.3963796538812,Medium CLV
17837,7.0,121.0,163.0,210.51142857142855,3.0413286862126223,0.9949726352558328,2463.8287295760115,High CLV
17838,4.0,346.0,372.0,515.535,1.0872308432483146,0.997139357821796,2199.73572080958,High CLV
17841,111.0,372.0,373.0,364.4521621621622,21.877482958007544,0.9999247138562384,29920.747340311056,Premium CLV
17848,8.0,277.0,358.0,100.4875,1.9158471344842414,0.993853090477393,740.6610895440663,Low CLV
17849,3.0,115.0,333.0,129.35,0.9011182798596618,0.9212950880397671,468.0096062580689,Low CLV
17850,1.0,1.0,373.0,3891.87,0.11633035176899661,0.23043065421714537,2059.192357634207,High CLV
17854,1.0,42.0,227.0,199.5,0.5001894452340733,0.6787579668575927,461.34289226516984,Low CLV
17856,3.0,280.0,281.0,311.74,1.1116433833637418,0.9969258645388348,1383.5734096229376,Medium CLV
17857,19.0,361.0,365.0,1344.4126315789474,4.071295573554891,0.999570219662665,20698.5309786722,Premium CLV
17858,11.0,364.0,369.0,445.8554545454545,2.46772233317725,0.9992642059733018,4191.516567526708,Premium CLV
17861,6.0,316.0,319.0,309.8233333333333,1.6692485303060436,0.9986629018507988,1999.221274319066,High CLV
17863,5.0,310.0,369.0,555.0559999999999,1.2884661318177177,0.9961153719612781,2779.9783703065946,High CLV
17864,2.0,263.0,275.0,194.54500000000002,0.8811495939970845,0.9935776140381252,710.144375252702,Low CLV
17865,15.0,334.0,364.0,651.3246666666668,3.2846705159439167,0.9985710569992153,8112.1950111412025,Premium CLV
17867,3.0,258.0,288.0,390.53333333333336,1.0895841323494988,0.9955637415706924,1697.60364084754,High CLV
17869,3.0,261.0,368.0,71.28666666666668,0.8941422788866128,0.98974310922991,257.9011854209121,Low CLV
17870,8.0,364.0,366.0,195.99374999999998,1.8920962402060435,0.9990505226202403,1423.5940533994612,Medium CLV
17873,4.0,293.0,373.0,411.00250000000005,1.0815049692540255,0.9940335123415485,1745.2582320491458,High CLV
17874,2.0,70.0,255.0,309.15000000000003,0.8597194784444433,0.916351149710192,1097.1398206338695,Medium CLV
17883,3.0,243.0,246.0,184.14000000000001,1.2272201395051927,0.9968361498287543,904.5002813296445,Medium CLV
17884,3.0,368.0,371.0,176.64666666666668,0.8947256821767583,0.9968713751113673,633.1068859525483,Low CLV
17886,2.0,218.0,249.0,338.21000000000004,0.9471180934055148,0.9919698151262442,1321.5810965746077,Medium CLV
17888,7.0,336.0,357.0,99.51714285714286,1.727968669252184,0.9983995530941783,664.154827326871,Low CLV
17889,1.0,110.0,322.0,102.02,0.43056699315843594,0.7590590990128515,206.67990805462404,Low CLV
17890,1.0,39.0,361.0,125.13,0.22957508983175087,0.4429789278240543,134.3280644360574,Low CLV
17892,2.0,99.0,155.0,51.0,1.301570870665675,0.9856136570447593,281.9567755765212,Low CLV
17894,7.0,295.0,366.0,144.72,1.688921538311936,0.9954757577538901,942.4941621709738,Medium CLV
17897,2.0,201.0,373.0,200.35500000000002,0.6785807651310772,0.9703764157056504,563.3044793568637,Low CLV
17898,1.0,122.0,207.0,52.22,0.7044530899191278,0.8957369979921037,178.65085417632713,Low CLV
17905,3.0,302.0,373.0,199.49666666666667,0.8878423028527622,0.9934905655884528,708.9510268993007,Low CLV
17912,3.0,54.0,364.0,68.62,0.5691197542804611,0.6244716180940741,158.11371736581665,Low CLV
17913,1.0,297.0,355.0,193.55,0.49104413602964836,0.9349111658333331,439.9632025530622,Low CLV
17917,2.0,317.0,362.0,115.185,0.7103599454651605,0.9917085593009474,341.25744629097926,Low CLV
17920,16.0,369.0,373.0,230.605625,3.4180584075813796,0.9994998782099819,2988.5167110811976,Premium CLV
17921,3.0,202.0,266.0,181.98333333333335,1.1532683220962459,0.9924749426866861,840.1877238091738,Medium CLV
17924,4.0,362.0,373.0,670.875,1.0854208844908362,0.997632710761842,2856.632142115171,Premium CLV
17926,1.0,70.0,203.0,185.56,0.6461500153259706,0.8105574624941959,554.976077392937,Low CLV
17928,1.0,201.0,246.0,134.28,0.6496012307538397,0.9342511786072745,406.84280002513196,Low CLV
17929,3.0,297.0,308.0,215.6,1.0358979601686544,0.9965471123047618,893.3276893358391,Medium CLV
17930,4.0,204.0,239.0,337.46999999999997,1.5248094879015504,0.9961204449389787,2020.3109173955943,High CLV
17931,1.0,121.0,255.0,111.16000000000001,0.5768325583723061,0.8517794167896673,300.7263030903814,Low CLV
17932,2.0,182.0,211.0,371.28,1.0663698714543608,0.9918130313943978,1632.3328902849657,High CLV
17934,1.0,7.0,58.0,65.8,1.3757056658530598,0.8730458787600475,433.0589033163428,Low CLV
17935,1.0,3.0,141.0,11.22,0.6662498617655179,0.6592305306009654,44.931108349441075,Low CLV
17937,6.0,354.0,362.0,484.60999999999996,1.510368646080735,0.9985519972422995,2827.83866264038,High CLV
17940,8.0,253.0,302.0,382.625,2.195709295704411,0.9967260305609035,3220.8420188862824,Premium CLV
17946,1.0,26.0,259.0,132.03,0.36169870860247,0.540284333005341,222.85344442582937,Low CLV
17949,28.0,370.0,371.0,2042.7314285714288,5.774951772900676,0.9997446077968928,44474.72961501172,Premium CLV
17950,1.0,293.0,365.0,219.03,0.4775143495150916,0.9295533628644638,483.1460273587745,Low CLV
17951,2.0,334.0,373.0,356.52000000000004,0.6938375404833959,0.9921937375962133,1020.8586875885167,Medium CLV
17954,11.0,366.0,371.0,202.17636363636365,2.4570224430199468,0.9992646486938453,1894.1356257761784,High CLV
17955,2.0,21.0,219.0,143.475,0.852058541737221,0.8135223968645506,507.94942569893544,Low CLV
17961,34.0,351.0,372.0,34.37911764705883,6.925186941126413,0.9989729158959321,899.3408026707899,Medium CLV
17964,1.0,341.0,372.0,209.94,0.47819516170762333,0.9451802582454607,464.0985159389711,Low CLV
17965,12.0,332.0,369.0,215.43499999999997,2.660670749876946,0.9981718558584621,2182.19450236985,High CLV
17966,3.0,224.0,261.0,317.1433333333334,1.1725874735508495,0.9949403762365868,1484.4858838649664,Medium CLV
17969,1.0,195.0,361.0,103.0,0.4468472606450966,0.8622186342897578,216.52548487430184,Low CLV
17974,2.0,195.0,219.0,284.01,1.0393992611921785,0.9923902371077731,1218.9558434665562,Medium CLV
17975,12.0,351.0,366.0,347.8925,2.680605533196139,0.9990806755384012,3548.360536890947,Premium CLV
17979,2.0,224.0,259.0,258.02,0.9197451834921799,0.9916843301959133,980.7762500489614,Medium CLV
17980,2.0,194.0,359.0,258.125,0.700188850588987,0.9710270894541344,747.2868651866328,Low CLV
17988,4.0,315.0,326.0,34.0325,1.20792159102274,0.997595992229419,165.33343718694033,Low CLV
17990,2.0,125.0,361.0,231.42000000000002,0.6630885475900895,0.923668453532283,634.99292330372,Low CLV
17991,1.0,1.0,226.0,87.45,0.33058336064590005,0.4471895466325614,136.72624894244558,Low CLV
17994,3.0,169.0,290.0,123.74666666666667,1.069666045748821,0.9825312207901333,531.6135201819598,Low CLV
17997,7.0,90.0,164.0,235.4485714285714,2.983458162617235,0.9798949615925313,2702.5694373262727,High CLV
17999,1.0,329.0,366.0,191.72,0.48341209233054155,0.94309958325287,429.12754842473805,Low CLV
18001,1.0,74.0,86.0,165.0,1.2527658507764596,0.9450202563300834,958.029783094497,Medium CLV
18005,1.0,44.0,47.0,109.75,1.618901086530456,0.9512187712766338,832.0205331206279,Medium CLV
18008,7.0,248.0,318.0,283.6257142857143,1.885988750297828,0.9946776663935714,2058.719262707534,High CLV
18016,4.0,332.0,364.0,331.72749999999996,1.1060959302697626,0.9968864055863995,1441.378811049513,Medium CLV
18017,2.0,229.0,310.0,179.0,0.7989786409316879,0.9872182934146749,593.0430939100138,Low CLV
18018,1.0,91.0,199.0,84.69,0.694554961218678,0.859405992523686,278.50365129191493,Low CLV
18030,1.0,38.0,42.0,109.55,1.6781923758590604,0.9501656119451101,860.911594100859,Medium CLV
18035,1.0,8.0,43.0,239.56,1.5832377141741258,0.903176026523677,1745.08775917213,High CLV
18036,2.0,213.0,245.0,147.41,0.9582883613183389,0.9918397198367089,586.8379073238515,Low CLV
18037,5.0,208.0,362.0,7.744,1.2819609917418546,0.9759805490015326,42.1647677823297,Low CLV
18040,1.0,226.0,245.0,118.2,0.660185784815047,0.9466527627664701,365.2643311368717,Low CLV
18041,19.0,361.0,372.0,197.60263157894735,4.008998095648344,0.9994114227878336,2998.2654811816897,Premium CLV
18043,2.0,342.0,366.0,121.525,0.7051120131829649,0.9930854745327052,357.0960857843638,Low CLV
18044,9.0,356.0,360.0,223.81666666666666,2.117198927582296,0.9991223309553131,1813.6247963865612,High CLV
18055,9.0,362.0,369.0,705.86,2.0755768019927374,0.9990603696695334,5600.488210271837,Premium CLV
18059,2.0,44.0,67.0,91.19,2.038625766248071,0.9899603212237116,776.9594138560689,Low CLV
18061,9.0,345.0,366.0,190.47222222222223,2.088438885262834,0.9986843657641472,1522.970114180593,High CLV
18062,2.0,164.0,337.0,275.36,0.7309857251732765,0.9641109911029678,831.8091545290129,Medium CLV
18064,1.0,102.0,235.0,406.0,0.6038213252797514,0.8400286196350384,1123.1155671691251,Medium CLV
18065,5.0,359.0,364.0,409.562,1.3055195767789918,0.9983113615993233,2079.362901586225,High CLV
18069,4.0,301.0,327.0,434.7525,1.204348409231244,0.9970342852716073,2055.236088009694,High CLV
18071,1.0,108.0,365.0,194.05,0.3612902680602266,0.7033057414643687,324.54290316322783,Low CLV
18073,9.0,83.0,197.0,423.83555555555563,2.835547654325591,0.8536496379251814,4592.820661769158,Premium CLV
18075,9.0,337.0,360.0,268.0888888888889,2.1161093868241685,0.9986081683569152,2170.604872710581,High CLV
18077,10.0,358.0,366.0,242.814,2.2864867645659745,0.999126916075734,2120.0695257437173,High CLV
18078,1.0,42.0,259.0,138.19,0.41637248498413215,0.6219528159241317,268.187294696153,Low CLV
18079,2.0,193.0,238.0,1019.5699999999999,0.9772389382746669,0.9903429429318561,4095.780970082606,Premium CLV
18080,1.0,224.0,242.0,390.0,0.6663850540411628,0.9469994070595867,1191.1279932233317,Medium CLV
18081,2.0,97.0,133.0,115.10000000000001,1.4351438928178148,0.9893090862554342,688.0385300308454,Low CLV
18085,1.0,43.0,373.0,386.05,0.2250251151549012,0.4457365056661998,398.46792502940247,Low CLV
18087,1.0,192.0,290.0,852.8,0.5564013963010501,0.9048207734962705,2164.4326513320298,High CLV
18092,9.0,363.0,365.0,842.5044444444444,2.094030544239621,0.9991633985517292,6743.3935120009155,Premium CLV
18093,3.0,209.0,302.0,417.86666666666673,1.0443229744126024,0.989518968346312,1740.7153220992318,High CLV
18094,4.0,210.0,291.0,628.145,1.311600748211695,0.9921487432243309,3231.390609647131,Premium CLV
18095,1.0,20.0,332.0,205.3,0.21288275262657408,0.38439293165197636,202.0802670655343,Low CLV
18096,2.0,52.0,63.0,381.245,2.09731432936102,0.9925575125631247,3291.84275289518,Premium CLV
18097,4.0,347.0,354.0,628.8199999999999,1.1319577963286933,0.9977381717974584,2792.441750782288,High CLV
18101,1.0,132.0,143.0,113.42,0.9498417113022845,0.9479543097843932,504.50840398103867,Low CLV
18102,25.0,367.0,367.0,9349.4772,5.234977541150903,0.999730745379208,184653.5661124512,Premium CLV
18109,24.0,368.0,369.0,323.98,5.016087708353378,0.9997029810847021,6135.713781104636,Premium CLV
18112,1.0,154.0,166.0,156.05,0.8647137200857695,0.9479996963629821,626.6767690389306,Low CLV
18116,7.0,297.0,364.0,182.62142857142857,1.6969649712837147,0.9958320840612823,1194.0969818662345,Medium CLV
18118,25.0,359.0,369.0,207.1184,5.211058278645383,0.999516274374494,4074.7512775808423,Premium CLV
18121,1.0,5.0,154.0,23.25,0.6118573649442997,0.6394084275180393,74.66843130721261,Low CLV
18122,5.0,142.0,150.0,341.404,2.4677275277515696,0.9980371280282239,3274.24219143318,Premium CLV
18123,1.0,7.0,31.0,265.96,1.7736309540138726,0.9207414371602457,2166.780489470811,High CLV
18125,3.0,287.0,316.0,195.51,1.0146749358533895,0.9957348761630541,793.9713206485394,Medium CLV
18127,1.0,114.0,133.0,209.13,0.986606311707167,0.9424750640688057,952.3928696034449,Medium CLV
18130,2.0,42.0,57.0,372.765,2.1807090684259562,0.9916248770544193,3346.7057286180984,Premium CLV
18135,4.0,161.0,190.0,143.0225,1.7915178254502682,0.9961877478857752,1009.396897683208,Medium CLV
18136,2.0,256.0,319.0,247.67000000000002,0.7833314328631279,0.9896400968405942,802.2675133728028,Medium CLV
18139,1.0,1.0,18.0,1825.74,2.0058030884037037,0.9297006089648212,16623.89000819247,Premium CLV
18142,1.0,58.0,215.0,737.04,0.5811578664915723,0.7588308123820571,1954.2337481923105,High CLV
18143,1.0,25.0,141.0,519.98,0.7789808088121682,0.7707737913226727,1850.6886175690242,High CLV
18144,10.0,366.0,373.0,272.37,2.25198965559916,0.9991515179021554,2341.9144893612247,High CLV
18145,3.0,300.0,312.0,750.8466666666667,1.025561574000933,0.9965108493540377,3067.8024416177436,Premium CLV
18146,1.0,80.0,220.0,83.70000000000002,0.6120509464815735,0.8122460341818046,242.70768306889389,Low CLV
18147,1.0,63.0,108.0,80.46,1.076717364124399,0.9134899214358668,410.73456760131705,Low CLV
18149,2.0,223.0,273.0,192.14999999999998,0.8830954121929598,0.9903212668753163,703.0250986590735,Low CLV
18150,2.0,169.0,201.0,169.5,1.1024610532941013,0.9913565813898075,774.8569197608568,Low CLV
18151,1.0,155.0,289.0,340.8,0.535831282562949,0.8690801130152848,838.3025370311415,Medium CLV
18154,1.0,40.0,43.0,178.7,1.6673122315877351,0.9511372946830383,1377.8710585251122,Medium CLV
18155,2.0,216.0,291.0,128.845,0.8390501984723728,0.9875350886274671,450.00337295198415,Low CLV
18156,1.0,357.0,369.0,528.71,0.4841232339740115,0.9506922070192128,1171.0821912648257,Medium CLV
18158,1.0,79.0,88.0,109.6,1.241973316096757,0.9474991681812915,637.7862279572716,Low CLV
18160,1.0,143.0,200.0,319.51,0.7419224674659887,0.921186665123141,1088.3518431733273,Medium CLV
18161,4.0,304.0,319.0,329.28999999999996,1.2284003392264402,0.9974497598872157,1588.7808373615198,High CLV
18167,2.0,82.0,105.0,443.19000000000005,1.6438028720260605,0.991073290547368,2998.6701539236974,Premium CLV
18168,5.0,196.0,372.0,181.328,1.2388828852168818,0.9640387939773108,875.5937757556534,Medium CLV
18170,2.0,184.0,217.0,338.05,1.0451626688122315,0.9914419021466572,1457.4334608501572,Medium CLV
18171,4.0,275.0,333.0,247.715,1.1851932227085966,0.9952842378017361,1154.2590914469395,Medium CLV
18172,13.0,275.0,289.0,429.4846153846154,3.462032062138993,0.9990726701034539,5648.539594398745,Premium CLV
18173,3.0,188.0,274.0,417.7866666666667,1.1246536805409502,0.9895798801001267,1874.0268248995433,High CLV
18177,5.0,224.0,255.0,234.47400000000002,1.715557739152421,0.9970809502016256,1565.7665001186804,High CLV
18178,3.0,236.0,364.0,430.05333333333334,0.8987927929157586,0.9862082373735399,1542.0640788756164,High CLV
18179,5.0,327.0,336.0,291.474,1.391109271764777,0.998192992148159,1577.8354735202245,High CLV
18180,5.0,138.0,142.0,308.62,2.5532564236075808,0.9982395226688867,3062.922898652364,Premium CLV
18183,1.0,47.0,274.0,319.27000000000004,0.3973196904511544,0.6189587929845676,582.6975115035304,Low CLV
18188,2.0,275.0,290.0,787.22,0.8462677389806535,0.9934183663702558,2740.7434354385337,High CLV
18189,1.0,190.0,267.0,457.14,0.5998423399947156,0.9165142211685349,1255.256943941035,Medium CLV
18190,1.0,138.0,330.0,113.0,0.4497316855952557,0.8082174582623517,238.3220905884203,Low CLV
18196,1.0,195.0,290.0,238.35,0.5578434201620782,0.9071657948316043,613.1591723910607,Low CLV
18198,16.0,332.0,336.0,320.31375,3.7147694714177875,0.9994931687732204,4509.718973411853,Premium CLV
18202,1.0,112.0,311.0,911.26,0.45236715562556495,0.7762301700355831,1880.0682941559883,High CLV
18204,2.0,121.0,192.0,722.135,1.1291223769730676,0.9839682053818644,3353.306923387725,Premium CLV
18205,1.0,38.0,74.0,291.6,1.3022312627479915,0.9155177030691446,1743.1947703385918,High CLV
18210,5.0,266.0,267.0,495.796,1.6601279840057792,0.9984009412625962,3198.7827609154165,Premium CLV
18211,4.0,253.0,278.0,115.5425,1.3644476452467547,0.9969336191904835,622.2773192153151,Low CLV
18217,1.0,41.0,70.0,303.85,1.348042300091516,0.9246673158635832,1879.2974415908047,High CLV
18218,1.0,70.0,281.0,352.7,0.439845066579635,0.6983621996330368,711.8742906030305,Low CLV
18219,8.0,366.0,368.0,232.4475,1.88383832890191,0.9990506978754765,1680.40417894103,High CLV
18221,4.0,189.0,211.0,201.785,1.6677239608709666,0.9968370689920936,1323.432443365015,Medium CLV
18223,12.0,354.0,358.0,498.5708333333334,2.729161760763605,0.9993408949754462,5175.852533770878,Premium CLV
18225,11.0,362.0,365.0,498.10181818181815,2.4895038521934802,0.9993033262895175,4723.600805480037,Premium CLV
18226,10.0,293.0,337.0,481.075,2.4377025319216825,0.9974927875057537,4474.476681891989,Premium CLV
18228,1.0,23.0,79.0,359.51,1.2129952235110584,0.8787146340375527,1997.344507297744,High CLV
18229,19.0,362.0,373.0,364.87894736842105,4.000345528170985,0.9994120610635944,5521.993099432571,Premium CLV
18230,6.0,293.0,302.0,390.8966666666667,1.7412953524235828,0.9984917474436771,2630.0110450180587,High CLV
18231,4.0,96.0,288.0,448.0675,1.2001291704300054,0.900684138796865,2110.311917125287,High CLV
18232,3.0,116.0,197.0,161.70666666666668,1.4211664214578146,0.9861797753032002,920.4200208790039,Medium CLV
18235,2.0,146.0,217.0,683.01,1.038829996338847,0.9854347254362421,2918.892704894843,Premium CLV
18236,5.0,211.0,240.0,151.808,1.7935524125352582,0.9971223179830547,1061.5427395489808,Medium CLV
18237,4.0,132.0,134.0,165.92999999999998,2.2425736580425206,0.9978240037703575,1464.0559202312372,Medium CLV
18239,4.0,154.0,372.0,280.8775,1.0150742993970179,0.9309619399851595,1120.58510024999,Medium CLV
18241,16.0,208.0,217.0,106.70375,5.15268852124885,0.999275307821949,2085.8357286297455,High CLV
18242,2.0,141.0,213.0,959.115,1.0520620004419428,0.9849992319569805,4147.774520186851,Premium CLV
18245,4.0,348.0,355.0,550.3325,1.1294162690243184,0.9977386269384838,2438.921110689461,High CLV
18246,1.0,210.0,233.0,363.2,0.6831718017733888,0.9445813722323436,1137.9281839105863,Medium CLV
18248,1.0,64.0,186.0,307.56,0.693027918748274,0.8190144284798548,978.9268570049521,Medium CLV
18252,1.0,121.0,171.0,456.77,0.8252274552271174,0.9223447677867638,1724.3439049412282,High CLV
18257,6.0,257.0,296.0,334.87166666666667,1.7659911545976241,0.9971626956692271,2285.562429897606,High CLV
18259,2.0,342.0,366.0,981.1500000000001,0.7051120131829649,0.9930854745327052,2845.7604353133397,High CLV
18260,5.0,186.0,358.0,482.5,1.2760894718038283,0.9629181526886356,2393.762272005763,High CLV
18261,1.0,52.0,95.0,99.44,1.1504412644653248,0.9120997811748963,537.8208727890354,Low CLV
18263,2.0,227.0,252.0,452.78,0.939343474244661,0.9925236025126308,1752.3981980259964,High CLV
18265,1.0,86.0,158.0,312.96,0.8420036266313675,0.8943128453122486,1209.716798451925,Medium CLV
18270,1.0,228.0,266.0,171.20000000000002,0.6162970421695894,0.9390223671193413,489.3680477692783,Low CLV
18272,5.0,244.0,246.0,487.75200000000007,1.763747955737826,0.9983672249464914,3343.0688281491757,Premium CLV
18273,2.0,255.0,257.0,76.5,0.927371054606078,0.9941828843355619,298.07456409726854,Low CLV
18282,1.0,119.0,126.0,77.84,1.0265306365767075,0.9498983139538437,379.46079254982436,Low CLV
18283,13.0,334.0,337.0,152.8023076923077,3.0740678903420817,0.9994065804306594,1786.8213323887437,High CLV
18287,2.0,159.0,201.0,536.0,1.1010107141420393,0.9900524053743848,2429.2690690774307,High CLV
