CustomerID,Recency,Frequency,Monetary,AvgOrderValue,TotalItems,DistinctProducts,TenureDays,AvgItemsPerOrder,is_suspicious,R_score,F_score,M_score,RFM_Score,RFM_Total,Segment
12347.0,2,7,4310.0,23.68131868131868,2458,103,367,351.1428571428572,0,5,4,5,545,14,Champion
12348.0,75,4,1797.24,57.97548387096774,2341,22,358,585.25,0,2,3,4,234,9,At Risk
12349.0,19,1,1757.55,24.076027397260276,631,73,19,631.0,0,4,1,4,414,9,Promising
12350.0,310,1,334.4,19.670588235294115,197,17,310,197.0,0,1,1,2,112,4,Lost Customers
12352.0,36,11,1545.41,16.267473684210525,470,59,297,42.72727272727273,0,3,5,4,354,12,Loyal Customer
12353.0,204,1,89.0,22.25,20,4,204,20.0,0,1,1,1,111,3,Lost Customers
12354.0,232,1,1079.4,18.610344827586207,530,58,232,530.0,0,1,1,4,114,6,Needs Attention
12355.0,214,1,459.4,35.33846153846154,240,13,214,240.0,0,1,1,2,112,4,Lost Customers
12356.0,23,3,2811.43,47.65135593220339,1591,53,326,530.3333333333334,0,4,3,5,435,12,Potential Loyalist
12357.0,33,1,6207.67,47.38679389312977,2708,131,33,2708.0,0,3,1,5,315,9,About to sleep
12358.0,2,2,1168.06,61.47684210526315,248,13,151,124.0,0,5,2,4,524,11,Potential Loyalist
12359.0,8,6,6245.53,24.58870078740157,1612,214,332,268.6666666666667,0,5,4,5,545,14,Champion
12360.0,52,3,2662.06,20.63612403100775,1165,105,201,388.3333333333333,0,3,3,5,335,11,Potential Loyalist
12361.0,287,1,189.9,18.99,91,10,287,91.0,0,1,1,1,111,3,Lost Customers
12362.0,3,13,5154.58,18.81233576642336,2212,201,296,170.15384615384616,0,5,5,5,555,15,Champion
12363.0,110,2,552.0,24.0,408,23,242,204.0,0,2,2,3,223,7,Needs Attention
12364.0,8,4,1313.1,15.448235294117646,1506,70,112,376.5,0,5,3,4,534,12,Potential Loyalist
12365.0,291,3,320.69,13.94304347826087,173,22,291,57.66666666666666,0,1,3,2,132,6,Needs Attention
12367.0,4,1,168.9,15.354545454545455,173,11,4,173.0,0,5,1,1,511,7,New Customer
12370.0,51,4,3545.69,21.231676646706585,2353,143,360,588.25,0,3,3,5,335,11,Potential Loyalist
12371.0,45,2,1887.96,29.96761904761905,591,63,60,295.5,0,3,2,4,324,9,Potential Loyalist
12372.0,72,3,1298.04,24.962307692307693,794,34,297,264.6666666666667,0,2,3,4,234,9,At Risk
12373.0,311,1,364.6,26.042857142857144,197,14,311,197.0,0,1,1,2,112,4,Lost Customers
12374.0,25,1,742.9300000000001,22.513030303030305,342,33,25,342.0,0,4,1,3,413,8,Promising
12375.0,3,3,455.42,25.301111111111112,177,14,98,59.0,0,5,3,2,532,10,Needs Attention
12377.0,315,2,1628.12,21.144415584415583,944,72,355,472.0,0,1,2,4,124,7,Needs Attention
12378.0,130,1,4008.62,18.30420091324201,2529,219,130,2529.0,0,2,1,5,215,8,Needs Attention
12379.0,82,3,850.29,20.73878048780488,406,39,170,135.33333333333334,0,2,3,3,233,8,At Risk
12380.0,22,5,2720.56,25.91009523809524,1126,77,186,225.2,0,4,4,5,445,13,Champion
12381.0,5,6,1803.96,19.823736263736265,783,70,120,130.5,0,5,4,4,544,13,Champion
12383.0,185,6,1839.31,18.3931,1529,84,352,254.83333333333331,0,1,4,4,144,9,At Risk
12384.0,29,3,566.16,18.872,121,26,122,40.333333333333336,0,4,3,3,433,10,Potential Loyalist
12386.0,338,2,401.9,40.19,354,10,367,177.0,0,1,2,2,122,5,Lost Customers
12388.0,16,6,2780.66,27.8066,1462,57,327,243.66666666666663,0,4,4,5,445,13,Champion
12390.0,80,1,549.84,17.1825,353,32,80,353.0,0,2,1,3,213,6,Needs Attention
12391.0,22,1,460.89,4.6089,300,92,22,300.0,0,4,1,2,412,7,New Customer
12393.0,72,4,1582.6,24.728125,816,47,333,204.0,0,2,3,4,234,9,At Risk
12394.0,64,2,1272.48,47.12888888888889,819,26,217,409.5,0,3,2,4,324,9,Potential Loyalist
12395.0,16,15,2998.28,18.857106918238998,2113,91,371,140.86666666666667,0,4,5,5,455,14,Champion
12397.0,36,2,2409.9,19.12619047619048,1263,110,135,631.5,0,3,2,5,325,10,Potential Loyalist
12398.0,46,1,1635.66,19.24305882352941,1394,85,46,1394.0,0,3,1,4,314,8,About to sleep
12399.0,119,4,1108.65,18.790677966101697,1178,47,262,294.5,0,2,3,4,234,9,At Risk
12401.0,303,1,84.3,16.86,11,5,303,11.0,0,1,1,1,111,3,Lost Customers
12402.0,323,1,225.6,20.509090909090908,94,11,323,94.0,0,1,1,1,111,3,Lost Customers
12403.0,50,2,409.7,68.28333333333333,95,5,50,47.5,0,3,2,2,322,7,About to sleep
12405.0,149,1,1710.39,31.67388888888889,857,54,149,857.0,0,2,1,4,214,7,Needs Attention
12406.0,22,3,3280.75,30.377314814814813,1809,92,184,603.0,0,4,3,5,435,12,Potential Loyalist
12407.0,50,5,1708.12,22.183376623376624,1416,57,264,283.2,0,3,4,4,344,11,Loyal Customer
12408.0,33,9,2842.57,25.15548672566372,1399,81,260,155.44444444444446,0,3,5,5,355,13,Loyal Customer
12409.0,79,7,11056.93,96.99061403508772,5543,91,183,791.8571428571429,0,2,4,5,245,11,At Risk
12410.0,301,3,681.0799999999999,24.32428571428571,209,26,309,69.66666666666667,0,1,3,3,133,7,At Risk
12412.0,75,3,1226.88,20.112786885245903,829,43,169,276.3333333333333,0,2,3,4,234,9,At Risk
12413.0,67,5,694.15,17.353749999999998,282,29,337,56.4,0,3,4,3,343,10,Loyal Customer
12414.0,217,3,562.41,31.245,300,16,310,100.0,0,1,3,3,133,7,At Risk
12415.0,24,26,123725.45,159.0301413881748,77242,444,338,2970.846153846154,0,4,5,5,455,14,Champion
12417.0,3,12,3578.8,18.074747474747475,1539,158,358,128.25,0,5,5,5,555,15,Champion
12418.0,113,1,668.58,19.664117647058823,407,34,113,407.0,0,2,1,3,213,6,Needs Attention
12420.0,64,1,600.39,20.70310344827586,345,29,64,345.0,0,3,1,3,313,7,About to sleep
12421.0,16,5,806.27,17.527608695652173,483,33,319,96.6,0,4,4,3,443,11,Loyal Customer
12422.0,96,3,803.5600000000001,20.604102564102565,370,39,325,123.33333333333331,0,2,3,3,233,8,At Risk
12423.0,1,9,1849.11,14.67547619047619,1327,97,354,147.44444444444446,0,5,5,4,554,14,Champion
12424.0,163,2,1760.96,58.69866666666667,740,30,163,370.0,0,2,2,4,224,8,Needs Attention
12425.0,78,1,777.2,21.58888888888889,496,36,78,496.0,0,2,1,3,213,6,Needs Attention
12426.0,195,1,582.73,19.424333333333333,258,30,195,258.0,0,1,1,3,113,5,Needs Attention
12427.0,12,5,708.37,20.239142857142856,236,26,372,47.2,0,4,4,3,443,11,Loyal Customer
12428.0,26,12,7877.2,26.25733333333333,3503,258,284,291.9166666666667,0,4,5,5,455,14,Champion
12429.0,9,4,3750.4,38.66391752577319,1557,82,366,389.25,0,5,3,5,535,13,Potential Loyalist
12430.0,43,1,256.4,23.30909090909091,117,11,43,117.0,0,3,1,2,312,6,About to sleep
12431.0,36,18,6416.39,26.73495833333333,2868,163,374,159.33333333333334,0,3,5,5,355,13,Loyal Customer
12432.0,43,5,5059.32,46.84555555555556,1801,107,172,360.2,0,3,4,5,345,12,Loyal Customer
12433.0,1,7,13375.87,31.847309523809525,11071,219,373,1581.571428571429,0,5,4,5,545,14,Champion
12434.0,85,4,765.19,14.170185185185186,373,49,361,93.25,0,2,3,3,233,8,At Risk
12435.0,80,2,7829.89,217.49694444444447,2055,31,268,1027.5,0,2,2,5,225,9,Needs Attention
12436.0,100,1,509.01,31.813125,211,16,100,211.0,0,2,1,3,213,6,Needs Attention
12437.0,2,19,4896.66,24.36149253731343,2918,119,331,153.57894736842104,0,5,5,5,555,15,Champion
12438.0,14,2,2906.85,29.66173469387755,1180,84,140,590.0,0,4,2,5,425,11,Potential Loyalist
12441.0,367,1,173.55,15.77727272727273,121,11,367,121.0,0,1,1,1,111,3,Lost Customers
12442.0,3,1,172.06,14.338333333333331,182,12,3,182.0,0,5,1,1,511,7,New Customer
12444.0,21,5,5005.46,28.27943502824859,1155,138,171,231.0,0,4,4,5,445,13,Champion
12445.0,22,1,133.4,33.35,62,4,22,62.0,0,4,1,1,411,6,New Customer
12446.0,58,1,1002.31,17.281206896551726,352,58,58,352.0,0,3,1,4,314,8,About to sleep
12447.0,243,1,476.49,18.326538461538465,190,26,243,190.0,0,1,1,3,113,5,Needs Attention
12448.0,44,1,449.45,20.42954545454545,243,22,44,243.0,0,3,1,2,312,6,About to sleep
12449.0,22,4,4067.29,21.294712041884814,1553,118,187,388.25,0,4,3,5,435,12,Potential Loyalist
12450.0,156,2,197.88,24.735,128,7,173,64.0,0,2,2,1,221,5,Lost Customers
12451.0,11,6,8933.52,25.164845070422537,6455,265,325,1075.8333333333333,0,5,4,5,545,14,Champion
12452.0,17,3,428.57,18.63347826086957,183,21,17,61.0,0,4,3,2,432,9,Needs Attention
12453.0,134,1,707.09,16.443953488372095,473,43,134,473.0,0,2,1,3,213,6,Needs Attention
12455.0,73,6,2466.86,27.40955555555556,2089,85,297,348.1666666666667,0,2,4,5,245,11,At Risk
12456.0,44,4,3153.89,24.44875968992248,1616,105,255,404.0,0,3,4,5,345,12,Loyal Customer
12457.0,58,12,1917.78,28.20264705882353,695,53,239,57.91666666666666,0,3,5,4,354,12,Loyal Customer
12458.0,71,2,947.4,24.931578947368426,506,35,285,253.0,0,3,2,4,324,9,Potential Loyalist
12461.0,94,2,826.88,23.62514285714286,287,35,155,143.5,0,2,2,3,223,7,Needs Attention
12462.0,2,4,1124.01,15.61125,514,51,303,128.5,0,5,4,4,544,13,Champion
12463.0,46,7,1303.63,14.813977272727271,757,66,242,108.14285714285714,0,3,4,4,344,11,Loyal Customer
12464.0,10,8,1212.05,41.79482758620689,112,6,309,14.0,0,5,5,4,554,14,Champion
12465.0,8,3,733.89,14.39,475,46,169,158.33333333333334,0,5,3,3,533,11,Potential Loyalist
12468.0,143,3,724.0400000000001,18.101000000000003,364,36,316,121.33333333333331,0,2,3,3,233,8,At Risk
12471.0,2,49,18740.92,35.29363465160075,7965,152,373,162.55102040816325,0,5,5,5,555,15,Champion
12472.0,31,13,6229.48,15.932173913043478,4020,226,373,309.2307692307692,0,4,5,5,455,14,Champion
12473.0,29,9,2848.23,15.911899441340784,2363,140,192,262.55555555555554,0,4,5,5,455,14,Champion
12474.0,17,30,7116.47,15.572144420131291,4764,253,369,158.8,0,4,5,5,455,14,Champion
12475.0,54,1,723.38,20.093888888888888,535,36,54,535.0,0,3,1,3,313,7,About to sleep
12476.0,1,20,6546.58,24.797651515151514,2337,177,361,116.85,0,5,5,5,555,15,Champion
12477.0,23,9,13117.01,42.58769480519481,3620,192,312,402.22222222222223,0,4,5,5,455,14,Champion
12478.0,4,1,680.99,18.91638888888889,236,36,4,236.0,0,5,1,3,513,9,Promising
12479.0,4,3,477.3,13.637142857142855,351,31,11,117.0,0,5,3,3,533,11,Potential Loyalist
12480.0,28,4,3281.63,21.309285714285718,1707,129,336,426.75,0,4,4,5,445,13,Champion
12481.0,23,11,5590.86,25.646146788990823,3290,150,366,299.09090909090907,0,4,5,5,455,14,Champion
12483.0,17,13,2327.13,28.73,1097,46,339,84.38461538461539,0,4,5,5,455,14,Champion
12484.0,33,8,4495.27,12.843628571428573,2185,256,336,273.125,0,3,5,5,355,13,Loyal Customer
12488.0,10,3,1298.66,23.612,529,46,76,176.33333333333334,0,5,3,4,534,12,Potential Loyalist
12489.0,336,1,334.93,22.328666666666667,105,15,336,105.0,0,1,1,2,112,4,Lost Customers
12490.0,5,10,5417.93,22.114,3064,131,330,306.4,0,5,5,5,555,15,Champion
12491.0,39,1,460.4,17.70769230769231,260,25,39,260.0,0,3,1,2,312,6,About to sleep
12492.0,63,2,263.21000000000004,13.160500000000004,192,19,105,96.0,0,3,2,2,322,7,About to sleep
12493.0,166,3,416.79,18.121304347826086,206,20,197,68.66666666666667,0,2,3,2,232,7,Needs Attention
12494.0,10,13,1139.35,13.563690476190478,690,63,366,53.07692307692308,0,5,5,4,554,14,Champion
12497.0,82,1,1043.1,74.50714285714285,1236,14,82,1236.0,0,2,1,4,214,7,Needs Attention
12498.0,21,3,403.7000000000001,17.55217391304348,159,21,58,53.0,0,4,3,2,432,9,Needs Attention
12500.0,23,13,4206.27,64.71184615384617,2671,34,334,205.46153846153845,0,4,5,5,455,14,Champion
12501.0,315,2,2089.68,13.0605,1722,149,337,861.0,0,1,2,5,125,8,Needs Attention
12502.0,96,5,3723.87,25.332448979591835,820,102,310,164.0,0,2,4,5,245,11,At Risk
12503.0,338,1,-1126.0,-1126.0,-1,1,338,-1.0,0,1,1,1,111,3,Lost Customers
12504.0,18,4,114.0,7.6,51,6,30,12.75,0,4,4,1,441,9,Loyal Customer
12505.0,301,1,-4.5,-4.5,-1,1,301,-1.0,0,1,1,1,111,3,Lost Customers
12506.0,233,1,73.5,3.1956521739130435,23,23,233,23.0,0,1,1,1,111,3,Lost Customers
12507.0,134,4,1258.06,54.69826086956522,894,19,299,223.5,0,2,4,4,244,10,At Risk
12508.0,26,2,398.27,5.772028985507246,272,57,29,136.0,0,4,2,2,422,8,New Customer
12509.0,284,1,176.5,25.214285714285715,55,7,284,55.0,0,1,1,1,111,3,Lost Customers
12510.0,143,2,982.57,29.774848484848484,353,29,325,176.5,0,2,2,4,224,8,Needs Attention
12512.0,66,2,138.03,4.059705882352941,99,31,66,49.5,0,3,2,1,321,6,About to sleep
12513.0,85,2,586.79,16.299722222222222,456,35,113,228.0,0,2,2,3,223,7,Needs Attention
12514.0,267,1,1017.68,19.954509803921567,440,51,267,440.0,0,1,1,4,114,6,Needs Attention
12515.0,353,1,383.7,23.98125,131,16,353,131.0,0,1,1,2,112,4,Lost Customers
12516.0,78,2,1312.06,50.46384615384615,875,20,181,437.5,0,2,2,4,224,8,Needs Attention
12517.0,28,6,2464.89,8.618496503496504,1348,232,190,224.66666666666663,0,4,4,5,445,13,Champion
12518.0,1,5,2056.89,16.58782258064516,1318,84,110,263.6,0,5,4,5,545,14,Champion
12519.0,64,1,340.84,18.935555555555556,183,17,64,183.0,0,3,1,2,312,6,About to sleep
12520.0,79,6,2582.51,16.66135483870968,1430,121,274,238.33333333333331,0,2,4,5,245,11,At Risk
12521.0,143,1,599.68,15.781052631578946,309,38,143,309.0,0,2,1,3,213,6,Needs Attention
12522.0,39,2,192.72,16.06,194,11,51,97.0,0,3,2,1,321,6,About to sleep
12523.0,2,13,1745.57,15.86881818181818,861,84,332,66.23076923076923,0,5,5,4,554,14,Champion
12524.0,9,8,4485.72,31.15083333333333,3699,113,334,462.375,0,5,5,5,555,15,Champion
12526.0,1,3,1316.66,18.54450704225352,632,64,94,210.66666666666663,0,5,3,4,534,12,Potential Loyalist
12527.0,82,3,348.71000000000004,19.37277777777778,234,18,326,78.0,0,2,3,2,232,7,Needs Attention
12528.0,9,8,1922.28,20.234526315789477,750,50,313,93.75,0,5,5,4,554,14,Champion
12530.0,60,5,1623.63,23.876911764705884,900,51,337,180.0,0,3,4,4,344,11,Loyal Customer
12531.0,15,1,125.22,7.365882352941177,45,17,15,45.0,0,4,1,1,411,6,New Customer
12532.0,30,1,349.83000000000004,21.864375000000003,153,16,30,153.0,0,4,1,2,412,7,New Customer
12534.0,131,1,1089.18,17.28857142857143,651,63,131,651.0,0,2,1,4,214,7,Needs Attention
12535.0,92,2,716.35,21.069117647058825,219,28,187,109.5,0,2,2,3,223,7,Needs Attention
12536.0,8,5,4106.82,15.043296703296702,2652,260,59,530.4,0,5,4,5,545,14,Champion
12538.0,29,1,363.95,17.33095238095238,191,21,29,191.0,0,4,1,2,412,7,New Customer
12539.0,22,5,3852.5,14.06021897810219,2066,158,334,413.2,0,4,4,5,445,13,Champion
12540.0,20,19,13309.04,27.669521829521827,6677,278,362,351.42105263157896,0,4,5,5,455,14,Champion
12541.0,30,3,981.18,18.868846153846157,680,46,281,226.66666666666663,0,4,3,4,434,11,Potential Loyalist
12544.0,30,2,355.7,17.785,132,19,36,66.0,0,4,2,2,422,8,New Customer
12545.0,75,2,1000.39,20.0078,523,42,260,261.5,0,2,2,4,224,8,Needs Attention
12546.0,47,3,1141.5,16.307142857142857,617,59,78,205.66666666666663,0,3,3,4,334,10,Potential Loyalist
12547.0,198,2,207.8,25.975,134,7,281,67.0,0,1,2,1,121,4,Lost Customers
12548.0,166,1,95.2,19.04,49,5,166,49.0,0,2,1,1,211,4,Lost Customers
12550.0,79,1,964.83,16.92684210526316,569,57,79,569.0,0,2,1,4,214,7,Needs Attention
12551.0,358,1,168.0,16.8,100,10,358,100.0,0,1,1,1,111,3,Lost Customers
12552.0,39,2,437.82,21.891,88,20,40,44.0,0,3,2,2,322,7,About to sleep
12553.0,8,14,3652.25,18.633928571428573,1924,95,330,137.42857142857142,0,5,5,5,555,15,Champion
12556.0,50,2,603.71,4.989338842975207,358,100,151,179.0,0,3,2,3,323,8,Potential Loyalist
12557.0,16,5,11990.96,363.36242424242425,4384,15,372,876.8,0,4,4,5,445,13,Champion
12559.0,311,3,536.21,24.37318181818182,281,21,320,93.66666666666669,0,1,3,3,133,7,At Risk
12560.0,5,4,2101.39,18.93144144144144,1078,92,143,269.5,0,5,4,5,545,14,Champion
12561.0,303,1,238.85,14.928125,177,16,303,177.0,0,1,1,1,111,3,Lost Customers
12562.0,8,7,3781.74,22.510357142857146,1779,99,199,254.14285714285717,0,5,4,5,545,14,Champion
12564.0,261,1,456.9,21.757142857142856,133,21,261,133.0,0,1,1,2,112,4,Lost Customers
12565.0,282,2,131.17,13.117,75,9,289,37.5,0,1,2,1,121,4,Lost Customers
12566.0,73,2,346.7,17.335,264,19,86,132.0,0,2,2,2,222,6,Lost Customers
12567.0,23,11,9114.94,19.68669546436285,4089,323,370,371.7272727272728,0,4,5,5,455,14,Champion
12569.0,2,35,4064.99,21.282670157068065,1793,92,252,51.22857142857143,0,5,5,5,555,15,Champion
12571.0,40,2,519.61,15.28264705882353,523,31,122,261.5,0,3,2,3,323,8,Potential Loyalist
12572.0,9,3,1004.72,16.205161290322582,450,53,52,150.0,0,5,3,4,534,12,Potential Loyalist
12573.0,227,1,160.54000000000002,5.733571428571429,84,26,227,84.0,0,1,1,1,111,3,Lost Customers
12574.0,316,1,218.45,19.85909090909091,61,11,316,61.0,0,1,1,1,111,3,Lost Customers
12576.0,36,6,1306.98,14.685168539325844,964,72,305,160.66666666666666,0,3,4,4,344,11,Loyal Customer
12577.0,35,4,595.4,4.022972972972973,466,137,359,116.5,0,3,4,3,343,10,Loyal Customer
12578.0,21,4,2753.36,22.944666666666667,1171,112,339,292.75,0,4,4,5,445,13,Champion
12579.0,73,3,410.72,13.249032258064515,278,29,78,92.66666666666669,0,2,3,2,232,7,Needs Attention
12580.0,247,1,415.7,17.320833333333333,238,24,247,238.0,0,1,1,2,112,4,Lost Customers
12581.0,40,1,197.71,13.180666666666667,161,15,40,161.0,0,3,1,1,311,5,About to sleep
12582.0,239,2,511.36,23.24363636363637,300,21,289,150.0,0,1,2,3,123,6,Needs Attention
12583.0,3,18,7187.34,28.634820717131475,5009,115,374,278.27777777777777,0,5,5,5,555,15,Champion
12584.0,4,18,1893.95,15.031349206349208,354,44,280,19.666666666666668,0,5,5,4,554,14,Champion
12585.0,234,4,1982.81,20.441340206185565,1258,77,351,314.5,0,1,4,4,144,9,At Risk
12586.0,17,2,179.94000000000003,14.995000000000005,77,12,369,38.5,0,4,2,1,421,7,New Customer
12587.0,8,1,144.0,36.0,51,4,8,51.0,0,5,1,1,511,7,New Customer
12588.0,39,1,214.9,21.49,53,10,39,53.0,0,3,1,1,311,5,About to sleep
12589.0,29,2,646.68,18.47657142857143,306,29,145,153.0,0,4,2,3,423,9,Potential Loyalist
12590.0,190,3,9861.38,140.87685714285712,4279,68,211,1426.3333333333333,0,1,3,5,135,9,At Risk
12591.0,317,1,452.85,17.41730769230769,228,26,317,228.0,0,1,1,2,112,4,Lost Customers
12592.0,92,2,437.6,24.311111111111117,290,11,213,145.0,0,2,2,2,222,6,Lost Customers
12593.0,109,3,418.1,19.909523809523808,206,14,219,68.66666666666667,0,2,3,2,232,7,Needs Attention
12594.0,38,11,3320.2200000000003,27.901008403361345,1776,50,323,161.45454545454547,0,3,5,5,355,13,Loyal Customer
12596.0,51,2,618.27,22.898888888888887,474,25,242,237.0,0,3,2,3,323,8,Potential Loyalist
12597.0,19,5,3683.13,17.21088785046729,2187,184,268,437.4,0,4,4,5,445,13,Champion
12598.0,10,9,3002.68,22.57654135338346,1940,84,285,215.55555555555557,0,5,5,5,555,15,Champion
12599.0,29,7,1032.58,16.654516129032256,956,32,304,136.57142857142858,0,4,4,4,444,12,Champion
12600.0,29,11,2581.04,39.70830769230769,773,32,371,70.27272727272727,0,4,5,5,455,14,Champion
12601.0,190,6,569.5600000000001,19.64,244,21,333,40.66666666666666,0,1,4,3,143,8,At Risk
12602.0,59,1,153.12,12.76,162,12,59,162.0,0,3,1,1,311,5,About to sleep
12603.0,22,1,739.1999999999999,246.4,64,3,22,64.0,0,4,1,3,413,8,Promising
12604.0,79,2,254.18,15.88625,201,15,262,100.5,0,2,2,2,222,6,Lost Customers
12605.0,365,1,-7.5,-2.5,-4,3,365,-4.0,0,1,1,1,111,3,Lost Customers
12609.0,78,3,1126.85,18.78083333333333,648,57,318,216.0,0,2,3,4,234,9,At Risk
12610.0,23,7,2057.99,18.54045045045045,1028,85,126,146.85714285714286,0,4,4,5,445,13,Champion
12611.0,52,1,1193.32,18.35876923076923,846,65,52,846.0,0,3,1,4,314,8,About to sleep
12612.0,58,2,643.59,30.64714285714286,251,19,74,125.5,0,3,2,3,323,8,Potential Loyalist
12613.0,31,6,3218.98,19.748343558282208,1596,124,262,266.0,0,4,4,5,445,13,Champion
12614.0,278,1,315.6,15.78,76,20,278,76.0,0,1,1,2,112,4,Lost Customers
12615.0,2,4,2291.19,21.820857142857143,1376,82,168,344.0,0,5,4,5,545,14,Champion
12616.0,85,5,657.25,18.256944444444443,273,25,297,54.6,0,2,4,3,243,9,At Risk
12617.0,29,1,355.53,8.465,213,39,29,213.0,0,4,1,2,412,7,New Customer
12618.0,22,1,177.31,16.11909090909091,96,11,22,96.0,0,4,1,1,411,6,New Customer
12619.0,16,13,3214.81,33.840105263157895,3354,50,253,258.0,0,4,5,5,455,14,Champion
12620.0,15,3,1339.41,14.558804347826088,1181,89,205,393.6666666666667,0,4,3,4,434,11,Potential Loyalist
12621.0,2,23,13612.07,28.717447257383967,7404,261,366,321.9130434782609,0,5,5,5,555,15,Champion
12622.0,232,1,180.1,16.37272727272727,69,11,232,69.0,0,1,1,1,111,3,Lost Customers
12623.0,276,1,305.1,16.950000000000003,191,18,276,191.0,0,1,1,2,112,4,Lost Customers
12624.0,106,2,641.13,16.87184210526316,355,36,178,177.5,0,2,2,3,223,7,Needs Attention
12625.0,212,3,2614.32,28.72879120879121,1577,74,319,525.6666666666666,0,1,3,5,135,9,At Risk
12626.0,23,13,6388.35,20.808957654723127,3350,232,327,257.6923076923077,0,4,5,5,455,14,Champion
12627.0,11,7,4478.53,19.47186956521739,2752,162,140,393.1428571428572,0,5,4,5,545,14,Champion
12628.0,4,4,769.61,17.897906976744185,445,34,65,111.25,0,5,4,3,543,12,Loyal Customer
12630.0,10,2,1270.88,19.8575,548,60,44,274.0,0,5,2,4,524,11,Potential Loyalist
12631.0,57,1,640.5,20.661290322580644,236,31,57,236.0,0,3,1,3,313,7,About to sleep
12633.0,59,5,2140.63,20.782815533980585,1149,73,288,229.8,0,3,4,5,345,12,Loyal Customer
12635.0,90,2,1689.18,16.724554455445546,1172,96,155,586.0,0,2,2,4,224,8,Needs Attention
12637.0,67,10,5953.25,15.10977157360406,2990,205,324,299.0,0,3,5,5,355,13,Loyal Customer
12638.0,33,1,671.69,17.222820512820515,577,39,33,577.0,0,3,1,3,313,7,About to sleep
12639.0,239,1,486.1,22.095454545454547,201,22,239,201.0,0,1,1,3,113,5,Needs Attention
12640.0,24,3,1174.58,22.16188679245283,311,47,82,103.66666666666669,0,4,3,4,434,11,Potential Loyalist
12641.0,115,1,185.9,18.59,72,10,115,72.0,0,2,1,1,211,4,Lost Customers
12642.0,25,3,1013.26,21.55872340425532,552,39,108,184.0,0,4,3,4,434,11,Potential Loyalist
12643.0,128,6,3344.64,139.36,1808,11,333,301.3333333333333,0,2,4,5,245,11,At Risk
12644.0,130,1,477.91,15.416451612903227,325,31,130,325.0,0,2,1,3,213,6,Needs Attention
12645.0,34,5,1755.38,23.721351351351352,1072,58,316,214.4,0,3,4,4,344,11,Loyal Customer
12646.0,5,2,1346.97,29.932666666666663,897,43,49,448.5,0,5,2,4,524,11,Potential Loyalist
12647.0,22,13,3669.92,28.67125,1420,79,369,109.23076923076924,0,4,5,5,455,14,Champion
12648.0,155,1,318.05,15.145238095238096,160,21,155,160.0,0,2,1,2,212,5,Lost Customers
12649.0,107,4,603.71,18.294242424242427,574,30,365,143.5,0,2,4,3,243,9,At Risk
12650.0,3,1,314.44,15.722,254,20,3,254.0,0,5,1,2,512,8,New Customer
12651.0,335,1,114.0,12.666666666666666,78,9,335,78.0,0,1,1,1,111,3,Lost Customers
12652.0,322,2,914.53,17.931960784313723,502,48,331,251.0,0,1,2,4,124,7,Needs Attention
12653.0,149,2,2209.85,51.391860465116274,919,37,297,459.5,0,2,2,5,225,9,Needs Attention
12654.0,11,5,601.98,15.841578947368422,264,31,295,52.8,0,5,4,3,543,12,Loyal Customer
12656.0,17,8,3982.72,30.63630769230769,1708,89,243,213.5,0,4,5,5,455,14,Champion
12657.0,11,5,1152.06,20.5725,654,35,79,130.8,0,5,4,4,544,13,Champion
12658.0,19,1,686.05,19.056944444444444,320,36,19,320.0,0,4,1,3,413,8,Promising
12659.0,30,1,91.68,18.336,105,5,30,105.0,0,4,1,1,411,6,New Customer
12660.0,11,1,245.1,18.853846153846156,127,13,11,127.0,0,5,1,2,512,8,New Customer
12662.0,1,12,3817.08,16.45293103448276,2040,129,373,170.0,0,5,5,5,555,15,Champion
12664.0,8,10,4863.88,127.99684210526316,1202,10,323,120.2,0,5,5,5,555,15,Champion
12665.0,325,2,61.75,15.4375,36,3,332,18.0,0,1,2,1,121,4,Lost Customers
12666.0,359,1,-227.44,-113.72,-56,2,359,-56.0,0,1,1,1,111,3,Lost Customers
12667.0,58,1,620.13,18.791818181818183,395,33,58,395.0,0,3,1,3,313,7,About to sleep
12668.0,7,6,3743.18,22.280833333333334,1595,115,356,265.8333333333333,0,5,4,5,545,14,Champion
12669.0,151,4,1607.73,15.762058823529411,1114,98,257,278.5,0,2,4,4,244,10,At Risk
12670.0,10,6,2986.15,31.767553191489363,1391,58,233,231.83333333333331,0,5,4,5,545,14,Champion
12672.0,330,1,225.9,22.59,78,10,330,78.0,0,1,1,1,111,3,Lost Customers
12673.0,5,2,610.52,14.536190476190477,351,42,327,175.5,0,5,2,3,523,10,Potential Loyalist
12674.0,12,7,1919.31,21.09131868131868,1102,52,208,157.42857142857142,0,4,4,4,444,12,Champion
12676.0,25,6,1331.39,29.58644444444445,670,33,311,111.66666666666669,0,4,4,4,444,12,Champion
12678.0,42,13,17588.26,105.3189221556886,10899,105,354,838.3846153846154,0,3,5,5,355,13,Loyal Customer
12679.0,52,9,1058.67,18.90482142857143,530,45,284,58.888888888888886,0,3,5,4,354,12,Loyal Customer
12680.0,1,4,862.81,16.592499999999998,443,33,113,110.75,0,5,4,3,543,12,Loyal Customer
12681.0,15,27,13677.59,21.172739938080497,7518,267,368,278.44444444444446,0,4,5,5,455,14,Champion
12682.0,4,31,12288.22,23.406133333333333,5575,209,371,179.83870967741936,0,5,5,5,555,15,Champion
12683.0,4,20,8221.09,22.710193370165747,4903,177,366,245.15,0,5,5,5,555,15,Champion
12684.0,8,7,2283.63,21.748857142857144,1985,61,213,283.57142857142856,0,5,4,5,545,14,Champion
12685.0,28,6,2863.08,18.23617834394904,1523,117,94,253.83333333333331,0,4,4,5,445,13,Champion
12686.0,372,1,89.14,12.734285714285717,107,7,372,107.0,0,1,1,1,111,3,Lost Customers
12688.0,114,1,4873.81,28.501812865497072,3028,171,114,3028.0,0,2,1,5,215,8,Needs Attention
12689.0,26,2,1247.61,17.327916666666667,628,57,128,314.0,0,4,2,4,424,10,Potential Loyalist
12690.0,206,1,389.01,24.313125,106,16,206,106.0,0,1,1,2,112,4,Lost Customers
12691.0,28,6,1035.8,32.36875,394,21,357,65.66666666666667,0,4,4,4,444,12,Champion
12693.0,121,6,830.96,20.267317073170734,250,35,319,41.66666666666666,0,2,4,3,243,9,At Risk
12694.0,70,2,869.67,23.504594594594597,509,32,183,254.5,0,3,2,3,323,8,Potential Loyalist
12695.0,7,4,582.1,21.55925925925926,220,23,210,55.0,0,5,4,3,543,12,Loyal Customer
12697.0,21,5,939.02,21.83767441860465,499,37,169,99.8,0,4,4,4,444,12,Champion
12700.0,8,6,4867.99,18.029592592592596,2963,193,215,493.8333333333333,0,5,4,5,545,14,Champion
12701.0,80,2,797.71,15.0511320754717,678,50,242,339.0,0,2,2,3,223,7,Needs Attention
12702.0,20,1,219.0,18.25,53,12,20,53.0,0,4,1,1,411,6,New Customer
12703.0,64,2,274.7,12.486363636363636,161,21,71,80.5,0,3,2,2,322,7,About to sleep
12704.0,7,10,2220.84,24.676,1003,64,170,100.3,0,5,5,5,555,15,Champion
12705.0,15,14,6814.24,19.58114942528736,3973,228,357,283.7857142857143,0,4,5,5,455,14,Champion
12707.0,292,1,603.42,18.285454545454545,256,33,292,256.0,0,1,1,3,113,5,Needs Attention
12708.0,30,16,2616.32,15.03632183908046,1270,86,369,79.375,0,4,5,5,455,14,Champion
12709.0,3,26,9294.1,36.16381322957199,3832,103,367,147.3846153846154,0,5,5,5,555,15,Champion
12710.0,97,4,1130.57,14.311012658227847,849,75,201,212.25,0,2,4,4,244,10,At Risk
12712.0,23,17,4241.63,29.8706338028169,1044,59,371,61.41176470588236,0,4,5,5,455,14,Champion
12713.0,1,1,848.55,22.33026315789473,508,38,1,508.0,0,5,1,3,513,9,Promising
12714.0,9,5,4708.86,18.18092664092664,3069,216,295,613.8,0,5,4,5,545,14,Champion
12715.0,106,1,353.86,16.85047619047619,197,20,106,197.0,0,2,1,2,212,5,Lost Customers
12716.0,4,2,1053.49,15.267971014492751,708,60,133,354.0,0,5,2,4,524,11,Potential Loyalist
12717.0,151,3,980.98,17.517500000000002,505,49,246,168.33333333333334,0,2,3,4,234,9,At Risk
12718.0,71,1,238.25,12.539473684210526,203,19,71,203.0,0,3,1,1,311,5,About to sleep
12719.0,5,3,608.1,14.47857142857143,361,34,65,120.33333333333331,0,5,3,3,533,11,Potential Loyalist
12720.0,3,29,5713.28,15.914428969359331,4654,211,369,160.48275862068965,0,5,5,5,555,15,Champion
12721.0,32,7,2628.98,16.030365853658537,1954,134,366,279.1428571428572,0,4,4,5,445,13,Champion
12722.0,85,6,904.33,15.865438596491227,560,50,151,93.33333333333331,0,2,4,3,243,9,At Risk
12723.0,4,5,725.07,10.508260869565218,434,53,65,86.8,0,5,4,3,543,12,Loyal Customer
12724.0,5,4,1031.41,19.46056603773585,445,47,332,111.25,0,5,4,4,544,13,Champion
12725.0,371,1,427.8,17.825,164,24,371,164.0,0,1,1,2,112,4,Lost Customers
12726.0,28,7,2609.1,21.041129032258063,3143,57,357,449.0,0,4,4,5,445,13,Champion
12727.0,11,9,3947.7,27.99787234042553,2085,109,320,231.66666666666663,0,5,5,5,555,15,Champion
12728.0,71,4,836.33,18.18108695652174,419,38,332,104.75,0,3,4,3,343,10,Loyal Customer
12729.0,114,1,453.01,17.423461538461538,233,26,114,233.0,0,2,1,2,212,5,Lost Customers
12731.0,24,14,18793.41,67.84624548736463,8366,109,365,597.5714285714286,0,4,5,5,455,14,Champion
12732.0,180,1,236.26,19.688333333333336,111,12,180,111.0,0,1,1,1,111,3,Lost Customers
12733.0,234,1,383.95,17.452272727272728,137,22,234,137.0,0,1,1,2,112,4,Lost Customers
12734.0,353,1,110.4,27.6,88,4,353,88.0,0,1,1,1,111,3,Lost Customers
12735.0,315,2,779.5699999999999,18.12953488372093,368,38,337,184.0,0,1,2,3,123,6,Needs Attention
12736.0,333,1,234.0,58.5,173,4,333,173.0,0,1,1,1,111,3,Lost Customers
12738.0,372,1,155.35,14.122727272727271,148,11,372,148.0,0,1,1,1,111,3,Lost Customers
12739.0,78,2,1013.04,26.658947368421053,486,38,99,243.0,0,2,2,4,224,8,Needs Attention
12740.0,64,1,427.6,15.837037037037035,342,27,64,342.0,0,3,1,2,312,6,About to sleep
12743.0,134,2,546.43,4.077835820895522,319,114,134,159.5,0,2,2,3,223,7,Needs Attention
12744.0,52,10,9120.39,39.82703056768559,5234,178,318,523.4,0,3,5,5,355,13,Loyal Customer
12747.0,2,11,4196.01,40.73796116504855,1275,42,369,115.9090909090909,0,5,5,5,555,15,Champion
12748.0,1,224,29072.1,6.262839293408013,24210,1769,374,108.08035714285714,0,5,5,5,555,15,Champion
12749.0,4,8,3868.2,16.745454545454546,1422,160,213,177.75,0,5,5,5,555,15,Champion
12750.0,129,1,275.88,18.392,137,15,129,137.0,0,2,1,2,212,5,Lost Customers
12752.0,81,1,4366.78,82.3920754716981,2262,53,81,2262.0,0,2,1,5,215,8,Needs Attention
12753.0,4,11,21024.01,91.40873913043478,11250,132,363,1022.7272727272727,0,5,5,5,555,15,Champion
12754.0,236,5,2949.12,45.37107692307692,6479,50,309,1295.8,0,1,4,5,145,10,At Risk
12755.0,250,4,2203.2,367.2,866,5,366,216.5,0,1,4,5,145,10,At Risk
12756.0,87,1,112.07999999999998,28.02,144,4,87,144.0,0,2,1,1,211,4,Lost Customers
12757.0,16,19,4227.7,11.214058355437665,2385,237,211,125.52631578947368,0,4,5,5,455,14,Champion
12758.0,117,2,2791.59,28.779278350515465,2135,84,277,1067.5,0,2,2,5,225,9,Needs Attention
12759.0,52,3,1531.44,16.12042105263158,902,81,276,300.6666666666667,0,3,3,4,334,10,Potential Loyalist
12762.0,8,2,1898.52,27.51478260869565,1227,62,25,613.5,0,5,2,4,524,11,Potential Loyalist
12763.0,138,2,494.08,27.448888888888888,316,16,369,158.0,0,2,2,3,223,7,Needs Attention
12764.0,317,1,1693.88,37.64177777777778,386,45,317,386.0,0,1,1,4,114,6,Needs Attention
12766.0,4,7,6989.63,22.547193548387096,3646,205,366,520.8571428571429,0,5,4,5,545,14,Champion
12769.0,239,1,1143.6,35.7375,356,32,239,356.0,0,1,1,4,114,6,Needs Attention
12770.0,211,1,1351.45,112.62083333333334,743,12,211,743.0,0,1,1,4,114,6,Needs Attention
12772.0,60,1,892.47,16.226727272727274,556,55,60,556.0,0,3,1,3,313,7,About to sleep
12775.0,17,6,1351.24,20.16776119402985,853,47,311,142.16666666666666,0,4,4,4,444,12,Champion
12778.0,20,7,804.23,15.76921568627451,824,40,312,117.71428571428572,0,4,4,3,443,11,Loyal Customer
12779.0,21,12,3868.7,24.331446540880503,1996,88,371,166.33333333333334,0,4,5,5,455,14,Champion
12781.0,21,5,707.72,23.590666666666667,592,25,285,118.4,0,4,4,3,443,11,Loyal Customer
12782.0,5,6,2273.32,21.245981308411217,1070,81,358,178.33333333333334,0,5,4,5,545,14,Champion
12783.0,2,8,1603.87,18.649651162790697,622,76,75,77.75,0,5,5,4,554,14,Champion
12784.0,9,2,574.42,9.73593220338983,300,54,15,150.0,0,5,2,3,523,10,Potential Loyalist
12785.0,3,2,305.71,20.380666666666663,128,14,364,64.0,0,5,2,2,522,9,New Customer
12787.0,10,3,463.66,23.183,261,17,193,87.0,0,5,3,2,532,10,Needs Attention
12789.0,65,1,91.85,22.9625,4,4,65,4.0,0,3,1,1,311,5,About to sleep
12790.0,192,1,324.92,15.472380952380954,166,21,192,166.0,0,1,1,2,112,4,Lost Customers
12791.0,374,1,192.6,96.3,97,2,374,97.0,0,1,1,1,111,3,Lost Customers
12792.0,257,1,400.54,16.0216,217,25,257,217.0,0,1,1,2,112,4,Lost Customers
12793.0,335,2,545.48,22.72833333333333,295,21,371,147.5,0,1,2,3,123,6,Needs Attention
12794.0,53,2,860.41,19.12022222222222,592,43,99,296.0,0,3,2,3,323,8,Potential Loyalist
12795.0,19,1,430.48,30.74857142857143,68,14,19,68.0,0,4,1,2,412,7,New Customer
12797.0,360,3,194.18,11.42235294117647,79,13,366,26.33333333333333,0,1,3,1,131,5,Needs Attention
12798.0,10,3,6977.04,872.13,5256,6,171,1752.0,0,5,3,5,535,13,Potential Loyalist
12802.0,184,2,412.58,15.868461538461538,302,25,187,151.0,0,1,2,2,122,5,Lost Customers
12808.0,37,3,483.65,17.273214285714285,188,27,369,62.66666666666666,0,3,3,3,333,9,Potential Loyalist
12809.0,168,2,484.36,18.62923076923077,219,25,178,109.5,0,2,2,3,223,7,Needs Attention
12811.0,261,3,514.85,16.608064516129033,230,27,284,76.66666666666667,0,1,3,3,133,7,At Risk
12812.0,45,1,229.64,15.309333333333337,164,15,45,164.0,0,3,1,1,311,5,About to sleep
12814.0,102,1,125.92,62.96,49,2,102,49.0,0,2,1,1,211,4,Lost Customers
12815.0,148,2,1063.46,22.6268085106383,379,38,198,189.5,0,2,2,4,224,8,Needs Attention
12816.0,96,2,572.2,19.731034482758623,128,27,176,64.0,0,2,2,3,223,7,Needs Attention
12817.0,281,1,166.04,41.51,53,4,281,53.0,0,1,1,1,111,3,Lost Customers
12818.0,178,2,1517.88,94.8675,923,14,262,461.5,0,2,2,4,224,8,Needs Attention
12820.0,3,4,942.34,15.97186440677966,722,55,327,180.5,0,5,4,4,544,13,Champion
12821.0,214,1,92.72,15.453333333333331,70,6,214,70.0,0,1,1,1,111,3,Lost Customers
12822.0,71,3,918.98,19.55276595744681,548,41,87,182.66666666666663,0,3,3,4,334,10,Potential Loyalist
12823.0,75,5,1759.5,351.9,230,1,297,46.0,0,2,4,4,244,10,At Risk
12824.0,60,1,397.12,15.8848,232,25,60,232.0,0,3,1,2,312,6,About to sleep
12826.0,3,8,1468.12,15.618297872340428,1054,58,365,131.75,0,5,5,4,554,14,Champion
12827.0,6,3,430.15,17.206000000000003,197,19,44,65.66666666666667,0,5,3,2,532,10,Needs Attention
12828.0,3,6,1018.71,18.19125,494,46,130,82.33333333333333,0,5,4,4,544,13,Champion
12829.0,322,3,253.05,21.0875,375,9,360,125.0,0,1,3,2,132,6,Needs Attention
12830.0,38,7,6748.4,173.03589743589745,9847,14,172,1406.7142857142858,0,3,4,5,345,12,Loyal Customer
12831.0,262,1,215.05,23.89444444444445,135,9,262,135.0,0,1,1,1,111,3,Lost Customers
12832.0,32,2,383.03,14.186296296296296,195,27,98,97.5,0,4,2,2,422,8,New Customer
12833.0,145,1,417.38,17.390833333333333,156,24,145,156.0,0,2,1,2,212,5,Lost Customers
12834.0,283,1,312.38,17.354444444444443,110,18,283,110.0,0,1,1,2,112,4,Lost Customers
12836.0,59,4,2612.86,14.930628571428572,1064,148,312,266.0,0,3,4,5,345,12,Loyal Customer
12837.0,173,1,134.1,11.175,24,12,173,24.0,0,2,1,1,211,4,Lost Customers
12838.0,34,2,683.13,5.55390243902439,359,115,374,179.5,0,3,2,3,323,8,Potential Loyalist
12839.0,3,16,5583.62,17.669683544303798,3804,96,367,237.75,0,5,5,5,555,15,Champion
12840.0,144,6,2714.27,23.398879310344828,1505,67,227,250.83333333333331,0,2,4,5,245,11,At Risk
12841.0,5,26,3876.4,8.830068337129841,2683,230,372,103.1923076923077,0,5,5,5,555,15,Champion
12842.0,70,2,1118.99,32.9114705882353,547,34,309,273.5,0,3,2,4,324,9,Potential Loyalist
12843.0,66,9,1680.76,15.562592592592592,753,69,264,83.66666666666667,0,3,5,4,354,12,Loyal Customer
12844.0,29,2,325.96000000000004,6.268461538461539,125,47,130,62.5,0,4,2,2,422,8,New Customer
12845.0,267,4,354.09,13.114444444444445,204,26,290,51.0,0,1,4,2,142,7,Needs Attention
12847.0,22,1,871.54,9.577362637362636,909,72,22,909.0,0,4,1,3,413,8,Promising
12849.0,31,2,1050.89,20.6056862745098,623,47,269,311.5,0,4,2,4,424,10,Potential Loyalist
12851.0,97,1,135.18,2.7036,109,43,97,109.0,0,2,1,1,211,4,Lost Customers
12852.0,290,2,299.75,14.9875,145,17,295,72.5,0,1,2,2,122,5,Lost Customers
12853.0,108,9,1881.7,22.401190476190475,782,66,316,86.88888888888889,0,2,5,4,254,11,At Risk
12854.0,79,5,1289.15,11.21,622,97,319,124.4,0,2,4,4,244,10,At Risk
12855.0,373,1,38.1,12.7,30,3,373,30.0,0,1,1,1,111,3,Lost Customers
12856.0,8,8,2162.68,6.822334384858044,1076,155,64,134.5,0,5,5,5,555,15,Champion
12857.0,211,2,1106.4,24.05217391304348,343,37,303,171.5,0,1,2,4,124,7,Needs Attention
12863.0,52,2,504.2,84.03333333333333,186,5,199,93.0,0,3,2,3,323,8,Potential Loyalist
12864.0,138,1,147.12,49.04,216,3,138,216.0,0,2,1,1,211,4,Lost Customers
12865.0,26,3,1548.07,16.125729166666666,877,87,360,292.3333333333333,0,4,3,4,434,11,Potential Loyalist
12866.0,283,1,559.12,21.504615384615384,171,26,283,171.0,0,1,1,3,113,5,Needs Attention
12867.0,26,10,3986.22,7.234519056261343,4274,241,360,427.4,0,4,5,5,455,14,Champion
12868.0,186,6,1607.0600000000002,15.0192523364486,928,72,374,154.66666666666666,0,1,4,4,144,9,At Risk
12870.0,366,1,-14.9,-7.449999999999999,-2,2,366,-2.0,0,1,1,1,111,3,Lost Customers
12871.0,84,2,380.64,34.60363636363636,200,8,207,100.0,0,2,2,2,222,6,Lost Customers
12872.0,327,2,599.97,9.090454545454548,319,58,365,159.5,0,1,2,3,123,6,Needs Attention
12873.0,282,1,374.0,93.5,128,4,282,128.0,0,1,1,2,112,4,Lost Customers
12875.0,143,2,343.2300000000001,171.61500000000004,2019,1,363,1009.5,0,2,2,2,222,6,Lost Customers
12876.0,58,2,2218.02,26.09435294117647,1941,67,196,970.5,0,3,2,5,325,10,Potential Loyalist
12877.0,4,12,1535.77,9.972532467532467,1178,100,359,98.16666666666669,0,5,5,4,554,14,Champion
12878.0,18,3,841.64,17.176326530612243,536,38,266,178.66666666666666,0,4,3,3,433,10,Potential Loyalist
12879.0,45,4,552.5699999999999,46.04749999999999,363,7,92,90.75,0,3,4,3,343,10,Loyal Customer
12881.0,276,1,298.0,42.57142857142857,21,7,276,21.0,0,1,1,2,112,4,Lost Customers
12882.0,9,2,1463.04,112.54153846153848,246,12,34,123.0,0,5,2,4,524,11,Potential Loyalist
12883.0,25,4,703.47,16.749285714285715,196,39,89,49.0,0,4,4,3,443,11,Loyal Customer
12884.0,88,1,309.05,44.15,43,7,88,43.0,0,2,1,2,212,5,Lost Customers
12885.0,63,4,1158.27,16.087083333333332,654,66,124,163.5,0,3,4,4,344,11,Loyal Customer
12886.0,68,3,1351.09,15.7103488372093,761,75,220,253.66666666666663,0,3,3,4,334,10,Potential Loyalist
12888.0,214,4,313.77,44.82428571428572,68,4,255,17.0,0,1,4,2,142,7,Needs Attention
12890.0,24,1,380.47,4.639878048780488,259,78,24,259.0,0,4,1,2,412,7,New Customer
12891.0,186,3,331.0,110.33333333333331,950,2,293,316.6666666666667,0,1,3,2,132,6,Needs Attention
12893.0,31,1,188.14,5.533529411764706,96,27,31,96.0,0,4,1,1,411,6,New Customer
12895.0,42,3,347.3,14.470833333333331,204,22,87,68.0,0,3,3,2,332,8,Needs Attention
12897.0,205,2,216.5,54.125,110,3,302,55.0,0,1,2,1,121,4,Lost Customers
12901.0,9,36,16293.1,130.3448,20915,32,271,580.9722222222222,0,5,5,5,555,15,Champion
12902.0,265,1,138.68,13.868,66,10,265,66.0,0,1,1,1,111,3,Lost Customers
12904.0,18,2,509.58,7.0775,302,59,172,151.0,0,4,2,3,423,9,Potential Loyalist
12906.0,12,5,2919.81,46.34619047619047,1749,55,78,349.8,0,4,4,5,445,13,Champion
12909.0,40,8,2128.83,22.1753125,1270,78,253,158.75,0,3,5,5,355,13,Loyal Customer
12910.0,23,8,3075.04,41.00053333333333,1692,48,242,211.5,0,4,5,5,455,14,Champion
12912.0,3,5,1662.3,69.2625,670,17,41,134.0,0,5,4,4,544,13,Champion
12913.0,5,5,2483.63,49.6726,1419,37,368,283.8,0,5,4,5,545,14,Champion
12915.0,149,2,363.65,16.529545454545453,93,19,373,46.5,0,2,2,2,222,6,Lost Customers
12916.0,139,5,2982.35,27.361009174311924,1111,53,321,222.2,0,2,4,5,245,11,At Risk
12917.0,128,1,594.0,297.0,120,2,128,120.0,0,2,1,3,213,6,Needs Attention
12919.0,8,8,1301.44,25.02769230769231,668,34,170,83.5,0,5,5,4,554,14,Champion
12920.0,17,1,164.23,5.865357142857143,129,27,17,129.0,0,4,1,1,411,6,New Customer
12921.0,4,50,16389.74,22.118407557354928,9454,233,373,189.08,0,5,5,5,555,15,Champion
12922.0,161,1,405.38,14.477857142857143,370,28,161,370.0,0,2,1,2,212,5,Lost Customers
12923.0,64,1,176.97,6.102413793103448,69,28,64,69.0,0,3,1,1,311,5,About to sleep
12924.0,88,5,929.95,29.998387096774195,480,22,328,96.0,0,2,4,4,244,10,At Risk
12925.0,5,2,694.05,15.423333333333332,541,42,75,270.5,0,5,2,3,523,10,Potential Loyalist
12928.0,35,5,2062.7000000000003,24.555952380952384,1472,59,359,294.4,0,3,4,5,345,12,Loyal Customer
12929.0,122,2,105.1,11.677777777777775,36,8,312,18.0,0,2,2,1,221,5,Lost Customers
12930.0,78,4,409.9,15.18148148148148,250,20,171,62.5,0,2,4,2,242,8,Needs Attention
12931.0,22,20,33462.81,328.06676470588235,23377,29,358,1168.85,0,4,5,5,455,14,Champion
12933.0,24,4,606.28,5.666168224299065,498,103,284,124.5,0,4,4,3,443,11,Loyal Customer
12935.0,2,8,2156.45,16.588076923076922,1852,80,319,231.5,0,5,5,5,555,15,Champion
12936.0,17,5,1012.9,16.077777777777776,539,56,78,107.8,0,4,4,4,444,12,Champion
12937.0,15,4,1504.27,12.535583333333332,1007,81,267,251.75,0,4,4,4,444,12,Champion
12938.0,26,1,114.14,12.682222222222222,140,9,26,140.0,0,4,1,1,411,6,New Customer
12939.0,64,8,11581.8,246.42127659574467,4876,21,335,609.5,0,3,5,5,355,13,Loyal Customer
12940.0,46,4,876.29,8.507669902912621,406,88,88,101.5,0,3,4,3,343,10,Loyal Customer
12942.0,131,3,683.9,9.118666666666666,203,68,366,67.66666666666667,0,2,3,3,233,8,At Risk
12943.0,301,1,-3.75,-3.75,-1,1,301,-1.0,0,1,1,1,111,3,Lost Customers
12944.0,36,2,604.51,20.15033333333333,289,29,355,144.5,0,3,2,3,323,8,Potential Loyalist
12945.0,288,1,462.95,20.128260869565217,165,23,288,165.0,0,1,1,2,112,4,Lost Customers
12947.0,144,11,1407.29,13.663009708737864,1157,83,373,105.1818181818182,0,2,5,4,254,11,At Risk
12948.0,16,8,2053.7,17.40423728813559,1077,82,265,134.625,0,4,5,5,455,14,Champion
12949.0,31,10,4143.02,18.917899543379,2363,166,252,236.3,0,4,5,5,455,14,Champion
12950.0,2,3,1843.0,80.1304347826087,1380,13,24,460.0,0,5,3,4,534,12,Potential Loyalist
12951.0,9,8,1042.07,16.031846153846153,500,54,331,62.5,0,5,5,4,554,14,Champion
12952.0,6,5,1382.84,17.285500000000003,652,64,78,130.4,0,5,4,4,544,13,Champion
12953.0,10,1,329.85,19.40294117647059,84,17,10,84.0,0,5,1,2,512,8,New Customer
12955.0,1,14,4734.26,25.87027322404372,3642,81,268,260.1428571428572,0,5,5,5,555,15,Champion
12956.0,306,1,108.07,5.687894736842105,34,19,306,34.0,0,1,1,1,111,3,Lost Customers
12957.0,4,12,3979.04,16.307540983606557,2531,208,340,210.91666666666663,0,5,5,5,555,15,Champion
12962.0,7,2,266.39,16.649375,129,15,113,64.5,0,5,2,2,522,9,New Customer
12963.0,8,9,1841.03,19.17739583333333,873,76,366,97.0,0,5,5,4,554,14,Champion
12965.0,89,1,771.91,7.081743119266055,283,108,89,283.0,0,2,1,3,213,6,Needs Attention
12966.0,10,1,160.18,16.018,75,10,10,75.0,0,5,1,1,511,7,New Customer
12967.0,3,4,1194.75,36.20454545454545,243,21,372,60.75,0,5,4,4,544,13,Champion
12968.0,112,1,135.95,27.19,73,5,112,73.0,0,2,1,1,211,4,Lost Customers
12970.0,7,4,452.24,2.9949668874172186,310,116,322,77.5,0,5,4,2,542,11,Loyal Customer
12971.0,4,89,10930.26,35.487857142857145,9203,95,372,103.40449438202248,0,5,5,5,555,15,Champion
12974.0,198,1,144.8,18.1,24,8,198,24.0,0,1,1,1,111,3,Lost Customers
12976.0,212,1,738.6,33.57272727272727,561,22,212,561.0,0,1,1,3,113,5,Needs Attention
12977.0,156,1,39.24,4.359999999999999,12,9,156,12.0,0,2,1,1,211,4,Lost Customers
12980.0,156,12,7092.06,295.5025,864,6,359,72.0,0,2,5,5,255,12,At Risk
12981.0,30,2,372.22,18.611,242,12,133,121.0,0,4,2,2,422,8,New Customer
12982.0,240,2,377.2,11.094117647058823,278,28,243,139.0,0,1,2,2,122,5,Lost Customers
12984.0,19,1,97.5,24.375,26,4,19,26.0,0,4,1,1,411,6,New Customer
12985.0,1,3,1215.62,15.584871794871797,1413,73,29,471.0,0,5,3,4,534,12,Potential Loyalist
12987.0,74,3,545.0,18.166666666666668,217,27,198,72.33333333333333,0,2,3,3,233,8,At Risk
12988.0,292,1,535.32,5.818695652173914,136,75,292,136.0,0,1,1,3,113,5,Needs Attention
12989.0,3,19,6854.51,100.80161764705883,2915,41,364,153.42105263157896,0,5,5,5,555,15,Champion
12990.0,31,3,409.5,31.5,200,8,310,66.66666666666667,0,4,3,2,432,9,Needs Attention
12991.0,23,2,503.76,16.25032258064516,405,31,112,202.5,0,4,2,3,423,9,Potential Loyalist
12993.0,23,4,414.76,15.361481481481482,240,26,298,60.0,0,4,4,2,442,10,Loyal Customer
12994.0,4,5,902.22,12.35917808219178,440,52,269,88.0,0,5,4,3,543,12,Loyal Customer
12995.0,78,2,200.72,40.144,98,3,85,49.0,0,2,2,1,221,5,Lost Customers
12997.0,22,7,1197.94,17.879701492537315,648,45,317,92.57142857142856,0,4,4,4,444,12,Champion
12999.0,196,3,455.88,16.28142857142857,342,25,246,114.0,0,1,3,2,132,6,Needs Attention
13000.0,107,3,534.85,17.253225806451614,379,30,365,126.33333333333331,0,2,3,3,233,8,At Risk
13001.0,4,15,9797.92,28.64888888888889,5497,166,327,366.4666666666666,0,5,5,5,555,15,Champion
13002.0,318,1,120.95,17.27857142857143,73,7,318,73.0,0,1,1,1,111,3,Lost Customers
13003.0,106,3,149.05,24.84166666666667,103,4,215,34.333333333333336,0,2,3,1,231,6,Needs Attention
13004.0,12,22,5613.43,13.72476772616137,4796,277,358,218.0,0,4,5,5,455,14,Champion
13005.0,174,3,468.95,16.170689655172414,167,21,246,55.66666666666666,0,2,3,2,232,7,Needs Attention
13006.0,56,1,81.57,20.3925,55,4,56,55.0,0,3,1,1,311,5,About to sleep
13008.0,323,2,178.46999999999997,11.897999999999998,115,15,361,57.5,0,1,2,1,121,4,Lost Customers
13011.0,372,1,50.55,16.85,13,3,372,13.0,0,1,1,1,111,3,Lost Customers
13012.0,9,11,1311.62,12.258130841121496,671,68,295,61.0,0,5,5,4,554,14,Champion
13013.0,1,15,4786.99,21.563018018018017,2217,155,372,147.8,0,5,5,5,555,15,Champion
13014.0,3,16,3365.43,27.140564516129032,886,67,281,55.375,0,5,5,5,555,15,Champion
13015.0,53,5,3346.28,19.012954545454548,1617,156,249,323.4,0,3,4,5,345,12,Loyal Customer
13016.0,73,3,789.89,16.806170212765956,527,39,123,175.66666666666666,0,2,3,3,233,8,At Risk
13017.0,7,1,204.0,204.0,48,1,7,48.0,0,5,1,1,511,7,New Customer
13018.0,16,29,7272.75,15.844771241830063,5434,313,296,187.3793103448276,0,4,5,5,455,14,Champion
13021.0,4,12,2584.4,19.286567164179104,1336,103,365,111.33333333333331,0,5,5,5,555,15,Champion
13023.0,64,2,689.9,17.2475,286,36,130,143.0,0,3,2,3,323,8,Potential Loyalist
13026.0,1,8,936.15,21.77093023255814,1586,34,276,198.25,0,5,5,4,554,14,Champion
13027.0,114,6,6912.0,265.84615384615387,17280,6,355,2880.0,0,2,4,5,245,11,At Risk
13028.0,23,3,659.68,14.035744680851062,796,40,45,265.3333333333333,0,4,3,3,433,10,Potential Loyalist
13029.0,31,3,1247.5,124.75,134,8,353,44.66666666666666,0,4,3,4,434,11,Potential Loyalist
13030.0,11,2,799.48,8.075555555555555,394,76,368,197.0,0,5,2,3,523,10,Potential Loyalist
13032.0,39,3,996.52,13.286933333333334,367,55,87,122.33333333333331,0,3,3,4,334,10,Potential Loyalist
13033.0,357,1,190.55,17.322727272727274,83,11,357,83.0,0,1,1,1,111,3,Lost Customers
13034.0,55,2,642.77,17.372162162162162,369,37,369,184.5,0,3,2,3,323,8,Potential Loyalist
13035.0,58,3,886.63,29.55433333333333,627,23,261,209.0,0,3,3,3,333,9,Potential Loyalist
13037.0,138,3,881.07,18.355625,431,44,256,143.66666666666666,0,2,3,3,233,8,At Risk
13038.0,80,3,908.46,32.445,360,24,291,120.0,0,2,3,3,233,8,At Risk
13040.0,9,2,676.99,15.743953488372092,355,38,33,177.5,0,5,2,3,523,10,Potential Loyalist
13043.0,254,2,471.57,33.683571428571426,251,13,273,125.5,0,1,2,3,123,6,Needs Attention
13044.0,291,1,560.47,16.983939393939394,429,33,291,429.0,0,1,1,3,113,5,Needs Attention
13045.0,99,1,305.28000000000003,16.96,221,18,99,221.0,0,2,1,2,212,5,Lost Customers
13046.0,31,2,629.31,17.980285714285714,264,33,266,132.0,0,4,2,3,423,9,Potential Loyalist
13047.0,32,18,3079.1,15.70969387755102,1355,106,374,75.27777777777777,0,4,5,5,455,14,Champion
13048.0,14,5,1805.91,13.18182481751825,1230,77,327,246.0,0,4,4,4,444,12,Champion
13049.0,64,2,656.6800000000001,46.90571428571429,268,14,318,134.0,0,3,2,3,323,8,Potential Loyalist
13050.0,9,28,5684.61,13.47063981042654,3707,246,367,132.39285714285714,0,5,5,5,555,15,Champion
13052.0,212,1,348.15000000000003,19.34166666666667,222,18,212,222.0,0,1,1,2,112,4,Lost Customers
13055.0,64,4,1201.96,15.40974358974359,891,74,214,222.75,0,3,4,4,344,11,Loyal Customer
13058.0,25,3,271.40000000000003,33.925000000000004,52,5,152,17.333333333333332,0,4,3,2,432,9,Needs Attention
13059.0,250,1,183.4,22.925,35,8,250,35.0,0,1,1,1,111,3,Lost Customers
13060.0,254,1,307.53,20.502,123,15,254,123.0,0,1,1,2,112,4,Lost Customers
13061.0,72,1,248.61,24.861,107,10,72,107.0,0,2,1,2,212,5,Lost Customers
13062.0,191,1,346.98,31.543636363636367,343,11,191,343.0,0,1,1,2,112,4,Lost Customers
13064.0,13,4,1119.49,16.22449275362319,516,51,327,129.0,0,4,4,4,444,12,Champion
13065.0,373,1,205.86,14.704285714285716,74,14,373,74.0,0,1,1,1,111,3,Lost Customers
13066.0,24,3,430.9,8.793877551020408,320,48,32,106.66666666666669,0,4,3,2,432,9,Needs Attention
13067.0,82,1,115.46,7.697333333333334,32,14,82,32.0,0,2,1,1,211,4,Lost Customers
13068.0,10,2,344.0,172.0,200,1,320,100.0,0,5,2,2,522,9,New Customer
13069.0,1,27,3717.82,7.910255319148937,5466,285,370,202.44444444444449,0,5,5,5,555,15,Champion
13070.0,192,1,228.8,25.422222222222224,110,9,192,110.0,0,1,1,1,111,3,Lost Customers
13072.0,267,1,177.15,25.307142857142857,69,7,267,69.0,0,1,1,1,111,3,Lost Customers
13075.0,130,1,919.61,41.80045454545455,485,22,130,485.0,0,2,1,4,214,7,Needs Attention
13077.0,1,4,729.27,6.5113392857142856,863,99,366,215.75,0,5,4,3,543,12,Loyal Customer
13078.0,1,43,12432.28,32.71652631578947,5557,96,367,129.2325581395349,0,5,5,5,555,15,Champion
13079.0,4,5,220.1,36.68333333333334,62,2,140,12.4,0,5,4,1,541,10,Loyal Customer
13080.0,179,1,58.08,9.68,120,6,179,120.0,0,1,1,1,111,3,Lost Customers
13081.0,1,21,27964.48,26.356720075400567,19021,511,371,905.7619047619048,0,5,5,5,555,15,Champion
13082.0,126,10,3595.48,47.939733333333336,4313,63,338,431.3,0,2,5,5,255,12,At Risk
13083.0,4,2,303.75,16.875,187,15,76,93.5,0,5,2,2,522,9,New Customer
13085.0,158,3,272.38,9.392413793103447,108,17,295,36.0,0,2,3,2,232,7,Needs Attention
13089.0,3,118,57385.88,30.90246634356489,30787,636,370,260.90677966101697,0,5,5,5,555,15,Champion
13090.0,9,18,8689.39,53.971366459627326,2194,98,373,121.88888888888889,0,5,5,5,555,15,Champion
13091.0,21,2,319.82,13.325833333333334,450,21,28,225.0,0,4,2,2,422,8,New Customer
13092.0,71,6,459.83,17.685769230769232,271,19,360,45.16666666666666,0,3,4,2,342,9,Loyal Customer
13093.0,267,13,7741.47,45.53805882352941,3943,99,373,303.3076923076923,0,1,5,5,155,11,At Risk
13094.0,21,16,1708.86,56.962,1542,4,369,96.375,0,4,5,4,454,13,Champion
13095.0,71,1,74.39999999999999,12.4,144,6,71,144.0,0,3,1,1,311,5,About to sleep
13097.0,33,14,5893.32,13.485858123569791,2341,215,360,167.21428571428572,0,3,5,5,355,13,Loyal Customer
13098.0,1,41,28658.88,47.37004958677686,15911,163,317,388.0731707317073,0,5,5,5,555,15,Champion
13099.0,99,1,207.36,207.36,288,1,99,288.0,0,2,1,1,211,4,Lost Customers
13101.0,234,1,101.19,12.64875,113,8,234,113.0,0,1,1,1,111,3,Lost Customers
13102.0,1,27,6336.29,20.43964516129032,4160,141,365,154.07407407407408,0,5,5,5,555,15,Champion
13103.0,40,1,243.94,30.4925,82,8,40,82.0,0,3,1,2,312,6,About to sleep
13104.0,3,6,1098.48,54.924,504,14,355,84.0,0,5,4,4,544,13,Champion
13106.0,129,2,59.5,29.75,14,1,133,7.0,0,2,2,1,221,5,Lost Customers
13107.0,44,5,1524.07,25.401166666666665,1288,54,334,257.6,0,3,4,4,344,11,Loyal Customer
13108.0,373,1,350.06,35.006,298,10,373,298.0,0,1,1,2,112,4,Lost Customers
13109.0,3,5,766.84,15.3368,514,41,157,102.8,0,5,4,3,543,12,Loyal Customer
13110.0,31,8,1452.87,9.951164383561643,384,109,311,48.0,0,4,5,4,454,13,Champion
13113.0,1,40,10510.0,37.535714285714285,2594,113,366,64.85,0,5,5,5,555,15,Champion
13115.0,9,14,2205.63,16.709318181818183,1534,92,366,109.57142857142856,0,5,5,5,555,15,Champion
13116.0,117,2,485.19,15.651290322580644,290,30,138,145.0,0,2,2,3,223,7,Needs Attention
13117.0,22,8,984.91,12.959342105263158,945,66,372,118.125,0,4,5,4,454,13,Champion
13118.0,20,7,1125.0,13.71951219512195,389,68,289,55.57142857142857,0,4,4,4,444,12,Champion
13120.0,239,1,30.6,30.6,12,1,239,12.0,0,1,1,1,111,3,Lost Customers
13121.0,269,2,254.73,4.806226415094339,227,50,269,113.5,0,1,2,2,122,5,Lost Customers
13122.0,94,2,922.39,16.77072727272727,585,54,240,292.5,0,2,2,4,224,8,Needs Attention
13124.0,90,3,3866.33,16.452468085106382,2147,185,359,715.6666666666666,0,2,3,5,235,10,At Risk
13126.0,5,10,2056.29,14.480915492957749,2130,124,367,213.0,0,5,5,5,555,15,Champion
13127.0,78,1,259.17,17.278000000000002,127,15,78,127.0,0,2,1,2,212,5,Lost Customers
13130.0,94,1,64.0,32.0,32,2,94,32.0,0,2,1,1,211,4,Lost Customers
13131.0,23,4,1039.3,22.593478260869563,443,30,188,110.75,0,4,4,4,444,12,Champion
13132.0,262,1,77.3,25.766666666666666,20,3,262,20.0,0,1,1,1,111,3,Lost Customers
13133.0,274,2,109.8,15.685714285714283,32,7,304,16.0,0,1,2,1,121,4,Lost Customers
13134.0,73,7,1740.63,16.577428571428573,1044,94,240,149.14285714285714,0,2,4,4,244,10,At Risk
13135.0,197,1,3096.0,3096.0,4300,1,197,4300.0,0,1,1,5,115,7,Needs Attention
13136.0,50,11,2545.38,18.31208633093525,1312,97,365,119.27272727272728,0,3,5,5,355,13,Loyal Customer
13137.0,11,9,3605.08,5.113588652482269,2225,346,309,247.22222222222223,0,5,5,5,555,15,Champion
13138.0,22,6,962.39,15.276031746031746,473,31,372,78.83333333333333,0,4,4,4,444,12,Champion
13139.0,16,8,5055.79,29.05626436781609,2418,132,260,302.25,0,4,5,5,455,14,Champion
13140.0,108,3,423.72,9.211304347826088,186,40,366,62.0,0,2,3,2,232,7,Needs Attention
13141.0,85,6,2385.8,17.54264705882353,1547,113,315,257.8333333333333,0,2,4,5,245,11,At Risk
13142.0,19,1,307.09,13.35173913043478,258,23,19,258.0,0,4,1,2,412,7,New Customer
13144.0,333,1,110.95,36.98333333333333,21,3,333,21.0,0,1,1,1,111,3,Lost Customers
13145.0,40,5,614.77,87.82428571428571,142,5,372,28.4,0,3,4,3,343,10,Loyal Customer
13146.0,26,1,228.91,13.465294117647058,154,16,26,154.0,0,4,1,1,411,6,New Customer
13147.0,10,4,712.8000000000001,178.20000000000002,144,1,100,36.0,0,5,4,3,543,12,Loyal Customer
13148.0,29,17,3348.48,9.649798270893372,1828,238,364,107.52941176470588,0,4,5,5,455,14,Champion
13149.0,14,4,1676.06,19.48906976744186,1280,76,289,320.0,0,4,4,4,444,12,Champion
13151.0,203,2,1250.37,16.6716,361,73,296,180.5,0,1,2,4,124,7,Needs Attention
13153.0,6,1,486.22,32.41466666666667,418,15,6,418.0,0,5,1,3,513,9,Promising
13154.0,144,1,-611.86,-611.86,-1,1,144,-1.0,0,2,1,1,211,4,Lost Customers
13155.0,33,4,971.76,11.432470588235294,497,67,369,124.25,0,3,4,4,344,11,Loyal Customer
13157.0,49,5,1721.57,19.343483146067413,1430,69,298,286.0,0,3,4,4,344,11,Loyal Customer
13158.0,95,4,1201.06,15.203291139240504,784,59,319,196.0,0,2,4,4,244,10,At Risk
13159.0,9,5,1379.75,11.309426229508198,1045,114,116,209.0,0,5,4,4,544,13,Champion
13160.0,22,1,91.8,22.95,56,4,22,56.0,0,4,1,1,411,6,New Customer
13161.0,313,1,112.75,14.09375,29,8,313,29.0,0,1,1,1,111,3,Lost Customers
13162.0,122,5,1644.99,20.060853658536587,1663,74,335,332.6,0,2,4,4,244,10,At Risk
13165.0,46,2,1021.48,24.32095238095238,1376,40,351,688.0,0,3,2,4,324,9,Potential Loyalist
13166.0,282,2,414.7,9.873809523809523,214,39,283,107.0,0,1,2,2,122,5,Lost Customers
13167.0,19,4,791.33,12.174307692307693,785,51,144,196.25,0,4,4,3,443,11,Loyal Customer
13168.0,36,5,1310.14,9.850676691729324,680,102,318,136.0,0,3,4,4,344,11,Loyal Customer
13169.0,64,2,712.88,54.83692307692308,272,11,252,136.0,0,3,2,3,323,8,Potential Loyalist
13170.0,27,1,116.01,3.6253125,147,29,27,147.0,0,4,1,1,411,6,New Customer
13171.0,8,5,426.81,8.891875,227,37,299,45.4,0,5,4,2,542,11,Loyal Customer
13173.0,4,2,353.65,8.224418604651163,277,41,367,138.5,0,5,2,2,522,9,New Customer
13174.0,16,3,2817.03,8.971433121019109,1395,228,369,465.0,0,4,3,5,435,12,Potential Loyalist
13176.0,46,1,492.84,6.845,453,66,46,453.0,0,3,1,3,313,7,About to sleep
13177.0,65,1,282.45,16.61470588235294,91,17,65,91.0,0,3,1,2,312,6,About to sleep
13178.0,26,11,5725.47,21.60554716981132,3570,95,361,324.54545454545456,0,4,5,5,455,14,Champion
13182.0,45,1,121.18,11.016363636363636,201,11,45,201.0,0,3,1,1,311,5,About to sleep
13183.0,8,9,3957.78,42.10404255319149,2208,51,335,245.33333333333331,0,5,5,5,555,15,Champion
13184.0,15,12,1648.79,9.009781420765028,1662,138,290,138.5,0,4,5,4,454,13,Champion
13185.0,268,1,71.4,71.4,12,1,268,12.0,0,1,1,1,111,3,Lost Customers
13186.0,40,5,1539.69,18.329642857142854,804,69,129,160.8,0,3,4,4,344,11,Loyal Customer
13187.0,337,1,236.02,6.378918918918919,95,37,337,95.0,0,1,1,1,111,3,Lost Customers
13188.0,11,1,114.6,57.3,25,2,11,25.0,0,5,1,1,511,7,New Customer
13189.0,19,2,260.68,8.988965517241379,842,29,115,421.0,0,4,2,2,422,8,New Customer
13192.0,95,2,911.94,14.475238095238096,595,57,205,297.5,0,2,2,4,224,8,Needs Attention
13193.0,61,1,117.88,4.0648275862068965,50,22,61,50.0,0,3,1,1,311,5,About to sleep
13194.0,136,1,60.7,20.23333333333333,26,3,136,26.0,0,2,1,1,211,4,Lost Customers
13196.0,11,4,1797.78,16.343454545454545,1224,97,262,306.0,0,5,4,4,544,13,Champion
13198.0,10,8,3384.09,14.77768558951965,2645,200,362,330.625,0,5,5,5,555,15,Champion
13199.0,4,39,9803.96,81.69966666666666,6172,48,367,158.25641025641025,0,5,5,5,555,15,Champion
13200.0,19,4,870.09,18.915,516,42,126,129.0,0,4,4,3,443,11,Loyal Customer
13203.0,10,4,869.46,15.253684210526316,800,56,242,200.0,0,5,4,3,543,12,Loyal Customer
13207.0,15,2,250.26,31.2825,130,7,151,65.0,0,4,2,2,422,8,New Customer
13208.0,59,7,1205.9,8.039333333333333,786,124,309,112.28571428571428,0,3,4,4,344,11,Loyal Customer
13209.0,30,11,5820.16,17.690455927051673,4232,255,362,384.7272727272728,0,4,5,5,455,14,Champion
13210.0,94,1,353.48,16.067272727272726,316,22,94,316.0,0,2,1,2,212,5,Lost Customers
13211.0,10,3,1197.42,21.3825,874,45,361,291.3333333333333,0,5,3,4,534,12,Potential Loyalist
13212.0,9,4,780.58,5.458601398601399,309,128,61,77.25,0,5,4,3,543,12,Loyal Customer
13213.0,57,6,1518.43,16.50467391304348,1357,82,200,226.16666666666663,0,3,4,4,344,11,Loyal Customer
13216.0,268,1,333.74,66.748,297,5,268,297.0,0,1,1,2,112,4,Lost Customers
13217.0,122,5,133.62,19.08857142857143,114,3,157,22.8,0,2,4,1,241,7,Needs Attention
13218.0,127,1,62.63999999999999,12.528,88,5,127,88.0,0,2,1,1,211,4,Lost Customers
13220.0,78,4,819.2900000000001,39.01380952380953,196,18,237,49.0,0,2,4,3,243,9,At Risk
13221.0,240,2,847.41,12.839545454545457,244,62,359,122.0,0,1,2,3,123,6,Needs Attention
13223.0,200,2,163.20000000000002,32.64,88,5,232,44.0,0,1,2,1,121,4,Lost Customers
13224.0,60,3,2150.85,19.732568807339447,1512,101,151,504.0,0,3,3,5,335,11,Potential Loyalist
13225.0,3,8,6083.04,178.91294117647058,3352,23,362,419.0,0,5,5,5,555,15,Champion
13226.0,273,1,108.21,6.7631250000000005,80,16,273,80.0,0,1,1,1,111,3,Lost Customers
13227.0,202,1,257.7,28.633333333333333,99,9,202,99.0,0,1,1,2,112,4,Lost Customers
13228.0,81,1,358.0,179.0,200,2,81,200.0,0,2,1,2,212,5,Lost Customers
13229.0,226,1,160.95,16.095,63,10,226,63.0,0,1,1,1,111,3,Lost Customers
13230.0,4,15,2763.41,4.515375816993464,1544,393,365,102.93333333333334,0,5,5,5,555,15,Champion
13232.0,13,7,1357.6,6.558454106280193,778,147,243,111.14285714285714,0,4,5,4,454,13,Champion
13233.0,74,2,605.12,14.072558139534884,1004,43,336,502.0,0,2,2,3,223,7,Needs Attention
13235.0,212,2,101.17000000000009,1.7147457627118656,440,54,212,220.0,0,1,2,1,121,4,Lost Customers
13236.0,25,3,727.27,18.64794871794872,411,34,107,137.0,0,4,3,3,433,10,Potential Loyalist
13238.0,11,5,680.83,21.2759375,296,20,360,59.2,0,5,4,3,543,12,Loyal Customer
13239.0,262,1,329.56,14.98,363,22,262,363.0,0,1,1,2,112,4,Lost Customers
13240.0,96,4,663.65,9.905223880597015,298,59,366,74.5,0,2,4,3,243,9,At Risk
13242.0,112,3,270.40000000000003,20.800000000000004,130,12,214,43.333333333333336,0,2,3,2,232,7,Needs Attention
13243.0,203,1,600.07,10.346034482758622,233,56,203,233.0,0,1,1,3,113,5,Needs Attention
13244.0,93,1,121.74,4.508888888888889,38,27,93,38.0,0,2,1,1,211,4,Lost Customers
13245.0,51,1,430.5,26.90625,125,16,51,125.0,0,3,1,2,312,6,About to sleep
13246.0,18,7,1922.1,13.44125874125874,1552,110,330,221.7142857142857,0,4,5,4,454,13,Champion
13247.0,18,4,501.12,20.0448,328,18,83,82.0,0,4,4,3,443,11,Loyal Customer
13248.0,125,2,465.68,17.91076923076923,305,25,189,152.5,0,2,2,2,222,6,Lost Customers
13249.0,92,3,711.41,30.93086956521739,546,21,261,182.0,0,2,3,3,233,8,At Risk
13253.0,157,2,1030.4,28.622222222222224,1572,35,339,786.0,0,2,2,4,224,8,Needs Attention
13255.0,4,3,390.66,27.90428571428572,174,13,374,58.0,0,5,3,2,532,10,Needs Attention
13258.0,12,3,698.58,18.383684210526315,287,28,205,95.66666666666669,0,4,3,3,433,10,Potential Loyalist
13259.0,62,1,292.32,3.36,132,77,62,132.0,0,3,1,2,312,6,About to sleep
13260.0,61,1,557.62,69.7025,142,8,61,142.0,0,3,1,3,313,7,About to sleep
13261.0,269,2,944.1,104.9,210,8,286,105.0,0,1,2,4,124,7,Needs Attention
13262.0,263,1,200.29,18.208181818181817,125,11,263,125.0,0,1,1,1,111,3,Lost Customers
13263.0,1,35,7454.07,4.444883720930233,4780,450,325,136.57142857142858,0,5,5,5,555,15,Champion
13265.0,53,5,2107.66,23.1610989010989,1752,66,274,350.4,0,3,4,5,345,12,Loyal Customer
13266.0,11,19,3717.67,18.40430693069307,4299,83,359,226.26315789473685,0,5,5,5,555,15,Champion
13267.0,3,27,4404.44,19.662678571428568,1939,88,367,71.81481481481481,0,5,5,5,555,15,Champion
13268.0,18,15,3167.64,7.086442953020134,3635,257,267,242.33333333333331,0,4,5,5,455,14,Champion
13269.0,1,17,5315.92,16.61225,3509,178,370,206.41176470588235,0,5,5,5,555,15,Champion
13270.0,366,1,590.0,590.0,200,1,366,200.0,0,1,1,3,113,5,Needs Attention
13271.0,37,2,178.26,1.764950495049505,181,79,37,90.5,0,3,2,1,321,6,About to sleep
13272.0,31,2,276.56,18.43733333333333,96,15,90,48.0,0,4,2,2,422,8,New Customer
13273.0,113,1,138.98,8.68625,153,16,113,153.0,0,2,1,1,211,4,Lost Customers
13276.0,64,2,590.9300000000001,19.69766666666667,161,30,100,80.5,0,3,2,3,323,8,Potential Loyalist
13277.0,16,4,258.4,32.3,176,5,134,44.0,0,4,4,2,442,10,Loyal Customer
13278.0,41,1,542.73,11.798478260869564,537,46,41,537.0,0,3,1,3,313,7,About to sleep
13279.0,64,2,126.3,11.481818181818182,70,9,78,35.0,0,3,2,1,321,6,About to sleep
13280.0,122,3,814.86,9.586588235294116,522,67,337,174.0,0,2,3,3,233,8,At Risk
13282.0,18,6,1047.84,26.196000000000005,289,30,221,48.16666666666666,0,4,4,4,444,12,Champion
13283.0,60,2,93.66,13.38,90,7,186,45.0,0,3,2,1,321,6,About to sleep
13284.0,323,2,196.15,14.010714285714286,79,13,331,39.5,0,1,2,1,121,4,Lost Customers
13285.0,23,4,2709.12,14.487272727272726,2051,157,290,512.75,0,4,4,5,445,13,Champion
13291.0,156,1,361.11,8.597857142857142,233,41,156,233.0,0,2,1,2,212,5,Lost Customers
13292.0,39,2,578.9399999999999,18.67548387096774,347,29,284,173.5,0,3,2,3,323,8,Potential Loyalist
13294.0,190,2,873.74,16.18037037037037,453,48,250,226.5,0,1,2,3,123,6,Needs Attention
13295.0,360,2,197.95,17.995454545454546,81,11,372,40.5,0,1,2,1,121,4,Lost Customers
13296.0,137,1,87.4,17.48,78,5,137,78.0,0,2,1,1,211,4,Lost Customers
13297.0,8,4,2089.85,35.421186440677964,963,52,67,240.75,0,5,4,5,545,14,Champion
13298.0,1,1,360.0,180.0,96,2,1,96.0,0,5,1,2,512,8,New Customer
13299.0,268,1,142.5,28.5,30,5,268,30.0,0,1,1,1,111,3,Lost Customers
13300.0,165,2,365.29,16.60409090909091,201,20,169,100.5,0,2,2,2,222,6,Lost Customers
13301.0,104,4,618.09,7.630740740740741,345,75,292,86.25,0,2,4,3,243,9,At Risk
13302.0,155,1,63.75,63.75,5,1,155,5.0,0,2,1,1,211,4,Lost Customers
13304.0,351,1,300.42,14.305714285714286,238,21,351,238.0,0,1,1,2,112,4,Lost Customers
13305.0,4,10,2000.86,24.701975308641973,1232,50,373,123.2,0,5,5,4,554,14,Champion
13307.0,120,1,15.0,15.0,4,1,120,4.0,0,2,1,1,211,4,Lost Customers
13308.0,23,4,1367.61,23.993157894736843,840,49,203,210.0,0,4,4,4,444,12,Champion
13309.0,7,5,1456.79,13.614859813084111,1544,82,309,308.8,0,5,4,4,544,13,Champion
13310.0,9,6,1083.63,14.073116883116883,575,65,324,95.83333333333331,0,5,4,4,544,13,Champion
13311.0,4,2,598.57,23.02192307692308,305,25,150,152.5,0,5,2,3,523,10,Potential Loyalist
13313.0,22,5,1555.32,19.94,851,47,340,170.2,0,4,4,4,444,12,Champion
13314.0,2,4,578.66,7.715466666666666,484,55,74,121.0,0,5,4,3,543,12,Loyal Customer
13316.0,37,5,5815.49,66.08511363636363,6947,67,254,1389.4,0,3,4,5,345,12,Loyal Customer
13317.0,64,9,2140.07,15.852370370370371,1003,101,359,111.44444444444444,0,3,5,5,355,13,Loyal Customer
13318.0,1,3,640.76,32.038,304,14,37,101.33333333333331,0,5,3,3,533,11,Potential Loyalist
13319.0,5,36,10664.34,21.32868,4686,211,368,130.16666666666666,0,5,5,5,555,15,Champion
13320.0,70,6,1491.7,13.56090909090909,1066,77,214,177.66666666666666,0,3,4,4,344,11,Loyal Customer
13321.0,72,2,567.36,51.57818181818182,372,10,86,186.0,0,2,2,3,223,7,Needs Attention
13322.0,17,1,199.48,7.9792,117,25,17,117.0,0,4,1,1,411,6,New Customer
13323.0,3,5,787.85,37.516666666666666,175,6,84,35.0,0,5,4,3,543,12,Loyal Customer
13324.0,32,12,7072.8,91.85454545454546,5200,25,361,433.3333333333333,0,4,5,5,455,14,Champion
13325.0,82,1,675.3,56.275,240,12,82,240.0,0,2,1,3,213,6,Needs Attention
13327.0,39,9,3617.57,33.18871559633028,1588,74,365,176.44444444444446,0,3,5,5,355,13,Loyal Customer
13328.0,316,1,1308.48,76.96941176470588,680,17,316,680.0,0,1,1,4,114,6,Needs Attention
13329.0,32,4,740.4,38.96842105263158,427,16,367,106.75,0,4,4,3,443,11,Loyal Customer
13330.0,93,3,1140.93,21.526981132075477,751,37,316,250.33333333333331,0,2,3,4,234,9,At Risk
13332.0,14,1,350.9,16.70952380952381,179,21,14,179.0,0,4,1,2,412,7,New Customer
13334.0,82,3,3536.82,13.197089552238806,1774,207,306,591.3333333333334,0,2,3,5,235,10,At Risk
13336.0,77,1,795.12,15.590588235294115,559,51,77,559.0,0,2,1,3,213,6,Needs Attention
13338.0,154,3,431.82,17.9925,247,19,158,82.33333333333333,0,2,3,2,232,7,Needs Attention
13339.0,201,1,860.12,15.928148148148148,326,54,201,326.0,0,1,1,3,113,5,Needs Attention
13340.0,45,7,10736.48,80.12298507462687,5770,128,277,824.2857142857143,0,3,5,5,355,13,Loyal Customer
13341.0,261,1,775.85,18.472619047619048,301,42,261,301.0,0,1,1,3,113,5,Needs Attention
13343.0,173,2,303.93,13.815,126,19,178,63.0,0,2,2,2,222,6,Lost Customers
13344.0,68,3,2543.72,21.37579831932773,971,115,278,323.6666666666667,0,3,3,5,335,11,Potential Loyalist
13345.0,277,2,377.6,17.163636363636364,139,20,288,69.5,0,1,2,2,122,5,Lost Customers
13347.0,70,1,341.36,42.67,205,8,70,205.0,0,3,1,2,312,6,About to sleep
13348.0,64,1,233.76,16.697142857142858,136,14,64,136.0,0,3,1,1,311,5,About to sleep
13349.0,11,1,247.32,15.4575,225,16,11,225.0,0,5,1,2,512,8,New Customer
13350.0,16,3,910.72,21.17953488372093,284,36,79,94.66666666666669,0,4,3,3,433,10,Potential Loyalist
13351.0,66,1,373.94,23.37125,117,16,66,117.0,0,3,1,2,312,6,About to sleep
13352.0,8,2,389.28,14.417777777777776,315,24,60,157.5,0,5,2,2,522,9,New Customer
13354.0,71,1,743.53,14.579019607843136,604,51,71,604.0,0,3,1,3,313,7,About to sleep
13355.0,122,1,674.7,21.084375,314,32,122,314.0,0,2,1,3,213,6,Needs Attention
13356.0,80,1,768.24,18.29142857142857,325,42,80,325.0,0,2,1,3,213,6,Needs Attention
13357.0,257,1,609.95,6.777222222222223,322,85,257,322.0,0,1,1,3,113,5,Needs Attention
13358.0,269,1,439.03,15.138965517241378,285,29,269,285.0,0,1,1,2,112,4,Lost Customers
13359.0,59,2,431.26,17.969166666666666,159,23,64,79.5,0,3,2,2,322,7,About to sleep
13362.0,3,5,3085.49,18.25733727810651,1379,128,288,275.8,0,5,4,5,545,14,Champion
13363.0,18,2,992.5,16.541666666666668,710,47,44,355.0,0,4,2,4,424,10,Potential Loyalist
13365.0,9,3,2191.22,16.600151515151513,1238,122,218,412.6666666666667,0,5,3,5,535,13,Potential Loyalist
13366.0,50,1,56.16,56.16,144,1,50,144.0,0,3,1,1,311,5,About to sleep
13368.0,257,2,623.4,21.49655172413793,327,29,338,163.5,0,1,2,3,123,6,Needs Attention
13369.0,354,2,263.75,13.88157894736842,127,14,366,63.5,0,1,2,2,122,5,Lost Customers
13370.0,366,2,721.32,16.393636363636364,336,39,372,168.0,0,1,2,3,123,6,Needs Attention
13372.0,90,1,378.64,16.46260869565217,159,23,90,159.0,0,2,1,2,212,5,Lost Customers
13373.0,61,3,3312.25,20.963607594936708,1651,135,276,550.3333333333334,0,3,3,5,335,11,Potential Loyalist
13375.0,81,2,772.9,20.339473684210525,441,37,89,220.5,0,2,2,3,223,7,Needs Attention
13376.0,99,3,1019.76,19.240754716981133,493,45,234,164.33333333333334,0,2,3,4,234,9,At Risk
13379.0,26,3,572.56,5.902680412371134,601,85,137,200.33333333333331,0,4,3,3,433,10,Potential Loyalist
13381.0,21,7,3626.81,20.96421965317919,2027,77,299,289.57142857142856,0,4,5,5,455,14,Champion
13382.0,281,1,222.99,14.866,131,15,281,131.0,0,1,1,1,111,3,Lost Customers
13384.0,31,9,4122.28,26.595354838709675,2415,123,179,268.3333333333333,0,4,5,5,455,14,Champion
13385.0,330,1,534.57,15.273428571428571,281,35,330,281.0,0,1,1,3,113,5,Needs Attention
13388.0,121,3,627.15,17.420833333333334,281,35,131,93.66666666666669,0,2,3,3,233,8,At Risk
13389.0,11,3,797.96,15.646274509803922,429,50,233,143.0,0,5,3,3,533,11,Potential Loyalist
13390.0,75,1,544.08,41.8523076923077,224,13,75,224.0,0,2,1,3,213,6,Needs Attention
13391.0,204,1,59.8,59.8,4,1,204,4.0,0,1,1,1,111,3,Lost Customers
13394.0,2,10,2312.8,14.102439024390245,2215,126,310,221.5,0,5,5,5,555,15,Champion
13395.0,185,1,307.72,14.653333333333334,336,21,185,336.0,0,1,1,2,112,4,Lost Customers
13396.0,22,4,1325.29,28.197659574468084,592,42,319,148.0,0,4,4,4,444,12,Champion
13397.0,73,6,1539.18,39.46615384615385,429,28,339,71.5,0,2,4,4,244,10,At Risk
13398.0,192,1,457.34,17.59,281,26,192,281.0,0,1,1,2,112,4,Lost Customers
13402.0,127,2,621.23,15.92897435897436,479,32,372,239.5,0,2,2,3,223,7,Needs Attention
13403.0,18,1,75.0,25.0,44,3,18,44.0,0,4,1,1,411,6,New Customer
13404.0,1,2,252.49,22.953636363636363,111,11,213,55.5,0,5,2,2,522,9,New Customer
13405.0,74,3,572.451,21.201888888888888,165,25,318,55.0,0,2,3,3,233,8,At Risk
13408.0,2,81,27487.41,54.86508982035928,16119,236,374,199.0,0,5,5,5,555,15,Champion
13410.0,9,7,988.91,32.96366666666667,513,15,291,73.28571428571429,0,5,5,4,554,14,Champion
13411.0,107,1,213.55,11.863888888888887,72,17,107,72.0,0,2,1,1,211,4,Lost Customers
13414.0,134,3,1390.5,57.9375,1574,23,297,524.6666666666666,0,2,3,4,234,9,At Risk
13416.0,44,2,712.5,37.5,142,11,81,71.0,0,3,2,3,323,8,Potential Loyalist
13417.0,5,2,640.83,22.886785714285715,162,26,205,81.0,0,5,2,3,523,10,Potential Loyalist
13418.0,12,23,5845.44,18.61605095541401,3839,223,373,166.91304347826087,0,4,5,5,455,14,Champion
13419.0,64,1,221.06,13.81625,275,16,64,275.0,0,3,1,1,311,5,About to sleep
13420.0,135,4,140.35,14.035,88,8,171,22.0,0,2,4,1,241,7,Needs Attention
13421.0,40,3,1848.98,17.609333333333332,1180,89,290,393.3333333333333,0,3,3,4,334,10,Potential Loyalist
13422.0,51,2,2601.55,20.324609375,1321,127,64,660.5,0,3,2,5,325,10,Potential Loyalist
13425.0,108,3,1624.21,20.823205128205128,1123,66,295,374.3333333333333,0,2,3,4,234,9,At Risk
13426.0,1,12,3550.7000000000003,22.331446540880503,2224,104,360,185.33333333333331,0,5,5,5,555,15,Champion
13427.0,19,3,582.6,20.089655172413792,545,25,215,181.66666666666663,0,4,3,3,433,10,Potential Loyalist
13428.0,10,1,218.47,2.952297297297297,156,70,10,156.0,0,5,1,1,511,7,New Customer
13429.0,11,4,1006.8,15.02686567164179,1390,55,75,347.5,0,5,4,4,544,13,Champion
13430.0,19,4,648.6899999999999,12.012777777777776,738,49,86,184.5,0,4,4,3,443,11,Loyal Customer
13431.0,67,2,1269.1,27.589130434782607,672,44,89,336.0,0,3,2,4,324,9,Potential Loyalist
13434.0,74,2,534.24,53.424,300,9,97,150.0,0,2,2,3,223,7,Needs Attention
13435.0,5,9,3794.49,36.83970873786408,2125,68,189,236.11111111111111,0,5,5,5,555,15,Champion
13436.0,2,1,196.89,16.4075,76,12,2,76.0,0,5,1,1,511,7,New Customer
13437.0,14,7,3408.06,20.40754491017964,1283,143,190,183.28571428571428,0,4,5,5,455,14,Champion
13439.0,255,1,283.71,5.253888888888889,242,54,255,242.0,0,1,1,2,112,4,Lost Customers
13441.0,92,1,296.64,22.818461538461538,204,13,92,204.0,0,2,1,2,212,5,Lost Customers
13447.0,23,4,1104.23,17.81016129032258,577,55,36,144.25,0,4,4,4,444,12,Champion
13448.0,17,10,3465.67,17.415427135678392,1638,137,374,163.8,0,4,5,5,455,14,Champion
13449.0,24,1,291.88,15.362105263157895,222,19,24,222.0,0,4,1,2,412,7,New Customer
13450.0,27,6,2043.72,28.784788732394365,1982,32,218,330.3333333333333,0,4,4,5,445,13,Champion
13451.0,26,6,2916.45,6.5685810810810805,2143,315,334,357.1666666666667,0,4,4,5,445,13,Champion
13452.0,259,2,590.0,295.0,2,1,271,1.0,0,1,2,3,123,6,Needs Attention
13453.0,166,2,356.98,20.99882352941176,134,16,290,67.0,0,2,2,2,222,6,Lost Customers
13455.0,25,4,1007.35,19.006603773584903,345,42,366,86.25,0,4,4,4,444,12,Champion
13456.0,18,7,1737.8200000000002,26.73569230769231,756,43,207,108.0,0,4,5,4,454,13,Champion
13458.0,7,22,9537.92,24.207918781725887,5460,242,360,248.1818181818182,0,5,5,5,555,15,Champion
13460.0,29,2,183.44,10.790588235294118,286,16,50,143.0,0,4,2,1,421,7,New Customer
13461.0,39,3,1445.0,53.51851851851852,1170,14,164,390.0,0,3,3,4,334,10,Potential Loyalist
13462.0,183,2,143.25,14.325,61,9,253,30.5,0,1,2,1,121,4,Lost Customers
13464.0,58,1,674.68,16.45560975609756,403,41,58,403.0,0,3,1,3,313,7,About to sleep
13466.0,100,2,297.95,16.552777777777777,258,17,184,129.0,0,2,2,2,222,6,Lost Customers
13467.0,11,2,1083.71,10.946565656565657,584,89,36,292.0,0,5,2,4,524,11,Potential Loyalist
13468.0,2,41,5656.75,18.48611111111111,2581,184,373,62.95121951219512,0,5,5,5,555,15,Champion
13470.0,99,2,165.0,16.5,100,7,115,50.0,0,2,2,1,221,5,Lost Customers
13471.0,1,4,2531.58,9.736846153846152,1590,214,47,397.5,0,5,4,5,545,14,Champion
13473.0,61,3,417.54,18.97909090909091,260,21,333,86.66666666666667,0,3,3,2,332,8,Needs Attention
13474.0,236,1,229.59,3.58734375,132,59,236,132.0,0,1,1,1,111,3,Lost Customers
13475.0,191,4,1431.78,16.648604651162792,1012,64,299,253.0,0,1,4,4,144,9,At Risk
13476.0,179,4,1092.77,17.91426229508197,414,56,281,103.5,0,1,4,4,144,9,At Risk
13477.0,38,8,1441.53,17.796666666666667,1018,57,292,127.25,0,3,5,4,354,12,Loyal Customer
13479.0,198,3,291.0,18.1875,133,14,235,44.333333333333336,0,1,3,2,132,6,Needs Attention
13481.0,46,8,1776.81,15.864375,1127,98,368,140.875,0,3,5,4,354,12,Loyal Customer
13482.0,232,1,184.64,16.785454545454545,116,11,232,116.0,0,1,1,1,111,3,Lost Customers
13483.0,66,1,140.34,14.034,160,10,66,160.0,0,3,1,1,311,5,About to sleep
13484.0,241,1,313.8,39.225,44,8,241,44.0,0,1,1,2,112,4,Lost Customers
13485.0,233,1,454.24,19.749565217391304,277,23,233,277.0,0,1,1,2,112,4,Lost Customers
13486.0,78,3,1122.41,16.2668115942029,669,69,155,223.0,0,2,3,4,234,9,At Risk
13487.0,58,3,575.4,16.923529411764704,265,26,353,88.33333333333333,0,3,3,3,333,9,Potential Loyalist
13488.0,17,17,8910.61,20.86793911007026,4512,272,367,265.4117647058824,0,4,5,5,455,14,Champion
13489.0,105,4,449.52,32.10857142857143,560,11,295,140.0,0,2,4,2,242,8,Needs Attention
13491.0,52,10,1215.82,14.137441860465117,903,73,372,90.3,0,3,5,4,354,12,Loyal Customer
13492.0,136,3,1269.84,25.3968,408,38,215,136.0,0,2,3,4,234,9,At Risk
13493.0,275,2,618.63,77.32875,380,6,287,190.0,0,1,2,3,123,6,Needs Attention
13494.0,312,1,316.26000000000005,17.570000000000004,162,18,312,162.0,0,1,1,2,112,4,Lost Customers
13495.0,8,6,1990.12,38.27153846153846,814,34,368,135.66666666666666,0,5,4,4,544,13,Champion
13496.0,11,3,617.93,17.16472222222222,329,28,360,109.66666666666669,0,5,3,3,533,11,Potential Loyalist
13497.0,283,3,321.05,16.052500000000002,159,19,369,53.0,0,1,3,2,132,6,Needs Attention
13499.0,18,7,1146.96,25.488,1358,31,270,194.0,0,4,5,4,454,13,Champion
13500.0,23,4,1136.77,16.966716417910447,585,60,123,146.25,0,4,4,4,444,12,Champion
13501.0,243,2,1310.47,24.72584905660377,557,52,288,278.5,0,1,2,4,124,7,Needs Attention
13502.0,17,3,292.0,16.22222222222222,264,17,324,88.0,0,4,3,2,432,9,Needs Attention
13503.0,71,1,216.85,12.755882352941176,248,17,71,248.0,0,3,1,1,311,5,About to sleep
13504.0,64,1,295.93,13.451363636363636,178,22,64,178.0,0,3,1,2,312,6,About to sleep
13505.0,68,8,4282.88,18.8673127753304,2461,182,233,307.625,0,3,5,5,355,13,Loyal Customer
13506.0,312,3,452.82,15.614482758620689,321,26,370,107.0,0,1,3,2,132,6,Needs Attention
13507.0,3,4,2479.16,15.303456790123455,1597,146,146,399.25,0,5,4,5,545,14,Champion
13508.0,244,1,110.97,9.2475,24,12,244,24.0,0,1,1,1,111,3,Lost Customers
13509.0,9,7,979.72,22.26636363636364,1106,27,284,158.0,0,5,5,4,554,14,Champion
13510.0,1,5,1785.16,15.25777777777778,1382,86,184,276.4,0,5,4,4,544,13,Champion
13512.0,261,1,251.21,16.747333333333334,143,15,261,143.0,0,1,1,2,112,4,Lost Customers
13513.0,127,1,205.1,20.51,109,10,127,109.0,0,2,1,1,211,4,Lost Customers
13514.0,74,1,152.20000000000002,38.05,40,4,74,40.0,0,2,1,1,211,4,Lost Customers
13515.0,73,4,891.12,15.103728813559322,681,50,248,170.25,0,2,4,3,243,9,At Risk
13516.0,21,3,1389.41,31.5775,985,43,239,328.3333333333333,0,4,3,4,434,11,Potential Loyalist
13517.0,60,5,2109.07,14.74874125874126,1360,125,180,272.0,0,3,4,5,345,12,Loyal Customer
13518.0,86,1,659.4399999999999,17.353684210526314,392,36,86,392.0,0,2,1,3,213,6,Needs Attention
13519.0,50,2,110.8,12.311111111111112,22,8,78,11.0,0,3,2,1,321,6,About to sleep
13520.0,59,8,3487.75,36.713157894736845,1642,49,372,205.25,0,3,5,5,355,13,Loyal Customer
13521.0,1,3,1093.65,2.508371559633028,736,313,10,245.33333333333331,0,5,3,4,534,12,Potential Loyalist
13522.0,30,1,125.8,25.160000000000004,44,5,30,44.0,0,4,1,1,411,6,New Customer
13523.0,33,6,3755.38,21.21683615819209,1745,157,366,290.8333333333333,0,3,4,5,345,12,Loyal Customer
13524.0,41,5,680.1800000000001,25.19185185185185,324,17,220,64.8,0,3,4,3,343,10,Loyal Customer
13525.0,15,2,628.78,104.79666666666668,394,5,248,197.0,0,4,2,3,423,9,Potential Loyalist
13527.0,34,8,2263.76,10.106071428571427,1673,153,327,209.125,0,3,5,5,355,13,Loyal Customer
13529.0,79,2,307.76,20.517333333333333,74,15,205,37.0,0,2,2,2,222,6,Lost Customers
13531.0,205,2,483.8,21.99090909090909,174,17,366,87.0,0,1,2,3,123,6,Needs Attention
13532.0,34,1,210.31,3.1865151515151515,129,66,34,129.0,0,3,1,1,311,5,About to sleep
13533.0,183,3,270.79,3.563026315789474,204,61,268,68.0,0,1,3,2,132,6,Needs Attention
13534.0,2,43,5613.08,16.41251461988304,2876,119,358,66.88372093023256,0,5,5,5,555,15,Champion
13536.0,1,7,3448.29,19.26418994413408,2136,91,75,305.1428571428572,0,5,5,5,555,15,Champion
13538.0,43,7,1280.85,51.234,175,10,316,25.0,0,3,5,4,354,12,Loyal Customer
13539.0,86,4,605.84,15.943157894736842,314,36,309,78.5,0,2,4,3,243,9,At Risk
13544.0,40,2,291.41,3.349540229885058,127,76,241,63.5,0,3,2,2,322,7,About to sleep
13546.0,12,3,626.99,6.397857142857143,359,72,201,119.66666666666669,0,4,3,3,433,10,Potential Loyalist
13548.0,96,2,682.41,5.503306451612903,441,114,244,220.5,0,2,2,3,223,7,Needs Attention
13549.0,26,8,916.12,17.61769230769231,457,37,242,57.125,0,4,5,4,454,13,Champion
13551.0,319,1,91.8,22.950000000000003,12,4,319,12.0,0,1,1,1,111,3,Lost Customers
13552.0,66,16,3539.53,29.25231404958678,1386,82,316,86.625,0,3,5,5,355,13,Loyal Customer
13555.0,74,4,4149.28,30.50941176470588,2660,128,202,665.0,0,2,4,5,245,11,At Risk
13557.0,28,2,584.06,17.178235294117645,546,31,281,273.0,0,4,2,3,423,9,Potential Loyalist
13558.0,6,4,605.06,3.457485714285714,344,123,68,86.0,0,5,4,3,543,12,Loyal Customer
13560.0,7,1,174.37,5.283939393939394,64,32,7,64.0,0,5,1,1,511,7,New Customer
13561.0,216,1,141.86,10.132857142857144,83,14,216,83.0,0,1,1,1,111,3,Lost Customers
13562.0,82,3,1799.33,21.943048780487803,757,50,246,252.33333333333331,0,2,3,4,234,9,At Risk
13563.0,84,2,777.53,15.867959183673468,209,49,140,104.5,0,2,2,3,223,7,Needs Attention
13564.0,144,5,647.74,7.620470588235294,659,68,368,131.8,0,2,4,3,243,9,At Risk
13565.0,19,2,240.22,6.321578947368421,172,35,334,86.0,0,4,2,2,422,8,New Customer
13566.0,41,2,874.71,4.969943181818182,575,134,83,287.5,0,3,2,3,323,8,Potential Loyalist
13568.0,173,1,192.85,4.382954545454545,70,41,173,70.0,0,2,1,1,211,4,Lost Customers
13569.0,17,2,373.75,4.397058823529412,164,73,368,82.0,0,4,2,2,422,8,New Customer
13570.0,243,1,239.49,8.870000000000001,161,27,243,161.0,0,1,1,2,112,4,Lost Customers
13571.0,13,12,2092.32,6.1358357771261005,1759,157,254,146.58333333333334,0,4,5,5,455,14,Champion
13572.0,206,1,1384.25,41.946969696969695,534,32,206,534.0,0,1,1,4,114,6,Needs Attention
13573.0,50,2,294.4,11.323076923076922,303,24,253,151.5,0,3,2,2,322,7,About to sleep
13575.0,23,5,732.0699999999999,15.914565217391305,449,41,176,89.8,0,4,4,3,443,11,Loyal Customer
13576.0,10,20,6703.3,51.56384615384616,2640,78,373,132.0,0,5,5,5,555,15,Champion
13577.0,25,5,1658.3,19.50941176470588,771,61,242,154.2,0,4,4,4,444,12,Champion
13579.0,15,2,467.04,20.30608695652174,176,19,369,88.0,0,4,2,2,422,8,New Customer
13581.0,309,1,118.0,11.8,30,10,309,30.0,0,1,1,1,111,3,Lost Customers
13583.0,156,1,781.03,14.73641509433962,725,53,156,725.0,0,2,1,3,213,6,Needs Attention
13584.0,307,1,142.4,5.933333333333334,37,24,307,37.0,0,1,1,1,111,3,Lost Customers
13587.0,32,3,347.0,31.545454545454547,160,8,64,53.333333333333336,0,4,3,2,432,9,Needs Attention
13588.0,16,13,2445.12,13.584,2573,132,255,197.92307692307693,0,4,5,5,455,14,Champion
13589.0,15,2,379.65,18.07857142857143,114,21,180,57.0,0,4,2,2,422,8,New Customer
13590.0,11,7,1976.12,22.203595505617976,1846,70,303,263.7142857142857,0,5,5,4,554,14,Champion
13591.0,65,3,1117.13,19.26086206896552,485,56,267,161.66666666666666,0,3,3,4,334,10,Potential Loyalist
13592.0,36,4,247.96,15.4975,84,15,264,21.0,0,3,4,2,342,9,Loyal Customer
13593.0,108,6,1990.28,15.428527131782946,707,77,336,117.83333333333331,0,2,4,4,244,10,At Risk
13594.0,53,1,396.97,15.268076923076924,359,26,53,359.0,0,3,1,2,312,6,About to sleep
13596.0,6,2,697.04,4.199036144578313,406,133,13,203.0,0,5,2,3,523,10,Potential Loyalist
13598.0,47,2,167.42000000000002,4.083414634146342,57,33,47,28.5,0,3,2,1,321,6,About to sleep
13599.0,1,33,5030.6,19.055303030303037,3169,172,367,96.03030303030305,0,5,5,5,555,15,Champion
13600.0,312,1,219.52,11.553684210526315,324,19,312,324.0,0,1,1,1,111,3,Lost Customers
13601.0,45,2,693.32,7.003232323232324,548,90,211,274.0,0,3,2,3,323,8,Potential Loyalist
13602.0,65,1,428.89,18.647391304347824,267,23,65,267.0,0,3,1,2,312,6,About to sleep
13603.0,26,1,164.34,6.086666666666667,164,27,26,164.0,0,4,1,1,411,6,New Customer
13606.0,29,3,280.54,6.524186046511627,279,40,312,93.0,0,4,3,2,432,9,Needs Attention
13607.0,40,1,678.01,6.918469387755102,290,93,40,290.0,0,3,1,3,313,7,About to sleep
13610.0,12,9,1115.43,4.892236842105263,514,165,285,57.11111111111112,0,4,5,4,454,13,Champion
13611.0,89,4,1158.2,15.239473684210529,762,67,360,190.5,0,2,4,4,244,10,At Risk
13614.0,24,4,1610.46,8.01223880597015,570,171,331,142.5,0,4,4,4,444,12,Champion
13615.0,313,2,399.99,16.66625,183,23,319,91.5,0,1,2,2,122,5,Lost Customers
13617.0,40,3,544.18,12.367727272727272,300,31,180,100.0,0,3,3,3,333,9,Potential Loyalist
13618.0,174,1,177.34,13.64153846153846,246,13,174,246.0,0,2,1,1,211,4,Lost Customers
13621.0,117,1,213.85,11.255263157894737,343,19,117,343.0,0,2,1,1,211,4,Lost Customers
13623.0,31,7,672.44,7.819069767441861,286,78,297,40.85714285714285,0,4,5,3,453,12,Loyal Customer
13626.0,253,1,257.23,13.53842105263158,209,19,253,209.0,0,1,1,2,112,4,Lost Customers
13627.0,59,7,1624.02,17.276808510638297,1266,84,358,180.8571428571429,0,3,5,4,354,12,Loyal Customer
13629.0,23,11,7792.36,132.07389830508475,4372,28,339,397.45454545454544,0,4,5,5,455,14,Champion
13630.0,5,11,1995.68,24.946,1377,51,286,125.1818181818182,0,5,5,4,554,14,Champion
13631.0,100,12,3021.77,251.8141666666667,460,6,267,38.333333333333336,0,2,5,5,255,12,At Risk
13632.0,25,6,2117.02,14.401496598639456,1036,121,243,172.66666666666666,0,4,4,5,445,13,Champion
13634.0,33,5,1575.16,8.378510638297874,704,156,327,140.8,0,3,4,4,344,11,Loyal Customer
13635.0,68,1,1071.03,17.274677419354838,677,62,68,677.0,0,3,1,4,314,8,About to sleep
13636.0,37,6,941.62,14.7128125,586,57,285,97.66666666666669,0,3,4,4,344,11,Loyal Customer
13637.0,52,3,810.5,8.024752475247524,409,79,226,136.33333333333334,0,3,3,3,333,9,Potential Loyalist
13638.0,16,1,122.64,15.33,93,8,16,93.0,0,4,1,1,411,6,New Customer
13639.0,74,1,1033.34,25.8335,800,39,74,800.0,0,2,1,4,214,7,Needs Attention
13642.0,216,1,354.8,5.375757575757576,173,57,216,173.0,0,1,1,2,112,4,Lost Customers
13643.0,31,3,519.44,18.551428571428573,273,24,186,91.0,0,4,3,3,433,10,Potential Loyalist
13644.0,9,5,2597.52,17.55081081081081,2060,144,106,412.0,0,5,4,5,545,14,Champion
13645.0,120,1,252.1,50.42,158,5,120,158.0,0,2,1,2,212,5,Lost Customers
13647.0,10,5,1670.22,20.87775,894,65,235,178.8,0,5,4,4,544,13,Champion
13649.0,257,2,346.6,15.069565217391306,139,23,366,69.5,0,1,2,2,122,5,Lost Customers
13650.0,17,7,1809.34,18.46265306122449,918,79,268,131.14285714285714,0,4,5,4,454,13,Champion
13651.0,35,2,94.2,15.7,33,6,40,16.5,0,3,2,1,321,6,About to sleep
13652.0,46,3,1095.08,17.38222222222222,578,48,369,192.66666666666663,0,3,3,4,334,10,Potential Loyalist
13654.0,43,6,2707.33,16.30921686746988,2182,157,273,363.6666666666667,0,3,4,5,345,12,Loyal Customer
13655.0,114,2,932.97,16.66017857142857,605,52,242,302.5,0,2,2,4,224,8,Needs Attention
13656.0,165,2,379.65,7.747959183673469,490,49,337,245.0,0,2,2,2,222,6,Lost Customers
13657.0,11,2,382.14,23.88375,209,16,202,104.5,0,5,2,2,522,9,New Customer
13658.0,10,7,2421.47,21.620267857142856,1009,91,204,144.14285714285714,0,5,5,5,555,15,Champion
13659.0,197,3,1550.85,14.35972222222222,879,93,321,293.0,0,1,3,4,134,8,At Risk
13662.0,86,7,879.08,15.156551724137932,538,50,259,76.85714285714286,0,2,5,3,253,10,At Risk
13663.0,179,1,189.47,14.574615384615385,91,13,179,91.0,0,1,1,1,111,3,Lost Customers
13666.0,60,3,84.65,7.054166666666667,41,12,287,13.666666666666666,0,3,3,1,331,7,Needs Attention
13667.0,149,1,305.02,3.505977011494253,154,82,149,154.0,0,2,1,2,212,5,Lost Customers
13668.0,3,29,6216.07,12.407325349301397,3637,286,363,125.41379310344828,0,5,5,5,555,15,Champion
13669.0,51,2,218.55,24.28333333333333,237,9,150,118.5,0,3,2,1,321,6,About to sleep
13670.0,75,1,349.7,13.988,282,25,75,282.0,0,2,1,2,212,5,Lost Customers
13672.0,301,6,-71.46,-4.46625,-1,5,334,-0.1666666666666666,0,1,4,1,141,6,Needs Attention
13673.0,19,2,396.92,6.106461538461539,119,47,32,59.5,0,4,2,2,422,8,New Customer
13675.0,151,2,486.8200000000001,19.472800000000003,330,25,285,165.0,0,2,2,3,223,7,Needs Attention
13678.0,152,1,232.6,14.5375,924,16,152,924.0,0,2,1,1,211,4,Lost Customers
13680.0,1,5,2202.31,10.19587962962963,1267,164,339,253.4,0,5,4,5,545,14,Champion
13681.0,18,4,827.83,14.523333333333332,360,37,155,90.0,0,4,4,3,443,11,Loyal Customer
13682.0,187,1,59.5,19.83333333333333,10,3,187,10.0,0,1,1,1,111,3,Lost Customers
13684.0,286,2,64.23,2.071935483870968,38,29,286,19.0,0,1,2,1,121,4,Lost Customers
13685.0,3,7,3119.44,79.98564102564103,5056,29,60,722.2857142857143,0,5,5,5,555,15,Champion
13686.0,183,1,72.0,9.0,70,8,183,70.0,0,1,1,1,111,3,Lost Customers
13689.0,63,1,910.0,151.66666666666666,512,6,63,512.0,0,3,1,3,313,7,About to sleep
13690.0,59,1,172.25,19.13888888888889,67,9,59,67.0,0,3,1,1,311,5,About to sleep
13692.0,25,5,1466.87,26.67036363636364,1224,49,236,244.8,0,4,4,4,444,12,Champion
13693.0,325,2,-32.0,-8.0,-6,4,325,-3.0,0,1,2,1,121,4,Lost Customers
13694.0,4,60,62653.1,107.09931623931624,61803,369,374,1030.05,0,5,5,5,555,15,Champion
13695.0,31,15,2504.13,27.823666666666668,1603,46,260,106.86666666666666,0,4,5,5,455,14,Champion
13697.0,39,1,151.29999999999998,12.608333333333333,177,12,39,177.0,0,3,1,1,311,5,About to sleep
13699.0,155,1,308.58000000000004,22.041428571428572,66,14,155,66.0,0,2,1,2,212,5,Lost Customers
13700.0,26,10,2265.12,11.498071065989848,2304,139,327,230.4,0,4,5,5,455,14,Champion
13703.0,318,1,99.5,99.5,10,1,318,10.0,0,1,1,1,111,3,Lost Customers
13704.0,5,10,2295.31,17.002296296296297,1528,111,88,152.8,0,5,5,5,555,15,Champion
13705.0,8,3,711.86,25.423571428571428,363,25,374,121.0,0,5,3,3,533,11,Potential Loyalist
13706.0,303,1,330.79,16.5395,189,20,303,189.0,0,1,1,2,112,4,Lost Customers
13707.0,267,2,806.41,16.800208333333334,351,48,315,175.5,0,1,2,3,123,6,Needs Attention
13708.0,271,1,296.88,5.821176470588235,306,49,271,306.0,0,1,1,2,112,4,Lost Customers
13709.0,4,17,6249.110000000001,18.061011560693643,3501,244,315,205.94117647058823,0,5,5,5,555,15,Champion
13710.0,32,1,180.48,22.56,176,8,32,176.0,0,4,1,1,411,6,New Customer
13711.0,219,2,252.06,19.38923076923077,140,11,219,70.0,0,1,2,2,122,5,Lost Customers
13712.0,247,1,228.84,22.884,352,10,247,352.0,0,1,1,1,111,3,Lost Customers
13715.0,281,8,1053.94,9.758703703703704,555,89,373,69.375,0,1,5,4,154,10,At Risk
13716.0,269,1,138.28,6.584761904761905,138,21,269,138.0,0,1,1,1,111,3,Lost Customers
13717.0,32,7,1432.26,13.905436893203884,1958,92,298,279.7142857142857,0,4,5,4,454,13,Champion
13718.0,246,2,306.55,25.54583333333333,173,9,296,86.5,0,1,2,2,122,5,Lost Customers
13719.0,15,5,1041.68,17.361333333333334,609,56,234,121.8,0,4,4,4,444,12,Champion
13720.0,117,4,799.9,18.60232558139535,501,42,255,125.25,0,2,4,3,243,9,At Risk
13721.0,36,1,524.14,18.719285714285714,316,28,36,316.0,0,3,1,3,313,7,About to sleep
13722.0,120,4,2369.16,27.548372093023254,1400,75,283,350.0,0,2,4,5,245,11,At Risk
13723.0,217,1,199.85,33.30833333333334,43,6,217,43.0,0,1,1,1,111,3,Lost Customers
13725.0,50,11,1809.81,15.337372881355932,659,97,309,59.90909090909091,0,3,5,4,354,12,Loyal Customer
13726.0,39,2,1079.66,25.70619047619047,1054,39,101,527.0,0,3,2,4,324,9,Potential Loyalist
13727.0,29,2,333.48,16.674,162,19,34,81.0,0,4,2,2,422,8,New Customer
13728.0,37,6,1016.14,16.12920634920635,458,38,311,76.33333333333333,0,3,4,4,344,11,Loyal Customer
13730.0,136,2,752.6,17.50232558139535,488,38,162,244.0,0,2,2,3,223,7,Needs Attention
13731.0,219,2,610.59,16.068157894736842,278,36,247,139.0,0,1,2,3,123,6,Needs Attention
13732.0,28,1,491.86,14.904848484848486,498,33,28,498.0,0,4,1,3,413,8,Promising
13735.0,25,8,2766.18,13.298942307692307,1083,161,235,135.375,0,4,5,5,455,14,Champion
13736.0,5,3,724.0,3.731958762886598,493,167,260,164.33333333333334,0,5,3,3,533,11,Potential Loyalist
13737.0,200,1,339.6,11.32,125,29,200,125.0,0,1,1,2,112,4,Lost Customers
13739.0,18,1,216.9,72.3,54,3,18,54.0,0,4,1,1,411,6,New Customer
13740.0,241,1,350.75,15.25,425,23,241,425.0,0,1,1,2,112,4,Lost Customers
13741.0,72,4,666.33,19.038,217,34,217,54.25,0,2,4,3,243,9,At Risk
13742.0,17,14,3102.42,9.605015479876162,1116,200,320,79.71428571428571,0,4,5,5,455,14,Champion
13743.0,3,8,1340.15,31.90833333333333,1775,8,259,221.875,0,5,5,4,554,14,Champion
13744.0,95,2,1156.36,16.060555555555553,1249,54,292,624.5,0,2,2,4,224,8,Needs Attention
13745.0,151,2,291.54,11.213076923076924,486,25,162,243.0,0,2,2,2,222,6,Lost Customers
13747.0,374,1,79.6,79.6,8,1,374,8.0,0,1,1,1,111,3,Lost Customers
13748.0,96,5,948.25,33.86607142857143,439,24,374,87.8,0,2,4,4,244,10,At Risk
13750.0,54,5,1647.26,68.63583333333334,516,20,337,103.2,0,3,4,4,344,11,Loyal Customer
13751.0,288,1,296.25,32.916666666666664,152,9,288,152.0,0,1,1,2,112,4,Lost Customers
13752.0,124,6,1186.28,15.608947368421052,876,64,247,146.0,0,2,4,4,244,10,At Risk
13753.0,288,1,741.26,21.178857142857144,512,35,288,512.0,0,1,1,3,113,5,Needs Attention
13754.0,152,2,282.6,23.55,214,11,317,107.0,0,2,2,2,222,6,Lost Customers
13755.0,4,10,2154.68,6.281865889212828,1241,232,63,124.1,0,5,5,5,555,15,Champion
13756.0,2,15,5145.12,35.979860139860136,3164,66,368,210.9333333333333,0,5,5,5,555,15,Champion
13758.0,12,7,3190.55,27.26965811965812,1844,104,374,263.42857142857144,0,4,5,5,455,14,Champion
13759.0,33,2,659.4100000000001,26.376400000000004,287,24,71,143.5,0,3,2,3,323,8,Potential Loyalist
13760.0,54,2,286.79,5.03140350877193,197,50,256,98.5,0,3,2,2,322,7,About to sleep
13761.0,50,2,1070.65,15.295000000000002,642,68,180,321.0,0,3,2,4,324,9,Potential Loyalist
13763.0,63,3,1689.46,99.38,725,17,171,241.66666666666663,0,3,3,4,334,10,Potential Loyalist
13764.0,71,3,1521.76,7.3161538461538465,932,183,337,310.6666666666667,0,3,3,4,334,10,Potential Loyalist
13767.0,2,52,16945.71,42.47045112781954,7258,55,374,139.57692307692307,0,5,5,5,555,15,Champion
13769.0,2,16,2771.87,19.383706293706293,1152,73,367,72.0,0,5,5,5,555,15,Champion
13771.0,64,5,2631.7,21.93083333333333,1476,114,247,295.2,0,3,4,5,345,12,Loyal Customer
13772.0,34,3,1132.13,6.396214689265538,546,141,240,182.0,0,3,3,4,334,10,Potential Loyalist
13774.0,82,1,345.0,15.681818181818182,192,22,82,192.0,0,2,1,2,212,5,Lost Customers
13777.0,1,41,25748.35,117.57237442922376,12804,40,373,312.2926829268293,0,5,5,5,555,15,Champion
13778.0,103,1,178.7,19.855555555555554,70,9,103,70.0,0,2,1,1,211,4,Lost Customers
13780.0,7,2,360.01,6.315964912280702,318,56,171,159.0,0,5,2,2,522,9,New Customer
13781.0,251,1,127.84,7.52,30,17,251,30.0,0,1,1,1,111,3,Lost Customers
13782.0,13,6,912.0,7.930434782608696,371,96,328,61.833333333333336,0,4,4,4,444,12,Champion
13784.0,10,11,2462.79,79.44483870967741,2493,9,332,226.63636363636363,0,5,5,5,555,15,Champion
13786.0,367,1,230.4,32.91428571428571,136,7,367,136.0,0,1,1,1,111,3,Lost Customers
13787.0,76,2,309.04,9.969032258064518,337,24,364,168.5,0,2,2,2,222,6,Lost Customers
13790.0,4,1,348.8,7.751111111111111,748,45,4,748.0,0,5,1,2,512,8,New Customer
13791.0,43,3,1047.68,61.62823529411765,828,7,168,276.0,0,3,3,4,334,10,Potential Loyalist
13792.0,66,2,195.55,15.042307692307691,92,13,287,46.0,0,3,2,1,321,6,About to sleep
13798.0,1,63,36351.42,82.8050569476082,23514,115,372,373.2380952380952,0,5,5,5,555,15,Champion
13799.0,117,2,688.86,17.663076923076922,402,32,294,201.0,0,2,2,3,223,7,Needs Attention
13800.0,310,1,558.32,16.91878787878788,331,33,310,331.0,0,1,1,3,113,5,Needs Attention
13801.0,67,1,324.8,14.121739130434785,168,23,67,168.0,0,3,1,2,312,6,About to sleep
13802.0,138,6,3906.27,59.18590909090909,2281,57,361,380.1666666666667,0,2,4,5,245,11,At Risk
13803.0,255,1,277.07,16.298235294117646,121,17,255,121.0,0,1,1,2,112,4,Lost Customers
13804.0,31,7,2635.79,19.23934306569343,1498,124,290,214.0,0,4,5,5,455,14,Champion
13805.0,52,2,924.6,71.12307692307692,1900,10,129,950.0,0,3,2,4,324,9,Potential Loyalist
13806.0,64,1,256.38,25.638,56,10,64,56.0,0,3,1,2,312,6,About to sleep
13807.0,367,1,112.6,16.085714285714285,36,7,367,36.0,0,1,1,1,111,3,Lost Customers
13808.0,6,5,1747.66,22.99552631578948,782,70,97,156.4,0,5,4,4,544,13,Champion
13809.0,305,1,155.05,12.920833333333334,29,11,305,29.0,0,1,1,1,111,3,Lost Customers
13810.0,29,4,899.51,24.98638888888889,311,32,56,77.75,0,4,4,3,443,11,Loyal Customer
13811.0,184,4,591.75,42.267857142857146,67,7,239,16.75,0,1,4,3,143,8,At Risk
13812.0,42,3,539.0,14.97222222222222,333,33,105,111.0,0,3,3,3,333,9,Potential Loyalist
13813.0,40,5,1353.41,19.06211267605634,550,54,135,110.0,0,3,4,4,344,11,Loyal Customer
13814.0,56,3,1562.12,26.933103448275865,862,37,137,287.3333333333333,0,3,3,4,334,10,Potential Loyalist
13815.0,22,5,4014.91,22.683107344632766,2557,132,319,511.4,0,4,4,5,445,13,Champion
13816.0,24,4,555.04,16.819393939393937,260,27,64,65.0,0,4,4,3,443,11,Loyal Customer
13817.0,29,2,382.98,15.9575,211,20,352,105.5,0,4,2,2,422,8,New Customer
13819.0,302,3,1140.35,31.676388888888887,1109,26,320,369.6666666666667,0,1,3,4,134,8,At Risk
13821.0,145,2,385.64,6.536271186440678,153,51,262,76.5,0,2,2,2,222,6,Lost Customers
13822.0,6,2,632.0,6.583333333333333,611,90,40,305.5,0,5,2,3,523,10,Potential Loyalist
13823.0,19,2,957.66,23.9415,439,39,92,219.5,0,4,2,4,424,10,Potential Loyalist
13824.0,33,5,1698.94,36.93347826086956,768,34,310,153.6,0,3,4,4,344,11,Loyal Customer
13826.0,158,2,174.65,14.554166666666667,80,11,176,40.0,0,2,2,1,221,5,Lost Customers
13827.0,58,3,412.05,4.430645161290323,141,83,143,47.0,0,3,3,2,332,8,Needs Attention
13828.0,22,1,209.49,13.966,311,15,22,311.0,0,4,1,1,411,6,New Customer
13829.0,359,1,-102.0,-102.0,-12,1,359,-12.0,0,1,1,1,111,3,Lost Customers
13831.0,16,6,2202.99,29.77013513513513,745,58,370,124.16666666666669,0,4,4,5,445,13,Champion
13832.0,18,2,40.95,10.2375,25,3,19,12.5,0,4,2,1,421,7,New Customer
13833.0,159,1,384.8,13.26896551724138,118,28,159,118.0,0,2,1,2,212,5,Lost Customers
13835.0,25,4,834.57,15.174,442,48,215,110.5,0,4,4,3,443,11,Loyal Customer
13837.0,212,2,271.24,14.275789473684211,183,17,318,91.5,0,1,2,2,122,5,Lost Customers
13838.0,6,4,691.73,3.975459770114943,263,144,370,65.75,0,5,4,3,543,12,Loyal Customer
13841.0,253,1,85.0,85.0,100,1,253,100.0,0,1,1,1,111,3,Lost Customers
13842.0,59,9,3385.62,16.43504854368932,1768,155,367,196.44444444444449,0,3,5,5,355,13,Loyal Customer
13844.0,11,1,361.62,18.081,196,20,11,196.0,0,5,1,2,512,8,New Customer
13845.0,65,1,312.98,34.77555555555556,182,9,65,182.0,0,3,1,2,312,6,About to sleep
13846.0,25,4,847.61,14.61396551724138,383,56,360,95.75,0,4,4,3,443,11,Loyal Customer
13848.0,92,3,1255.0,251.0,3700,3,366,1233.3333333333333,0,2,3,4,234,9,At Risk
13849.0,52,2,1537.95,15.22722772277228,1016,97,171,508.0,0,3,2,4,324,9,Potential Loyalist
13850.0,88,2,1586.81,16.88095744680851,941,93,129,470.5,0,2,2,4,224,8,Needs Attention
13851.0,96,3,2651.46,32.73407407407407,1705,77,288,568.3333333333334,0,2,3,5,235,10,At Risk
13853.0,9,2,1056.94,44.03916666666667,304,23,57,152.0,0,5,2,4,524,11,Potential Loyalist
13854.0,9,29,8025.019999999999,70.39491228070175,2278,39,366,78.55172413793103,0,5,5,5,555,15,Champion
13856.0,169,5,363.4,21.376470588235293,484,10,203,96.8,0,2,4,2,242,8,Needs Attention
13858.0,57,1,216.17,19.651818181818182,75,11,57,75.0,0,3,1,1,311,5,About to sleep
13859.0,326,1,201.16,7.184285714285714,129,27,326,129.0,0,1,1,1,111,3,Lost Customers
13860.0,1,6,1240.0,16.103896103896105,589,58,87,98.16666666666669,0,5,4,4,544,13,Champion
13862.0,18,10,2187.31,15.403591549295774,1682,97,332,168.2,0,4,5,5,455,14,Champion
13863.0,245,2,299.56,13.616363636363635,219,20,248,109.5,0,1,2,2,122,5,Lost Customers
13865.0,58,4,501.56,16.718666666666667,204,26,290,51.0,0,3,4,3,343,10,Loyal Customer
13866.0,74,1,145.67000000000002,20.81,57,7,74,57.0,0,2,1,1,211,4,Lost Customers
13867.0,31,3,1015.29,16.644098360655736,513,51,218,171.0,0,4,3,4,434,11,Potential Loyalist
13868.0,7,2,3192.54,96.74363636363636,1964,32,39,982.0,0,5,2,5,525,12,Potential Loyalist
13869.0,123,4,3104.95,10.11384364820847,1721,234,357,430.25,0,2,4,5,245,11,At Risk
13870.0,2,10,2751.25,23.315677966101696,1320,91,288,132.0,0,5,5,5,555,15,Champion
13871.0,23,14,6389.8,18.90473372781065,2801,155,309,200.07142857142856,0,4,5,5,455,14,Champion
13873.0,120,4,381.7,15.904166666666669,138,21,310,34.5,0,2,4,2,242,8,Needs Attention
13874.0,358,1,540.45,30.025,180,18,358,180.0,0,1,1,3,113,5,Needs Attention
13875.0,54,5,1786.79,17.180673076923078,1316,79,301,263.2,0,3,4,4,344,11,Loyal Customer
13876.0,64,1,122.7,17.52857142857143,36,7,64,36.0,0,3,1,1,311,5,About to sleep
13877.0,86,1,117.24,39.08,108,3,86,108.0,0,2,1,1,211,4,Lost Customers
13878.0,55,1,1281.53,35.598055555555554,475,35,55,475.0,0,3,1,4,314,8,About to sleep
13880.0,21,13,3219.77,19.513757575757577,1842,125,367,141.69230769230768,0,4,5,5,455,14,Champion
13881.0,4,22,16989.52,94.38622222222224,10062,72,312,457.3636363636364,0,5,5,5,555,15,Champion
13882.0,3,6,1131.28,17.14060606060606,950,54,64,158.33333333333334,0,5,4,4,544,13,Champion
13883.0,1,9,2538.75,16.379032258064516,1368,110,326,152.0,0,5,5,5,555,15,Champion
13884.0,7,6,781.3000000000001,13.021666666666668,297,45,283,49.5,0,5,4,3,543,12,Loyal Customer
13885.0,189,2,506.8,18.1,182,28,201,91.0,0,1,2,3,123,6,Needs Attention
13886.0,71,1,243.56,15.2225,126,16,71,126.0,0,3,1,2,312,6,About to sleep
13887.0,204,1,349.55,18.397368421052636,147,19,204,147.0,0,1,1,2,112,4,Lost Customers
13888.0,120,2,605.63,15.14075,258,38,218,129.0,0,2,2,3,223,7,Needs Attention
13889.0,93,1,416.9,27.793333333333337,146,15,93,146.0,0,2,1,2,212,5,Lost Customers
13890.0,1,14,1860.86,16.323333333333334,826,74,359,59.0,0,5,5,4,554,14,Champion
13892.0,27,4,632.97,23.44333333333333,983,26,247,245.75,0,4,4,3,443,11,Loyal Customer
13893.0,298,1,821.1,39.1,190,21,298,190.0,0,1,1,3,113,5,Needs Attention
13894.0,22,5,535.97,17.865666666666666,339,25,310,67.8,0,4,4,3,443,11,Loyal Customer
13895.0,21,5,2588.12,21.74890756302521,1364,97,165,272.8,0,4,4,5,445,13,Champion
13897.0,50,1,311.16,18.303529411764707,200,17,50,200.0,0,3,1,2,312,6,About to sleep
13898.0,326,1,155.93,12.994166666666668,133,12,326,133.0,0,1,1,1,111,3,Lost Customers
13899.0,16,2,388.52,20.448421052631577,156,19,275,78.0,0,4,2,2,422,8,New Customer
13900.0,183,3,740.95,17.23139534883721,430,42,263,143.33333333333334,0,1,3,3,133,7,At Risk
13901.0,72,5,2867.2,19.242953020134227,1739,144,319,347.8,0,2,4,5,245,11,At Risk
13904.0,37,2,332.64,12.793846153846154,332,24,295,166.0,0,3,2,2,322,7,About to sleep
13908.0,80,5,2347.05,18.627380952380957,1470,104,277,294.0,0,2,4,5,245,11,At Risk
13911.0,57,9,2580.91,17.43858108108108,2731,120,308,303.44444444444446,0,3,5,5,355,13,Loyal Customer
13914.0,4,3,613.95,18.05735294117647,379,28,36,126.33333333333331,0,5,3,3,533,11,Potential Loyalist
13917.0,50,2,272.04,15.113333333333337,228,16,192,114.0,0,3,2,2,322,7,About to sleep
13918.0,50,2,1212.84,40.428,1140,30,253,570.0,0,3,2,4,324,9,Potential Loyalist
13919.0,53,3,350.16,10.61090909090909,437,24,122,145.66666666666666,0,3,3,2,332,8,Needs Attention
13922.0,352,1,172.25,24.607142857142858,93,7,352,93.0,0,1,1,1,111,3,Lost Customers
13923.0,54,1,351.13,17.5565,185,20,54,185.0,0,3,1,2,312,6,About to sleep
13924.0,2,11,1682.08,12.277956204379562,1532,91,72,139.27272727272728,0,5,5,4,554,14,Champion
13925.0,36,6,616.65,13.703333333333331,327,28,135,54.5,0,3,4,3,343,10,Loyal Customer
13926.0,23,1,223.85,20.35,104,11,23,104.0,0,4,1,1,411,6,New Customer
13927.0,75,1,348.99,16.61857142857143,214,21,75,214.0,0,2,1,2,212,5,Lost Customers
13928.0,11,4,464.57,17.206296296296298,129,23,133,32.25,0,5,4,2,542,11,Loyal Customer
13929.0,169,3,802.85,80.285,139,8,326,46.333333333333336,0,2,3,3,233,8,At Risk
13930.0,58,2,337.34,19.843529411764703,274,15,137,137.0,0,3,2,2,322,7,About to sleep
13931.0,86,3,1230.93,20.86322033898305,721,56,281,240.33333333333331,0,2,3,4,234,9,At Risk
13932.0,295,1,307.4,19.2125,72,16,295,72.0,0,1,1,2,112,4,Lost Customers
13933.0,109,2,608.7900000000001,26.469130434782613,205,23,148,102.5,0,2,2,3,223,7,Needs Attention
13934.0,264,1,922.1,29.74516129032258,390,31,264,390.0,0,1,1,4,114,6,Needs Attention
13936.0,171,2,361.28,13.38074074074074,324,26,180,162.0,0,2,2,2,222,6,Lost Customers
13937.0,169,1,158.85,17.65,123,9,169,123.0,0,2,1,1,211,4,Lost Customers
13938.0,35,1,71.66,10.237142857142857,70,7,35,70.0,0,3,1,1,311,5,About to sleep
13939.0,23,4,556.75,12.103260869565217,843,43,312,210.75,0,4,4,3,443,11,Loyal Customer
13940.0,17,4,839.14,17.12530612244898,516,39,144,129.0,0,4,4,3,443,11,Loyal Customer
13941.0,22,7,4912.41,104.51936170212764,2307,24,373,329.57142857142856,0,4,5,5,455,14,Champion
13946.0,79,3,561.5699999999999,51.05181818181818,443,11,268,147.66666666666666,0,2,3,3,233,8,At Risk
13947.0,65,1,90.6,18.12,44,5,65,44.0,0,3,1,1,311,5,About to sleep
13948.0,361,1,102.0,34.0,40,3,361,40.0,0,1,1,1,111,3,Lost Customers
13949.0,3,6,2427.32,15.170750000000002,2474,124,95,412.3333333333333,0,5,4,5,545,14,Champion
13950.0,11,5,728.56,20.237777777777776,321,33,247,64.2,0,5,4,3,543,12,Loyal Customer
13951.0,176,3,674.45,17.293589743589745,459,38,294,153.0,0,2,3,3,233,8,At Risk
13952.0,211,3,3246.091,23.52239855072464,1425,120,239,475.0,0,1,3,5,135,9,At Risk
13953.0,7,7,3515.68,175.784,2724,8,353,389.1428571428572,0,5,5,5,555,15,Champion
13954.0,2,3,378.59,12.619666666666664,141,24,71,47.0,0,5,3,2,532,10,Needs Attention
13955.0,154,2,322.96,9.786666666666664,154,33,306,77.0,0,2,2,2,222,6,Lost Customers
13956.0,5,5,1026.42,6.752763157894737,491,123,271,98.2,0,5,4,4,544,13,Champion
13958.0,372,1,-102.45,-20.49,-23,5,372,-23.0,0,1,1,1,111,3,Lost Customers
13959.0,79,3,598.2,6.502173913043479,357,79,362,119.0,0,2,3,3,233,8,At Risk
13960.0,21,2,230.22,19.185,142,11,72,71.0,0,4,2,1,421,7,New Customer
13962.0,22,2,169.55,15.413636363636364,87,11,246,43.5,0,4,2,1,421,7,New Customer
13963.0,308,4,664.54,18.986857142857144,460,35,368,115.0,0,1,4,3,143,8,At Risk
13967.0,146,1,80.7,40.35,42,2,146,42.0,0,2,1,1,211,4,Lost Customers
13969.0,7,20,8986.69,14.19698262243286,4483,334,365,224.15,0,5,5,5,555,15,Champion
13971.0,9,11,2702.2200000000003,17.102658227848103,1818,118,286,165.27272727272728,0,5,5,5,555,15,Champion
13972.0,71,2,190.25,12.683333333333334,187,15,202,93.5,0,3,2,1,321,6,About to sleep
13973.0,287,1,264.7,24.063636363636363,109,11,287,109.0,0,1,1,2,112,4,Lost Customers
13974.0,49,1,413.59,14.77107142857143,249,28,49,249.0,0,3,1,2,312,6,About to sleep
13975.0,31,7,2503.23,7.362441176470588,1725,240,277,246.42857142857144,0,4,5,5,455,14,Champion
13976.0,207,1,357.98,35.798,154,10,207,154.0,0,1,1,2,112,4,Lost Customers
13978.0,15,2,196.79,13.119333333333335,315,14,45,157.5,0,4,2,1,421,7,New Customer
13979.0,73,1,869.87,16.108703703703704,639,54,73,639.0,0,2,1,3,213,6,Needs Attention
13980.0,60,1,200.14,18.19454545454545,172,11,60,172.0,0,3,1,1,311,5,About to sleep
13982.0,39,5,1861.11,16.183565217391305,1132,72,365,226.4,0,3,4,4,344,11,Loyal Customer
13983.0,30,13,2590.46,23.129107142857144,1170,91,367,90.0,0,4,5,5,455,14,Champion
13984.0,27,6,488.03,28.70764705882353,271,14,366,45.16666666666666,0,4,4,3,443,11,Loyal Customer
13985.0,4,16,7024.53,19.899518413597733,3439,108,264,214.9375,0,5,5,5,555,15,Champion
13986.0,17,1,320.46,24.650769230769228,430,12,17,430.0,0,4,1,2,412,7,New Customer
13988.0,20,9,4098.8,17.14979079497908,3025,188,255,336.1111111111111,0,4,5,5,455,14,Champion
13989.0,66,2,1266.08,30.88,1313,33,239,656.5,0,3,2,4,324,9,Potential Loyalist
13990.0,213,1,311.3,19.45625,190,16,213,190.0,0,1,1,2,112,4,Lost Customers
13991.0,12,7,850.63,9.891046511627907,996,58,143,142.28571428571428,0,4,5,3,453,12,Loyal Customer
13992.0,30,1,76.8,15.36,64,5,30,64.0,0,4,1,1,411,6,New Customer
13993.0,32,12,3409.66,27.27728,892,66,331,74.33333333333333,0,4,5,5,455,14,Champion
13994.0,4,6,2313.14,14.923483870967742,940,122,148,156.66666666666666,0,5,4,5,545,14,Champion
13995.0,15,6,1383.49,15.902183908045975,867,55,246,144.5,0,4,4,4,444,12,Champion
13999.0,10,15,3865.26,18.23235849056604,2231,102,362,148.73333333333332,0,5,5,5,555,15,Champion
14000.0,206,2,633.71,39.606875,707,15,211,353.5,0,1,2,3,123,6,Needs Attention
14001.0,46,4,2030.33,50.75825,959,35,373,239.75,0,3,4,5,345,12,Loyal Customer
14002.0,134,2,529.73,11.270851063829788,877,47,156,438.5,0,2,2,3,223,7,Needs Attention
14004.0,43,7,4582.64,26.799064327485382,2668,102,289,381.1428571428572,0,3,5,5,355,13,Loyal Customer
14005.0,10,5,2874.72,34.22285714285714,2478,53,216,495.6,0,5,4,5,545,14,Champion
14006.0,116,3,962.19,32.073,641,22,312,213.66666666666663,0,2,3,4,234,9,At Risk
14009.0,198,3,685.9300000000001,15.589318181818184,361,42,205,120.33333333333331,0,1,3,3,133,7,At Risk
14012.0,278,1,328.8,29.89090909090909,160,11,278,160.0,0,1,1,2,112,4,Lost Customers
14013.0,110,3,473.02,13.91235294117647,462,30,276,154.0,0,2,3,3,233,8,At Risk
14014.0,77,1,505.18,12.953333333333331,1076,39,77,1076.0,0,2,1,3,213,6,Needs Attention
14015.0,53,1,917.34,45.867,378,20,53,378.0,0,3,1,4,314,8,About to sleep
14016.0,154,5,4328.46,26.718888888888888,2124,154,357,424.8,0,2,4,5,245,11,At Risk
14019.0,47,4,1398.96,20.57294117647059,1034,37,138,258.5,0,3,4,4,344,11,Loyal Customer
14020.0,17,2,642.8,16.48205128205128,441,37,88,220.5,0,4,2,3,423,9,Potential Loyalist
14021.0,155,3,631.9,28.722727272727276,192,22,256,64.0,0,2,3,3,233,8,At Risk
14022.0,225,1,440.0,15.714285714285714,487,28,225,487.0,0,1,1,2,112,4,Lost Customers
14023.0,7,2,584.07,18.840967741935486,345,30,250,172.5,0,5,2,3,523,10,Potential Loyalist
14024.0,122,2,327.7,20.48125,150,16,124,75.0,0,2,2,2,222,6,Lost Customers
14027.0,61,1,104.82,17.47,62,6,61,62.0,0,3,1,1,311,5,About to sleep
14029.0,63,2,467.66,31.177333333333333,198,15,144,99.0,0,3,2,2,322,7,About to sleep
14030.0,18,8,2360.09,9.712304526748971,1479,210,366,184.875,0,4,5,5,455,14,Champion
14031.0,7,23,14634.64,56.72341085271319,5370,121,372,233.4782608695652,0,5,5,5,555,15,Champion
14032.0,2,18,2929.84,19.275263157894734,2008,53,367,111.55555555555556,0,5,5,5,555,15,Champion
14034.0,22,4,512.02,5.565434782608696,315,82,157,78.75,0,4,4,3,443,11,Loyal Customer
14035.0,29,5,1428.02,21.636666666666667,739,41,298,147.8,0,4,4,4,444,12,Champion
14036.0,285,1,626.65,16.49078947368421,268,38,285,268.0,0,1,1,3,113,5,Needs Attention
14037.0,176,2,147.20000000000002,5.257142857142858,46,27,365,23.0,0,2,2,1,221,5,Lost Customers
14038.0,78,4,1554.48,16.71483870967742,963,64,207,240.75,0,2,4,4,244,10,At Risk
14039.0,33,1,152.2,25.366666666666664,92,6,33,92.0,0,3,1,1,311,5,About to sleep
14040.0,41,15,3542.19,14.697883817427384,1524,147,331,101.6,0,3,5,5,355,13,Loyal Customer
14041.0,266,1,141.41,6.733809523809524,94,21,266,94.0,0,1,1,1,111,3,Lost Customers
14044.0,27,4,652.82,3.1235406698564594,308,165,310,77.0,0,4,4,3,443,11,Loyal Customer
14045.0,109,4,1659.75,276.625,535,4,374,133.75,0,2,4,4,244,10,At Risk
14046.0,284,1,154.99,11.070714285714288,460,14,284,460.0,0,1,1,1,111,3,Lost Customers
14047.0,9,7,1290.01,37.94147058823529,377,22,373,53.85714285714285,0,5,5,4,554,14,Champion
14048.0,277,2,375.13,4.262840909090909,274,84,305,137.0,0,1,2,2,122,5,Lost Customers
14049.0,17,6,5639.15,11.166633663366335,3846,352,318,641.0,0,4,4,5,445,13,Champion
14050.0,32,2,746.36,13.821481481481484,689,49,106,344.5,0,4,2,3,423,9,Potential Loyalist
14051.0,1,26,15477.34,71.98762790697674,3741,52,367,143.8846153846154,0,5,5,5,555,15,Champion
14052.0,20,1,225.36,4.024285714285715,89,56,20,89.0,0,4,1,1,411,6,New Customer
14053.0,124,2,260.25,65.0625,215,2,160,107.5,0,2,2,2,222,6,Lost Customers
14054.0,65,1,92.46,15.409999999999998,62,6,65,62.0,0,3,1,1,311,5,About to sleep
14055.0,106,1,725.6400000000001,72.56400000000001,216,10,106,216.0,0,2,1,3,213,6,Needs Attention
14056.0,1,29,8124.4,7.2024822695035455,4232,321,284,145.93103448275863,0,5,5,5,555,15,Champion
14057.0,24,18,6147.4,21.12508591065292,4708,179,361,261.55555555555554,0,4,5,5,455,14,Champion
14059.0,267,1,183.6,22.95,128,8,267,128.0,0,1,1,1,111,3,Lost Customers
14060.0,5,20,6135.38,30.22354679802956,5374,86,373,268.7,0,5,5,5,555,15,Champion
14062.0,10,12,10464.85,94.27792792792792,5593,60,364,466.0833333333333,0,5,5,5,555,15,Champion
14064.0,29,7,1188.32,14.49170731707317,1350,59,274,192.8571428571429,0,4,5,4,454,13,Champion
14066.0,267,1,152.55,21.792857142857144,45,7,267,45.0,0,1,1,1,111,3,Lost Customers
14067.0,64,2,374.7,7.2057692307692305,361,51,97,180.5,0,3,2,2,322,7,About to sleep
14068.0,320,1,265.85,11.077083333333334,73,22,320,73.0,0,1,1,2,112,4,Lost Customers
14071.0,4,9,1307.41,3.926156156156156,900,271,265,100.0,0,5,5,4,554,14,Champion
14073.0,21,2,139.54,9.967142857142855,128,13,32,64.0,0,4,2,1,421,7,New Customer
14075.0,5,3,942.26,21.913023255813957,754,33,261,251.33333333333331,0,5,3,4,534,12,Potential Loyalist
14076.0,129,1,122.47,2.662391304347826,81,43,129,81.0,0,2,1,1,211,4,Lost Customers
14077.0,41,5,499.42,11.89095238095238,268,33,274,53.6,0,3,4,3,343,10,Loyal Customer
14078.0,102,6,1049.37,16.144153846153845,310,46,373,51.66666666666666,0,2,4,4,244,10,At Risk
14079.0,125,1,375.1,31.258333333333336,301,12,125,301.0,0,2,1,2,212,5,Lost Customers
14080.0,33,1,45.6,11.4,48,4,33,48.0,0,3,1,1,311,5,About to sleep
14081.0,267,4,904.67,5.799166666666666,593,126,369,148.25,0,1,4,3,143,8,At Risk
14082.0,365,1,182.25,6.2844827586206895,110,28,365,110.0,0,1,1,1,111,3,Lost Customers
14083.0,4,9,1018.43,5.626685082872928,732,162,372,81.33333333333333,0,5,5,4,554,14,Champion
14085.0,2,19,4435.79,9.835454545454546,3183,272,369,167.52631578947367,0,5,5,5,555,15,Champion
14087.0,3,2,181.67,2.595285714285714,250,62,3,125.0,0,5,2,1,521,8,New Customer
14088.0,10,14,50415.49,85.44998305084745,12593,379,322,899.5,0,5,5,5,555,15,Champion
14089.0,57,1,161.0,11.5,134,13,57,134.0,0,3,1,1,311,5,About to sleep
14090.0,325,1,76.32000000000001,76.32000000000001,72,1,325,72.0,0,1,1,1,111,3,Lost Customers
14092.0,8,17,4063.1,18.723963133640552,2061,117,373,121.23529411764706,0,5,5,5,555,15,Champion
14093.0,12,1,442.85,4.217619047619048,406,95,12,406.0,0,4,1,2,412,7,New Customer
14096.0,4,34,57120.91,11.139023010920436,16335,1121,102,480.4411764705882,0,5,5,5,555,15,Champion
14098.0,37,1,147.35,7.016666666666667,104,21,37,104.0,0,3,1,1,311,5,About to sleep
14099.0,16,12,3092.9700000000003,12.273690476190476,2177,167,355,181.41666666666663,0,4,5,5,455,14,Champion
14100.0,138,1,194.9,7.496153846153846,64,24,138,64.0,0,2,1,1,211,4,Lost Customers
14101.0,74,6,5976.79,170.76542857142857,6942,15,326,1157.0,0,2,4,5,245,11,At Risk
14102.0,5,8,1314.73,15.65154761904762,938,35,45,117.25,0,5,5,4,554,14,Champion
14104.0,155,2,216.21,10.295714285714284,72,21,166,36.0,0,2,2,1,221,5,Lost Customers
14105.0,85,2,1260.33,16.58328947368421,798,74,239,399.0,0,2,2,4,224,8,Needs Attention
14107.0,52,8,2688.48,21.681290322580644,1788,61,364,223.5,0,3,5,5,355,13,Loyal Customer
14108.0,31,3,594.16,16.976,380,33,102,126.66666666666669,0,4,3,3,433,10,Potential Loyalist
14109.0,23,2,80.2,5.728571428571429,56,9,73,28.0,0,4,2,1,421,7,New Customer
14110.0,4,13,5669.65,36.1124203821656,2455,94,267,188.84615384615384,0,5,5,5,555,15,Champion
14111.0,14,5,688.6,62.6,457,10,242,91.4,0,4,4,3,443,11,Loyal Customer
14112.0,23,12,2774.17,16.035664739884393,1608,117,276,134.0,0,4,5,5,455,14,Champion
14113.0,4,8,1377.92,34.448,635,26,355,79.375,0,5,5,4,554,14,Champion
14114.0,274,2,386.53,25.768666666666665,101,15,331,50.5,0,1,2,2,122,5,Lost Customers
14116.0,20,5,1382.74,19.204722222222223,707,61,122,141.4,0,4,4,4,444,12,Champion
14117.0,144,1,90.0,30.0,72,3,144,72.0,0,2,1,1,211,4,Lost Customers
14119.0,354,1,-19.9,-19.9,-2,1,354,-2.0,0,1,1,1,111,3,Lost Customers
14121.0,4,6,2740.3,17.020496894409938,2078,148,60,346.3333333333333,0,5,4,5,545,14,Champion
14124.0,84,1,419.58,83.91600000000001,1618,4,84,1618.0,0,2,1,2,212,5,Lost Customers
14125.0,11,3,2740.43,16.409760479041914,1640,159,78,546.6666666666666,0,5,3,5,535,13,Potential Loyalist
14126.0,8,4,643.6300000000001,40.22687500000001,458,14,11,114.5,0,5,4,3,543,12,Loyal Customer
14127.0,123,3,709.71,16.129772727272726,321,39,311,107.0,0,2,3,3,233,8,At Risk
14128.0,61,2,637.5,13.858695652173912,564,40,256,282.0,0,3,2,3,323,8,Potential Loyalist
14129.0,2,5,1123.86,21.61269230769231,592,31,261,118.4,0,5,4,4,544,13,Champion
14130.0,319,1,483.86,7.221791044776119,258,66,319,258.0,0,1,1,3,113,5,Needs Attention
14132.0,2,12,3580.13,17.811592039800995,3366,100,184,280.5,0,5,5,5,555,15,Champion
14133.0,130,5,590.3399999999999,19.678,342,26,316,68.4,0,2,4,3,243,9,At Risk
14135.0,2,15,4690.31,35.00231343283583,3850,95,373,256.6666666666667,0,5,5,5,555,15,Champion
14138.0,2,2,982.38,20.901702127659576,610,40,64,305.0,0,5,2,4,524,11,Potential Loyalist
14139.0,46,1,415.82,15.993076923076924,510,26,46,510.0,0,3,1,2,312,6,About to sleep
14140.0,4,3,920.05,13.732089552238806,809,60,32,269.6666666666667,0,5,3,4,534,12,Potential Loyalist
14141.0,3,6,879.0300000000001,19.10934782608696,337,28,105,56.16666666666666,0,5,4,3,543,12,Loyal Customer
14142.0,373,1,311.81,14.17318181818182,313,22,373,313.0,0,1,1,2,112,4,Lost Customers
14143.0,134,1,115.8,16.54285714285714,30,7,134,30.0,0,2,1,1,211,4,Lost Customers
14145.0,47,5,3148.2,262.35,636,6,217,127.2,0,3,4,5,345,12,Loyal Customer
14146.0,9,6,2949.57,12.039061224489796,1886,183,357,314.3333333333333,0,5,4,5,545,14,Champion
14147.0,49,3,468.4,78.06666666666666,96,4,286,32.0,0,3,3,2,332,8,Needs Attention
14148.0,234,1,157.2,52.4,16,3,234,16.0,0,1,1,1,111,3,Lost Customers
14149.0,213,3,259.43,6.48575,129,28,221,43.0,0,1,3,2,132,6,Needs Attention
14150.0,36,2,658.64,25.33230769230769,496,23,360,248.0,0,3,2,3,323,8,Potential Loyalist
14152.0,75,3,611.09,12.2218,699,47,234,233.0,0,2,3,3,233,8,At Risk
14154.0,239,2,1345.62,25.87730769230769,465,52,239,232.5,0,1,2,4,124,7,Needs Attention
14155.0,266,1,118.75,19.791666666666668,25,6,266,25.0,0,1,1,1,111,3,Lost Customers
14156.0,10,66,113384.14,79.84798591549296,57025,716,372,864.0151515151515,0,5,5,5,555,15,Champion
14157.0,20,3,400.43,8.17204081632653,273,45,285,91.0,0,4,3,2,432,9,Needs Attention
14158.0,40,1,507.66,12.381951219512196,781,41,40,781.0,0,3,1,3,313,7,About to sleep
14159.0,20,14,4678.3,3.8599834983498353,4395,501,363,313.92857142857144,0,4,5,5,455,14,Champion
14161.0,216,3,1110.52,10.282592592592591,455,87,369,151.66666666666666,0,1,3,4,134,8,At Risk
14162.0,174,2,289.36,11.5744,142,25,293,71.0,0,2,2,2,222,6,Lost Customers
14163.0,87,4,2445.91,47.036730769230765,893,36,239,223.25,0,2,4,5,245,11,At Risk
14164.0,71,2,1631.77,56.26793103448276,1033,28,81,516.5,0,3,2,4,324,9,Potential Loyalist
14165.0,276,1,122.54,4.901599999999999,54,23,276,54.0,0,1,1,1,111,3,Lost Customers
14167.0,39,4,574.84,11.054615384615383,150,27,331,37.5,0,3,4,3,343,10,Loyal Customer
14171.0,98,1,363.79,6.272241379310345,167,57,98,167.0,0,2,1,2,212,5,Lost Customers
14173.0,11,4,450.84,15.546206896551723,150,28,219,37.5,0,5,4,2,542,11,Loyal Customer
14174.0,33,1,134.46,5.171538461538462,94,26,33,94.0,0,3,1,1,311,5,About to sleep
14175.0,51,7,3108.06,18.95158536585366,1461,139,330,208.7142857142857,0,3,5,5,355,13,Loyal Customer
14176.0,297,5,574.0,17.9375,207,28,368,41.4,0,1,4,3,143,8,At Risk
14177.0,85,5,554.46,12.894418604651165,204,37,180,40.8,0,2,4,3,243,9,At Risk
14178.0,9,7,1620.93,4.9569724770642205,1505,191,182,215.0,0,5,5,4,554,14,Champion
14179.0,41,2,719.78,4.36230303030303,330,135,52,165.0,0,3,2,3,323,8,Potential Loyalist
14180.0,11,31,4640.77,18.71278225806452,710,112,372,22.90322580645161,0,5,5,5,555,15,Champion
14184.0,67,1,452.89,18.870416666666667,127,24,67,127.0,0,3,1,2,312,6,About to sleep
14185.0,331,1,197.65,65.88333333333334,6,3,331,6.0,0,1,1,1,111,3,Lost Customers
14188.0,9,10,2018.91,28.435352112676057,1145,34,310,114.5,0,5,5,5,555,15,Champion
14189.0,2,24,4604.31,16.622057761732854,3919,176,369,163.29166666666666,0,5,5,5,555,15,Champion
14191.0,2,14,4660.01,17.718669201520914,3657,146,221,261.2142857142857,0,5,5,5,555,15,Champion
14193.0,68,2,853.39,20.318809523809524,445,35,270,222.5,0,3,2,3,323,8,Potential Loyalist
14194.0,5,32,11216.75,18.570778145695364,5783,269,308,180.71875,0,5,5,5,555,15,Champion
14195.0,202,3,962.7,120.3375,702,7,252,234.0,0,1,3,4,134,8,At Risk
14196.0,107,1,335.52,55.92,142,6,107,142.0,0,2,1,2,212,5,Lost Customers
14198.0,4,7,663.5,15.079545454545457,280,35,239,40.0,0,5,5,3,553,13,Loyal Customer
14199.0,218,1,185.4,92.7,28,2,218,28.0,0,1,1,1,111,3,Lost Customers
14201.0,60,9,688.04,17.64205128205128,578,32,359,64.22222222222223,0,3,5,3,353,11,Loyal Customer
14204.0,2,1,161.03,3.659772727272727,82,36,2,82.0,0,5,1,1,511,7,New Customer
14205.0,11,4,218.78,5.60974358974359,99,35,365,24.75,0,5,4,1,541,10,Loyal Customer
14206.0,239,2,308.26,14.67904761904762,274,21,361,137.0,0,1,2,2,122,5,Lost Customers
14208.0,95,1,151.74,15.174,114,10,95,114.0,0,2,1,1,211,4,Lost Customers
14209.0,11,7,2067.13,23.49011363636364,688,55,332,98.28571428571428,0,5,5,5,555,15,Champion
14210.0,91,7,1900.89,18.4552427184466,759,66,372,108.42857142857144,0,2,5,4,254,11,At Risk
14211.0,53,13,2208.3,18.71440677966102,1232,87,295,94.76923076923076,0,3,5,5,355,13,Loyal Customer
14212.0,90,1,1070.48,118.94222222222224,1152,9,90,1152.0,0,2,1,4,214,7,Needs Attention
14213.0,372,1,-1192.2,-238.44,-244,5,372,-244.0,0,1,1,1,111,3,Lost Customers
14214.0,31,7,1000.23,14.289,748,64,278,106.85714285714286,0,4,5,4,454,13,Champion
14215.0,12,7,1777.92,16.31119266055046,1354,98,368,193.42857142857144,0,4,5,4,454,13,Champion
14216.0,3,4,1839.3,31.17457627118644,594,47,38,148.5,0,5,4,4,544,13,Champion
14217.0,2,24,1925.36,17.994018691588785,677,78,366,28.20833333333333,0,5,5,4,554,14,Champion
14218.0,43,1,169.48000000000002,14.123333333333337,160,12,43,160.0,0,3,1,1,311,5,About to sleep
14219.0,4,1,89.94,12.848571428571429,78,7,4,78.0,0,5,1,1,511,7,New Customer
14220.0,247,2,632.4,30.114285714285717,272,21,358,136.0,0,1,2,3,123,6,Needs Attention
14221.0,42,10,3427.85,17.669329896907215,2190,123,339,219.0,0,3,5,5,355,13,Loyal Customer
14222.0,177,1,683.17,16.662682926829266,607,41,177,607.0,0,2,1,3,213,6,Needs Attention
14223.0,92,4,975.23,15.987377049180328,583,50,264,145.75,0,2,4,4,244,10,At Risk
14224.0,110,4,1050.12,8.899322033898304,514,105,320,128.5,0,2,4,4,244,10,At Risk
14226.0,29,7,2201.64,30.15945205479452,1301,64,269,185.8571428571429,0,4,5,5,455,14,Champion
14227.0,26,15,3315.71,18.11863387978142,1811,117,285,120.73333333333332,0,4,5,5,455,14,Champion
14229.0,52,5,1450.6,33.73488372093023,590,29,334,118.0,0,3,4,4,344,11,Loyal Customer
14231.0,179,5,822.0600000000001,15.223333333333334,402,47,289,80.4,0,1,4,3,143,8,At Risk
14232.0,32,8,2043.93,17.321440677966102,1937,81,265,242.125,0,4,5,5,455,14,Champion
14233.0,44,5,1447.51,40.20861111111111,671,30,318,134.2,0,3,4,4,344,11,Loyal Customer
14234.0,22,4,775.46,4.877106918238994,963,122,57,240.75,0,4,4,3,443,11,Loyal Customer
14235.0,10,6,3093.86,38.67325,1947,65,260,324.5,0,5,4,5,545,14,Champion
14236.0,81,2,490.86,32.724000000000004,310,15,372,155.0,0,2,2,3,223,7,Needs Attention
14237.0,373,1,161.0,17.88888888888889,38,9,373,38.0,0,1,1,1,111,3,Lost Customers
14238.0,326,1,146.85,18.35625,111,8,326,111.0,0,1,1,1,111,3,Lost Customers
14239.0,43,13,2323.5,20.030172413793103,986,83,316,75.84615384615384,0,3,5,5,355,13,Loyal Customer
14240.0,30,2,890.34,21.19857142857143,418,37,226,209.0,0,4,2,3,423,9,Potential Loyalist
14241.0,184,1,213.7,21.37,146,10,184,146.0,0,1,1,1,111,3,Lost Customers
14242.0,235,2,280.55,17.534375,123,13,326,61.5,0,1,2,2,122,5,Lost Customers
14243.0,9,14,2535.88,17.134324324324325,1204,99,366,86.0,0,5,5,5,555,15,Champion
14245.0,176,5,1677.48,14.9775,971,107,264,194.2,0,2,4,4,244,10,At Risk
14246.0,111,3,1474.06,19.65413333333333,804,57,246,268.0,0,2,3,4,234,9,At Risk
14247.0,278,1,136.76999999999998,6.838499999999999,47,19,278,47.0,0,1,1,1,111,3,Lost Customers
14248.0,318,1,302.58,37.8225,102,8,318,102.0,0,1,1,2,112,4,Lost Customers
14250.0,7,3,1904.05,17.153603603603603,1200,94,89,400.0,0,5,3,4,534,12,Potential Loyalist
14251.0,2,5,2879.7000000000003,36.91923076923077,1674,37,58,334.8,0,5,4,5,545,14,Champion
14256.0,254,3,935.06,17.315925925925928,410,51,365,136.66666666666666,0,1,3,4,134,8,At Risk
14257.0,51,6,3087.27,28.85299065420561,1677,89,319,279.5,0,3,4,5,345,12,Loyal Customer
14258.0,9,10,12650.08,112.94714285714284,7098,58,338,709.8,0,5,5,5,555,15,Champion
14259.0,142,1,120.0,24.0,68,5,142,68.0,0,2,1,1,211,4,Lost Customers
14261.0,51,2,1163.45,22.37403846153846,406,52,79,203.0,0,3,2,4,324,9,Potential Loyalist
14262.0,8,8,2618.23,18.3093006993007,1645,87,241,205.625,0,5,5,5,555,15,Champion
14264.0,155,3,319.47,16.81421052631579,66,17,372,22.0,0,2,3,2,232,7,Needs Attention
14265.0,109,2,530.18,17.10258064516129,330,31,149,165.0,0,2,2,3,223,7,Needs Attention
14267.0,151,7,1279.09,19.380151515151518,461,25,261,65.85714285714286,0,2,5,4,254,11,At Risk
14270.0,332,1,492.65,16.98793103448276,197,29,332,197.0,0,1,1,3,113,5,Needs Attention
14271.0,226,1,112.32,11.232,88,10,226,88.0,0,1,1,1,111,3,Lost Customers
14272.0,74,2,437.96,13.271515151515151,599,33,254,299.5,0,2,2,2,222,6,Lost Customers
14273.0,51,4,559.97,19.309310344827587,264,22,242,66.0,0,3,4,3,343,10,Loyal Customer
14276.0,88,5,1019.39,13.591866666666666,723,52,290,144.6,0,2,4,4,244,10,At Risk
14277.0,15,4,3957.0,17.355263157894736,1624,195,212,406.0,0,4,4,5,445,13,Champion
14280.0,197,1,134.04,16.755,52,8,197,52.0,0,1,1,1,111,3,Lost Customers
14282.0,3,15,3729.34,23.906025641025643,2668,70,368,177.86666666666667,0,5,5,5,555,15,Champion
14284.0,31,3,578.45,17.01323529411765,157,24,86,52.333333333333336,0,4,3,3,433,10,Potential Loyalist
14285.0,21,4,1910.01,70.74111111111111,541,18,177,135.25,0,4,4,4,444,12,Champion
14286.0,24,5,4595.81,16.12564912280702,4306,220,243,861.2,0,4,4,5,445,13,Champion
14287.0,8,4,151.23000000000002,13.74818181818182,236,10,199,59.0,0,5,4,1,541,10,Loyal Customer
14288.0,212,2,413.85,24.344117647058823,187,16,213,93.5,0,1,2,2,122,5,Lost Customers
14289.0,9,6,911.26,19.388510638297877,292,33,290,48.66666666666666,0,5,4,3,543,12,Loyal Customer
14290.0,11,6,2307.4500000000003,22.40242718446602,913,90,362,152.16666666666666,0,5,4,5,545,14,Champion
14291.0,2,12,3873.3,16.27436974789916,2748,145,275,229.0,0,5,5,5,555,15,Champion
14292.0,8,14,4819.33,44.62342592592592,1643,67,326,117.35714285714286,0,5,5,5,555,15,Champion
14293.0,3,4,1046.56,17.15672131147541,709,51,369,177.25,0,5,4,4,544,13,Champion
14295.0,40,2,154.70000000000002,22.1,82,7,333,41.0,0,3,2,1,321,6,About to sleep
14297.0,18,6,1284.06,20.0634375,861,49,275,143.5,0,4,4,4,444,12,Champion
14298.0,3,45,50862.44,31.01368292682927,58021,884,360,1289.3555555555556,0,5,5,5,555,15,Champion
14299.0,8,18,2855.35,17.625617283950618,2013,94,366,111.83333333333331,0,5,5,5,555,15,Champion
14300.0,19,1,43.2,14.4,32,3,19,32.0,0,4,1,1,411,6,New Customer
14301.0,108,2,632.04,39.5025,600,13,117,300.0,0,2,2,3,223,7,Needs Attention
14304.0,223,2,197.1,7.3,54,25,301,27.0,0,1,2,1,121,4,Lost Customers
14305.0,71,5,1803.76,16.39781818181818,1069,96,135,213.8,0,3,4,4,344,11,Loyal Customer
14306.0,51,3,2083.42,59.52628571428571,1073,33,86,357.6666666666667,0,3,3,5,335,11,Potential Loyalist
14307.0,89,6,2995.72,16.642888888888887,2058,150,374,343.0,0,2,4,5,245,11,At Risk
14309.0,8,10,2319.68,18.85918699186992,1619,75,358,161.9,0,5,5,5,555,15,Champion
14311.0,225,2,229.71,8.507777777777777,125,20,243,62.5,0,1,2,1,121,4,Lost Customers
14312.0,47,6,1611.59,18.524022988505745,1012,74,337,168.66666666666666,0,3,4,4,344,11,Loyal Customer
14314.0,107,1,120.0,15.0,296,8,107,296.0,0,2,1,1,211,4,Lost Customers
14315.0,21,7,2456.98,23.62480769230769,1010,64,266,144.28571428571428,0,4,5,5,455,14,Champion
14317.0,65,1,508.58,21.19083333333333,255,24,65,255.0,0,3,1,3,313,7,About to sleep
14320.0,207,3,343.11,8.169285714285715,239,29,333,79.66666666666667,0,1,3,2,132,6,Needs Attention
14321.0,11,5,1530.75,12.445121951219512,2406,111,334,481.2,0,5,4,4,544,13,Champion
14323.0,115,4,574.26,14.006341463414634,340,32,239,85.0,0,2,4,3,243,9,At Risk
14326.0,235,2,166.85,18.538888888888888,99,8,242,49.5,0,1,2,1,121,4,Lost Customers
14327.0,163,1,311.65,25.97083333333333,139,12,163,139.0,0,2,1,2,212,5,Lost Customers
14329.0,9,14,4928.74,18.322453531598512,3075,218,329,219.64285714285717,0,5,5,5,555,15,Champion
14331.0,124,2,462.66,16.523571428571426,252,27,135,126.0,0,2,2,2,222,6,Lost Customers
14332.0,23,3,866.31,33.31961538461538,481,22,148,160.33333333333334,0,4,3,3,433,10,Potential Loyalist
14333.0,64,2,351.45,18.49736842105263,52,15,68,26.0,0,3,2,2,322,7,About to sleep
14334.0,17,9,2539.46,15.579509202453988,1730,98,358,192.22222222222223,0,4,5,5,455,14,Champion
14335.0,16,2,468.26,7.432698412698413,379,55,96,189.5,0,4,2,2,422,8,New Customer
14336.0,17,4,1614.91,17.943444444444445,1759,77,276,439.75,0,4,4,4,444,12,Champion
14338.0,158,4,554.22,16.300588235294118,329,30,196,82.25,0,2,4,3,243,9,At Risk
14339.0,235,4,289.91,16.106111111111108,150,15,243,37.5,0,1,4,2,142,7,Needs Attention
14340.0,219,1,134.7,22.45,58,6,219,58.0,0,1,1,1,111,3,Lost Customers
14341.0,45,9,2166.38,16.664461538461538,1401,109,318,155.66666666666666,0,3,5,5,355,13,Loyal Customer
14342.0,21,6,607.71,25.321250000000003,337,19,210,56.16666666666666,0,4,4,3,443,11,Loyal Customer
14344.0,127,8,889.9300000000001,12.534225352112676,477,56,369,59.625,0,2,5,3,253,10,At Risk
14345.0,39,1,108.98,18.16333333333333,50,6,39,50.0,0,3,1,1,311,5,About to sleep
14346.0,121,2,1021.58,17.026333333333334,605,55,297,302.5,0,2,2,4,224,8,Needs Attention
14348.0,260,1,409.57,22.753888888888888,183,18,260,183.0,0,1,1,2,112,4,Lost Customers
14349.0,10,1,133.5,4.306451612903226,86,31,10,86.0,0,5,1,1,511,7,New Customer
14350.0,271,2,258.7,12.319047619047618,166,19,274,83.0,0,1,2,2,122,5,Lost Customers
14351.0,165,1,51.0,51.0,12,1,165,12.0,0,2,1,1,211,4,Lost Customers
14352.0,157,4,1078.96,22.95659574468085,538,44,273,134.5,0,2,4,4,244,10,At Risk
14353.0,215,1,90.6,15.1,64,6,215,64.0,0,1,1,1,111,3,Lost Customers
14354.0,6,2,163.62,18.18,210,9,30,105.0,0,5,2,1,521,8,New Customer
14355.0,366,1,174.4,15.854545454545455,92,11,366,92.0,0,1,1,1,111,3,Lost Customers
14356.0,60,4,666.9399999999999,17.551052631578944,266,36,81,66.5,0,3,4,3,343,10,Loyal Customer
14357.0,43,1,225.77,5.506585365853659,148,39,43,148.0,0,3,1,1,311,5,About to sleep
14359.0,19,6,882.58,15.21689655172414,363,44,88,60.5,0,4,4,3,443,11,Loyal Customer
14360.0,32,4,2128.23,18.03584745762712,1151,104,95,287.75,0,4,4,5,445,13,Champion
14362.0,22,1,161.2,3.9317073170731702,100,37,22,100.0,0,4,1,1,411,6,New Customer
14364.0,109,8,3717.35,53.87463768115942,1967,61,211,245.875,0,2,5,5,255,12,At Risk
14367.0,8,19,9167.82,17.200412757973734,4410,270,276,232.10526315789477,0,5,5,5,555,15,Champion
14368.0,320,1,155.0,19.375,36,8,320,36.0,0,1,1,1,111,3,Lost Customers
14371.0,295,1,100.5,25.125,34,4,295,34.0,0,1,1,1,111,3,Lost Customers
14373.0,358,1,76.55,19.1375,17,4,358,17.0,0,1,1,1,111,3,Lost Customers
14375.0,185,1,257.68,3.4357333333333333,194,57,185,194.0,0,1,1,2,112,4,Lost Customers
14377.0,191,2,617.05,56.095454545454544,219,11,262,109.5,0,1,2,3,123,6,Needs Attention
14379.0,44,2,348.1,7.567391304347827,292,39,295,146.0,0,3,2,2,322,7,About to sleep
14381.0,52,1,202.68,3.619285714285714,146,56,52,146.0,0,3,1,1,311,5,About to sleep
14382.0,26,1,626.0699999999999,4.779160305343511,1237,121,26,1237.0,0,4,1,3,413,8,Promising
14383.0,38,3,1247.69,21.14728813559322,817,49,164,272.3333333333333,0,3,3,4,334,10,Potential Loyalist
14385.0,9,3,202.11,14.436428571428571,159,13,24,53.0,0,5,3,1,531,9,Needs Attention
14386.0,297,1,142.4,20.342857142857145,54,7,297,54.0,0,1,1,1,111,3,Lost Customers
14387.0,33,3,1770.56,12.646857142857142,819,125,109,273.0,0,3,3,4,334,10,Potential Loyalist
14388.0,9,10,3172.04,16.607539267015706,1933,124,373,193.3,0,5,5,5,555,15,Champion
14389.0,9,5,999.72,16.12451612903226,702,34,319,140.4,0,5,4,4,544,13,Champion
14390.0,10,13,4592.47,15.781683848797252,2125,135,373,163.46153846153845,0,5,5,5,555,15,Champion
14393.0,218,1,67.95,13.59,13,5,218,13.0,0,1,1,1,111,3,Lost Customers
14395.0,2,12,3471.91,9.83543909348442,1689,181,372,140.75,0,5,5,5,555,15,Champion
14396.0,65,2,487.99,6.684794520547945,225,71,371,112.5,0,3,2,3,323,8,Potential Loyalist
14397.0,1,23,2556.68,26.912421052631576,1852,18,214,80.52173913043478,0,5,5,5,555,15,Champion
14400.0,141,2,559.7,21.52692307692308,450,25,149,225.0,0,2,2,3,223,7,Needs Attention
14401.0,4,14,4039.98,22.07639344262295,4505,113,360,321.7857142857143,0,5,5,5,555,15,Champion
14403.0,130,5,1426.31,54.85807692307692,513,17,247,102.6,0,2,4,4,244,10,At Risk
14404.0,34,7,1434.72,13.795384615384616,831,70,369,118.71428571428572,0,3,5,4,354,12,Loyal Customer
14406.0,119,1,156.75,19.59375,77,8,119,77.0,0,2,1,1,211,4,Lost Customers
14407.0,107,9,2111.08,27.777368421052632,1412,67,277,156.88888888888889,0,2,5,5,255,12,At Risk
14408.0,11,7,2606.53,24.360093457943925,1616,60,264,230.8571428571429,0,5,5,5,555,15,Champion
14409.0,71,7,1908.25,34.695454545454545,1158,40,368,165.42857142857142,0,3,5,4,354,12,Loyal Customer
14410.0,16,15,576.3,2.0080139372822297,293,197,306,19.53333333333333,0,4,5,3,453,12,Loyal Customer
14411.0,311,1,1063.0,75.92857142857143,196,14,311,196.0,0,1,1,4,114,6,Needs Attention
14412.0,35,3,761.3299999999999,16.918444444444443,784,43,73,261.3333333333333,0,3,3,3,333,9,Potential Loyalist
14413.0,362,1,122.7,5.334782608695653,68,22,362,68.0,0,1,1,1,111,3,Lost Customers
14414.0,92,8,1485.13,15.15438775510204,2509,79,359,313.625,0,2,5,4,254,11,At Risk
14415.0,1,18,5811.56,9.496013071895426,2973,284,360,165.16666666666666,0,5,5,5,555,15,Champion
14416.0,22,2,490.22,35.01571428571429,326,13,42,163.0,0,4,2,3,423,9,Potential Loyalist
14418.0,4,3,1937.25,15.622983870967742,1711,114,108,570.3333333333334,0,5,3,4,534,12,Potential Loyalist
14419.0,11,6,1058.06,5.13621359223301,487,112,365,81.16666666666667,0,5,4,4,544,13,Champion
14420.0,85,2,385.87,12.862333333333334,333,29,99,166.5,0,2,2,2,222,6,Lost Customers
14421.0,57,2,813.11,30.115185185185187,365,25,212,182.5,0,3,2,3,323,8,Potential Loyalist
14422.0,1,6,4263.64,19.205585585585588,2906,189,267,484.3333333333333,0,5,4,5,545,14,Champion
14423.0,218,1,265.2,88.39999999999999,120,3,218,120.0,0,1,1,2,112,4,Lost Customers
14424.0,18,1,322.08,322.08,48,1,18,48.0,0,4,1,2,412,7,New Customer
14426.0,19,16,3918.9,14.84431818181818,2339,187,360,146.1875,0,4,5,5,455,14,Champion
14427.0,50,2,363.34,21.37294117647059,228,16,64,114.0,0,3,2,2,322,7,About to sleep
14428.0,7,7,1230.14,8.311756756756758,428,108,325,61.142857142857146,0,5,5,4,554,14,Champion
14431.0,299,2,397.76,18.08,122,17,303,61.0,0,1,2,2,122,5,Lost Customers
14432.0,10,6,2255.51,5.904476439790576,2070,256,89,345.0,0,5,4,5,545,14,Champion
14434.0,22,6,1372.8,114.4,368,3,72,61.333333333333336,0,4,4,4,444,12,Champion
14436.0,99,1,89.06,9.895555555555555,129,9,99,129.0,0,2,1,1,211,4,Lost Customers
14437.0,143,2,-43.400000000000006,-7.233333333333334,59,6,366,29.5,0,2,2,1,221,5,Lost Customers
14438.0,306,1,131.9,14.655555555555557,82,9,306,82.0,0,1,1,1,111,3,Lost Customers
14439.0,320,1,2661.24,83.16375,526,32,320,526.0,0,1,1,5,115,7,Needs Attention
14440.0,8,5,2357.6800000000003,42.8669090909091,588,33,366,117.6,0,5,4,5,545,14,Champion
14441.0,1,10,1545.14,26.188813559322035,430,45,365,43.0,0,5,5,4,554,14,Champion
14442.0,2,5,1544.62,22.715,475,59,317,95.0,0,5,4,4,544,13,Champion
14443.0,54,7,1400.88,14.29469387755102,931,86,372,133.0,0,3,5,4,354,12,Loyal Customer
14446.0,1,4,1039.58,3.548054607508532,933,233,247,233.25,0,5,4,4,544,13,Champion
14447.0,19,5,1163.23,16.617571428571427,571,54,281,114.2,0,4,4,4,444,12,Champion
14448.0,9,2,375.35,18.7675,104,20,364,52.0,0,5,2,2,522,9,New Customer
14449.0,19,4,907.1,3.5158914728682173,757,201,372,189.25,0,4,4,3,443,11,Loyal Customer
14450.0,181,3,483.25,12.08125,241,32,321,80.33333333333333,0,1,3,3,133,7,At Risk
14451.0,60,2,662.59,6.078807339449542,389,86,195,194.5,0,3,2,3,323,8,Potential Loyalist
14452.0,11,2,264.44,4.26516129032258,119,55,94,59.5,0,5,2,2,522,9,New Customer
14453.0,190,1,119.93,5.451363636363637,49,22,190,49.0,0,1,1,1,111,3,Lost Customers
14456.0,5,14,3047.63,3.1193756397134087,2901,580,142,207.2142857142857,0,5,5,5,555,15,Champion
14457.0,311,1,113.64,28.41,88,4,311,88.0,0,1,1,1,111,3,Lost Customers
14459.0,155,1,1837.92,49.67351351351351,760,37,155,760.0,0,2,1,4,214,7,Needs Attention
14460.0,110,4,383.34,22.54941176470588,869,14,311,217.25,0,2,4,2,242,8,Needs Attention
14461.0,148,3,2103.06,11.683666666666666,766,173,262,255.33333333333331,0,2,3,5,235,10,At Risk
14462.0,64,15,1965.9,7.991463414634147,932,151,340,62.13333333333333,0,3,5,4,354,12,Loyal Customer
14463.0,98,3,529.62,88.27,179,6,205,59.66666666666666,0,2,3,3,233,8,At Risk
14465.0,247,3,1058.62,8.14323076923077,405,107,303,135.0,0,1,3,4,134,8,At Risk
14466.0,29,7,2272.4,31.561111111111117,1006,35,372,143.71428571428572,0,4,5,5,455,14,Champion
14467.0,18,4,598.76,6.652888888888889,278,67,313,69.5,0,4,4,3,443,11,Loyal Customer
14470.0,12,2,461.19,10.725348837209305,193,43,288,96.5,0,4,2,2,422,8,New Customer
14472.0,104,8,1936.84,6.892669039145908,1160,153,355,145.0,0,2,5,4,254,11,At Risk
14473.0,74,2,234.34000000000003,33.47714285714286,88,7,282,44.0,0,2,2,1,221,5,Lost Customers
14474.0,43,2,537.71,17.92366666666667,139,29,46,69.5,0,3,2,3,323,8,Potential Loyalist
14475.0,72,6,799.82,17.017446808510638,428,36,305,71.33333333333333,0,2,4,3,243,9,At Risk
14476.0,257,1,215.7,11.352631578947369,132,17,257,132.0,0,1,1,1,111,3,Lost Customers
14477.0,20,5,1307.81,118.89181818181818,719,7,297,143.8,0,4,4,4,444,12,Champion
14479.0,254,2,316.25,17.569444444444443,117,18,365,58.5,0,1,2,2,122,5,Lost Customers
14480.0,11,1,279.05,21.46538461538461,143,13,11,143.0,0,5,1,2,512,8,New Customer
14481.0,165,2,636.51,21.217,489,25,287,244.5,0,2,2,3,223,7,Needs Attention
14482.0,18,6,2068.15,14.362152777777778,1646,110,239,274.3333333333333,0,4,4,5,445,13,Champion
14483.0,150,2,129.2,12.919999999999998,95,10,282,47.5,0,2,2,1,221,5,Lost Customers
14484.0,50,1,321.92,22.99428571428572,210,14,50,210.0,0,3,1,2,312,6,About to sleep
14485.0,39,1,165.75,3.526595744680851,71,44,39,71.0,0,3,1,1,311,5,About to sleep
14487.0,27,7,1183.58,8.162620689655173,734,112,368,104.85714285714286,0,4,5,4,454,13,Champion
14488.0,51,2,1047.43,21.376122448979597,793,46,68,396.5,0,3,2,4,324,9,Potential Loyalist
14489.0,207,1,463.38,15.446,299,30,207,299.0,0,1,1,2,112,4,Lost Customers
14491.0,175,2,340.93,20.05470588235294,139,17,373,69.5,0,2,2,2,222,6,Lost Customers
14493.0,7,7,2362.84,19.21008130081301,1279,95,155,182.7142857142857,0,5,5,5,555,15,Champion
14494.0,26,1,139.56,19.937142857142856,92,7,26,92.0,0,4,1,1,411,6,New Customer
14495.0,51,2,123.8,20.633333333333333,62,6,121,31.0,0,3,2,1,321,6,About to sleep
14496.0,312,2,538.8100000000001,28.35842105263158,159,16,373,79.5,0,1,2,3,123,6,Needs Attention
14497.0,301,2,457.47,14.757096774193547,233,29,309,116.5,0,1,2,2,122,5,Lost Customers
14498.0,43,5,1957.32,10.141554404145078,1098,162,362,219.6,0,3,4,4,344,11,Loyal Customer
14499.0,26,3,815.32,4.202680412371135,501,146,279,167.0,0,4,3,3,433,10,Potential Loyalist
14500.0,88,3,356.85,50.97857142857144,117,6,190,39.0,0,2,3,2,232,7,Needs Attention
14501.0,64,3,190.31,15.859166666666669,119,9,320,39.66666666666666,0,3,3,1,331,7,Needs Attention
14502.0,20,14,2351.02,3.725863708399366,1483,369,313,105.92857142857144,0,4,5,5,455,14,Champion
14503.0,3,6,3543.26,21.605243902439025,2004,113,179,334.0,0,5,4,5,545,14,Champion
14504.0,47,4,673.26,6.2921495327102805,308,85,278,77.0,0,3,4,3,343,10,Loyal Customer
14505.0,17,11,5818.7,7.246201743462017,2743,542,362,249.3636363636364,0,4,5,5,455,14,Champion
14506.0,17,5,2012.17,6.367626582278481,730,204,369,146.0,0,4,4,5,445,13,Champion
14507.0,24,7,1368.18,13.961020408163266,588,79,276,84.0,0,4,5,4,454,13,Champion
14508.0,22,2,276.42,4.849473684210526,131,52,90,65.5,0,4,2,2,422,8,New Customer
14511.0,11,6,1267.41,17.850845070422533,772,53,134,128.66666666666666,0,5,4,4,544,13,Champion
14512.0,188,2,275.28,11.968695652173912,122,19,232,61.0,0,1,2,2,122,5,Lost Customers
14513.0,101,4,438.49,24.36055555555556,355,11,289,88.75,0,2,4,2,242,8,Needs Attention
14514.0,61,3,1055.35,14.456849315068492,589,65,331,196.33333333333331,0,3,3,4,334,10,Potential Loyalist
14515.0,18,6,2102.09,20.81277227722773,1134,68,219,189.0,0,4,4,5,445,13,Champion
14517.0,33,2,330.45,18.35833333333333,91,17,142,45.5,0,3,2,2,322,7,About to sleep
14518.0,64,1,174.37,10.898125,278,16,64,278.0,0,3,1,1,311,5,About to sleep
14520.0,2,2,270.6,67.65,146,3,291,73.0,0,5,2,2,522,9,New Customer
14522.0,24,4,974.54,57.32588235294117,525,15,198,131.25,0,4,4,4,444,12,Champion
14523.0,108,1,241.09,20.09083333333333,251,12,108,251.0,0,2,1,2,212,5,Lost Customers
14524.0,32,9,1867.68,9.20039408866995,676,161,361,75.11111111111111,0,4,5,4,454,13,Champion
14525.0,9,13,4221.37,14.165671140939596,2662,218,361,204.7692307692308,0,5,5,5,555,15,Champion
14527.0,3,86,7711.38,7.627477744807122,2049,331,374,23.82558139534884,0,5,5,5,555,15,Champion
14528.0,37,1,364.22,20.23444444444444,278,18,37,278.0,0,3,1,2,312,6,About to sleep
14529.0,60,3,620.04,2.707598253275109,348,177,110,116.0,0,3,3,3,333,9,Potential Loyalist
14530.0,26,6,2925.91,13.54587962962963,1410,140,297,235.0,0,4,4,5,445,13,Champion
14532.0,236,4,932.85,14.57578125,284,45,352,71.0,0,1,4,4,144,9,At Risk
14533.0,25,9,1812.62,27.88646153846154,2777,53,353,308.55555555555554,0,4,5,4,454,13,Champion
14534.0,3,25,4075.35,7.303494623655914,1925,334,319,77.0,0,5,5,5,555,15,Champion
14535.0,59,4,2841.09,8.531801801801802,1825,280,249,456.25,0,3,4,5,345,12,Loyal Customer
14536.0,260,1,171.8,9.042105263157897,40,18,260,40.0,0,1,1,1,111,3,Lost Customers
14537.0,58,1,355.56,35.556,120,10,58,120.0,0,3,1,2,312,6,About to sleep
14538.0,65,2,388.25,20.43421052631579,155,19,256,77.5,0,3,2,2,322,7,About to sleep
14539.0,16,2,537.48,16.79625,428,31,45,214.0,0,4,2,3,423,9,Potential Loyalist
14540.0,10,3,996.26,13.108684210526317,421,64,309,140.33333333333334,0,5,3,4,534,12,Potential Loyalist
14541.0,59,8,1461.65,13.16801801801802,647,71,319,80.875,0,3,5,4,354,12,Loyal Customer
14542.0,186,1,103.25,20.65,19,5,186,19.0,0,1,1,1,111,3,Lost Customers
14543.0,4,21,2916.17,27.25392523364486,600,43,365,28.571428571428573,0,5,5,5,555,15,Champion
14544.0,24,2,2024.45,17.758333333333333,1543,97,362,771.5,0,4,2,5,425,11,Potential Loyalist
14546.0,4,9,2487.02,5.964076738609113,1287,255,249,143.0,0,5,5,5,555,15,Champion
14547.0,4,9,3986.74,10.863051771117169,2658,198,54,295.3333333333333,0,5,5,5,555,15,Champion
14548.0,151,2,652.8,163.2,256,2,318,128.0,0,2,2,3,223,7,Needs Attention
14549.0,311,1,289.24,5.165,136,56,311,136.0,0,1,1,2,112,4,Lost Customers
14550.0,11,2,765.62,15.950416666666667,394,38,45,197.0,0,5,2,3,523,10,Potential Loyalist
14551.0,18,2,186.23,18.623,106,9,204,53.0,0,4,2,1,421,7,New Customer
14552.0,152,1,165.07,2.8460344827586206,91,57,152,91.0,0,2,1,1,211,4,Lost Customers
14553.0,19,5,859.27,7.604159292035398,493,103,339,98.6,0,4,4,3,443,11,Loyal Customer
14554.0,10,4,2381.04,11.023333333333332,1478,147,52,369.5,0,5,4,5,545,14,Champion
14555.0,57,2,324.14,15.435238095238097,130,18,302,65.0,0,3,2,2,322,7,About to sleep
14560.0,7,24,2174.18,28.60763157894737,1223,39,358,50.958333333333336,0,5,5,5,555,15,Champion
14561.0,76,3,1080.76,15.6631884057971,1014,67,184,338.0,0,2,3,4,234,9,At Risk
14562.0,4,22,4709.22,10.558789237668162,1670,189,304,75.9090909090909,0,5,5,5,555,15,Champion
14565.0,96,6,3073.77,23.82767441860465,1532,111,361,255.33333333333331,0,2,4,5,245,11,At Risk
14566.0,111,1,1432.0,358.0,800,4,111,800.0,0,2,1,4,214,7,Needs Attention
14567.0,35,3,1524.46,44.83705882352941,410,33,130,136.66666666666666,0,3,3,4,334,10,Potential Loyalist
14569.0,1,1,227.39,18.949166666666667,79,10,1,79.0,0,5,1,1,511,7,New Customer
14570.0,281,2,218.06,7.519310344827586,95,29,281,47.5,0,1,2,1,121,4,Lost Customers
14572.0,3,10,2803.69,10.26992673992674,1425,191,324,142.5,0,5,5,5,555,15,Champion
14573.0,180,13,1603.72,6.654439834024896,538,127,372,41.38461538461539,0,1,5,4,154,10,At Risk
14576.0,372,1,35.400000000000006,35.400000000000006,12,1,372,12.0,0,1,1,1,111,3,Lost Customers
14577.0,13,4,859.71,6.989512195121952,353,86,363,88.25,0,4,4,3,443,11,Loyal Customer
14578.0,3,1,168.63,7.02625,240,24,3,240.0,0,5,1,1,511,7,New Customer
14581.0,17,1,138.6,8.152941176470588,217,16,17,217.0,0,4,1,1,411,6,New Customer
14582.0,41,1,114.11,19.01833333333333,73,6,41,73.0,0,3,1,1,311,5,About to sleep
14583.0,6,5,1052.55,3.1895454545454545,792,243,206,158.4,0,5,4,4,544,13,Champion
14584.0,169,5,1029.26,10.190693069306931,379,68,198,75.8,0,2,4,4,244,10,At Risk
14585.0,50,1,157.05,5.415517241379311,91,29,50,91.0,0,3,1,1,311,5,About to sleep
14586.0,227,3,134.16,4.9688888888888885,236,19,277,78.66666666666667,0,1,3,1,131,5,Needs Attention
14587.0,19,10,1598.24,4.162083333333333,759,170,331,75.9,0,4,5,4,454,13,Champion
14589.0,372,1,39.75,13.25,5,3,372,5.0,0,1,1,1,111,3,Lost Customers
14591.0,15,4,1447.14,7.345888324873097,1297,138,213,324.25,0,4,4,4,444,12,Champion
14592.0,35,3,570.46,3.4784146341463416,415,132,64,138.33333333333334,0,3,3,3,333,9,Potential Loyalist
14593.0,22,3,617.99,4.065723684210527,332,127,199,110.66666666666669,0,4,3,3,433,10,Potential Loyalist
14594.0,7,2,379.83,7.166603773584906,185,48,373,92.5,0,5,2,2,522,9,New Customer
14595.0,20,6,1740.6,17.06470588235294,978,94,313,163.0,0,4,4,4,444,12,Champion
14597.0,11,2,883.15,16.05727272727273,577,45,192,288.5,0,5,2,3,523,10,Potential Loyalist
14598.0,44,1,221.97,4.4394,189,49,44,189.0,0,3,1,1,311,5,About to sleep
14600.0,306,1,393.33,15.733200000000002,125,25,306,125.0,0,1,1,2,112,4,Lost Customers
14601.0,11,1,213.96,30.56571428571429,168,7,11,168.0,0,5,1,1,511,7,New Customer
14603.0,275,1,660.0,330.0,400,2,275,400.0,0,1,1,3,113,5,Needs Attention
14606.0,1,128,11713.85,4.210585909417685,5978,832,373,46.703125,0,5,5,5,555,15,Champion
14607.0,16,17,11341.1,99.48333333333332,7998,38,261,470.4705882352941,0,4,5,5,455,14,Champion
14608.0,4,4,1785.15,89.25750000000001,437,8,362,109.25,0,5,4,4,544,13,Champion
14609.0,72,4,601.56,150.39,7026,2,297,1756.5,0,2,4,3,243,9,At Risk
14616.0,243,3,406.08,135.36,104,2,318,34.666666666666664,0,1,3,2,132,6,Needs Attention
14618.0,9,4,538.59,31.681764705882355,261,11,366,65.25,0,5,4,3,543,12,Loyal Customer
14619.0,239,2,379.51,17.250454545454545,145,20,246,72.5,0,1,2,2,122,5,Lost Customers
14620.0,204,3,393.28,13.109333333333334,188,26,284,62.66666666666666,0,1,3,2,132,6,Needs Attention
14621.0,1,6,1765.76,18.39333333333333,987,80,358,164.5,0,5,4,4,544,13,Champion
14622.0,185,1,320.58000000000004,15.265714285714289,146,21,185,146.0,0,1,1,2,112,4,Lost Customers
14623.0,32,6,869.35,6.439629629629629,417,108,235,69.5,0,4,4,3,443,11,Loyal Customer
14624.0,57,2,225.85,17.373076923076923,162,13,59,81.0,0,3,2,1,321,6,About to sleep
14625.0,185,5,848.48,14.88561403508772,330,52,372,66.0,0,1,4,3,143,8,At Risk
14626.0,9,7,2757.07,21.881507936507937,1387,108,233,198.14285714285717,0,5,5,5,555,15,Champion
14627.0,312,1,-21.85,-4.37,-5,5,312,-5.0,0,1,1,1,111,3,Lost Customers
14628.0,91,2,671.96,27.99833333333333,272,22,242,136.0,0,2,2,3,223,7,Needs Attention
14629.0,4,3,939.21,6.138627450980392,376,133,47,125.33333333333331,0,5,3,4,534,12,Potential Loyalist
14631.0,51,3,1006.98,24.56048780487805,622,38,299,207.33333333333331,0,3,3,4,334,10,Potential Loyalist
14632.0,263,1,114.56,14.32,96,8,263,96.0,0,1,1,1,111,3,Lost Customers
14633.0,266,1,344.90000000000003,17.245,96,20,266,96.0,0,1,1,2,112,4,Lost Customers
14636.0,36,2,609.85,21.780357142857145,241,27,269,120.5,0,3,2,3,323,8,Potential Loyalist
14638.0,51,1,443.6,27.725,166,16,51,166.0,0,3,1,2,312,6,About to sleep
14639.0,52,8,2952.34,16.870514285714286,1428,138,361,178.5,0,3,5,5,355,13,Loyal Customer
14640.0,16,8,2042.15,18.072123893805312,829,87,228,103.625,0,4,5,5,455,14,Champion
14641.0,22,1,110.46,15.78,90,7,22,90.0,0,4,1,1,411,6,New Customer
14642.0,59,1,96.12,48.06,76,2,59,76.0,0,3,1,1,311,5,About to sleep
14643.0,170,3,668.61,19.665,755,30,358,251.66666666666663,0,2,3,3,233,8,At Risk
14644.0,9,4,780.46,26.91241379310345,252,26,298,63.0,0,5,4,3,543,12,Loyal Customer
14645.0,157,2,597.09,19.903,381,28,276,190.5,0,2,2,3,223,7,Needs Attention
14646.0,2,77,279489.02,134.04749160671463,196719,703,355,2554.792207792208,0,5,5,5,555,15,Champion
14647.0,201,1,243.22,8.107333333333333,95,24,201,95.0,0,1,1,2,112,4,Lost Customers
14649.0,5,4,1417.29,7.122060301507537,1018,148,212,254.5,0,5,4,4,544,13,Champion
14651.0,67,2,654.6,6.41764705882353,344,95,211,172.0,0,3,2,3,323,8,Potential Loyalist
14652.0,77,1,114.18,3.937241379310345,53,29,77,53.0,0,2,1,1,211,4,Lost Customers
14653.0,1,7,1947.55,8.217510548523206,950,154,338,135.71428571428572,0,5,5,4,554,14,Champion
14655.0,4,5,1930.15,38.603,1088,35,222,217.6,0,5,4,4,544,13,Champion
14656.0,169,2,291.05,3.638125,120,73,283,60.0,0,2,2,2,222,6,Lost Customers
14657.0,18,5,838.27,6.600551181102362,465,103,326,93.0,0,4,4,3,443,11,Loyal Customer
14658.0,5,2,247.15,8.522413793103448,47,27,117,23.5,0,5,2,2,522,9,New Customer
14659.0,9,12,2456.53,9.484671814671817,1183,147,316,98.58333333333331,0,5,5,5,555,15,Champion
14660.0,87,2,285.74,9.524666666666668,228,24,101,114.0,0,2,2,2,222,6,Lost Customers
14661.0,27,1,107.95,26.9875,35,4,27,35.0,0,4,1,1,411,6,New Customer
14662.0,29,4,771.17,4.590297619047619,602,143,316,150.5,0,4,4,3,443,11,Loyal Customer
14664.0,20,2,637.89,6.443333333333333,466,78,33,233.0,0,4,2,3,423,9,Potential Loyalist
14665.0,61,7,1258.38,10.755384615384616,500,63,311,71.42857142857143,0,3,5,4,354,12,Loyal Customer
14666.0,24,1,195.25,13.946428571428571,161,14,24,161.0,0,4,1,1,411,6,New Customer
14667.0,11,27,9231.2,16.02638888888889,5382,354,368,199.33333333333331,0,5,5,5,555,15,Champion
14669.0,242,3,1269.99,7.470529411764706,775,158,333,258.3333333333333,0,1,3,4,134,8,At Risk
14670.0,280,2,411.53,3.1176515151515147,337,107,280,168.5,0,1,2,2,122,5,Lost Customers
14672.0,235,2,765.55,12.55,454,58,336,227.0,0,1,2,3,123,6,Needs Attention
14673.0,3,5,1736.4,23.464864864864865,1004,39,368,200.8,0,5,4,4,544,13,Champion
14675.0,16,1,604.75,5.928921568627451,341,93,16,341.0,0,4,1,3,413,8,Promising
14676.0,31,8,2543.24,57.80090909090909,2498,30,301,312.25,0,4,5,5,455,14,Champion
14679.0,372,1,-2.55,-2.55,-1,1,372,-1.0,0,1,1,1,111,3,Lost Customers
14680.0,25,23,26932.34,84.1635625,12474,83,372,542.3478260869565,0,4,5,5,455,14,Champion
14681.0,71,3,498.95,71.27857142857142,76,6,212,25.33333333333333,0,3,3,3,333,9,Potential Loyalist
14682.0,188,2,52.0,26.0,80,1,201,40.0,0,1,2,1,121,4,Lost Customers
14684.0,26,5,1236.28,2.9365320665083137,853,231,363,170.6,0,4,4,4,444,12,Champion
14687.0,107,1,628.38,41.892,470,15,107,470.0,0,2,1,3,213,6,Needs Attention
14688.0,8,27,5107.38,14.226685236768802,3222,148,374,119.33333333333331,0,5,5,5,555,15,Champion
14689.0,209,1,112.8,8.676923076923076,76,13,209,76.0,0,1,1,1,111,3,Lost Customers
14690.0,44,3,358.61,6.640925925925926,163,42,152,54.333333333333336,0,3,3,2,332,8,Needs Attention
14691.0,31,5,2114.33,29.779295774647885,707,50,213,141.4,0,4,4,5,445,13,Champion
14692.0,137,5,582.05,8.435507246376812,255,53,322,51.0,0,2,4,3,243,9,At Risk
14693.0,265,1,172.9,21.6125,34,8,265,34.0,0,1,1,1,111,3,Lost Customers
14696.0,4,9,2070.97,15.571203007518797,1626,117,373,180.66666666666663,0,5,5,5,555,15,Champion
14697.0,218,2,188.61,8.573181818181817,181,22,218,90.5,0,1,2,1,121,4,Lost Customers
14698.0,2,5,1250.76,5.956,615,148,51,123.0,0,5,4,4,544,13,Champion
14699.0,214,1,109.13,13.64125,77,8,214,77.0,0,1,1,1,111,3,Lost Customers
14700.0,32,3,2235.3,19.437391304347827,1342,80,238,447.3333333333333,0,4,3,5,435,12,Potential Loyalist
14701.0,11,12,2486.2200000000003,7.103485714285715,909,273,317,75.75,0,5,5,5,555,15,Champion
14702.0,1,18,3250.64,9.340919540229883,1444,196,365,80.22222222222223,0,5,5,5,555,15,Champion
14703.0,15,1,318.17,14.462272727272728,183,22,15,183.0,0,4,1,2,412,7,New Customer
14704.0,11,9,1546.91,3.727493975903615,1082,288,180,120.22222222222224,0,5,5,4,554,14,Champion
14705.0,199,1,179.0,179.0,100,1,199,100.0,0,1,1,1,111,3,Lost Customers
14708.0,3,4,1096.67,37.816206896551726,615,25,369,153.75,0,5,4,4,544,13,Champion
14709.0,15,14,4911.14,24.929644670050763,2482,71,358,177.28571428571428,0,4,5,5,455,14,Champion
14710.0,14,4,606.13,4.360647482014389,378,124,59,94.5,0,4,4,3,443,11,Loyal Customer
14711.0,10,12,2838.2,7.905849582172701,966,221,262,80.5,0,5,5,5,555,15,Champion
14712.0,29,3,917.07,36.6828,315,21,112,105.0,0,4,3,4,434,11,Potential Loyalist
14713.0,9,12,2664.26,7.81307917888563,1613,146,365,134.41666666666666,0,5,5,5,555,15,Champion
14714.0,24,1,160.19,16.019,229,10,24,229.0,0,4,1,1,411,6,New Customer
14715.0,25,4,867.38,12.21661971830986,521,60,331,130.25,0,4,4,3,443,11,Loyal Customer
14716.0,43,2,329.68,5.9941818181818185,604,46,149,302.0,0,3,2,2,322,7,About to sleep
14719.0,2,6,1592.18,6.689831932773109,1031,177,249,171.83333333333334,0,5,4,4,544,13,Champion
14720.0,6,3,663.81,17.94081081081081,219,34,127,73.0,0,5,3,3,533,11,Potential Loyalist
14722.0,147,1,187.92,6.48,120,28,147,120.0,0,2,1,1,211,4,Lost Customers
14723.0,10,6,1158.3,4.166546762589928,695,193,371,115.83333333333331,0,5,4,4,544,13,Champion
14725.0,25,1,718.08,13.80923076923077,593,45,25,593.0,0,4,1,3,413,8,Promising
14727.0,274,1,268.58,26.858,62,10,274,62.0,0,1,1,2,112,4,Lost Customers
14729.0,374,1,313.49,4.415352112676056,197,69,374,197.0,0,1,1,2,112,4,Lost Customers
14730.0,1,8,2005.06,4.0021157684630735,1132,317,277,141.5,0,5,5,4,554,14,Champion
14731.0,47,3,380.02,8.444888888888888,256,38,212,85.33333333333333,0,3,3,2,332,8,Needs Attention
14732.0,8,10,2686.34,18.029127516778523,1402,105,339,140.2,0,5,5,5,555,15,Champion
14733.0,9,15,9451.54,43.75712962962963,3725,102,368,248.33333333333331,0,5,5,5,555,15,Champion
14735.0,4,34,5807.6900000000005,28.33019512195122,2160,99,358,63.52941176470589,0,5,5,5,555,15,Champion
14737.0,4,3,1164.55,68.50294117647059,345,15,353,115.0,0,5,3,4,534,12,Potential Loyalist
14738.0,39,9,1289.94,23.03464285714286,576,39,316,64.0,0,3,5,4,354,12,Loyal Customer
14739.0,2,8,3899.1,63.91967213114754,3817,47,367,477.125,0,5,5,5,555,15,Champion
14740.0,191,4,1423.21,15.303333333333336,729,85,284,182.25,0,1,4,4,144,9,At Risk
14741.0,12,6,1400.34,23.73457627118644,841,35,373,140.16666666666666,0,4,4,4,444,12,Champion
14744.0,16,9,1088.53,38.87607142857143,625,21,367,69.44444444444444,0,4,5,4,454,13,Champion
14745.0,113,6,1167.16,16.673714285714286,1020,46,285,170.0,0,2,4,4,244,10,At Risk
14747.0,248,2,294.3,15.489473684210529,82,18,249,41.0,0,1,2,2,122,5,Lost Customers
14748.0,29,6,1311.79,14.25858695652174,1192,90,369,198.66666666666663,0,4,4,4,444,12,Champion
14752.0,44,1,389.64,77.928,260,5,44,260.0,0,3,1,2,312,6,About to sleep
14753.0,87,1,563.15,18.771666666666665,211,30,87,211.0,0,2,1,3,213,6,Needs Attention
14754.0,45,2,638.05,15.562195121951218,486,38,296,243.0,0,3,2,3,323,8,Potential Loyalist
14755.0,10,12,4965.38,20.950970464135025,2217,128,334,184.75,0,5,5,5,555,15,Champion
14756.0,15,1,738.96,19.446315789473687,416,38,15,416.0,0,4,1,3,413,8,Promising
14757.0,75,1,420.5,22.13157894736842,160,19,75,160.0,0,2,1,2,212,5,Lost Customers
14758.0,145,4,1484.06,20.90225352112676,419,54,260,104.75,0,2,4,4,244,10,At Risk
14759.0,5,3,1625.97,15.940882352941175,569,92,233,189.66666666666663,0,5,3,4,534,12,Potential Loyalist
14760.0,294,2,53.8,7.685714285714285,28,5,297,14.0,0,1,2,1,121,4,Lost Customers
14761.0,59,2,255.9,23.263636363636365,118,11,335,59.0,0,3,2,2,322,7,About to sleep
14762.0,264,1,300.52,14.310476190476187,341,21,264,341.0,0,1,1,2,112,4,Lost Customers
14764.0,44,2,250.55,35.792857142857144,175,6,47,87.5,0,3,2,2,322,7,About to sleep
14765.0,29,3,254.11,6.515641025641026,135,38,176,45.0,0,4,3,2,432,9,Needs Attention
14766.0,8,8,2423.07,17.686642335766425,1323,111,373,165.375,0,5,5,5,555,15,Champion
14768.0,17,3,139.5,23.25,34,4,127,11.333333333333334,0,4,3,1,431,8,Needs Attention
14769.0,3,10,10641.6,9.727239488117002,7406,718,358,740.6,0,5,5,5,555,15,Champion
14770.0,232,2,876.42,16.854230769230767,490,49,323,245.0,0,1,2,3,123,6,Needs Attention
14772.0,112,1,139.26,15.473333333333333,82,9,112,82.0,0,2,1,1,211,4,Lost Customers
14775.0,58,3,1011.9,16.865,1174,57,372,391.3333333333333,0,3,3,4,334,10,Potential Loyalist
14776.0,51,13,2195.58,16.384925373134326,2688,44,312,206.7692307692308,0,3,5,5,355,13,Loyal Customer
14777.0,4,2,-17.45,-5.816666666666666,-9,2,358,-4.5,0,5,2,1,521,8,New Customer
14778.0,127,2,730.86,20.881714285714285,306,34,309,153.0,0,2,2,3,223,7,Needs Attention
14779.0,281,3,386.15,9.418292682926827,84,40,324,28.0,0,1,3,2,132,6,Needs Attention
14780.0,55,2,447.68,16.58074074074074,310,26,79,155.0,0,3,2,2,322,7,About to sleep
14782.0,320,1,200.1,33.35,114,6,320,114.0,0,1,1,1,111,3,Lost Customers
14784.0,26,2,289.99,19.332666666666668,237,15,324,118.5,0,4,2,2,422,8,New Customer
14785.0,10,2,77.4,25.8,84,2,15,42.0,0,5,2,1,521,8,New Customer
14788.0,7,2,679.4399999999999,22.648,421,26,26,210.5,0,5,2,3,523,10,Potential Loyalist
14789.0,29,1,197.64,32.94,116,6,29,116.0,0,4,1,1,411,6,New Customer
14790.0,17,4,745.06,16.19695652173913,699,30,254,174.75,0,4,4,3,443,11,Loyal Customer
14793.0,4,2,214.14,14.276,88,14,21,44.0,0,5,2,1,521,8,New Customer
14794.0,3,9,1272.11,15.513536585365852,669,68,334,74.33333333333333,0,5,5,4,554,14,Champion
14795.0,166,1,131.45000000000002,21.90833333333333,17,6,166,17.0,0,2,1,1,211,4,Lost Customers
14796.0,1,27,7839.51,6.72919313304721,5942,403,367,220.07407407407408,0,5,5,5,555,15,Champion
14798.0,53,3,173.74,14.478333333333332,150,11,310,50.0,0,3,3,1,331,7,Needs Attention
14799.0,51,1,157.7,12.13076923076923,146,13,51,146.0,0,3,1,1,311,5,About to sleep
14800.0,48,16,4236.34,10.806989795918367,3634,248,370,227.125,0,3,5,5,355,13,Loyal Customer
14801.0,61,1,193.14,3.273559322033898,175,56,61,175.0,0,3,1,1,311,5,About to sleep
14803.0,162,3,845.55,19.217045454545453,370,35,292,123.33333333333331,0,2,3,3,233,8,At Risk
14804.0,9,1,353.27,29.439166666666665,121,12,9,121.0,0,5,1,2,512,8,New Customer
14805.0,15,4,554.65,11.801063829787234,115,30,314,28.75,0,4,4,3,443,11,Loyal Customer
14806.0,75,1,193.39,17.580909090909092,330,11,75,330.0,0,2,1,1,211,4,Lost Customers
14808.0,40,15,2175.37,8.4975390625,2054,179,172,136.93333333333334,0,3,5,5,355,13,Loyal Customer
14810.0,41,11,2087.88,8.187764705882353,1016,106,370,92.36363636363636,0,3,5,5,355,13,Loyal Customer
14813.0,370,2,155.43,5.181,67,25,370,33.5,0,1,2,1,121,4,Lost Customers
14815.0,37,2,778.5,14.68867924528302,744,53,68,372.0,0,3,2,3,323,8,Potential Loyalist
14816.0,197,1,271.85,67.9625,5,4,197,5.0,0,1,1,2,112,4,Lost Customers
14817.0,200,2,1110.34,17.624444444444443,655,52,277,327.5,0,1,2,4,124,7,Needs Attention
14818.0,74,3,657.8,13.704166666666666,324,41,254,108.0,0,2,3,3,233,8,At Risk
14819.0,64,2,272.07,20.928461538461537,109,13,192,54.5,0,3,2,2,322,7,About to sleep
14820.0,21,4,507.29,17.492758620689656,253,24,173,63.25,0,4,4,3,443,11,Loyal Customer
14821.0,367,1,48.8,24.4,20,2,367,20.0,0,1,1,1,111,3,Lost Customers
14823.0,180,3,321.43,4.591857142857143,88,56,195,29.33333333333333,0,1,3,2,132,6,Needs Attention
14824.0,10,4,1127.71,38.88655172413793,525,19,91,131.25,0,5,4,4,544,13,Champion
14825.0,4,12,2226.91,18.404214876033056,991,82,369,82.58333333333333,0,5,5,5,555,15,Champion
14828.0,197,3,2139.76,125.86823529411764,2172,17,337,724.0,0,1,3,5,135,9,At Risk
14829.0,29,6,644.65,14.325555555555557,414,40,372,69.0,0,4,4,3,443,11,Loyal Customer
14830.0,53,1,197.13,4.92825,169,39,53,169.0,0,3,1,1,311,5,About to sleep
14834.0,18,8,1698.35,24.26214285714285,731,43,240,91.375,0,4,5,4,454,13,Champion
14836.0,10,3,102.45,17.075,45,5,30,15.0,0,5,3,1,531,9,Needs Attention
14837.0,90,5,1641.2,14.92,1430,96,202,286.0,0,2,4,4,244,10,At Risk
14840.0,268,1,62.85,15.7125,31,4,268,31.0,0,1,1,1,111,3,Lost Customers
14841.0,53,6,3295.76,23.88231884057971,1778,103,359,296.3333333333333,0,3,4,5,345,12,Loyal Customer
14842.0,35,8,2456.8,15.549367088607596,1146,128,308,143.25,0,3,5,5,355,13,Loyal Customer
14844.0,64,4,3189.81,24.537,1833,87,241,458.25,0,3,4,5,345,12,Loyal Customer
14847.0,149,1,309.4,23.8,120,13,149,120.0,0,2,1,2,212,5,Lost Customers
14849.0,22,28,7904.28,20.163979591836732,5656,159,374,202.0,0,4,5,5,455,14,Champion
14850.0,312,2,278.15,12.643181818181818,285,22,368,142.5,0,1,2,2,122,5,Lost Customers
14851.0,23,2,511.35,18.2625,325,28,256,162.5,0,4,2,3,423,9,Potential Loyalist
14852.0,58,6,2836.69,19.83699300699301,1747,96,252,291.1666666666667,0,3,4,5,345,12,Loyal Customer
14853.0,9,3,463.05,46.305,81,8,211,27.0,0,5,3,2,532,10,Needs Attention
14854.0,78,8,2749.89,20.99152671755725,1822,110,275,227.75,0,2,5,5,255,12,At Risk
14855.0,119,2,645.65,32.2825,267,13,135,133.5,0,2,2,3,223,7,Needs Attention
14856.0,36,3,1311.38,19.869393939393937,714,65,57,238.0,0,3,3,4,334,10,Potential Loyalist
14857.0,60,3,1165.65,19.109016393442623,455,58,148,151.66666666666666,0,3,3,4,334,10,Potential Loyalist
14859.0,13,5,1352.04,22.91593220338983,669,47,204,133.8,0,4,4,4,444,12,Champion
14860.0,9,2,168.62,14.051666666666668,230,11,19,115.0,0,5,2,1,521,8,New Customer
14861.0,52,1,125.79,20.965,117,6,52,117.0,0,3,1,1,311,5,About to sleep
14862.0,26,2,841.1999999999999,17.525,772,47,149,386.0,0,4,2,3,423,9,Potential Loyalist
14863.0,29,1,266.76,24.25090909090909,132,11,29,132.0,0,4,1,2,412,7,New Customer
14865.0,7,2,52.2,13.05,108,4,372,54.0,0,5,2,1,521,8,New Customer
14866.0,11,13,14197.45,137.8393203883495,6569,30,366,505.3076923076923,0,5,5,5,555,15,Champion
14867.0,186,4,701.33,18.954864864864867,327,32,369,81.75,0,1,4,3,143,8,At Risk
14868.0,3,9,2939.64,19.997551020408164,1399,96,233,155.44444444444446,0,5,5,5,555,15,Champion
14869.0,4,3,721.95,10.027083333333334,549,66,103,183.0,0,5,3,3,533,11,Potential Loyalist
14870.0,262,1,327.25,25.173076923076923,119,13,262,119.0,0,1,1,2,112,4,Lost Customers
14871.0,3,4,522.38,5.330408163265306,185,68,361,46.25,0,5,4,3,543,12,Loyal Customer
14873.0,210,1,519.68,18.56,168,28,210,168.0,0,1,1,3,113,5,Needs Attention
14875.0,9,5,1448.72,28.9744,554,47,263,110.8,0,5,4,4,544,13,Champion
14878.0,13,9,1485.54,11.98016129032258,802,62,359,89.11111111111111,0,4,5,4,454,13,Champion
14880.0,77,3,706.19,15.025319148936171,373,45,289,124.33333333333331,0,2,3,3,233,8,At Risk
14881.0,20,1,255.4,15.023529411764706,316,17,20,316.0,0,4,1,2,412,7,New Customer
14882.0,27,2,589.7,53.60909090909092,158,6,34,79.0,0,4,2,3,423,9,Potential Loyalist
14883.0,19,7,756.64,14.011851851851851,789,39,212,112.71428571428572,0,4,5,3,453,12,Loyal Customer
14885.0,132,1,765.3199999999999,51.02133333333333,724,15,132,724.0,0,2,1,3,213,6,Needs Attention
14886.0,253,1,364.8,20.266666666666666,160,18,253,160.0,0,1,1,2,112,4,Lost Customers
14887.0,79,1,1862.0,310.3333333333333,1100,6,79,1100.0,0,2,1,4,214,7,Needs Attention
14888.0,207,1,369.2,18.46,184,20,207,184.0,0,1,1,2,112,4,Lost Customers
14889.0,336,1,135.9,13.59,90,10,336,90.0,0,1,1,1,111,3,Lost Customers
14890.0,254,1,125.65,17.95,51,7,254,51.0,0,1,1,1,111,3,Lost Customers
14891.0,148,2,554.38,16.79939393939394,505,30,188,252.5,0,2,2,3,223,7,Needs Attention
14893.0,10,2,1237.85,16.956849315068496,799,72,12,399.5,0,5,2,4,524,11,Potential Loyalist
14894.0,85,1,655.75,28.51086956521739,265,23,85,265.0,0,2,1,3,213,6,Needs Attention
14895.0,8,24,11020.26,21.77916996047431,4823,275,323,200.95833333333331,0,5,5,5,555,15,Champion
14896.0,205,2,468.77,10.901627906976746,279,43,366,139.5,0,1,2,2,122,5,Lost Customers
14897.0,8,4,1366.38,24.84327272727273,468,43,297,117.0,0,5,4,4,544,13,Champion
14898.0,23,8,1228.32,10.322016806722688,1008,87,371,126.0,0,4,5,4,454,13,Champion
14901.0,11,10,1414.99,14.438673469387757,659,73,373,65.9,0,5,5,4,554,14,Champion
14902.0,21,2,314.11,13.087916666666668,209,20,26,104.5,0,4,2,2,422,8,New Customer
14903.0,21,10,2744.48,7.53978021978022,1491,227,279,149.1,0,4,5,5,455,14,Champion
14904.0,2,2,1025.44,14.86144927536232,1985,66,26,992.5,0,5,2,4,524,11,Potential Loyalist
14905.0,154,3,599.9,33.327777777777776,274,14,234,91.33333333333331,0,2,3,3,233,8,At Risk
14907.0,3,10,3478.85,20.70744047619048,1686,125,368,168.6,0,5,5,5,555,15,Champion
14908.0,74,1,277.8,30.866666666666667,132,9,74,132.0,0,2,1,2,212,5,Lost Customers
14910.0,3,7,389.86,11.138857142857145,221,25,55,31.571428571428573,0,5,5,2,552,12,Loyal Customer
14911.0,1,248,132572.62,22.45851600880908,77180,1794,373,311.2096774193548,0,5,5,5,555,15,Champion
14912.0,17,3,841.52,30.054285714285715,970,22,247,323.3333333333333,0,4,3,3,433,10,Potential Loyalist
14913.0,36,4,1227.43,14.108390804597702,1743,76,359,435.75,0,3,4,4,344,11,Loyal Customer
14915.0,86,3,258.83,19.91,105,12,278,35.0,0,2,3,2,232,7,Needs Attention
14916.0,71,5,1264.84,16.010632911392403,1132,72,324,226.4,0,3,4,4,344,11,Loyal Customer
14918.0,116,2,1610.15,35.78111111111112,675,39,155,337.5,0,2,2,4,224,8,Needs Attention
14920.0,213,2,977.77,17.153859649122808,509,57,213,254.5,0,1,2,4,124,7,Needs Attention
14921.0,30,2,1316.07,16.872692307692308,953,78,201,476.5,0,4,2,4,424,10,Potential Loyalist
14923.0,51,1,749.1,17.025000000000002,418,44,51,418.0,0,3,1,3,313,7,About to sleep
14924.0,246,1,310.05,31.005000000000003,64,10,246,64.0,0,1,1,2,112,4,Lost Customers
14929.0,32,1,223.88,20.35272727272727,136,11,32,136.0,0,4,1,1,411,6,New Customer
14930.0,109,3,2372.86,18.53796875,1166,116,274,388.6666666666667,0,2,3,5,235,10,At Risk
14931.0,5,6,964.68,22.96857142857143,416,30,241,69.33333333333333,0,5,4,4,544,13,Champion
14932.0,366,1,363.53,21.384117647058822,80,17,366,80.0,0,1,1,2,112,4,Lost Customers
14934.0,73,3,1888.84,21.46409090909091,1041,68,283,347.0,0,2,3,4,234,9,At Risk
14935.0,297,1,1784.71,178.471,935,10,297,935.0,0,1,1,4,114,6,Needs Attention
14936.0,9,9,8117.42,22.178743169398903,4083,210,276,453.6666666666667,0,5,5,5,555,15,Champion
14937.0,57,4,1617.63,46.218,483,33,130,120.75,0,3,4,4,344,11,Loyal Customer
14944.0,30,14,5842.95,33.97063953488372,2801,101,352,200.07142857142856,0,4,5,5,455,14,Champion
14946.0,14,1,100.9,33.63333333333333,22,3,14,22.0,0,4,1,1,411,6,New Customer
14947.0,72,2,290.82,20.77285714285714,179,14,131,89.5,0,2,2,2,222,6,Lost Customers
14948.0,23,7,1066.57,16.66515625,661,56,219,94.42857142857144,0,4,5,4,454,13,Champion
14950.0,9,2,361.25,18.0625,135,19,19,67.5,0,5,2,2,522,9,New Customer
14951.0,79,1,311.69,15.5845,311,20,79,311.0,0,2,1,2,212,5,Lost Customers
14952.0,46,15,7912.79,53.10597315436242,3295,119,367,219.66666666666663,0,3,5,5,355,13,Loyal Customer
14953.0,25,1,289.82,5.269454545454545,225,54,25,225.0,0,4,1,2,412,7,New Customer
14954.0,12,1,336.17,3.9549411764705886,127,75,12,127.0,0,4,1,2,412,7,New Customer
14957.0,253,1,58.49,4.8741666666666665,34,12,253,34.0,0,1,1,1,111,3,Lost Customers
14958.0,147,3,499.68,11.897142857142857,129,33,246,43.0,0,2,3,3,233,8,At Risk
14959.0,59,5,684.97,11.229016393442624,491,37,296,98.2,0,3,4,3,343,10,Loyal Customer
14960.0,8,2,221.27,8.195185185185185,221,23,171,110.5,0,5,2,1,521,8,New Customer
14961.0,11,12,7006.58,22.102776025236597,3692,193,361,307.6666666666667,0,5,5,5,555,15,Champion
14962.0,271,1,126.7,25.34,44,5,271,44.0,0,1,1,1,111,3,Lost Customers
14963.0,10,5,1487.8,7.514141414141414,1176,149,184,235.2,0,5,4,4,544,13,Champion
14964.0,247,1,206.21,15.862307692307692,143,13,247,143.0,0,1,1,1,111,3,Lost Customers
14965.0,96,2,599.0,7.216867469879518,365,80,96,182.5,0,2,2,3,223,7,Needs Attention
14966.0,15,1,191.32,5.034736842105263,187,35,15,187.0,0,4,1,1,411,6,New Customer
14967.0,50,1,463.8,77.3,140,6,50,140.0,0,3,1,2,312,6,About to sleep
14968.0,30,1,147.59,3.988918918918919,127,37,30,127.0,0,4,1,1,411,6,New Customer
14970.0,68,4,1592.06,46.825294117647054,250,24,317,62.5,0,3,4,4,344,11,Loyal Customer
14971.0,35,3,1116.57,6.9785625,644,144,43,214.66666666666663,0,3,3,4,334,10,Potential Loyalist
14972.0,128,1,114.77,6.376111111111111,28,18,128,28.0,0,2,1,1,211,4,Lost Customers
14973.0,107,3,1314.45,41.0765625,369,29,226,123.0,0,2,3,4,234,9,At Risk
14974.0,37,1,114.39,5.4471428571428575,44,17,37,44.0,0,3,1,1,311,5,About to sleep
14975.0,57,1,279.94,25.44909090909091,380,11,57,380.0,0,3,1,2,312,6,About to sleep
14976.0,57,8,765.86,10.49123287671233,230,47,327,28.75,0,3,5,3,353,11,Loyal Customer
14978.0,72,5,1931.42,8.941759259259259,525,136,331,105.0,0,2,4,4,244,10,At Risk
14981.0,246,1,102.12,12.765,97,8,246,97.0,0,1,1,1,111,3,Lost Customers
14984.0,19,2,213.27,5.201707317073171,60,37,181,30.0,0,4,2,1,421,7,New Customer
14985.0,198,2,296.75,3.410919540229885,260,78,358,130.0,0,1,2,2,122,5,Lost Customers
14987.0,16,2,326.4,81.6,128,2,366,64.0,0,4,2,2,422,8,New Customer
14988.0,212,1,334.54,8.3635,141,40,212,141.0,0,1,1,2,112,4,Lost Customers
14995.0,39,2,233.23,3.82344262295082,103,53,280,51.5,0,3,2,1,321,6,About to sleep
14997.0,46,4,540.98,20.036296296296296,1102,25,178,275.5,0,3,4,3,343,10,Loyal Customer
14998.0,170,2,429.87,5.7316,270,70,241,135.0,0,2,2,2,222,6,Lost Customers
15000.0,48,1,490.52,6.37038961038961,218,76,48,218.0,0,3,1,3,313,7,About to sleep
15002.0,116,4,1641.76,14.27617391304348,862,93,367,215.5,0,2,4,4,244,10,At Risk
15004.0,147,1,1246.32,7.888101265822784,630,154,147,630.0,0,2,1,4,214,7,Needs Attention
15005.0,16,35,6180.49,5.328008620689655,4204,368,366,120.11428571428571,0,4,5,5,455,14,Champion
15006.0,51,1,502.09,3.486736111111111,302,121,51,302.0,0,3,1,3,313,7,About to sleep
15007.0,159,1,156.91,13.075833333333334,69,12,159,69.0,0,2,1,1,211,4,Lost Customers
15009.0,12,3,1261.78,6.932857142857142,642,148,25,214.0,0,4,3,4,434,11,Potential Loyalist
15010.0,36,1,308.94,15.447,184,20,36,184.0,0,3,1,2,312,6,About to sleep
15012.0,54,2,423.04,3.305,231,110,374,115.5,0,3,2,2,322,7,About to sleep
15014.0,43,2,260.17,7.433428571428572,151,29,176,75.5,0,3,2,2,322,7,About to sleep
15016.0,173,1,170.04,8.501999999999999,76,20,173,76.0,0,2,1,1,211,4,Lost Customers
15017.0,34,1,125.58,6.279,63,20,34,63.0,0,3,1,1,311,5,About to sleep
15018.0,39,4,456.26,14.258125,188,30,368,47.0,0,3,4,2,342,9,Loyal Customer
15019.0,267,1,266.0,3.8,159,64,267,159.0,0,1,1,2,112,4,Lost Customers
15021.0,9,13,1872.28,3.9087265135699374,829,287,368,63.76923076923077,0,5,5,4,554,14,Champion
15022.0,12,4,905.04,6.704,543,96,47,135.75,0,4,4,3,443,11,Loyal Customer
15023.0,3,12,6763.16,12.01271758436945,2863,347,369,238.58333333333331,0,5,5,5,555,15,Champion
15024.0,10,10,1661.33,10.718258064516128,920,105,367,92.0,0,5,5,4,554,14,Champion
15025.0,33,1,377.01,5.23625,189,66,33,189.0,0,3,1,2,312,6,About to sleep
15026.0,80,3,469.0,7.688524590163935,285,57,277,95.0,0,2,3,3,233,8,At Risk
15027.0,31,6,1051.95,28.43108108108108,563,30,238,93.83333333333331,0,4,4,4,444,12,Champion
15028.0,8,4,627.13,13.065208333333333,459,35,369,114.75,0,5,4,3,543,12,Loyal Customer
15030.0,72,2,518.28,74.03999999999999,372,7,268,186.0,0,2,2,3,223,7,Needs Attention
15031.0,4,4,668.14,6.019279279279279,401,74,282,100.25,0,5,4,3,543,12,Loyal Customer
15032.0,256,5,4464.1,81.16545454545455,2668,29,366,533.6,0,1,4,5,145,10,At Risk
15033.0,5,11,2571.02,5.0117348927875245,1692,315,329,153.8181818181818,0,5,5,5,555,15,Champion
15034.0,16,11,4277.66,10.69415,2411,299,354,219.1818181818182,0,4,5,5,455,14,Champion
15035.0,90,1,252.73,9.36037037037037,245,26,90,245.0,0,2,1,2,212,5,Lost Customers
15036.0,72,3,465.55,3.665748031496063,327,107,180,109.0,0,2,3,2,232,7,Needs Attention
15038.0,43,7,665.59,5.004436090225564,187,105,370,26.714285714285715,0,3,5,3,353,11,Loyal Customer
15039.0,10,52,19786.44,13.12098143236074,9191,408,369,176.75,0,5,5,5,555,15,Champion
15041.0,170,1,180.35,2.6917910447761195,104,66,170,104.0,0,2,1,1,211,4,Lost Customers
15042.0,199,1,135.93,27.186,30,5,199,30.0,0,1,1,1,111,3,Lost Customers
15043.0,31,1,537.0,179.0,300,3,31,300.0,0,4,1,3,413,8,Promising
15044.0,19,22,7629.38,16.549631236442515,2786,233,362,126.63636363636364,0,4,5,5,455,14,Champion
15045.0,152,3,633.66,48.74307692307692,106,11,258,35.333333333333336,0,2,3,3,233,8,At Risk
15046.0,9,16,5064.01,24.463816425120772,3307,147,338,206.6875,0,5,5,5,555,15,Champion
15047.0,270,1,343.62,15.61909090909091,222,22,270,222.0,0,1,1,2,112,4,Lost Customers
15048.0,65,5,380.57,3.8833673469387753,183,86,369,36.6,0,3,4,2,342,9,Loyal Customer
15049.0,274,1,121.17000000000002,40.39000000000001,63,3,274,63.0,0,1,1,1,111,3,Lost Customers
15050.0,25,5,1727.17,21.589625,1184,68,71,236.8,0,4,4,4,444,12,Champion
15051.0,23,3,1391.61,9.73153846153846,1011,130,150,337.0,0,4,3,4,434,11,Potential Loyalist
15052.0,319,1,215.78,7.192666666666667,82,27,319,82.0,0,1,1,1,111,3,Lost Customers
15053.0,5,3,697.79,9.828028169014084,986,49,282,328.6666666666667,0,5,3,3,533,11,Potential Loyalist
15054.0,12,2,302.1,2.6500000000000004,198,105,40,99.0,0,4,2,2,422,8,New Customer
15057.0,275,2,1489.5,59.58,668,25,316,334.0,0,1,2,4,124,7,Needs Attention
15058.0,25,11,2124.99,7.699239130434783,1069,199,312,97.1818181818182,0,4,5,5,455,14,Champion
15059.0,41,11,1325.82,5.547364016736402,602,161,335,54.72727272727273,0,3,5,4,354,12,Loyal Customer
15060.0,8,4,303.09,2.504876033057851,263,81,9,65.75,0,5,4,2,542,11,Loyal Customer
15061.0,4,55,54228.74,132.26521951219513,28590,71,372,519.8181818181819,0,5,5,5,555,15,Champion
15062.0,71,4,987.86,17.330877192982456,763,47,359,190.75,0,3,4,4,344,11,Loyal Customer
15063.0,213,1,370.8,74.16,56,5,213,56.0,0,1,1,2,112,4,Lost Customers
15065.0,38,6,3135.98,19.847974683544304,1355,148,291,225.83333333333331,0,3,4,5,345,12,Loyal Customer
15066.0,32,2,760.59,14.350754716981132,279,42,53,139.5,0,4,2,3,423,9,Potential Loyalist
15067.0,78,3,1744.76,21.27756097560976,954,82,283,318.0,0,2,3,4,234,9,At Risk
15068.0,46,2,553.36,5.320769230769231,364,96,256,182.0,0,3,2,3,323,8,Potential Loyalist
15069.0,179,1,1109.53,15.850428571428573,520,70,179,520.0,0,1,1,4,114,6,Needs Attention
15070.0,373,1,106.2,106.2,36,1,373,36.0,0,1,1,1,111,3,Lost Customers
15071.0,94,2,982.07,37.77192307692308,269,25,276,134.5,0,2,2,4,224,8,Needs Attention
15073.0,10,4,612.43,8.05828947368421,277,31,187,69.25,0,5,4,3,543,12,Loyal Customer
15074.0,105,1,748.87,17.830238095238094,455,41,105,455.0,0,2,1,3,213,6,Needs Attention
15075.0,78,1,773.03,28.63074074074074,447,27,78,447.0,0,2,1,3,213,6,Needs Attention
15076.0,173,1,880.85,17.976530612244897,571,49,173,571.0,0,2,1,3,213,6,Needs Attention
15078.0,7,38,9623.35,21.337804878048782,5069,98,369,133.39473684210526,0,5,5,5,555,15,Champion
15079.0,213,5,893.66,18.617916666666662,388,47,366,77.6,0,1,4,3,143,8,At Risk
15081.0,22,6,487.35,13.924285714285714,188,26,367,31.33333333333333,0,4,4,3,443,11,Loyal Customer
15083.0,257,1,88.2,17.64,38,5,257,38.0,0,1,1,1,111,3,Lost Customers
15087.0,282,1,306.94,20.462666666666667,470,15,282,470.0,0,1,1,2,112,4,Lost Customers
15088.0,21,3,1140.27,19.0045,457,53,67,152.33333333333334,0,4,3,4,434,11,Potential Loyalist
15089.0,10,6,2420.84,16.69544827586207,1359,139,128,226.5,0,5,4,5,545,14,Champion
15090.0,308,1,381.32,16.57913043478261,208,23,308,208.0,0,1,1,2,112,4,Lost Customers
15091.0,54,2,476.96,15.385806451612902,343,30,68,171.5,0,3,2,3,323,8,Potential Loyalist
15092.0,215,2,457.81,17.608076923076922,135,23,284,67.5,0,1,2,2,122,5,Lost Customers
15093.0,18,9,4410.14,39.376250000000006,3733,52,372,414.77777777777777,0,4,5,5,455,14,Champion
15095.0,104,5,1364.7,27.851020408163265,1077,30,203,215.4,0,2,4,4,244,10,At Risk
15096.0,43,1,219.39,19.94454545454545,120,11,43,120.0,0,3,1,1,311,5,About to sleep
15097.0,4,1,248.08,9.9232,170,25,4,170.0,0,5,1,2,512,8,New Customer
15098.0,182,5,649.5,129.9,60,2,182,12.0,0,1,4,3,143,8,At Risk
15099.0,84,1,410.48,17.84695652173913,343,23,84,343.0,0,2,1,2,212,5,Lost Customers
15100.0,330,6,635.1,105.85,58,1,374,9.666666666666666,0,1,4,3,143,8,At Risk
15101.0,9,3,310.03,34.44777777777777,239,8,359,79.66666666666667,0,5,3,2,532,10,Needs Attention
15103.0,31,2,703.36,20.096,329,35,86,164.5,0,4,2,3,423,9,Potential Loyalist
15104.0,167,3,1002.54,14.120281690140844,635,66,282,211.66666666666663,0,2,3,4,234,9,At Risk
15105.0,18,7,2298.93,22.76168316831683,1211,90,135,173.0,0,4,5,5,455,14,Champion
15106.0,18,7,1407.73,13.80127450980392,1144,90,269,163.42857142857142,0,4,5,4,454,13,Champion
15107.0,311,8,247.66,12.383,162,13,372,20.25,0,1,5,2,152,8,Needs Attention
15108.0,142,5,1291.75,21.17622950819672,497,50,228,99.4,0,2,4,4,244,10,At Risk
15109.0,241,2,463.75,14.959677419354838,127,28,246,63.5,0,1,2,2,122,5,Lost Customers
15110.0,24,7,970.25,24.25625,240,17,319,34.285714285714285,0,4,5,4,454,13,Champion
15111.0,29,3,1567.48,18.660476190476192,710,70,373,236.66666666666663,0,4,3,4,434,11,Potential Loyalist
15113.0,10,4,3439.41,34.05356435643564,2362,77,54,590.5,0,5,4,5,545,14,Champion
15114.0,30,10,2760.56,14.012994923857867,3096,136,302,309.6,0,4,5,5,455,14,Champion
15115.0,18,1,340.11,16.195714285714285,157,21,18,157.0,0,4,1,2,412,7,New Customer
15116.0,18,4,1352.75,30.06111111111111,648,37,205,162.0,0,4,4,4,444,12,Champion
15117.0,15,6,1550.13,19.376625,1947,63,216,324.5,0,4,4,4,444,12,Champion
15118.0,134,1,244.8,244.8,1440,1,134,1440.0,0,2,1,2,212,5,Lost Customers
15119.0,246,1,266.4,19.02857142857143,88,14,246,88.0,0,1,1,2,112,4,Lost Customers
15120.0,130,2,343.82,15.628181818181815,292,21,134,146.0,0,2,2,2,222,6,Lost Customers
15121.0,50,2,457.72,16.34714285714286,199,28,289,99.5,0,3,2,2,322,7,About to sleep
15122.0,85,6,1612.13,18.530229885057476,788,65,298,131.33333333333334,0,2,4,4,244,10,At Risk
15123.0,7,2,2199.31,20.74820754716981,1195,93,206,597.5,0,5,2,5,525,12,Potential Loyalist
15124.0,23,2,184.19,12.279333333333334,233,14,192,116.5,0,4,2,1,421,7,New Customer
15125.0,25,23,11117.05,79.4075,5991,102,271,260.4782608695652,0,4,5,5,455,14,Champion
15127.0,66,1,406.53,25.408125,251,16,66,251.0,0,3,1,2,312,6,About to sleep
15128.0,60,8,1419.54,12.788648648648648,1326,76,220,165.75,0,3,5,4,354,12,Loyal Customer
15129.0,50,11,3447.4,41.04047619047619,1794,54,292,163.0909090909091,0,3,5,5,355,13,Loyal Customer
15130.0,170,1,330.11,15.005,197,22,170,197.0,0,2,1,2,212,5,Lost Customers
15132.0,18,5,977.93,18.80634615384616,679,49,263,135.8,0,4,4,4,444,12,Champion
15133.0,128,3,982.42,33.87655172413793,680,27,302,226.66666666666663,0,2,3,4,234,9,At Risk
15134.0,15,8,1387.99,19.01356164383561,887,44,241,110.875,0,4,5,4,454,13,Champion
15135.0,233,2,127.15,12.715,41,9,239,20.5,0,1,2,1,121,4,Lost Customers
15136.0,3,5,1282.45,18.586231884057973,775,61,96,155.0,0,5,4,4,544,13,Champion
15139.0,240,2,178.96,13.766153846153848,208,13,337,104.0,0,1,2,1,121,4,Lost Customers
15140.0,52,8,2350.0,29.012345679012345,1567,74,264,195.875,0,3,5,5,355,13,Loyal Customer
15142.0,46,1,498.74,19.18230769230769,365,26,46,365.0,0,3,1,3,313,7,About to sleep
15143.0,226,1,259.45,18.53214285714285,150,14,226,150.0,0,1,1,2,112,4,Lost Customers
15144.0,8,18,6530.04,29.954311926605502,3026,132,312,168.11111111111111,0,5,5,5,555,15,Champion
15145.0,4,4,1194.73,17.83179104477612,756,54,248,189.0,0,5,4,4,544,13,Champion
15146.0,165,3,1313.66,13.828,1459,90,291,486.3333333333333,0,2,3,4,234,9,At Risk
15147.0,219,2,608.65,20.98793103448276,363,28,240,181.5,0,1,2,3,123,6,Needs Attention
15148.0,11,1,301.29,15.0645,187,20,11,187.0,0,5,1,2,512,8,New Customer
15149.0,134,1,520.8000000000001,22.643478260869568,128,23,134,128.0,0,2,1,3,213,6,Needs Attention
15150.0,17,11,5303.97,15.418517441860466,3633,282,269,330.27272727272725,0,4,5,5,455,14,Champion
15152.0,10,16,4684.24,16.84978417266187,2694,196,187,168.375,0,5,5,5,555,15,Champion
15153.0,31,1,329.25,14.965909090909092,198,22,31,198.0,0,4,1,2,412,7,New Customer
15154.0,74,2,240.27,2.611630434782609,97,66,75,48.5,0,2,2,2,222,6,Lost Customers
15156.0,1,3,961.49,17.481636363636365,597,51,34,199.0,0,5,3,4,534,12,Potential Loyalist
15157.0,4,5,1869.5,14.056390977443607,2242,126,358,448.4,0,5,4,4,544,13,Champion
15158.0,45,1,401.4,57.34285714285715,198,7,45,198.0,0,3,1,2,312,6,About to sleep
15159.0,2,34,18573.68,25.796777777777777,11394,363,361,335.11764705882354,0,5,5,5,555,15,Champion
15160.0,357,1,158.16,39.54,84,4,357,84.0,0,1,1,1,111,3,Lost Customers
15163.0,18,2,304.47,10.49896551724138,186,29,192,93.0,0,4,2,2,422,8,New Customer
15164.0,69,3,843.05,8.18495145631068,360,79,339,120.0,0,3,3,3,333,9,Potential Loyalist
15165.0,373,1,487.75,18.064814814814813,160,27,373,160.0,0,1,1,3,113,5,Needs Attention
15167.0,321,1,163.0,3.975609756097561,67,39,321,67.0,0,1,1,1,111,3,Lost Customers
15168.0,26,1,106.56,21.312,52,5,26,52.0,0,4,1,1,411,6,New Customer
15171.0,325,2,1034.5,147.78571428571428,190,5,331,95.0,0,1,2,4,124,7,Needs Attention
15172.0,9,5,1624.05,14.764090909090909,1611,106,237,322.2,0,5,4,4,544,13,Champion
15174.0,323,1,135.75,12.340909090909092,145,11,323,145.0,0,1,1,1,111,3,Lost Customers
15175.0,72,1,224.14,9.745217391304347,454,23,72,454.0,0,2,1,1,211,4,Lost Customers
15178.0,260,1,40.5,13.5,30,3,260,30.0,0,1,1,1,111,3,Lost Customers
15179.0,18,7,2186.2,23.012631578947367,1907,91,364,272.42857142857144,0,4,5,5,455,14,Champion
15180.0,367,1,87.5,14.583333333333334,36,6,367,36.0,0,1,1,1,111,3,Lost Customers
15181.0,66,5,680.28,37.79333333333333,542,13,365,108.4,0,3,4,3,343,10,Loyal Customer
15182.0,154,2,622.85,21.477586206896557,253,24,269,126.5,0,2,2,3,223,7,Needs Attention
15184.0,29,2,406.76,6.456507936507936,223,59,191,111.5,0,4,2,2,422,8,New Customer
15185.0,70,1,310.62,14.791428571428572,666,21,70,666.0,0,3,1,2,312,6,About to sleep
15186.0,14,2,411.41,21.653157894736843,215,17,168,107.5,0,4,2,2,422,8,New Customer
15187.0,2,18,4670.08,50.21591397849463,1869,61,212,103.83333333333331,0,5,5,5,555,15,Champion
15189.0,1,53,15802.14,68.1126724137931,6035,80,333,113.86792452830188,0,5,5,5,555,15,Champion
15192.0,120,3,1044.32,20.47686274509804,918,36,365,306.0,0,2,3,4,234,9,At Risk
15193.0,61,1,499.32,26.28,144,19,61,144.0,0,3,1,3,313,7,About to sleep
15194.0,3,22,7521.17,23.071073619631903,5648,209,368,256.72727272727275,0,5,5,5,555,15,Champion
15195.0,3,1,3861.0,3861.0,1404,1,3,1404.0,0,5,1,5,515,11,Promising
15197.0,9,5,656.44,18.23444444444445,453,30,358,90.6,0,5,4,3,543,12,Loyal Customer
15198.0,92,2,193.64,19.364,120,10,124,60.0,0,2,2,1,221,5,Lost Customers
15199.0,59,4,1268.7,97.5923076923077,396,5,308,99.0,0,3,4,4,344,11,Loyal Customer
15201.0,79,11,927.84,9.56536082474227,962,38,247,87.45454545454545,0,2,5,4,254,11,At Risk
15203.0,26,6,1827.8,12.871830985915492,1753,82,312,292.1666666666667,0,4,4,4,444,12,Champion
15204.0,357,1,316.58,35.175555555555555,258,9,357,258.0,0,1,1,2,112,4,Lost Customers
15205.0,85,3,648.8299999999999,17.074473684210524,377,38,127,125.66666666666669,0,2,3,3,233,8,At Risk
15206.0,10,4,420.3,46.7,162,3,276,40.5,0,5,4,2,542,11,Loyal Customer
15208.0,1,6,867.62,20.177209302325583,314,25,353,52.333333333333336,0,5,4,3,543,12,Loyal Customer
15210.0,225,1,331.18,16.559,228,20,225,228.0,0,1,1,2,112,4,Lost Customers
15211.0,60,2,894.4100000000001,17.20019230769231,240,52,365,120.0,0,3,2,3,323,8,Potential Loyalist
15212.0,239,2,88.94999999999999,12.707142857142856,33,5,241,16.5,0,1,2,1,121,4,Lost Customers
15213.0,319,3,325.05,13.002,270,22,330,90.0,0,1,3,2,132,6,Needs Attention
15214.0,2,8,1661.44,15.104,1254,109,243,156.75,0,5,5,4,554,14,Champion
15215.0,45,6,615.99,14.325348837209305,211,35,317,35.166666666666664,0,3,4,3,343,10,Loyal Customer
15216.0,88,1,96.6,48.3,28,2,88,28.0,0,2,1,1,211,4,Lost Customers
15218.0,11,11,5756.89,34.680060240963854,3329,77,319,302.6363636363636,0,5,5,5,555,15,Champion
15219.0,176,1,305.75,33.97222222222222,45,9,176,45.0,0,2,1,2,212,5,Lost Customers
15220.0,52,7,1758.92,14.780840336134457,1377,110,281,196.7142857142857,0,3,5,4,354,12,Loyal Customer
15221.0,366,2,114.1,10.372727272727271,25,9,370,12.5,0,1,2,1,121,4,Lost Customers
15222.0,319,1,585.0,117.0,440,5,319,440.0,0,1,1,3,113,5,Needs Attention
15223.0,226,3,454.9,14.215625,98,14,250,32.666666666666664,0,1,3,2,132,6,Needs Attention
15224.0,358,3,310.48,19.405,150,13,363,50.0,0,1,3,2,132,6,Needs Attention
15225.0,234,1,409.4,17.8,226,23,234,226.0,0,1,1,2,112,4,Lost Customers
15226.0,311,1,154.41,19.30125,71,8,311,71.0,0,1,1,1,111,3,Lost Customers
15227.0,37,5,1219.4,21.024137931034485,750,43,317,150.0,0,3,4,4,344,11,Loyal Customer
15228.0,66,5,3376.96,26.801269841269843,2252,110,295,450.4,0,3,4,5,345,12,Loyal Customer
15230.0,239,2,429.6,18.678260869565214,351,23,241,175.5,0,1,2,2,122,5,Lost Customers
15232.0,113,2,612.06,19.74387096774193,686,26,141,343.0,0,2,2,3,223,7,Needs Attention
15234.0,277,1,197.0,14.071428571428571,196,14,277,196.0,0,1,1,1,111,3,Lost Customers
15235.0,218,12,2247.51,15.716853146853149,1324,132,373,110.33333333333331,0,1,5,5,155,11,At Risk
15236.0,299,1,321.05,21.40333333333333,269,15,299,269.0,0,1,1,2,112,4,Lost Customers
15237.0,2,4,1412.32,14.265858585858584,1071,94,227,267.75,0,5,4,4,544,13,Champion
15238.0,29,5,1056.54,20.318076923076923,689,49,184,137.8,0,4,4,4,444,12,Champion
15239.0,10,3,764.34,14.698846153846157,591,48,79,197.0,0,5,3,3,533,11,Potential Loyalist
15240.0,45,7,1685.57,20.308072289156627,1361,61,372,194.42857142857144,0,3,5,4,354,12,Loyal Customer
15241.0,67,9,1738.59,15.662972972972971,1815,82,284,201.66666666666663,0,3,5,4,354,12,Loyal Customer
15243.0,74,1,316.68,14.394545454545456,185,22,74,185.0,0,2,1,2,212,5,Lost Customers
15244.0,65,2,631.57,18.57558823529412,405,31,248,202.5,0,3,2,3,323,8,Potential Loyalist
15245.0,134,3,2515.84,28.267865168539327,1784,55,261,594.6666666666666,0,2,3,5,235,10,At Risk
15246.0,238,2,514.15,15.58030303030303,247,32,359,123.5,0,1,2,3,123,6,Needs Attention
15247.0,122,1,356.0,59.333333333333336,160,6,122,160.0,0,2,1,2,212,5,Lost Customers
15249.0,32,15,6657.36,18.595977653631284,3557,211,257,237.13333333333333,0,4,5,5,455,14,Champion
15251.0,9,15,10327.11,85.34801652892563,6084,97,242,405.6,0,5,5,5,555,15,Champion
15252.0,36,2,740.78,16.83590909090909,522,44,183,261.0,0,3,2,3,323,8,Potential Loyalist
15253.0,16,6,915.3,16.64181818181818,864,52,170,144.0,0,4,4,4,444,12,Champion
15254.0,127,1,300.36,16.686666666666667,275,18,127,275.0,0,2,1,2,212,5,Lost Customers
15255.0,67,1,890.85,18.95425531914894,489,47,67,489.0,0,3,1,3,313,7,About to sleep
15256.0,149,1,98.45,16.408333333333335,55,6,149,55.0,0,2,1,1,211,4,Lost Customers
15257.0,281,2,232.15,29.01875,45,7,283,22.5,0,1,2,1,121,4,Lost Customers
15258.0,169,2,623.16,18.328235294117647,142,32,217,71.0,0,2,2,3,223,7,Needs Attention
15260.0,100,8,1780.77,22.830384615384617,861,62,373,107.625,0,2,5,4,254,11,At Risk
15261.0,135,1,254.82,13.41157894736842,270,19,135,270.0,0,2,1,2,212,5,Lost Customers
15262.0,324,1,178.95000000000002,17.895000000000003,73,10,324,73.0,0,1,1,1,111,3,Lost Customers
15263.0,107,1,156.51,13.0425,89,12,107,89.0,0,2,1,1,211,4,Lost Customers
15264.0,64,1,393.74,17.11913043478261,265,23,64,265.0,0,3,1,2,312,6,About to sleep
15265.0,151,2,1506.12,18.36731707317073,612,76,236,306.0,0,2,2,4,224,8,Needs Attention
15266.0,338,1,119.3,19.883333333333333,18,6,338,18.0,0,1,1,1,111,3,Lost Customers
15267.0,22,5,1717.36,156.12363636363636,944,8,183,188.8,0,4,4,4,444,12,Champion
15269.0,24,1,408.8,204.4,26,2,24,26.0,0,4,1,2,412,7,New Customer
15270.0,16,9,2298.2,47.87916666666666,1459,22,310,162.11111111111111,0,4,5,5,455,14,Champion
15271.0,7,16,2485.82,9.039345454545456,1257,184,365,78.5625,0,5,5,5,555,15,Champion
15272.0,57,2,721.94,11.45936507936508,310,63,86,155.0,0,3,2,3,323,8,Potential Loyalist
15274.0,4,2,716.57,15.24617021276596,619,44,18,309.5,0,5,2,3,523,10,Potential Loyalist
15275.0,31,2,609.19,14.50452380952381,497,41,38,248.5,0,4,2,3,423,9,Potential Loyalist
15276.0,66,1,135.31,2.602115384615385,64,49,66,64.0,0,3,1,1,311,5,About to sleep
15277.0,47,1,255.9,21.325,205,12,47,205.0,0,3,1,2,312,6,About to sleep
15279.0,355,2,277.41,13.21,185,21,365,92.5,0,1,2,2,122,5,Lost Customers
15280.0,172,1,113.12,7.07,154,16,172,154.0,0,2,1,1,211,4,Lost Customers
15281.0,59,12,2239.9500000000003,14.933000000000002,1193,122,333,99.41666666666669,0,3,5,5,355,13,Loyal Customer
15286.0,50,1,240.55,80.18333333333334,55,3,50,55.0,0,3,1,2,312,6,About to sleep
15287.0,22,3,485.24,23.106666666666666,432,17,71,144.0,0,4,3,3,433,10,Potential Loyalist
15288.0,43,5,2306.52,26.210454545454542,775,80,365,155.0,0,3,4,5,345,12,Loyal Customer
15289.0,29,4,935.1,15.84915254237288,996,43,250,249.0,0,4,4,4,444,12,Champion
15290.0,5,21,7803.769999999999,36.8102358490566,4431,93,359,211.0,0,5,5,5,555,15,Champion
15291.0,26,20,4596.51,42.16981651376147,2074,63,374,103.7,0,4,5,5,455,14,Champion
15292.0,201,1,180.94,7.2376,56,24,201,56.0,0,1,1,1,111,3,Lost Customers
15296.0,44,10,3610.31,18.05155,1757,137,327,175.7,0,3,5,5,355,13,Loyal Customer
15297.0,10,4,635.04,15.488780487804878,290,30,64,72.5,0,5,4,3,543,12,Loyal Customer
15298.0,2,14,3774.1,19.454123711340205,2752,115,366,196.57142857142856,0,5,5,5,555,15,Champion
15299.0,67,11,3787.09,315.59083333333336,2940,9,372,267.27272727272725,0,3,5,5,355,13,Loyal Customer
15300.0,64,1,496.44,17.73,292,28,64,292.0,0,3,1,3,313,7,About to sleep
15301.0,51,14,5028.12,20.35676113360324,2768,167,369,197.7142857142857,0,3,5,5,355,13,Loyal Customer
15303.0,290,1,574.02,18.516774193548382,248,31,290,248.0,0,1,1,3,113,5,Needs Attention
15304.0,61,10,680.3,26.16538461538461,100,8,369,10.0,0,3,5,3,353,11,Loyal Customer
15306.0,64,3,1174.35,20.247413793103448,810,57,148,270.0,0,3,3,4,334,10,Potential Loyalist
15307.0,96,1,205.3,17.108333333333334,37,12,96,37.0,0,2,1,1,211,4,Lost Customers
15308.0,271,2,302.27,14.393809523809525,173,19,274,86.5,0,1,2,2,122,5,Lost Customers
15311.0,1,118,59419.34,23.853608992372543,37720,571,374,319.6610169491525,0,5,5,5,555,15,Champion
15312.0,75,5,921.1,19.18958333333333,513,42,355,102.6,0,2,4,4,244,10,At Risk
15313.0,110,1,52.0,52.0,25,1,110,25.0,0,2,1,1,211,4,Lost Customers
15314.0,199,1,327.97,13.665416666666667,313,24,199,313.0,0,1,1,2,112,4,Lost Customers
15315.0,64,3,551.54,14.514210526315788,838,35,116,279.3333333333333,0,3,3,3,333,9,Potential Loyalist
15316.0,327,1,165.0,165.0,100,1,327,100.0,0,1,1,1,111,3,Lost Customers
15318.0,4,1,312.62,9.473333333333333,642,33,4,642.0,0,5,1,2,512,8,New Customer
15319.0,284,1,204.5,12.78125,175,16,284,175.0,0,1,1,1,111,3,Lost Customers
15320.0,44,1,267.13,7.420277777777778,326,36,44,326.0,0,3,1,2,312,6,About to sleep
15321.0,49,4,2650.73,25.006886792452832,1163,83,292,290.75,0,3,4,5,345,12,Loyal Customer
15322.0,64,2,602.97,12.305510204081632,365,42,86,182.5,0,3,2,3,323,8,Potential Loyalist
15325.0,104,1,162.29,3.3120408163265305,232,47,104,232.0,0,2,1,1,211,4,Lost Customers
15326.0,334,1,311.71,10.748620689655173,386,29,334,386.0,0,1,1,2,112,4,Lost Customers
15327.0,53,1,208.75,20.875,116,10,53,116.0,0,3,1,1,311,5,About to sleep
15329.0,35,5,1005.5,16.217741935483872,476,52,365,95.2,0,3,4,4,344,11,Loyal Customer
15330.0,32,2,714.96,54.99692307692308,1312,10,61,656.0,0,4,2,3,423,9,Potential Loyalist
15332.0,366,4,1661.06,47.45885714285714,652,29,370,163.0,0,1,4,4,144,9,At Risk
15333.0,208,1,1028.56,64.285,344,16,208,344.0,0,1,1,4,114,6,Needs Attention
15334.0,157,3,351.67,3.5522222222222224,274,67,173,91.33333333333331,0,2,3,2,232,7,Needs Attention
15335.0,54,1,173.97,4.8325,80,34,54,80.0,0,3,1,1,311,5,About to sleep
15339.0,66,3,557.57,6.336022727272728,414,79,318,138.0,0,3,3,3,333,9,Potential Loyalist
15341.0,81,1,2020.52,118.85411764705884,812,17,81,812.0,0,2,1,5,215,8,Needs Attention
15342.0,116,2,391.76,15.067692307692308,276,24,130,138.0,0,2,2,2,222,6,Lost Customers
15343.0,87,1,364.5,17.357142857142858,84,21,87,84.0,0,2,1,2,212,5,Lost Customers
15344.0,1,5,476.58,14.893125,106,21,74,21.2,0,5,4,3,543,12,Loyal Customer
15345.0,35,2,367.69,15.986521739130437,78,20,46,39.0,0,3,2,2,322,7,About to sleep
15346.0,333,1,252.42,14.848235294117648,144,17,333,144.0,0,1,1,2,112,4,Lost Customers
15347.0,366,1,201.6,40.32000000000001,130,5,366,130.0,0,1,1,1,111,3,Lost Customers
15348.0,72,1,158.04,17.56,84,9,72,84.0,0,2,1,1,211,4,Lost Customers
15349.0,158,2,473.81,6.580694444444444,327,65,187,163.5,0,2,2,3,223,7,Needs Attention
15350.0,373,1,115.65,23.130000000000003,51,5,373,51.0,0,1,1,1,111,3,Lost Customers
15351.0,12,10,1862.14,7.992017167381975,732,160,370,73.2,0,4,5,4,454,13,Champion
15353.0,255,2,777.02,12.333650793650794,343,59,368,171.5,0,1,2,3,123,6,Needs Attention
15355.0,29,2,277.05,19.789285714285715,45,9,53,22.5,0,4,2,2,422,8,New Customer
15356.0,31,10,2766.5,5.330443159922929,1673,215,368,167.3,0,4,5,5,455,14,Champion
15358.0,5,29,8234.8,14.678787878787878,6927,292,366,238.86206896551724,0,5,5,5,555,15,Champion
15360.0,40,1,427.93,32.917692307692306,223,13,40,223.0,0,3,1,2,312,6,About to sleep
15361.0,362,1,418.92,59.84571428571429,336,7,362,336.0,0,1,1,2,112,4,Lost Customers
15363.0,241,2,318.05,18.708823529411767,143,16,373,71.5,0,1,2,2,122,5,Lost Customers
15364.0,96,2,913.19,31.489310344827587,493,29,254,246.5,0,2,2,4,224,8,Needs Attention
15365.0,26,9,1330.45,8.81092715231788,758,66,315,84.22222222222223,0,4,5,4,454,13,Champion
15366.0,75,2,602.51,13.69340909090909,621,37,358,310.5,0,2,2,3,223,7,Needs Attention
15367.0,57,5,1867.69,19.45510416666667,1055,92,275,211.0,0,3,4,4,344,11,Loyal Customer
15368.0,21,1,446.94000000000005,111.735,230,4,21,230.0,0,4,1,2,412,7,New Customer
15369.0,144,1,-1592.49,-1592.49,-1,1,144,-1.0,0,2,1,1,211,4,Lost Customers
15370.0,41,8,2360.55,24.847894736842107,828,65,333,103.5,0,3,5,5,355,13,Loyal Customer
15372.0,137,1,2007.4,74.34814814814814,2924,27,137,2924.0,0,2,1,5,215,8,Needs Attention
15373.0,8,13,2213.11,16.154087591240877,476,74,371,36.61538461538461,0,5,5,5,555,15,Champion
15374.0,129,1,168.0,56.0,126,3,129,126.0,0,2,1,1,211,4,Lost Customers
15376.0,40,3,1233.36,10.541538461538462,619,100,222,206.33333333333331,0,3,3,4,334,10,Potential Loyalist
15379.0,169,8,3631.89,18.53005102040817,2293,145,358,286.625,0,2,5,5,255,12,At Risk
15380.0,9,6,1682.36,45.4691891891892,374,22,365,62.333333333333336,0,5,4,4,544,13,Champion
15381.0,214,2,596.85,74.60625,171,8,268,85.5,0,1,2,3,123,6,Needs Attention
15382.0,15,8,5927.86,19.37209150326797,4003,193,296,500.375,0,4,5,5,455,14,Champion
15384.0,170,3,635.76,14.785116279069769,593,35,372,197.66666666666663,0,2,3,3,233,8,At Risk
15385.0,40,1,316.88,26.406666666666663,161,12,40,161.0,0,3,1,2,312,6,About to sleep
15386.0,186,1,394.14,12.714193548387096,446,31,186,446.0,0,1,1,2,112,4,Lost Customers
15388.0,270,1,140.54,14.053999999999998,88,10,270,88.0,0,1,1,1,111,3,Lost Customers
15389.0,172,1,500.0,500.0,400,1,172,400.0,0,2,1,3,213,6,Needs Attention
15392.0,5,5,1515.73,17.832117647058823,1265,74,360,253.0,0,5,4,4,544,13,Champion
15393.0,16,2,231.86,19.32166666666667,150,10,281,75.0,0,4,2,1,421,7,New Customer
15394.0,10,4,2183.54,25.68870588235294,910,54,359,227.5,0,5,4,5,545,14,Champion
15395.0,326,1,107.45,15.35,17,7,326,17.0,0,1,1,1,111,3,Lost Customers
15396.0,113,1,288.18,20.58428571428572,122,14,113,122.0,0,2,1,2,212,5,Lost Customers
15397.0,290,1,94.0,15.666666666666666,20,6,290,20.0,0,1,1,1,111,3,Lost Customers
15398.0,16,3,1339.63,18.10310810810811,767,60,78,255.66666666666663,0,4,3,4,434,11,Potential Loyalist
15399.0,1,3,815.77,16.3154,611,45,79,203.66666666666663,0,5,3,3,533,11,Potential Loyalist
15400.0,92,6,666.7,51.284615384615385,360,10,279,60.0,0,2,4,3,243,9,At Risk
15402.0,149,2,626.77,14.923095238095238,694,35,196,347.0,0,2,2,3,223,7,Needs Attention
15405.0,189,1,349.1,43.6375,193,8,189,193.0,0,1,1,2,112,4,Lost Customers
15406.0,18,4,426.61,7.355344827586207,236,51,301,59.0,0,4,4,2,442,10,Loyal Customer
15407.0,34,4,1056.44,6.90483660130719,558,142,305,139.5,0,3,4,4,344,11,Loyal Customer
15408.0,264,1,267.18,7.858235294117647,106,34,264,106.0,0,1,1,2,112,4,Lost Customers
15410.0,84,8,3450.84,28.285573770491805,1200,48,262,150.0,0,2,5,5,255,12,At Risk
15411.0,26,5,1346.38,13.4638,528,86,183,105.6,0,4,4,4,444,12,Champion
15412.0,171,1,190.53,19.053,108,10,171,108.0,0,2,1,1,211,4,Lost Customers
15414.0,10,3,774.9000000000001,19.86923076923077,443,37,242,147.66666666666666,0,5,3,3,533,11,Potential Loyalist
15415.0,313,1,572.8100000000001,11.933541666666668,575,46,313,575.0,0,1,1,3,113,5,Needs Attention
15416.0,65,5,3974.37,20.592590673575128,2089,165,283,417.8,0,3,4,5,345,12,Loyal Customer
15417.0,85,1,508.8,18.17142857142857,284,28,85,284.0,0,2,1,3,213,6,Needs Attention
15419.0,25,1,135.86,16.9825,230,8,25,230.0,0,4,1,1,411,6,New Customer
15421.0,59,4,950.36,17.93132075471698,500,40,310,125.0,0,3,4,4,344,11,Loyal Customer
15422.0,323,2,97.7,16.283333333333335,38,6,323,19.0,0,1,2,1,121,4,Lost Customers
15423.0,38,1,43.5,21.75,101,2,38,101.0,0,3,1,1,311,5,About to sleep
15424.0,254,2,383.34,22.54941176470588,554,17,254,277.0,0,1,2,2,122,5,Lost Customers
15426.0,19,7,1429.9,4.766333333333334,663,222,369,94.71428571428572,0,4,5,4,454,13,Champion
15427.0,33,3,1483.14,4.84686274509804,1013,233,47,337.6666666666667,0,3,3,4,334,10,Potential Loyalist
15428.0,15,1,93.78,15.63,102,6,15,102.0,0,4,1,1,411,6,New Customer
15429.0,27,3,364.9,4.396385542168675,369,77,75,123.0,0,4,3,2,432,9,Needs Attention
15432.0,23,1,171.19,17.119,65,10,23,65.0,0,4,1,1,411,6,New Customer
15433.0,79,3,417.87,7.88433962264151,399,40,267,133.0,0,2,3,2,232,7,Needs Attention
15434.0,8,6,997.48,16.906440677966103,638,40,200,106.33333333333331,0,5,4,4,544,13,Champion
15435.0,22,1,149.29,5.147931034482759,54,29,22,54.0,0,4,1,1,411,6,New Customer
15436.0,12,3,1122.53,3.4119452887537998,613,243,234,204.33333333333331,0,4,3,4,434,11,Potential Loyalist
15437.0,262,1,200.16,4.448,79,44,262,79.0,0,1,1,1,111,3,Lost Customers
15438.0,131,1,156.57999999999998,6.263199999999999,59,25,131,59.0,0,2,1,1,211,4,Lost Customers
15440.0,55,3,383.68,6.188387096774194,197,50,209,65.66666666666667,0,3,3,2,332,8,Needs Attention
15442.0,249,1,594.0,297.0,120,2,249,120.0,0,1,1,3,113,5,Needs Attention
15443.0,2,8,3212.16,8.343272727272726,1660,237,320,207.5,0,5,5,5,555,15,Champion
15444.0,9,2,1418.26,6.476073059360731,764,191,40,382.0,0,5,2,4,524,11,Potential Loyalist
15445.0,264,1,113.5,22.7,58,5,264,58.0,0,1,1,1,111,3,Lost Customers
15447.0,331,1,155.17,17.24111111111111,85,9,331,85.0,0,1,1,1,111,3,Lost Customers
15448.0,313,1,494.64,17.665714285714284,232,28,313,232.0,0,1,1,3,113,5,Needs Attention
15449.0,26,5,971.22,15.66483870967742,810,47,262,162.0,0,4,4,4,444,12,Champion
15450.0,30,1,429.84,14.328,376,30,30,376.0,0,4,1,2,412,7,New Customer
15452.0,30,3,538.73,9.28844827586207,283,47,264,94.33333333333331,0,4,3,3,433,10,Potential Loyalist
15453.0,2,7,1388.37,4.854440559440559,845,169,188,120.71428571428572,0,5,5,4,554,14,Champion
15454.0,362,1,179.1,7.164,86,23,362,86.0,0,1,1,1,111,3,Lost Customers
15456.0,283,3,447.22,7.453666666666667,660,48,359,220.0,0,1,3,2,132,6,Needs Attention
15457.0,262,1,237.07,4.087413793103448,132,56,262,132.0,0,1,1,1,111,3,Lost Customers
15458.0,25,1,161.64,23.09142857142857,156,7,25,156.0,0,4,1,1,411,6,New Customer
15460.0,354,1,216.76,3.737241379310345,109,53,354,109.0,0,1,1,1,111,3,Lost Customers
15462.0,94,3,234.6,21.327272727272728,172,9,187,57.333333333333336,0,2,3,1,231,6,Needs Attention
15463.0,29,1,126.14,18.02,106,7,29,106.0,0,4,1,1,411,6,New Customer
15464.0,338,1,1048.85,6.680573248407643,350,155,338,350.0,0,1,1,4,114,6,Needs Attention
15465.0,20,24,6945.02,66.77903846153846,1217,43,370,50.708333333333336,0,4,5,5,455,14,Champion
15466.0,85,1,334.53,5.868947368421052,246,56,85,246.0,0,2,1,2,212,5,Lost Customers
15467.0,9,4,511.88,9.658113207547167,306,41,152,76.5,0,5,4,3,543,12,Loyal Customer
15468.0,35,5,438.46,15.119310344827586,150,25,361,30.0,0,3,4,2,342,9,Loyal Customer
15469.0,43,4,504.5,18.685185185185187,150,24,120,37.5,0,3,4,3,343,10,Loyal Customer
15471.0,2,1,469.48,6.097142857142857,266,67,2,266.0,0,5,1,3,513,9,Promising
15472.0,113,1,371.56,4.888947368421053,251,76,113,251.0,0,2,1,2,212,5,Lost Customers
15473.0,14,10,1465.2,104.65714285714286,552,4,61,55.2,0,4,5,4,454,13,Champion
15475.0,77,1,454.11,15.658965517241375,319,29,77,319.0,0,2,1,2,212,5,Lost Customers
15478.0,40,2,1441.42,31.33521739130435,585,34,57,292.5,0,3,2,4,324,9,Potential Loyalist
15480.0,116,1,905.5,20.122222222222224,303,45,116,303.0,0,2,1,3,213,6,Needs Attention
15482.0,16,16,6568.72,51.72220472440945,2998,46,359,187.375,0,4,5,5,455,14,Champion
15483.0,161,4,233.81,2.656931818181818,295,74,267,73.75,0,2,4,1,241,7,Needs Attention
15484.0,1,5,3563.11,18.852433862433863,3136,135,78,627.2,0,5,4,5,545,14,Champion
15485.0,30,3,2575.0,29.94186046511628,1306,59,373,435.3333333333333,0,4,3,5,435,12,Potential Loyalist
15488.0,93,1,91.32,45.66,73,2,93,73.0,0,2,1,1,211,4,Lost Customers
15489.0,23,4,1090.03,19.818727272727276,593,47,211,148.25,0,4,4,4,444,12,Champion
15491.0,95,7,3090.85,19.940967741935484,1624,108,236,232.0,0,2,5,5,255,12,At Risk
15492.0,28,2,659.4599999999999,18.84171428571428,483,32,74,241.5,0,4,2,3,423,9,Potential Loyalist
15493.0,33,7,1967.25,6.579431438127091,555,177,271,79.28571428571429,0,3,5,4,354,12,Loyal Customer
15494.0,21,2,1299.23,10.39384,1148,120,121,574.0,0,4,2,4,424,10,Potential Loyalist
15497.0,18,3,1259.7,78.73125,622,13,320,207.33333333333331,0,4,3,4,434,11,Potential Loyalist
15498.0,1,35,12396.46,23.702600382409177,6084,362,368,173.82857142857142,0,5,5,5,555,15,Champion
15500.0,8,4,1131.56,16.640588235294118,572,64,81,143.0,0,5,4,4,544,13,Champion
15502.0,16,23,5541.46,21.98992063492064,3823,164,369,166.2173913043478,0,4,5,5,455,14,Champion
15503.0,363,1,147.09,2.1012857142857144,74,66,363,74.0,0,1,1,1,111,3,Lost Customers
15504.0,81,1,52.83,4.063846153846153,33,13,81,33.0,0,2,1,1,211,4,Lost Customers
15505.0,53,7,3497.14,35.32464646464646,2348,90,155,335.42857142857144,0,3,5,5,355,13,Loyal Customer
15506.0,23,3,979.26,5.971097560975609,848,121,139,282.6666666666667,0,4,3,4,434,11,Potential Loyalist
15507.0,172,1,492.36,10.703478260869565,162,41,172,162.0,0,2,1,3,213,6,Needs Attention
15508.0,189,6,1000.27,10.8725,440,78,235,73.33333333333333,0,1,4,4,144,9,At Risk
15510.0,331,1,250.0,250.0,2,1,331,2.0,0,1,1,2,112,4,Lost Customers
15511.0,12,5,909.23,5.6826875,271,117,85,54.2,0,4,4,3,443,11,Loyal Customer
15512.0,156,2,121.0,17.285714285714285,68,7,360,34.0,0,2,3,1,231,6,Needs Attention
15513.0,31,22,14520.08,46.24229299363057,5545,183,374,252.04545454545453,0,4,5,5,455,14,Champion
15514.0,12,13,2963.19,13.592614678899082,1791,96,364,137.76923076923077,0,4,5,5,455,14,Champion
15516.0,45,3,62.43,4.162,27,15,47,9.0,0,3,3,1,331,7,Needs Attention
15517.0,233,1,267.03,9.89,293,27,233,293.0,0,1,1,2,112,4,Lost Customers
15518.0,64,13,1911.89,8.69040909090909,1262,136,333,97.07692307692308,0,3,5,4,354,12,Loyal Customer
15520.0,2,1,343.5,19.08333333333333,314,18,2,314.0,0,5,1,2,512,8,New Customer
15521.0,36,13,2574.65,12.87325,1674,117,255,128.76923076923077,0,3,5,5,355,13,Loyal Customer
15522.0,33,2,398.84,6.99719298245614,573,47,88,286.5,0,3,3,2,332,8,Needs Attention
15523.0,84,1,412.0100000000001,41.20100000000001,132,10,84,132.0,0,2,1,2,212,5,Lost Customers
15524.0,25,1,440.0,440.0,4,1,25,4.0,0,4,1,2,412,7,New Customer
15525.0,2,4,811.02,4.5056666666666665,414,133,373,103.5,0,5,4,3,543,12,Loyal Customer
15526.0,33,2,148.44,37.11,24,4,33,12.0,0,3,3,1,331,7,Needs Attention
15527.0,19,10,2348.82,14.149518072289158,988,128,354,98.8,0,4,5,5,455,14,Champion
15528.0,254,1,229.33,8.820384615384615,123,26,254,123.0,0,1,1,1,111,3,Lost Customers
15529.0,23,12,3967.78,5.886913946587537,3489,415,367,290.75,0,4,5,5,455,14,Champion
15530.0,22,4,1502.35,13.910648148148148,950,90,247,237.5,0,4,4,4,444,12,Champion
15531.0,8,2,2007.44,8.804561403508773,1105,196,30,552.5,0,5,3,5,535,13,Potential Loyalist
15532.0,25,6,1517.08,5.768365019011407,508,205,358,84.66666666666667,0,4,4,4,444,12,Champion
15533.0,19,5,746.92,8.685116279069767,256,73,89,51.2,0,4,4,3,443,11,Loyal Customer
15535.0,173,7,459.9,5.896153846153846,129,55,365,18.428571428571427,0,2,5,2,252,9,Needs Attention
15537.0,163,1,110.92,4.621666666666667,29,24,163,29.0,0,2,1,1,211,4,Lost Customers
15539.0,7,1,538.46,13.13317073170732,410,41,7,410.0,0,5,1,3,513,9,Promising
15540.0,11,1,213.3,14.22,200,15,11,200.0,0,5,1,1,511,7,New Customer
15541.0,114,1,85.13000000000001,2.9355172413793107,49,29,114,49.0,0,2,1,1,211,4,Lost Customers
15543.0,288,1,127.86,4.566428571428571,86,26,288,86.0,0,1,1,1,111,3,Lost Customers
15544.0,9,11,3542.51,13.572835249042146,3105,122,373,282.27272727272725,0,5,5,5,555,15,Champion
15545.0,54,2,292.72,3.613827160493827,163,78,371,81.5,0,3,3,2,332,8,Needs Attention
15547.0,7,14,4954.84,7.058176638176638,4032,441,362,288.0,0,5,5,5,555,15,Champion
15549.0,77,4,1655.76,14.273793103448275,688,104,316,172.0,0,2,4,4,244,10,At Risk
15550.0,4,4,575.63,9.43655737704918,295,43,302,73.75,0,5,4,3,543,12,Loyal Customer
15551.0,37,1,436.06,15.036551724137931,218,29,37,218.0,0,3,1,2,312,6,About to sleep
15552.0,217,1,90.12,5.301176470588236,60,17,217,60.0,0,1,1,1,111,3,Lost Customers
15553.0,60,1,437.23,7.807678571428572,451,51,60,451.0,0,3,1,2,312,6,About to sleep
15554.0,278,1,217.2,15.514285714285714,74,14,278,74.0,0,1,1,1,111,3,Lost Customers
15555.0,12,20,4758.2,5.144,4410,404,369,220.5,0,4,5,5,455,14,Champion
15556.0,24,1,279.77,9.024838709677418,236,31,24,236.0,0,4,1,2,412,7,New Customer
15557.0,29,1,473.65,23.6825,219,16,29,219.0,0,4,1,3,413,8,Promising
15561.0,12,5,722.74,23.3141935483871,256,27,216,51.2,0,4,4,3,443,11,Loyal Customer
15562.0,352,1,134.55,134.55,39,1,352,39.0,0,1,1,1,111,3,Lost Customers
15563.0,9,7,1319.69,11.27940170940171,1460,88,359,208.57142857142856,0,5,5,4,554,14,Champion
15565.0,50,2,173.16,21.645,60,8,71,30.0,0,3,3,1,331,7,Needs Attention
15567.0,19,1,186.01,26.572857142857146,223,7,19,223.0,0,4,1,1,411,6,New Customer
15568.0,3,3,758.29,14.307358490566036,461,27,73,153.66666666666666,0,5,3,3,533,11,Potential Loyalist
15569.0,104,5,1375.71,44.37774193548388,666,27,332,133.2,0,2,4,4,244,10,At Risk
15570.0,7,13,4109.97,12.454454545454546,2058,232,369,158.30769230769232,0,5,5,5,555,15,Champion
15571.0,12,4,650.4300000000001,11.411052631578947,264,47,78,66.0,0,4,4,3,443,11,Loyal Customer
15572.0,5,7,2552.86,11.873767441860466,1229,166,278,175.57142857142858,0,5,5,5,555,15,Champion
15573.0,32,2,607.45,5.840865384615385,363,88,86,181.5,0,4,3,3,433,10,Potential Loyalist
15574.0,178,4,702.25,4.180059523809524,349,131,372,87.25,0,2,4,3,243,9,At Risk
15576.0,38,1,940.67,20.90377777777778,404,43,38,404.0,0,3,1,4,314,8,About to sleep
15577.0,151,3,258.88,6.637948717948718,89,39,305,29.666666666666668,0,2,3,2,232,7,Needs Attention
15578.0,162,1,127.1,9.776923076923076,52,13,162,52.0,0,2,1,1,211,4,Lost Customers
15579.0,69,2,348.6,6.835294117647059,120,45,314,60.0,0,3,3,2,332,8,Needs Attention
15581.0,121,14,3429.9700000000003,22.715033112582784,286,134,366,20.428571428571427,0,2,5,5,255,12,At Risk
15582.0,25,3,682.9100000000001,15.52068181818182,453,39,220,151.0,0,4,3,3,433,10,Potential Loyalist
15584.0,24,5,722.61,5.78088,312,89,162,62.4,0,4,4,3,443,11,Loyal Customer
15585.0,177,1,455.3,14.687096774193549,320,31,177,320.0,0,2,1,2,212,5,Lost Customers
15587.0,50,4,913.68,101.52,312,3,352,78.0,0,3,4,4,344,11,Loyal Customer
15589.0,253,4,456.58,15.219333333333331,242,28,311,60.5,0,1,4,2,142,7,Needs Attention
15590.0,289,1,-30.19,-30.19,-1,1,289,-1.0,0,1,1,1,111,3,Lost Customers
15592.0,47,1,388.58,16.190833333333334,354,24,47,354.0,0,3,1,2,312,6,About to sleep
15593.0,71,1,199.8,39.96,60,5,71,60.0,0,3,1,1,311,5,About to sleep
15594.0,16,6,1767.53,16.99548076923077,982,85,235,163.66666666666666,0,4,4,4,444,12,Champion
15596.0,101,9,1343.34,15.992142857142856,548,51,365,60.888888888888886,0,2,5,4,254,11,At Risk
15597.0,30,2,315.72,13.72695652173913,276,22,35,138.0,0,4,3,2,432,9,Needs Attention
15598.0,35,3,235.68,14.73,156,14,53,52.0,0,3,3,1,331,7,Needs Attention
15599.0,27,2,761.74,14.648846153846154,718,50,204,359.0,0,4,3,3,433,10,Potential Loyalist
15601.0,11,17,6745.36,16.293140096618355,4978,230,373,292.8235294117647,0,5,5,5,555,15,Champion
15602.0,8,15,1083.63,20.067222222222224,1001,31,368,66.73333333333333,0,5,5,4,554,14,Champion
15603.0,79,1,48.48,24.24,96,2,79,96.0,0,2,1,1,211,4,Lost Customers
15604.0,52,1,216.39,12.728823529411764,159,17,52,159.0,0,3,1,1,311,5,About to sleep
15605.0,36,5,1198.23,17.88402985074627,441,61,373,88.2,0,3,4,4,344,11,Loyal Customer
15606.0,57,11,2422.64,26.62241758241758,720,51,325,65.45454545454545,0,3,5,5,355,13,Loyal Customer
15607.0,337,1,104.76,8.05846153846154,202,13,337,202.0,0,1,1,1,111,3,Lost Customers
15608.0,28,4,1093.68,18.228,714,59,121,178.5,0,4,4,4,444,12,Champion
15609.0,183,2,270.03000000000003,15.001666666666669,145,16,184,72.5,0,1,3,2,132,6,Needs Attention
15610.0,52,1,112.46,18.743333333333336,66,6,52,66.0,0,3,1,1,311,5,About to sleep
15611.0,10,15,1568.39,34.85311111111111,498,23,335,33.2,0,5,5,4,554,14,Champion
15612.0,36,2,195.15,32.525,52,4,62,26.0,0,3,3,1,331,7,Needs Attention
15615.0,10,27,10360.04,24.14927738927739,5493,185,359,203.44444444444449,0,5,5,5,555,15,Champion
15618.0,33,5,747.031,15.245530612244895,428,39,137,85.6,0,3,4,3,343,10,Loyal Customer
15619.0,11,1,336.40000000000003,112.13333333333334,136,3,11,136.0,0,5,1,2,512,8,New Customer
15620.0,50,6,1524.4,14.657692307692308,899,92,358,149.83333333333334,0,3,4,4,344,11,Loyal Customer
15621.0,4,6,1158.77,64.37611111111111,463,11,22,77.16666666666667,0,5,4,4,544,13,Champion
15622.0,3,16,3224.53,15.067897196261685,1552,169,282,97.0,0,5,5,5,555,15,Champion
15623.0,141,1,301.03,15.843684210526314,125,19,141,125.0,0,2,1,2,212,5,Lost Customers
15624.0,117,4,588.13,17.297941176470587,357,26,256,89.25,0,2,4,3,243,9,At Risk
15625.0,100,8,1504.56,22.125882352941176,1166,44,235,145.75,0,2,5,4,254,11,At Risk
15626.0,75,2,675.8,13.791836734693875,766,49,330,383.0,0,2,3,3,233,8,At Risk
15628.0,5,10,2865.64,18.25248407643312,1882,85,367,188.2,0,5,5,5,555,15,Champion
15630.0,45,3,1180.4,19.35081967213115,799,57,205,266.3333333333333,0,3,3,4,334,10,Potential Loyalist
15632.0,16,10,3147.31,17.78141242937853,2049,107,275,204.9,0,4,5,5,455,14,Champion
15634.0,17,1,243.55,16.236666666666668,99,15,17,99.0,0,4,1,2,412,7,New Customer
15636.0,90,2,724.76,28.9904,284,20,282,142.0,0,2,3,3,233,8,At Risk
15637.0,53,1,223.36,14.890666666666668,128,15,53,128.0,0,3,1,1,311,5,About to sleep
15638.0,301,1,-94.0,-47.0,-52,2,301,-52.0,0,1,1,1,111,3,Lost Customers
15639.0,134,1,425.32,17.0128,323,25,134,323.0,0,2,1,2,212,5,Lost Customers
15640.0,4,17,12433.34,25.117858585858585,6572,241,372,386.5882352941176,0,5,5,5,555,15,Champion
15641.0,105,4,1887.2,15.858823529411763,1562,102,359,390.5,0,2,4,4,244,10,At Risk
15643.0,179,6,647.4,17.983333333333334,242,31,282,40.333333333333336,0,1,4,3,143,8,At Risk
15644.0,166,4,813.0,3.4159663865546217,557,166,261,139.25,0,2,4,3,243,9,At Risk
15645.0,19,1,612.01,11.769423076923076,256,50,19,256.0,0,4,1,3,413,8,Promising
15646.0,158,4,425.14,11.809444444444445,388,35,372,97.0,0,2,4,2,242,8,Needs Attention
15648.0,204,4,599.9,21.425,213,24,267,53.25,0,1,4,3,143,8,At Risk
15649.0,336,2,816.0,408.0,192,1,368,96.0,0,1,3,3,133,7,At Risk
15651.0,37,3,646.3,20.196875,479,27,261,159.66666666666666,0,3,3,3,333,9,Potential Loyalist
15652.0,91,1,337.74,16.082857142857144,208,21,91,208.0,0,2,1,2,212,5,Lost Customers
15653.0,93,2,877.4399999999999,146.23999999999998,1200,4,116,600.0,0,2,3,3,233,8,At Risk
15654.0,9,2,922.53,43.93,475,15,26,237.5,0,5,3,4,534,12,Potential Loyalist
15655.0,233,2,511.32,13.81945945945946,319,34,243,159.5,0,1,3,3,133,7,At Risk
15656.0,45,4,748.5,15.925531914893616,343,46,284,85.75,0,3,4,3,343,10,Loyal Customer
15657.0,23,1,30.0,30.0,24,1,23,24.0,0,4,1,1,411,6,New Customer
15658.0,190,8,958.9,17.123214285714287,232,40,373,29.0,0,1,5,4,154,10,At Risk
15659.0,44,1,306.45,27.85909090909091,111,11,44,111.0,0,3,1,2,312,6,About to sleep
15660.0,25,12,1552.01,16.510744680851065,1037,55,366,86.41666666666667,0,4,5,4,454,13,Champion
15661.0,317,2,309.8,61.96,236,4,339,118.0,0,1,3,2,132,6,Needs Attention
15663.0,106,1,138.14,15.348888888888888,106,9,106,106.0,0,2,1,1,211,4,Lost Customers
15664.0,51,2,358.63,18.875263157894736,141,19,359,70.5,0,3,3,2,332,8,Needs Attention
15665.0,168,2,2242.01,19.327672413793103,1666,92,243,833.0,0,2,3,5,235,10,At Risk
15667.0,40,1,301.32,23.178461538461537,240,13,40,240.0,0,3,1,2,312,6,About to sleep
15668.0,218,1,76.32000000000001,76.32000000000001,72,1,218,72.0,0,1,1,1,111,3,Lost Customers
15669.0,40,5,677.69,19.36257142857143,339,31,264,67.8,0,3,4,3,343,10,Loyal Customer
15670.0,297,1,173.05,14.420833333333334,91,12,297,91.0,0,1,1,1,111,3,Lost Customers
15671.0,19,10,2635.49,32.53691358024692,1681,52,271,168.1,0,4,5,5,455,14,Champion
15673.0,88,4,2881.02,18.587225806451613,1514,107,327,378.5,0,2,4,5,245,11,At Risk
15674.0,73,8,1744.02,12.918666666666669,1075,88,255,134.375,0,2,5,4,254,11,At Risk
15675.0,81,3,323.69,15.413809523809524,527,20,280,175.66666666666666,0,2,3,2,232,7,Needs Attention
15676.0,9,5,3324.09,15.389305555555556,2231,191,284,446.2,0,5,4,5,545,14,Champion
15677.0,49,1,657.23,19.916060606060608,319,33,49,319.0,0,3,1,3,313,7,About to sleep
15678.0,53,1,352.7,29.391666666666666,184,12,53,184.0,0,3,1,2,312,6,About to sleep
15679.0,24,4,781.28,7.102545454545455,1170,98,183,292.5,0,4,4,3,443,11,Loyal Customer
15680.0,9,3,1333.68,17.09846153846154,952,61,366,317.3333333333333,0,5,3,4,534,12,Potential Loyalist
15681.0,18,6,946.36,14.124776119402986,556,32,280,92.66666666666669,0,4,4,4,444,12,Champion
15683.0,117,1,193.75,19.375,131,10,117,131.0,0,2,1,1,211,4,Lost Customers
15687.0,9,11,2981.5,17.74702380952381,1308,119,330,118.9090909090909,0,5,5,5,555,15,Champion
15689.0,120,2,254.1,28.23333333333333,84,8,362,42.0,0,2,3,2,232,7,Needs Attention
15690.0,4,2,239.76,12.618947368421052,408,19,101,204.0,0,5,3,2,532,10,Needs Attention
15691.0,252,1,136.8,68.4,72,2,252,72.0,0,1,1,1,111,3,Lost Customers
15692.0,28,1,191.04,15.92,138,12,28,138.0,0,4,1,1,411,6,New Customer
15694.0,1,15,6423.6,81.3113924050633,1665,42,373,111.0,0,5,5,5,555,15,Champion
15695.0,267,2,409.98,18.635454545454547,212,22,267,106.0,0,1,3,2,132,6,Needs Attention
15696.0,33,12,2644.46,14.94045197740113,1022,140,327,85.16666666666667,0,3,5,5,355,13,Loyal Customer
15699.0,18,1,309.65,17.202777777777776,113,18,18,113.0,0,4,1,2,412,7,New Customer
15700.0,172,3,664.03,7.461011235955055,328,85,173,109.33333333333331,0,2,3,3,233,8,At Risk
15701.0,2,4,1542.14,6.506919831223629,923,193,111,230.75,0,5,4,4,544,13,Champion
15703.0,265,1,211.5,42.3,66,5,265,66.0,0,1,1,1,111,3,Lost Customers
15704.0,140,4,2293.62,19.603589743589744,1028,79,216,257.0,0,2,4,5,245,11,At Risk
15705.0,201,1,143.1,23.85,62,6,201,62.0,0,1,1,1,111,3,Lost Customers
15706.0,60,7,1001.81,16.979830508474578,305,50,116,43.57142857142857,0,3,5,4,354,12,Loyal Customer
15707.0,35,4,945.58,4.418598130841121,605,126,86,151.25,0,3,4,4,344,11,Loyal Customer
15708.0,41,11,3329.7200000000003,11.211178451178451,1258,124,370,114.36363636363636,0,3,5,5,355,13,Loyal Customer
15709.0,284,1,133.25,22.20833333333333,121,6,284,121.0,0,1,1,1,111,3,Lost Customers
15712.0,9,5,1072.36,20.233207547169812,486,41,288,97.2,0,5,4,4,544,13,Champion
15713.0,143,3,346.75,17.3375,149,18,366,49.66666666666666,0,2,3,2,232,7,Needs Attention
15714.0,12,2,330.88,9.453714285714286,187,34,78,93.5,0,4,3,2,432,9,Needs Attention
15716.0,146,4,1118.81,9.481440677966102,744,101,370,186.0,0,2,4,4,244,10,At Risk
15717.0,234,1,150.3,21.47142857142857,70,7,234,70.0,0,1,1,1,111,3,Lost Customers
15719.0,33,14,5043.96,5.377356076759062,2724,299,338,194.57142857142856,0,3,5,5,355,13,Loyal Customer
15720.0,24,1,598.73,4.677578125,281,128,24,281.0,0,4,1,3,413,8,Promising
15721.0,12,1,507.08,5.572307692307692,409,80,12,409.0,0,4,1,3,413,8,Promising
15722.0,36,6,2181.21,30.294583333333332,1021,47,291,170.16666666666666,0,3,4,5,345,12,Loyal Customer
15723.0,365,1,203.1,4.953658536585365,87,37,365,87.0,0,1,1,1,111,3,Lost Customers
15724.0,201,3,212.3,17.691666666666666,72,11,285,24.0,0,1,3,1,131,5,Needs Attention
15725.0,15,1,415.25,12.9765625,221,32,15,221.0,0,4,1,2,412,7,New Customer
15727.0,17,7,5178.96,17.14887417218543,3065,213,359,437.8571428571428,0,4,5,5,455,14,Champion
15728.0,49,1,-134.8,-33.7,-34,4,49,-34.0,0,3,1,1,311,5,About to sleep
15729.0,198,2,62.0,10.333333333333334,24,5,213,12.0,0,1,3,1,131,5,Needs Attention
15730.0,66,4,1108.38,15.18328767123288,683,68,207,170.75,0,3,4,4,344,11,Loyal Customer
15732.0,212,2,294.12,21.00857142857143,215,13,372,107.5,0,1,3,2,132,6,Needs Attention
15733.0,283,1,162.3,16.23,62,10,283,62.0,0,1,1,1,111,3,Lost Customers
15734.0,115,2,1339.45,51.517307692307696,346,25,200,173.0,0,2,3,4,234,9,At Risk
15737.0,15,12,1121.21,13.8420987654321,584,60,243,48.66666666666666,0,4,5,4,454,13,Champion
15738.0,19,19,4788.77,27.208920454545456,2967,46,373,156.1578947368421,0,4,5,5,455,14,Champion
15739.0,66,1,449.12,56.14,472,8,66,472.0,0,3,1,2,312,6,About to sleep
15740.0,49,1,154.88,17.20888888888889,152,9,49,152.0,0,3,1,1,311,5,About to sleep
15743.0,16,4,784.46,8.914318181818182,216,59,185,54.0,0,4,4,3,443,11,Loyal Customer
15744.0,78,1,34.8,11.6,120,3,78,120.0,0,2,1,1,211,4,Lost Customers
15745.0,9,6,1071.24,16.480615384615383,412,57,236,68.66666666666667,0,5,4,4,544,13,Champion
15746.0,134,2,182.96,6.308965517241379,130,28,134,65.0,0,2,3,1,231,6,Needs Attention
15747.0,13,3,974.04,10.473548387096772,480,52,173,160.0,0,4,3,4,434,11,Potential Loyalist
15748.0,40,1,149.31,7.11,51,19,40,51.0,0,3,1,1,311,5,About to sleep
15749.0,235,4,21535.9,1435.7266666666667,9014,6,332,2253.5,0,1,4,5,145,10,At Risk
15750.0,3,9,2451.23,8.309254237288135,1779,214,367,197.66666666666663,0,5,5,5,555,15,Champion
15752.0,40,8,2628.93,6.380898058252427,1973,236,373,246.625,0,3,5,5,355,13,Loyal Customer
15753.0,305,1,79.2,79.2,144,1,305,144.0,0,1,1,1,111,3,Lost Customers
15754.0,51,4,455.67,15.712758620689655,197,24,247,49.25,0,3,4,2,342,9,Loyal Customer
15755.0,1,8,2318.88,15.562953020134229,1397,127,295,174.625,0,5,5,5,555,15,Champion
15756.0,61,4,532.96,2.7758333333333334,242,160,249,60.5,0,3,4,3,343,10,Loyal Customer
15757.0,66,2,714.42,15.876,491,43,218,245.5,0,3,3,3,333,9,Potential Loyalist
15758.0,25,1,205.25,22.80555555555556,47,9,25,47.0,0,4,1,1,411,6,New Customer
15759.0,218,3,253.04,36.14857142857143,60,5,358,20.0,0,1,3,2,132,6,Needs Attention
15762.0,65,2,583.75,15.777027027027026,251,37,77,125.5,0,3,3,3,333,9,Potential Loyalist
15763.0,32,3,1048.67,16.645555555555557,268,58,78,89.33333333333333,0,4,3,4,434,11,Potential Loyalist
15764.0,81,10,3245.47,17.263138297872338,2036,150,277,203.6,0,2,5,5,255,12,At Risk
15766.0,64,1,315.06,28.64181818181818,170,11,64,170.0,0,3,1,2,312,6,About to sleep
15768.0,116,4,581.8299999999999,20.779642857142854,243,24,226,60.75,0,2,4,3,243,9,At Risk
15769.0,7,29,51823.72,352.54231292517005,27660,26,371,953.7931034482758,0,5,5,5,555,15,Champion
15773.0,6,1,635.6800000000001,63.568000000000005,311,10,6,311.0,0,5,1,3,513,9,Promising
15774.0,69,1,270.8,10.832,87,25,69,87.0,0,3,1,2,312,6,About to sleep
15775.0,245,1,104.9,14.985714285714286,68,7,245,68.0,0,1,1,1,111,3,Lost Customers
15776.0,133,1,241.62,13.423333333333334,138,18,133,138.0,0,2,1,2,212,5,Lost Customers
15777.0,241,5,1021.61,46.43681818181818,375,18,361,75.0,0,1,4,4,144,9,At Risk
15780.0,184,3,475.28,16.38896551724138,220,26,358,73.33333333333333,0,1,3,3,133,7,At Risk
15781.0,25,4,333.56,15.883809523809523,178,20,306,44.5,0,4,4,2,442,10,Loyal Customer
15782.0,10,4,2593.94,58.95318181818182,863,34,89,215.75,0,5,4,5,545,14,Champion
15783.0,11,1,246.3,17.592857142857145,212,14,11,212.0,0,5,1,2,512,8,New Customer
15785.0,30,8,2303.75,26.479885057471265,1594,58,295,199.25,0,4,5,5,455,14,Champion
15786.0,44,5,4834.2,17.265,3331,257,114,666.2,0,3,4,5,345,12,Loyal Customer
15787.0,26,3,948.05,4.602184466019417,540,156,61,180.0,0,4,3,4,434,11,Potential Loyalist
15789.0,358,1,351.3,14.052,438,25,358,438.0,0,1,1,2,112,4,Lost Customers
15790.0,10,1,220.85,6.31,114,34,10,114.0,0,5,1,1,511,7,New Customer
15791.0,44,3,1604.44,21.111052631578943,730,66,204,243.33333333333331,0,3,3,4,334,10,Potential Loyalist
15793.0,9,4,948.96,72.99692307692308,552,6,269,138.0,0,5,4,4,544,13,Champion
15795.0,150,1,610.01,14.524047619047618,581,42,150,581.0,0,2,1,3,213,6,Needs Attention
15796.0,1,10,2666.61,19.752666666666663,859,71,302,85.9,0,5,5,5,555,15,Champion
15797.0,113,4,2207.4,275.925,873,8,319,218.25,0,2,4,5,245,11,At Risk
15799.0,76,3,884.14,9.021836734693878,955,94,334,318.3333333333333,0,2,3,3,233,8,At Risk
15800.0,107,2,699.08,5.874621848739496,335,116,247,167.5,0,2,3,3,233,8,At Risk
15801.0,46,4,1042.19,15.104202898550726,562,61,110,140.5,0,3,4,4,344,11,Loyal Customer
15802.0,143,3,-451.42,-150.47333333333333,-1,1,143,-0.3333333333333333,0,2,3,1,231,6,Needs Attention
15803.0,51,1,415.8200000000001,51.977500000000006,290,8,51,290.0,0,3,1,2,312,6,About to sleep
15804.0,1,19,3848.55,14.04580291970803,2515,170,199,132.3684210526316,0,5,5,5,555,15,Champion
15805.0,23,20,5452.17,17.759511400651466,3337,220,365,166.85,0,4,5,5,455,14,Champion
15806.0,46,3,784.58,25.30903225806452,602,24,277,200.66666666666663,0,3,3,3,333,9,Potential Loyalist
15807.0,50,3,903.9,18.83125,430,48,77,143.33333333333334,0,3,3,3,333,9,Potential Loyalist
15808.0,306,5,3724.77,17.737,1341,143,369,268.2,0,1,4,5,145,10,At Risk
15809.0,36,6,399.21,9.283953488372092,251,31,303,41.833333333333336,0,3,4,2,342,9,Loyal Customer
15810.0,79,7,1145.43,10.227053571428572,737,66,297,105.28571428571428,0,2,5,4,254,11,At Risk
15811.0,17,9,2171.32,15.621007194244603,1061,117,365,117.88888888888889,0,4,5,5,455,14,Champion
15812.0,107,5,1801.14,43.930243902439024,922,36,318,184.4,0,2,4,4,244,10,At Risk
15813.0,208,2,1303.91,32.59775,603,40,240,301.5,0,1,3,4,134,8,At Risk
15814.0,3,6,1842.73,24.90175675675676,1247,64,51,207.83333333333331,0,5,4,4,544,13,Champion
15815.0,64,5,2100.6,42.86938775510204,1856,33,260,371.2,0,3,4,5,345,12,Loyal Customer
15819.0,49,4,1905.45,15.491463414634149,1357,96,277,339.25,0,3,4,4,344,11,Loyal Customer
15820.0,320,1,206.98,12.175294117647056,128,17,320,128.0,0,1,1,1,111,3,Lost Customers
15821.0,44,2,570.96,9.209032258064516,202,57,61,101.0,0,3,3,3,333,9,Potential Loyalist
15822.0,3,2,885.47,26.83242424242424,375,28,359,187.5,0,5,3,3,533,11,Potential Loyalist
15823.0,337,2,-840.76,-49.45647058823529,-283,17,372,-141.5,0,1,3,1,131,5,Needs Attention
15825.0,172,1,532.94,26.647,220,20,172,220.0,0,2,1,3,213,6,Needs Attention
15826.0,51,4,1649.36,23.903768115942032,962,64,211,240.5,0,3,4,4,344,11,Loyal Customer
15827.0,73,20,1641.48,12.249850746268656,842,73,372,42.1,0,2,5,4,254,11,At Risk
15829.0,99,2,636.14,12.473333333333333,996,44,141,498.0,0,2,3,3,233,8,At Risk
15830.0,29,2,547.7,13.358536585365854,409,39,38,204.5,0,4,3,3,433,10,Potential Loyalist
15831.0,58,4,747.76,10.837101449275362,1097,64,324,274.25,0,3,4,3,343,10,Loyal Customer
15832.0,254,1,836.79,15.49611111111111,465,54,254,465.0,0,1,1,3,113,5,Needs Attention
15834.0,70,6,2084.9,7.553985507246377,961,243,372,160.16666666666666,0,3,4,5,345,12,Loyal Customer
15835.0,44,4,954.09,19.0818,439,47,331,109.75,0,3,4,4,344,11,Loyal Customer
15836.0,45,2,117.47,9.789166666666668,24,10,50,12.0,0,3,3,1,331,7,Needs Attention
15837.0,65,1,391.98,16.3325,189,24,65,189.0,0,3,1,2,312,6,About to sleep
15838.0,11,21,33350.76,197.341775147929,9007,56,372,428.9047619047619,0,5,5,5,555,15,Champion
15839.0,25,5,1020.74,15.703692307692307,670,56,148,134.0,0,4,4,4,444,12,Champion
15840.0,59,3,345.66,12.345,394,26,173,131.33333333333334,0,3,3,2,332,8,Needs Attention
15841.0,64,6,1209.1,24.182,926,36,339,154.33333333333334,0,3,4,4,344,11,Loyal Customer
15843.0,304,1,118.95000000000002,14.868750000000002,27,8,304,27.0,0,1,1,1,111,3,Lost Customers
15844.0,46,1,130.73999999999998,11.885454545454545,134,11,46,134.0,0,3,1,1,311,5,About to sleep
15845.0,18,10,3650.87,26.077642857142852,1918,97,337,191.8,0,4,5,5,455,14,Champion
15847.0,38,2,389.27,17.694090909090907,449,22,288,224.5,0,3,3,2,332,8,Needs Attention
15850.0,19,2,238.85,2.4623711340206187,302,87,168,151.0,0,4,3,2,432,9,Needs Attention
15852.0,187,2,160.71,7.305000000000001,48,22,197,24.0,0,1,3,1,131,5,Needs Attention
15853.0,52,1,110.8,3.693333333333333,135,29,52,135.0,0,3,1,1,311,5,About to sleep
15854.0,4,12,2974.65,21.2475,939,105,362,78.25,0,5,5,5,555,15,Champion
15855.0,137,5,712.24,8.903,470,59,264,94.0,0,2,4,3,243,9,At Risk
15856.0,4,31,16173.67,24.768254211332312,10941,297,365,352.93548387096774,0,5,5,5,555,15,Champion
15857.0,19,1,297.0,21.214285714285715,308,14,19,308.0,0,4,1,2,412,7,New Customer
15858.0,16,5,1438.85,7.533246073298429,1167,145,367,233.4,0,4,4,4,444,12,Champion
15860.0,41,8,977.21,6.881760563380282,440,105,369,55.0,0,3,5,4,354,12,Loyal Customer
15861.0,12,9,3000.36,5.485118829981719,2543,339,267,282.55555555555554,0,4,5,5,455,14,Champion
15862.0,8,4,832.88,5.665850340136054,585,142,374,146.25,0,5,4,3,543,12,Loyal Customer
15863.0,26,2,68.84,3.824444444444445,19,18,193,9.5,0,4,3,1,431,8,Needs Attention
15864.0,22,8,1769.7800000000002,73.74083333333334,1044,16,316,130.5,0,4,5,4,454,13,Champion
15865.0,41,3,895.13,22.37825,368,37,214,122.66666666666669,0,3,3,3,333,9,Potential Loyalist
15866.0,101,1,230.53,5.122888888888889,126,43,101,126.0,0,2,1,1,211,4,Lost Customers
15867.0,5,16,3797.79,8.20257019438445,2052,302,369,128.25,0,5,5,5,555,15,Champion
15869.0,277,2,149.64,9.976,175,13,277,87.5,0,1,3,1,131,5,Needs Attention
15870.0,33,1,354.09000000000003,4.659078947368421,335,68,33,335.0,0,3,1,2,312,6,About to sleep
15872.0,15,2,360.93,2.819765625,212,101,15,106.0,0,4,3,2,432,9,Needs Attention
15874.0,63,9,4330.67,31.6107299270073,2506,123,284,278.44444444444446,0,3,5,5,355,13,Loyal Customer
15877.0,2,3,440.78,3.364732824427481,246,122,18,82.0,0,5,3,2,532,10,Needs Attention
15880.0,369,2,313.28000000000003,2.955471698113208,187,95,369,93.5,0,1,3,2,132,6,Needs Attention
15881.0,312,8,438.24,13.695,199,26,364,24.875,0,1,5,2,152,8,Needs Attention
15882.0,199,5,495.36,20.64,266,23,368,53.2,0,1,4,3,143,8,At Risk
15883.0,2,2,396.48,8.091428571428573,223,42,33,111.5,0,5,3,2,532,10,Needs Attention
15885.0,93,3,379.35,21.075000000000003,111,18,309,37.0,0,2,3,2,232,7,Needs Attention
15886.0,60,1,181.09,15.090833333333334,147,12,60,147.0,0,3,1,1,311,5,About to sleep
15888.0,80,2,141.27,10.090714285714286,60,11,81,30.0,0,2,3,1,231,6,Needs Attention
15889.0,157,2,446.87,4.80505376344086,215,79,369,107.5,0,2,3,2,232,7,Needs Attention
15891.0,227,1,524.52,8.459999999999999,442,60,227,442.0,0,1,1,3,113,5,Needs Attention
15894.0,253,2,263.55,6.4280487804878055,168,35,369,84.0,0,1,3,2,132,6,Needs Attention
15895.0,150,1,179.17,16.288181818181815,94,11,150,94.0,0,2,1,1,211,4,Lost Customers
15897.0,194,2,222.05,9.252083333333331,261,17,194,130.5,0,1,3,1,131,5,Needs Attention
15898.0,1,6,1384.68,15.915862068965518,568,70,369,94.66666666666669,0,5,4,4,544,13,Champion
15899.0,369,1,56.25,14.0625,39,4,369,39.0,0,1,1,1,111,3,Lost Customers
15900.0,24,1,351.11,6.884509803921569,221,44,24,221.0,0,4,1,2,412,7,New Customer
15901.0,17,3,363.88,3.136896551724138,384,102,155,128.0,0,4,3,2,432,9,Needs Attention
15903.0,10,8,5126.34,68.3512,2409,46,295,301.125,0,5,5,5,555,15,Champion
15904.0,8,1,164.68,5.489333333333334,84,30,8,84.0,0,5,1,1,511,7,New Customer
15906.0,20,8,1521.79,10.078079470198675,538,114,255,67.25,0,4,5,4,454,13,Champion
15907.0,4,3,967.45,3.885341365461848,509,175,210,169.66666666666666,0,5,3,4,534,12,Potential Loyalist
15909.0,174,1,191.94,27.42,98,7,174,98.0,0,2,1,1,211,4,Lost Customers
15910.0,1,8,1232.18,4.614906367041199,1015,215,317,126.875,0,5,5,4,554,14,Champion
15912.0,178,2,264.62,13.927368421052632,185,19,233,92.5,0,2,3,2,232,7,Needs Attention
15916.0,16,10,1491.24,9.32025,752,125,367,75.2,0,4,5,4,454,13,Champion
15917.0,248,1,123.1,10.258333333333333,42,12,248,42.0,0,1,1,1,111,3,Lost Customers
15918.0,191,2,334.23,8.35575,153,33,271,76.5,0,1,3,2,132,6,Needs Attention
15919.0,20,2,639.89,4.4747552447552446,545,103,369,272.5,0,4,3,3,433,10,Potential Loyalist
15920.0,154,4,167.5,2.7916666666666665,99,53,154,24.75,0,2,4,1,241,7,Needs Attention
15921.0,173,1,336.03000000000003,13.441200000000002,166,24,173,166.0,0,2,1,2,212,5,Lost Customers
15922.0,372,2,363.6,30.3,136,11,373,68.0,0,1,3,2,132,6,Needs Attention
15923.0,373,1,127.08,6.051428571428572,122,21,373,122.0,0,1,1,1,111,3,Lost Customers
15925.0,194,1,207.15,17.2625,93,12,194,93.0,0,1,1,1,111,3,Lost Customers
15930.0,67,1,426.63,20.31571428571429,139,21,67,139.0,0,3,1,2,312,6,About to sleep
15932.0,4,11,2461.85,20.68781512605042,2311,93,289,210.0909090909091,0,5,5,5,555,15,Champion
15933.0,21,3,1107.46,14.965675675675676,885,63,87,295.0,0,4,3,4,434,11,Potential Loyalist
15935.0,239,2,416.86,34.73833333333334,115,12,242,57.5,0,1,3,2,132,6,Needs Attention
15937.0,64,1,145.35,20.764285714285712,73,7,64,73.0,0,3,1,1,311,5,About to sleep
15938.0,112,5,404.58,22.476666666666667,240,13,324,48.0,0,2,4,2,242,8,Needs Attention
15939.0,90,16,6102.26,79.25012987012987,4725,28,332,295.3125,0,2,5,5,255,12,At Risk
15940.0,311,2,31.8,15.9,3,2,311,1.5,0,1,3,1,131,5,Needs Attention
15942.0,134,1,337.44,24.102857142857143,232,14,134,232.0,0,2,1,2,212,5,Lost Customers
15944.0,277,1,325.1,54.18333333333334,50,6,277,50.0,0,1,1,2,112,4,Lost Customers
15945.0,365,1,181.0,90.5,52,2,365,52.0,0,1,1,1,111,3,Lost Customers
15947.0,83,1,1708.24,58.9048275862069,898,29,83,898.0,0,2,1,4,214,7,Needs Attention
15948.0,8,2,955.24,15.920666666666667,567,51,44,283.5,0,5,3,4,534,12,Potential Loyalist
15949.0,17,2,364.72,19.19578947368421,284,12,71,142.0,0,4,3,2,432,9,Needs Attention
15950.0,2,5,1705.26,16.555922330097086,722,86,360,144.4,0,5,4,4,544,13,Champion
15951.0,1,3,669.57,15.57139534883721,306,36,286,102.0,0,5,3,3,533,11,Potential Loyalist
15952.0,34,4,806.57,8.863406593406594,399,65,225,99.75,0,3,4,3,343,10,Loyal Customer
15953.0,15,10,1634.53,15.869223300970871,885,65,369,88.5,0,4,5,4,454,13,Champion
15955.0,24,16,4389.81,23.728702702702705,2124,137,373,132.75,0,4,5,5,455,14,Champion
15957.0,32,1,428.89,10.211666666666666,211,40,32,211.0,0,4,1,2,412,7,New Customer
15958.0,74,1,104.35,14.907142857142857,33,7,74,33.0,0,2,1,1,211,4,Lost Customers
15963.0,20,2,470.76,16.812857142857144,298,26,45,149.0,0,4,3,3,433,10,Potential Loyalist
15965.0,17,4,845.64,6.931475409836065,453,88,367,113.25,0,4,4,3,443,11,Loyal Customer
15967.0,23,2,418.83,4.986071428571428,211,73,319,105.5,0,4,3,2,432,9,Needs Attention
15969.0,3,4,582.9,27.757142857142856,120,20,186,30.0,0,5,4,3,543,12,Loyal Customer
15970.0,304,1,314.1,28.55454545454546,116,11,304,116.0,0,1,1,2,112,4,Lost Customers
15971.0,18,12,4199.85,119.9957142857143,1717,10,311,143.08333333333334,0,4,5,5,455,14,Champion
15973.0,236,3,99.77000000000002,16.628333333333337,87,4,367,29.0,0,1,3,1,131,5,Needs Attention
15974.0,39,8,3429.55,19.37598870056497,2256,141,289,282.0,0,3,5,5,355,13,Loyal Customer
15975.0,84,1,371.01,15.45875,243,24,84,243.0,0,2,1,2,212,5,Lost Customers
15976.0,165,2,430.94,4.39734693877551,277,83,220,138.5,0,2,3,2,232,7,Needs Attention
15977.0,17,2,1054.73,16.226615384615386,1016,48,39,508.0,0,4,3,4,434,11,Potential Loyalist
15978.0,77,1,1098.78,22.42408163265306,888,49,77,888.0,0,2,1,4,214,7,Needs Attention
15980.0,89,3,2398.86,55.78744186046512,1560,40,254,520.0,0,2,3,5,235,10,At Risk
15981.0,25,8,3408.48,35.13896907216495,1866,53,311,233.25,0,4,5,5,455,14,Champion
15983.0,22,4,1475.02,13.053274336283186,892,82,374,223.0,0,4,4,4,444,12,Champion
15984.0,3,11,2816.97,10.243527272727272,1833,217,368,166.63636363636363,0,5,5,5,555,15,Champion
15985.0,123,3,1037.42,27.30052631578948,836,29,237,278.6666666666667,0,2,3,4,234,9,At Risk
15986.0,30,1,168.12,12.008571428571427,268,14,30,268.0,0,4,1,1,411,6,New Customer
15987.0,12,7,1451.28,10.366285714285716,1556,110,369,222.28571428571428,0,4,5,4,454,13,Champion
15988.0,19,1,158.03,5.852962962962963,181,26,19,181.0,0,4,1,1,411,6,New Customer
15990.0,44,2,792.11,15.232884615384616,443,52,287,221.5,0,3,3,3,333,9,Potential Loyalist
15992.0,4,1,41.99,13.996666666666664,17,3,4,17.0,0,5,1,1,511,7,New Customer
15993.0,9,10,2756.82,4.922892857142857,2042,336,44,204.2,0,5,5,5,555,15,Champion
15994.0,55,1,427.07,12.202,177,31,55,177.0,0,3,1,2,312,6,About to sleep
15996.0,88,7,1044.78,7.975419847328244,382,103,366,54.57142857142857,0,2,5,4,254,11,At Risk
15998.0,37,6,3084.17,6.059273084479371,2037,373,362,339.5,0,3,4,5,345,12,Loyal Customer
16000.0,3,3,12393.7,1377.0777777777778,5110,9,3,1703.3333333333333,0,5,3,5,535,13,Potential Loyalist
16003.0,30,5,2735.37,26.55699029126213,1185,82,360,237.0,0,4,4,5,445,13,Champion
16005.0,12,4,615.39,2.822889908256881,300,173,271,75.0,0,4,4,3,443,11,Loyal Customer
16006.0,211,1,101.4,12.675,84,8,211,84.0,0,1,1,1,111,3,Lost Customers
16007.0,48,4,1701.94,4.420623376623377,1393,221,215,348.25,0,3,4,4,344,11,Loyal Customer
16008.0,24,3,478.78,14.508484848484848,323,29,205,107.66666666666669,0,4,3,3,433,10,Potential Loyalist
16009.0,22,4,992.71,11.030111111111111,378,68,160,94.5,0,4,4,4,444,12,Champion
16010.0,246,3,407.5,4.738372093023256,210,62,363,70.0,0,1,3,2,132,6,Needs Attention
16011.0,8,16,3362.71,15.86183962264151,2042,99,366,127.625,0,5,5,5,555,15,Champion
16012.0,35,3,1415.29,15.05627659574468,799,87,155,266.3333333333333,0,3,3,4,334,10,Potential Loyalist
16013.0,4,54,33366.25,220.9685430463576,13845,34,371,256.3888888888889,0,5,5,5,555,15,Champion
16014.0,36,4,653.13,4.413040540540541,261,123,291,65.25,0,3,4,3,343,10,Loyal Customer
16015.0,4,4,690.54,3.752934782608696,906,146,49,226.5,0,5,4,3,543,12,Loyal Customer
16016.0,3,10,1483.31,6.258691983122363,618,156,367,61.8,0,5,5,4,554,14,Champion
16017.0,47,1,211.88,6.62125,102,26,47,102.0,0,3,1,1,311,5,About to sleep
16018.0,39,2,408.9,14.60357142857143,190,26,180,95.0,0,3,3,2,332,8,Needs Attention
16019.0,2,10,3450.24,20.910545454545456,1649,133,365,164.9,0,5,5,5,555,15,Champion
16020.0,17,3,851.01,18.500217391304343,487,42,65,162.33333333333334,0,4,3,3,433,10,Potential Loyalist
16022.0,260,1,628.28,8.266842105263157,261,68,260,261.0,0,1,1,3,113,5,Needs Attention
16023.0,46,3,719.81,7.126831683168317,358,90,266,119.33333333333331,0,3,3,3,333,9,Potential Loyalist
16024.0,12,1,251.24,3.925625,398,61,12,398.0,0,4,1,2,412,7,New Customer
16025.0,30,1,439.66,15.702142857142857,338,28,30,338.0,0,4,1,2,412,7,New Customer
16026.0,43,1,236.09,7.3778125,243,30,43,243.0,0,3,1,1,311,5,About to sleep
16027.0,92,7,852.12,50.12470588235294,1146,12,303,163.71428571428572,0,2,5,3,253,10,At Risk
16029.0,39,76,50992.61,186.10441605839412,32148,46,374,423.0,0,3,5,5,355,13,Loyal Customer
16030.0,310,1,331.24,11.422068965517242,283,28,310,283.0,0,1,1,2,112,4,Lost Customers
16031.0,92,2,548.94,5.489400000000001,423,91,247,211.5,0,2,3,3,233,8,At Risk
16033.0,6,27,8727.61,7.576050347222223,3516,539,370,130.22222222222223,0,5,5,5,555,15,Champion
16034.0,196,3,437.7,19.895454545454545,242,18,333,80.66666666666667,0,1,3,2,132,6,Needs Attention
16036.0,87,2,758.92,13.798545454545454,716,55,263,358.0,0,2,3,3,233,8,At Risk
16037.0,270,3,855.02,21.923589743589744,428,37,359,142.66666666666666,0,1,3,3,133,7,At Risk
16038.0,8,4,454.33,16.22607142857143,241,24,202,60.25,0,5,4,2,542,11,Loyal Customer
16040.0,65,3,1313.55,20.20846153846154,684,57,269,228.0,0,3,3,4,334,10,Potential Loyalist
16041.0,31,3,3166.4,527.7333333333333,1584,6,141,528.0,0,4,3,5,435,12,Potential Loyalist
16042.0,22,7,1147.37,15.298266666666663,745,68,373,106.42857142857144,0,4,5,4,454,13,Champion
16043.0,38,4,773.99,19.845897435897434,503,30,318,125.75,0,3,4,3,343,10,Loyal Customer
16045.0,120,4,1340.7,16.15301204819277,897,71,290,224.25,0,2,4,4,244,10,At Risk
16048.0,86,3,243.69000000000003,27.076666666666668,143,9,373,47.66666666666666,0,2,3,2,232,7,Needs Attention
16049.0,40,3,1111.79,3.563429487179487,793,248,75,264.3333333333333,0,3,3,4,334,10,Potential Loyalist
16050.0,174,1,137.9,13.79,278,10,174,278.0,0,2,1,1,211,4,Lost Customers
16052.0,54,1,362.06,10.648823529411764,282,34,54,282.0,0,3,1,2,312,6,About to sleep
16053.0,33,2,1511.95,17.999404761904763,1793,81,122,896.5,0,3,3,4,334,10,Potential Loyalist
16054.0,145,1,783.9,11.198571428571428,380,70,145,380.0,0,2,1,3,213,6,Needs Attention
16055.0,221,1,134.8,16.85,22,8,221,22.0,0,1,1,1,111,3,Lost Customers
16056.0,45,1,664.85,9.77720588235294,347,66,45,347.0,0,3,1,3,313,7,About to sleep
16057.0,4,10,2140.2200000000003,15.971791044776122,833,109,285,83.3,0,5,5,5,555,15,Champion
16059.0,66,6,1459.86,8.110333333333333,643,126,368,107.16666666666669,0,3,4,4,344,11,Loyal Customer
16061.0,269,1,-29.95,-29.95,-1,1,269,-1.0,0,1,1,1,111,3,Lost Customers
16062.0,10,4,1153.62,18.0253125,800,50,365,200.0,0,5,4,4,544,13,Champion
16063.0,260,1,335.32,14.57913043478261,262,23,260,262.0,0,1,1,2,112,4,Lost Customers
16065.0,365,1,372.09,5.028243243243243,231,71,365,231.0,0,1,1,2,112,4,Lost Customers
16066.0,17,5,1521.87,14.920294117647058,936,77,124,187.2,0,4,4,4,444,12,Champion
16070.0,22,2,852.15,25.82272727272727,457,32,32,228.5,0,4,3,3,433,10,Potential Loyalist
16071.0,45,1,326.24,15.535238095238096,180,21,45,180.0,0,3,1,2,312,6,About to sleep
16072.0,288,1,584.3199999999999,25.405217391304344,140,23,288,140.0,0,1,1,3,113,5,Needs Attention
16073.0,292,2,94.35,47.175,37,1,297,18.5,0,1,3,1,131,5,Needs Attention
16076.0,3,11,2173.53,16.591832061068704,1363,71,209,123.9090909090909,0,5,5,5,555,15,Champion
16078.0,284,1,79.2,79.2,16,1,284,16.0,0,1,1,1,111,3,Lost Customers
16079.0,17,3,1352.0,64.38095238095238,864,18,40,288.0,0,4,3,4,434,11,Potential Loyalist
16080.0,82,3,176.6,16.054545454545455,104,10,274,34.666666666666664,0,2,3,1,231,6,Needs Attention
16081.0,56,5,2806.9,12.365198237885464,1477,175,367,295.4,0,3,4,5,345,12,Loyal Customer
16083.0,101,2,1317.62,42.50387096774193,908,31,361,454.0,0,2,3,4,234,9,At Risk
16084.0,299,1,436.18,11.47842105263158,216,38,299,216.0,0,1,1,2,112,4,Lost Customers
16085.0,23,5,981.51,5.877305389221557,636,123,321,127.2,0,4,4,4,444,12,Champion
16086.0,59,6,1119.31,27.98275,510,24,367,85.0,0,3,4,4,344,11,Loyal Customer
16091.0,155,2,315.06,17.503333333333334,154,16,199,77.0,0,2,3,2,232,7,Needs Attention
16092.0,99,5,779.36,14.704905660377358,602,37,254,120.4,0,2,4,3,243,9,At Risk
16093.0,107,1,17.0,17.0,20,1,107,20.0,0,2,1,1,211,4,Lost Customers
16094.0,12,6,1041.83,15.549701492537311,633,48,337,105.5,0,4,4,4,444,12,Champion
16096.0,264,1,320.62,26.718333333333334,155,12,264,155.0,0,1,1,2,112,4,Lost Customers
16097.0,240,1,185.05,18.505,87,10,240,87.0,0,1,1,1,111,3,Lost Customers
16098.0,88,7,2005.63,29.934776119402983,613,34,374,87.57142857142857,0,2,5,5,255,12,At Risk
16099.0,50,3,731.9,18.766666666666666,434,29,226,144.66666666666666,0,3,3,3,333,9,Potential Loyalist
16101.0,9,3,1245.96,15.01156626506024,738,76,71,246.0,0,5,3,4,534,12,Potential Loyalist
16102.0,42,3,1842.14,32.31824561403509,942,41,129,314.0,0,3,3,4,334,10,Potential Loyalist
16103.0,7,6,1429.64,29.784166666666668,558,30,234,93.0,0,5,4,4,544,13,Champion
16104.0,62,1,302.36,10.426206896551724,123,28,62,123.0,0,3,1,2,312,6,About to sleep
16105.0,249,1,336.96,25.92,330,13,249,330.0,0,1,1,2,112,4,Lost Customers
16106.0,66,1,108.38,18.063333333333333,74,6,66,74.0,0,3,1,1,311,5,About to sleep
16107.0,18,7,3204.1600000000003,103.36,1176,16,183,168.0,0,4,5,5,455,14,Champion
16108.0,85,2,816.1,16.655102040816328,599,48,85,299.5,0,2,3,3,233,8,At Risk
16109.0,219,2,611.88,33.99333333333333,612,18,309,306.0,0,1,3,3,133,7,At Risk
16110.0,45,3,1337.48,3.77819209039548,733,283,311,244.33333333333331,0,3,3,4,334,10,Potential Loyalist
16112.0,143,4,195.74,12.23375,574,15,339,143.5,0,2,4,1,241,7,Needs Attention
16113.0,183,1,161.38,5.379333333333333,176,30,183,176.0,0,1,1,1,111,3,Lost Customers
16114.0,171,1,135.75000000000003,16.968750000000004,43,8,171,43.0,0,2,1,1,211,4,Lost Customers
16115.0,10,8,1667.97,5.873133802816901,1001,169,293,125.125,0,5,5,4,554,14,Champion
16116.0,206,2,592.88,16.93942857142857,246,34,212,123.0,0,1,3,3,133,7,At Risk
16117.0,190,1,232.21,7.740333333333334,130,30,190,130.0,0,1,1,1,111,3,Lost Customers
16119.0,8,2,423.36,26.46,240,14,73,120.0,0,5,3,2,532,10,Needs Attention
16120.0,59,5,1294.14,40.441875,866,26,59,173.2,0,3,4,4,344,11,Loyal Customer
16121.0,57,2,867.11,4.090141509433963,586,170,216,293.0,0,3,3,3,333,9,Potential Loyalist
16122.0,73,4,684.4200000000001,18.01105263157895,1128,26,367,282.0,0,2,4,3,243,9,At Risk
16123.0,52,1,307.78,19.23625,170,16,52,170.0,0,3,1,2,312,6,About to sleep
16124.0,316,2,187.15,11.696875,41,11,317,20.5,0,1,3,1,131,5,Needs Attention
16125.0,367,1,289.35,22.25769230769231,124,13,367,124.0,0,1,1,2,112,4,Lost Customers
16126.0,29,4,6287.77,53.741623931623934,2125,57,297,531.25,0,4,4,5,445,13,Champion
16127.0,39,1,656.25,16.40625,323,40,39,323.0,0,3,1,3,313,7,About to sleep
16128.0,18,5,1880.22,21.126067415730336,988,76,283,197.6,0,4,4,4,444,12,Champion
16131.0,52,6,3506.54,44.95564102564102,1802,55,240,300.3333333333333,0,3,4,5,345,12,Loyal Customer
16133.0,4,46,14305.66,39.19358904109589,8738,221,318,189.95652173913044,0,5,5,5,555,15,Champion
16134.0,22,3,603.69,15.886578947368422,357,34,359,119.0,0,4,3,3,433,10,Potential Loyalist
16135.0,263,1,517.55,24.64523809523809,209,21,263,209.0,0,1,1,3,113,5,Needs Attention
16136.0,60,3,709.38,19.172432432432437,440,35,278,146.66666666666666,0,3,3,3,333,9,Potential Loyalist
16138.0,368,1,-7.95,-7.95,-1,1,368,-1.0,0,1,1,1,111,3,Lost Customers
16139.0,19,3,635.41,20.497096774193547,330,25,207,110.0,0,4,3,3,433,10,Potential Loyalist
16140.0,53,4,703.77,19.02081081081081,727,33,371,181.75,0,3,4,3,343,10,Loyal Customer
16141.0,88,1,620.4,20.68,238,30,88,238.0,0,2,1,3,213,6,Needs Attention
16142.0,250,1,535.34,14.46864864864865,422,37,250,422.0,0,1,1,3,113,5,Needs Attention
16143.0,3,7,2419.84,20.5071186440678,917,75,369,131.0,0,5,5,5,555,15,Champion
16144.0,247,1,175.2,175.2,16,1,247,16.0,0,1,1,1,111,3,Lost Customers
16145.0,9,18,3741.98,15.788945147679325,3072,134,360,170.66666666666666,0,5,5,5,555,15,Champion
16146.0,157,3,734.13,25.314827586206896,427,26,232,142.33333333333334,0,2,3,3,233,8,At Risk
16147.0,134,1,375.0,17.045454545454547,246,22,134,246.0,0,2,1,2,212,5,Lost Customers
16148.0,296,1,76.32000000000001,76.32000000000001,72,1,296,72.0,0,1,1,1,111,3,Lost Customers
16149.0,5,2,280.52,15.584444444444443,308,18,142,154.0,0,5,3,2,532,10,Needs Attention
16150.0,39,10,1906.07,14.015220588235294,1004,91,372,100.4,0,3,5,4,354,12,Loyal Customer
16152.0,269,1,1829.04,63.07034482758621,642,29,269,642.0,0,1,1,4,114,6,Needs Attention
16153.0,50,5,1824.23,20.496966292134832,1073,78,355,214.6,0,3,4,4,344,11,Loyal Customer
16156.0,9,13,3024.62,21.75985611510791,1270,109,311,97.6923076923077,0,5,5,5,555,15,Champion
16157.0,16,4,644.24,33.90736842105263,344,12,73,86.0,0,4,4,3,443,11,Loyal Customer
16159.0,282,1,348.2,24.87142857142857,236,14,282,236.0,0,1,1,2,112,4,Lost Customers
16160.0,64,4,1009.45,45.88409090909091,1153,20,86,288.25,0,3,4,4,344,11,Loyal Customer
16161.0,2,26,5352.97,10.663286852589644,2506,293,369,96.3846153846154,0,5,5,5,555,15,Champion
16162.0,252,1,37.4,18.7,4,2,252,4.0,0,1,1,1,111,3,Lost Customers
16163.0,225,3,441.6,63.08571428571428,92,5,365,30.666666666666668,0,1,3,2,132,6,Needs Attention
16164.0,17,4,802.53,22.92942857142857,432,27,43,108.0,0,4,4,3,443,11,Loyal Customer
16168.0,11,28,3770.6,38.08686868686869,1888,57,370,67.42857142857143,0,5,5,5,555,15,Champion
16169.0,8,4,1822.97,21.44670588235294,1325,71,76,331.25,0,5,4,4,544,13,Champion
16170.0,51,7,1880.42,14.806456692913384,1766,106,248,252.28571428571428,0,3,5,4,354,12,Loyal Customer
16171.0,59,1,73.2,24.4,24,3,59,24.0,0,3,1,1,311,5,About to sleep
16172.0,95,5,1140.21,16.524782608695652,787,52,242,157.4,0,2,4,4,244,10,At Risk
16173.0,16,7,1406.57,16.167471264367816,571,70,98,81.57142857142857,0,4,5,4,454,13,Champion
16174.0,126,3,1009.55,43.89347826086957,651,19,152,217.0,0,2,3,4,234,9,At Risk
16175.0,94,4,1037.59,17.889482758620687,533,45,240,133.25,0,2,4,4,244,10,At Risk
16177.0,50,1,331.95,22.13,95,15,50,95.0,0,3,1,2,312,6,About to sleep
16178.0,138,1,197.9,24.7375,94,8,138,94.0,0,2,1,1,211,4,Lost Customers
16179.0,61,1,215.83,19.62090909090909,99,11,61,99.0,0,3,1,1,311,5,About to sleep
16180.0,100,10,10217.48,58.05386363636364,5853,92,253,585.3,0,2,5,5,255,12,At Risk
16181.0,73,1,305.54,27.77636363636364,152,11,73,152.0,0,2,1,2,212,5,Lost Customers
16182.0,72,4,6617.65,236.34464285714284,3791,17,295,947.75,0,2,4,5,245,11,At Risk
16183.0,67,1,338.71000000000004,22.58066666666667,113,15,67,113.0,0,3,1,2,312,6,About to sleep
16184.0,64,7,1155.54,25.12043478260869,560,26,211,80.0,0,3,5,4,354,12,Loyal Customer
16185.0,17,2,529.41,17.07774193548387,260,31,233,130.0,0,4,3,3,433,10,Potential Loyalist
16186.0,23,13,3991.94,18.228036529680367,3008,87,372,231.3846153846154,0,4,5,5,455,14,Champion
16187.0,32,17,6841.24,23.034478114478112,5004,160,284,294.3529411764706,0,4,5,5,455,14,Champion
16188.0,45,4,981.86,14.65462686567164,782,65,243,195.5,0,3,4,4,344,11,Loyal Customer
16189.0,16,2,215.48,19.58909090909091,134,9,85,67.0,0,4,3,1,431,8,Needs Attention
16190.0,40,1,215.08,35.84666666666667,88,6,40,88.0,0,3,1,1,311,5,About to sleep
16191.0,3,25,4913.32,32.53854304635762,3203,67,361,128.12,0,5,5,5,555,15,Champion
16193.0,237,1,314.45,16.55,219,19,237,219.0,0,1,1,2,112,4,Lost Customers
16198.0,75,1,400.681,26.71206666666667,129,15,75,129.0,0,2,1,2,212,5,Lost Customers
16200.0,4,2,1080.62,6.036983240223464,523,149,164,261.5,0,5,3,4,534,12,Potential Loyalist
16201.0,3,5,1821.52,15.839304347826086,1267,74,110,253.4,0,5,4,4,544,13,Champion
16202.0,361,1,365.27,20.292777777777776,191,18,361,191.0,0,1,1,2,112,4,Lost Customers
16203.0,59,5,589.15,16.365277777777777,261,27,372,52.2,0,3,4,3,343,10,Loyal Customer
16204.0,23,1,405.71,7.117719298245614,231,45,23,231.0,0,4,1,2,412,7,New Customer
16205.0,31,4,761.38,7.769183673469388,517,73,180,129.25,0,4,4,3,443,11,Loyal Customer
16206.0,55,4,537.0600000000001,8.524761904761906,272,52,328,68.0,0,3,4,3,343,10,Loyal Customer
16207.0,25,1,394.38,20.75684210526316,140,19,25,140.0,0,4,1,2,412,7,New Customer
16208.0,45,2,664.26,10.064545454545454,333,61,289,166.5,0,3,3,3,333,9,Potential Loyalist
16209.0,89,5,2262.62,49.18739130434783,1179,37,247,235.8,0,2,4,5,245,11,At Risk
16210.0,2,18,21086.3,171.43333333333334,7559,74,374,419.94444444444446,0,5,5,5,555,15,Champion
16211.0,81,2,542.77,22.615416666666665,153,23,89,76.5,0,2,3,3,233,8,At Risk
16212.0,19,3,681.19,15.841627906976743,241,40,283,80.33333333333333,0,4,3,3,433,10,Potential Loyalist
16213.0,79,1,159.0,26.5,48,6,79,48.0,0,2,1,1,211,4,Lost Customers
16214.0,171,3,1062.75,24.15340909090909,420,36,269,140.0,0,2,3,4,234,9,At Risk
16215.0,81,1,242.35,17.310714285714287,104,14,81,104.0,0,2,1,2,212,5,Lost Customers
16216.0,267,1,914.93,24.72783783783784,254,37,267,254.0,0,1,1,4,114,6,Needs Attention
16217.0,235,4,259.39000000000004,13.652105263157898,76,14,282,19.0,0,1,4,2,142,7,Needs Attention
16218.0,30,8,3054.87,33.943,2077,56,374,259.625,0,4,5,5,455,14,Champion
16221.0,37,3,864.86,8.916082474226805,717,90,367,239.0,0,3,3,3,333,9,Potential Loyalist
16222.0,318,1,846.72,6.18043795620438,365,120,318,365.0,0,1,1,3,113,5,Needs Attention
16224.0,57,4,1295.3,13.492708333333333,1116,90,250,279.0,0,3,4,4,344,11,Loyal Customer
16225.0,45,5,1096.32,8.181492537313432,493,109,278,98.6,0,3,4,4,344,11,Loyal Customer
16226.0,203,3,255.12,31.89,192,6,235,64.0,0,1,3,2,132,6,Needs Attention
16227.0,219,2,308.32000000000005,44.04571428571429,88,6,225,44.0,0,1,3,2,132,6,Needs Attention
16229.0,87,2,1010.6,21.50212765957447,318,46,213,159.0,0,2,3,4,234,9,At Risk
16230.0,190,2,542.03,15.486571428571429,365,32,220,182.5,0,1,3,3,133,7,At Risk
16232.0,33,5,983.23,25.87447368421053,547,24,215,109.4,0,3,4,4,344,11,Loyal Customer
16233.0,71,5,422.13,16.8852,165,22,366,33.0,0,3,4,2,342,9,Loyal Customer
16235.0,41,6,858.41,17.883541666666666,328,42,332,54.66666666666666,0,3,4,3,343,10,Loyal Customer
16236.0,78,1,432.2,21.61,184,20,78,184.0,0,2,1,2,212,5,Lost Customers
16239.0,57,3,372.9,17.757142857142856,218,18,190,72.66666666666667,0,3,3,2,332,8,Needs Attention
16240.0,8,5,3693.81,26.01274647887324,1634,127,77,326.8,0,5,4,5,545,14,Champion
16241.0,10,13,2607.87,3.939380664652568,1453,347,370,111.76923076923076,0,5,5,5,555,15,Champion
16242.0,8,8,3598.26,12.197491525423729,1981,184,277,247.625,0,5,5,5,555,15,Champion
16243.0,34,2,409.1,8.02156862745098,110,49,55,55.0,0,3,3,2,332,8,Needs Attention
16244.0,212,2,1522.75,16.733516483516482,855,88,373,427.5,0,1,3,4,134,8,At Risk
16245.0,24,5,1352.36,14.541505376344087,1008,80,257,201.6,0,4,4,4,444,12,Champion
16247.0,170,1,114.56,7.16,182,16,170,182.0,0,2,1,1,211,4,Lost Customers
16248.0,62,1,152.94,21.84857142857143,78,7,62,78.0,0,3,1,1,311,5,About to sleep
16249.0,53,5,1800.07,26.08797101449275,950,67,239,190.0,0,3,4,4,344,11,Loyal Customer
16250.0,261,2,389.44,16.226666666666667,208,22,374,104.0,0,1,3,2,132,6,Needs Attention
16252.0,366,1,-295.09,-14.05190476190476,-158,21,366,-158.0,0,1,1,1,111,3,Lost Customers
16253.0,32,3,3665.62,29.561451612903223,3137,115,255,1045.6666666666667,0,4,3,5,435,12,Potential Loyalist
16255.0,17,10,2609.3,9.522992700729928,1760,146,365,176.0,0,4,5,5,455,14,Champion
16256.0,258,2,732.63,52.330714285714286,577,13,267,288.5,0,1,3,3,133,7,At Risk
16257.0,177,1,46.95,23.475,2,2,177,2.0,0,2,1,1,211,4,Lost Customers
16258.0,45,5,5203.51,38.54451851851852,2994,111,219,598.8,0,3,4,5,345,12,Loyal Customer
16260.0,51,1,1035.45,57.525000000000006,311,18,51,311.0,0,3,1,4,314,8,About to sleep
16261.0,17,4,746.83,6.022822580645162,306,98,246,76.5,0,4,4,3,443,11,Loyal Customer
16262.0,361,1,-31.65,-10.55,-5,3,361,-5.0,0,1,1,1,111,3,Lost Customers
16265.0,9,11,5423.15,20.858269230769228,2627,164,365,238.8181818181818,0,5,5,5,555,15,Champion
16266.0,74,7,861.89,14.12934426229508,398,44,206,56.85714285714285,0,2,5,3,253,10,At Risk
16268.0,71,2,667.65,14.836666666666666,533,45,71,266.5,0,3,3,3,333,9,Potential Loyalist
16270.0,353,1,1141.24,21.134074074074075,688,54,353,688.0,0,1,1,4,114,6,Needs Attention
16271.0,3,6,1423.29,10.621567164179105,1037,90,358,172.83333333333334,0,5,4,4,544,13,Champion
16272.0,117,1,411.7,16.468,224,25,117,224.0,0,2,1,2,212,5,Lost Customers
16274.0,373,1,357.95,5.342537313432835,155,64,373,155.0,0,1,1,2,112,4,Lost Customers
16275.0,197,1,559.87,16.965757575757575,336,33,197,336.0,0,1,1,3,113,5,Needs Attention
16276.0,177,1,810.6000000000001,135.10000000000002,420,6,177,420.0,0,2,1,3,213,6,Needs Attention
16278.0,23,3,537.83,21.5132,109,23,100,36.333333333333336,0,4,3,3,433,10,Potential Loyalist
16279.0,21,4,1496.68,13.731009174311929,1052,104,334,263.0,0,4,4,4,444,12,Champion
16281.0,72,1,2062.06,121.29764705882351,934,17,72,934.0,0,2,1,5,215,8,Needs Attention
16282.0,340,1,168.3,15.3,114,11,340,114.0,0,1,2,1,121,4,Lost Customers
16283.0,6,7,1531.51,9.116130952380953,1222,117,208,174.57142857142858,0,5,5,4,554,14,Champion
16284.0,31,2,823.97,7.559357798165138,544,87,50,272.0,0,4,3,3,433,10,Potential Loyalist
16287.0,170,1,142.5,17.8125,298,8,170,298.0,0,2,2,1,221,5,Lost Customers
16292.0,117,2,280.9,14.784210526315787,188,17,122,94.0,0,2,3,2,232,7,Needs Attention
16293.0,9,12,2236.74,18.6395,978,102,367,81.5,0,5,5,5,555,15,Champion
16295.0,10,4,1328.55,16.817088607594936,841,70,65,210.25,0,5,4,4,544,13,Champion
16297.0,213,4,275.4,11.97391304347826,180,21,269,45.0,0,1,4,2,142,7,Needs Attention
16298.0,23,3,598.2,22.15555555555556,198,22,187,66.0,0,4,3,3,433,10,Potential Loyalist
16302.0,108,2,212.82,17.735,134,11,127,67.0,0,2,3,1,231,6,Needs Attention
16303.0,26,4,5305.83,31.771437125748506,2621,119,333,655.25,0,4,4,5,445,13,Champion
16305.0,139,1,361.22,16.419090909090908,256,22,139,256.0,0,2,2,2,222,6,Lost Customers
16306.0,214,9,602.27,13.687954545454543,471,36,367,52.333333333333336,0,1,5,3,153,9,At Risk
16308.0,38,4,2560.0,640.0,8000,1,261,2000.0,0,3,4,5,345,12,Loyal Customer
16309.0,92,3,686.67,15.606136363636365,465,39,241,155.0,0,2,3,3,233,8,At Risk
16311.0,18,2,616.26,16.655675675675674,394,35,49,197.0,0,4,3,3,433,10,Potential Loyalist
16313.0,3,2,274.15000000000003,17.134375000000002,165,16,50,82.5,0,5,3,2,532,10,Needs Attention
16315.0,331,1,226.37,16.169285714285714,75,14,331,75.0,0,1,2,1,121,4,Lost Customers
16316.0,64,12,2755.56,17.663846153846155,1466,121,358,122.16666666666669,0,3,5,5,355,13,Loyal Customer
16317.0,120,3,1341.65,19.444202898550724,890,64,297,296.6666666666667,0,2,3,4,234,9,At Risk
16318.0,35,1,328.15,17.271052631578947,199,19,35,199.0,0,3,2,2,322,7,About to sleep
16319.0,218,1,404.4,134.8,72,3,218,72.0,0,1,2,2,122,5,Lost Customers
16320.0,172,2,1038.46,18.543928571428573,732,56,213,366.0,0,2,3,4,234,9,At Risk
16321.0,72,7,230.7,14.41875,78,7,324,11.142857142857142,0,2,5,1,251,8,Needs Attention
16322.0,1,2,326.75,8.83108108108108,231,28,36,115.5,0,5,3,2,532,10,Needs Attention
16323.0,196,1,207.50000000000003,207.50000000000003,50,1,196,50.0,0,1,2,1,121,4,Lost Customers
16324.0,128,3,428.68,3.632881355932204,282,100,177,94.0,0,2,3,2,232,7,Needs Attention
16325.0,44,5,510.54,25.527,164,14,246,32.8,0,3,4,3,343,10,Loyal Customer
16326.0,6,15,3085.96,9.643625,689,158,335,45.93333333333333,0,5,5,5,555,15,Champion
16327.0,14,6,3844.22,12.050846394984326,2571,142,370,428.5,0,4,4,5,445,13,Champion
16330.0,18,4,242.21,5.907560975609757,145,39,112,36.25,0,4,4,2,442,10,Loyal Customer
16332.0,28,8,1583.2,10.28051948051948,793,125,305,99.125,0,4,5,4,454,13,Champion
16333.0,8,22,26626.8,591.7066666666667,32184,9,310,1462.909090909091,0,5,5,5,555,15,Champion
16337.0,37,1,151.05,15.105,87,10,37,87.0,0,3,2,1,321,6,About to sleep
16338.0,157,1,214.8,19.527272727272727,94,11,157,94.0,0,2,2,1,221,5,Lost Customers
16339.0,284,1,109.95,5.4975000000000005,23,17,284,23.0,0,1,2,1,121,4,Lost Customers
16340.0,107,1,549.07,3.5886928104575166,501,124,107,501.0,0,2,2,3,223,7,Needs Attention
16341.0,25,6,1959.38,23.325952380952383,1388,60,201,231.33333333333331,0,4,4,4,444,12,Champion
16342.0,75,4,322.41,21.494000000000003,157,10,180,39.25,0,2,4,2,242,8,Needs Attention
16343.0,16,2,370.48,7.882553191489361,195,29,16,97.5,0,4,3,2,432,9,Needs Attention
16344.0,158,1,101.1,50.55,18,1,158,18.0,0,2,2,1,221,5,Lost Customers
16345.0,44,1,575.41,15.14236842105263,289,35,44,289.0,0,3,2,3,323,8,Potential Loyalist
16347.0,11,2,887.65,9.648369565217392,353,61,36,176.5,0,5,3,3,533,11,Potential Loyalist
16348.0,32,7,1469.45,6.252978723404255,819,157,240,117.0,0,4,5,4,454,13,Champion
16349.0,291,1,53.5,5.944444444444445,9,9,291,9.0,0,1,2,1,121,4,Lost Customers
16350.0,21,5,1100.47,18.341166666666663,542,41,365,108.4,0,4,4,4,444,12,Champion
16351.0,333,1,153.9,19.2375,90,8,333,90.0,0,1,2,1,121,4,Lost Customers
16352.0,18,2,494.44,17.658571428571427,300,28,38,150.0,0,4,3,3,433,10,Potential Loyalist
16353.0,4,23,6675.71,71.0181914893617,2006,51,370,87.21739130434783,0,5,5,5,555,15,Champion
16354.0,63,2,395.8,10.148717948717948,150,38,73,75.0,0,3,3,2,332,8,Needs Attention
16356.0,198,4,210.32,6.572500000000001,92,20,278,23.0,0,1,4,1,141,6,Needs Attention
16357.0,33,3,658.88,19.378823529411765,246,31,214,82.0,0,3,3,3,333,9,Potential Loyalist
16358.0,1,5,2024.95,18.408636363636365,1301,82,184,260.2,0,5,4,5,545,14,Champion
16359.0,7,12,1460.37,20.862428571428573,1154,39,332,96.16666666666669,0,5,5,4,554,14,Champion
16360.0,5,8,3411.69,5.084485842026826,2128,365,88,266.0,0,5,5,5,555,15,Champion
16361.0,10,4,896.66,8.459056603773584,421,87,71,105.25,0,5,4,3,543,12,Loyal Customer
16362.0,32,9,652.07,7.245222222222223,325,58,91,36.11111111111112,0,4,5,3,453,12,Loyal Customer
16363.0,53,1,109.36,21.872000000000003,52,5,53,52.0,0,3,2,1,321,6,About to sleep
16364.0,12,2,707.04,13.340377358490564,280,48,137,140.0,0,4,3,3,433,10,Potential Loyalist
16365.0,18,9,1540.42,30.2043137254902,504,45,367,56.0,0,4,5,4,454,13,Champion
16366.0,19,1,327.3,18.183333333333334,256,18,19,256.0,0,4,2,2,422,8,New Customer
16367.0,37,2,804.49,6.188384615384615,647,123,363,323.5,0,3,3,3,333,9,Potential Loyalist
16368.0,2,2,497.43,6.545131578947369,260,58,28,130.0,0,5,3,3,533,11,Potential Loyalist
16369.0,18,3,1553.66,13.166610169491529,1035,91,197,345.0,0,4,3,4,434,11,Potential Loyalist
16370.0,82,4,1320.56,5.791929824561404,647,143,225,161.75,0,2,4,4,244,10,At Risk
16372.0,33,2,367.93,3.793092783505154,166,86,34,83.0,0,3,3,2,332,8,Needs Attention
16374.0,66,2,473.03,4.261531531531531,240,101,262,120.0,0,3,3,3,333,9,Potential Loyalist
16376.0,9,3,977.52,7.636875,689,104,17,229.66666666666663,0,5,3,4,534,12,Potential Loyalist
16377.0,267,1,676.2,135.24,1500,5,267,1500.0,0,1,2,3,123,6,Needs Attention
16378.0,247,3,362.95,15.780434782608696,267,22,311,89.0,0,1,3,2,132,6,Needs Attention
16379.0,4,5,2131.9,19.55871559633028,1408,87,79,281.6,0,5,4,5,545,14,Champion
16380.0,61,1,1780.59,55.6434375,1524,28,61,1524.0,0,3,2,4,324,9,Potential Loyalist
16383.0,75,2,668.36,6.552549019607843,475,80,268,237.5,0,2,3,3,233,8,At Risk
16384.0,90,2,584.5,17.71212121212121,260,33,264,130.0,0,2,3,3,233,8,At Risk
16385.0,60,3,555.89,9.42186440677966,261,52,366,87.0,0,3,3,3,333,9,Potential Loyalist
16386.0,29,2,317.2,3.6045454545454554,224,76,254,112.0,0,4,3,2,432,9,Needs Attention
16387.0,323,1,94.36,23.59,44,4,323,44.0,0,1,2,1,121,4,Lost Customers
16389.0,53,5,1362.27,38.922,1230,33,283,246.0,0,3,4,4,344,11,Loyal Customer
16392.0,270,1,221.19,4.915333333333333,203,41,270,203.0,0,1,2,1,121,4,Lost Customers
16393.0,2,20,2941.05,8.21522346368715,1529,121,369,76.45,0,5,5,5,555,15,Champion
16394.0,50,9,1412.06,14.1206,2317,61,290,257.44444444444446,0,3,5,4,354,12,Loyal Customer
16395.0,61,5,1486.9,7.080476190476191,1476,150,331,295.2,0,3,4,4,344,11,Loyal Customer
16398.0,145,4,1631.15,18.96686046511628,745,75,254,186.25,0,2,4,4,244,10,At Risk
16399.0,19,2,408.57,5.596849315068493,264,68,235,132.0,0,4,3,2,432,9,Needs Attention
16400.0,95,1,303.93,10.480344827586206,172,28,95,172.0,0,2,2,2,222,6,Lost Customers
16401.0,1,20,4061.24,20.51131313131313,3858,68,328,192.9,0,5,5,5,555,15,Champion
16402.0,265,2,299.6,4.993333333333334,149,55,369,74.5,0,1,3,2,132,6,Needs Attention
16403.0,302,2,161.04999999999998,10.736666666666666,103,10,312,51.5,0,1,3,1,131,5,Needs Attention
16404.0,70,1,443.05,19.26304347826087,157,23,70,157.0,0,3,2,2,322,7,About to sleep
16405.0,302,2,167.25,33.45,187,3,310,93.5,0,1,3,1,131,5,Needs Attention
16406.0,19,1,163.07,2.5884126984126983,123,55,19,123.0,0,4,2,1,421,7,New Customer
16407.0,13,10,2126.93,12.365872093023254,1124,99,312,112.4,0,4,5,5,455,14,Champion
16409.0,36,5,2028.88,8.745172413793103,1306,145,317,261.2,0,3,4,5,345,12,Loyal Customer
16411.0,19,2,214.65,4.7700000000000005,132,41,369,66.0,0,4,3,1,431,8,Needs Attention
16412.0,54,1,151.83,4.338,73,25,54,73.0,0,3,2,1,321,6,About to sleep
16413.0,57,1,262.2,8.458064516129031,148,30,57,148.0,0,3,2,2,322,7,About to sleep
16414.0,22,2,126.25,18.035714285714285,27,5,280,13.5,0,4,3,1,431,8,Needs Attention
16415.0,44,1,210.35,3.89537037037037,187,45,44,187.0,0,3,2,1,321,6,About to sleep
16416.0,27,4,1026.99,14.068356164383562,655,60,56,163.75,0,4,4,4,444,12,Champion
16418.0,45,3,675.27,6.620294117647059,288,76,226,96.0,0,3,3,3,333,9,Potential Loyalist
16419.0,113,7,959.48,18.451538461538465,435,36,312,62.142857142857146,0,2,5,4,254,11,At Risk
16422.0,17,75,33805.69,84.72604010025063,32592,72,369,434.56,0,4,5,5,455,14,Champion
16423.0,25,1,346.12,19.22888888888889,230,18,25,230.0,0,4,2,2,422,8,New Customer
16424.0,191,2,82.56,13.76,82,6,337,41.0,0,1,3,1,131,5,Needs Attention
16425.0,302,1,302.7,14.414285714285716,199,21,302,199.0,0,1,2,2,122,5,Lost Customers
16426.0,2,10,1908.25,5.129704301075269,1243,211,276,124.3,0,5,5,4,554,14,Champion
16427.0,263,2,241.06,26.784444444444446,156,8,284,78.0,0,1,3,2,132,6,Needs Attention
16428.0,81,1,-2.95,-2.95,-1,1,81,-1.0,0,2,2,1,221,5,Lost Customers
16429.0,106,1,284.55,142.275,9,2,106,9.0,0,2,2,2,222,6,Lost Customers
16430.0,57,1,300.85,50.14166666666667,103,6,57,103.0,0,3,2,2,322,7,About to sleep
16431.0,213,3,642.81,7.744698795180722,453,51,297,151.0,0,1,3,3,133,7,At Risk
16432.0,64,1,287.4,35.925,276,8,64,276.0,0,3,2,2,322,7,About to sleep
16433.0,28,1,184.26,10.838823529411764,106,17,28,106.0,0,4,2,1,421,7,New Customer
16434.0,29,7,1522.25,13.965596330275227,767,88,300,109.57142857142856,0,4,5,4,454,13,Champion
16438.0,6,5,798.35,6.04810606060606,463,74,82,92.6,0,5,4,3,543,12,Loyal Customer
16440.0,8,5,3640.67,12.91017730496454,2018,186,215,403.6,0,5,4,5,545,14,Champion
16441.0,67,2,381.2,15.883333333333333,173,22,291,86.5,0,3,3,2,332,8,Needs Attention
16442.0,2,3,616.79,3.5447701149425286,446,161,361,148.66666666666666,0,5,3,3,533,11,Potential Loyalist
16444.0,46,5,638.77,7.4275581395348835,405,70,265,81.0,0,3,4,3,343,10,Loyal Customer
16445.0,34,1,230.51,3.658888888888889,111,62,34,111.0,0,3,2,1,321,6,About to sleep
16446.0,1,3,2.8999999999941792,0.7249999999985448,2,3,206,0.6666666666666666,0,5,3,1,531,9,Needs Attention
16447.0,136,1,259.01,7.194722222222222,223,34,136,223.0,0,2,2,2,222,6,Lost Customers
16448.0,198,1,188.89,9.4445,78,19,198,78.0,0,1,2,1,121,4,Lost Customers
16449.0,191,3,674.69,15.690465116279071,359,40,281,119.66666666666669,0,1,3,3,133,7,At Risk
16450.0,150,1,311.92,28.35636363636364,200,11,150,200.0,0,2,2,2,222,6,Lost Customers
16451.0,88,1,266.97,19.06928571428572,120,14,88,120.0,0,2,2,2,222,6,Lost Customers
16454.0,45,3,-8.15,-2.716666666666667,2,2,241,0.6666666666666666,0,3,3,1,331,7,Needs Attention
16455.0,64,7,1841.18,18.59777777777778,988,69,371,141.14285714285714,0,3,5,4,354,12,Loyal Customer
16456.0,99,5,2158.37,19.44477477477477,1148,80,373,229.6,0,2,4,5,245,11,At Risk
16457.0,218,1,208.36,23.151111111111117,140,9,218,140.0,0,1,2,1,121,4,Lost Customers
16458.0,3,18,3482.74,17.241287128712873,2154,52,361,119.66666666666669,0,5,5,5,555,15,Champion
16460.0,28,3,814.72,6.034962962962963,879,128,82,293.0,0,4,3,3,433,10,Potential Loyalist
16461.0,178,1,151.42,4.588484848484848,49,31,178,49.0,0,2,2,1,221,5,Lost Customers
16462.0,64,4,102.0,25.5,12,1,284,3.0,0,3,4,1,341,8,Loyal Customer
16463.0,21,7,1383.7,16.278823529411767,1135,74,204,162.14285714285714,0,4,5,4,454,13,Champion
16464.0,20,3,1314.68,5.570677966101695,963,152,142,321.0,0,4,3,4,434,11,Potential Loyalist
16466.0,34,7,1603.46,10.834189189189187,789,103,293,112.71428571428572,0,3,5,4,354,12,Loyal Customer
16468.0,74,1,74.9,37.45,31,2,74,31.0,0,2,2,1,221,5,Lost Customers
16469.0,24,4,650.43,3.5737912087912087,273,148,246,68.25,0,4,4,3,443,11,Loyal Customer
16470.0,52,5,757.44,4.429473684210526,530,120,359,106.0,0,3,4,3,343,10,Loyal Customer
16471.0,275,1,223.95,17.22692307692308,141,13,275,141.0,0,1,2,1,121,4,Lost Customers
16473.0,165,4,314.86,16.571578947368423,195,18,337,48.75,0,2,4,2,242,8,Needs Attention
16474.0,7,11,1811.47,4.922472826086957,918,237,145,83.45454545454545,0,5,5,4,554,14,Champion
16475.0,88,4,544.3,19.439285714285717,319,23,274,79.75,0,2,4,3,243,9,At Risk
16477.0,64,7,2494.46,17.085342465753424,1415,111,372,202.14285714285717,0,3,5,5,355,13,Loyal Customer
16478.0,25,3,331.0,19.47058823529412,224,15,66,74.66666666666667,0,4,3,2,432,9,Needs Attention
16479.0,10,2,300.83,8.595142857142857,102,35,10,51.0,0,5,3,2,532,10,Needs Attention
16480.0,76,1,769.29,14.514905660377355,455,51,76,455.0,0,2,2,3,223,7,Needs Attention
16482.0,16,1,220.62,12.256666666666668,346,18,16,346.0,0,4,2,1,421,7,New Customer
16483.0,192,1,139.35,7.334210526315789,44,19,192,44.0,0,1,2,1,121,4,Lost Customers
16484.0,174,3,379.4,14.592307692307692,194,25,191,64.66666666666667,0,2,3,2,232,7,Needs Attention
16485.0,77,1,363.65,8.658333333333333,235,41,77,235.0,0,2,2,2,222,6,Lost Customers
16488.0,33,4,492.2,15.87741935483871,724,28,149,181.0,0,3,4,3,343,10,Loyal Customer
16491.0,47,1,731.5,18.756410256410252,478,39,47,478.0,0,3,2,3,323,8,Potential Loyalist
16493.0,73,6,1329.66,21.446129032258067,1113,40,330,185.5,0,2,4,4,244,10,At Risk
16494.0,297,1,826.53,16.5306,675,47,297,675.0,0,1,2,3,123,6,Needs Attention
16495.0,3,3,684.41,7.055773195876288,337,78,276,112.33333333333331,0,5,3,3,533,11,Potential Loyalist
16496.0,9,4,1562.22,16.105360824742267,1091,92,317,272.75,0,5,4,4,544,13,Champion
16497.0,50,6,2965.69,21.80654411764706,1396,128,333,232.66666666666663,0,3,4,5,345,12,Loyal Customer
16498.0,161,3,86.12,5.3825,42,15,162,14.0,0,2,3,1,231,6,Needs Attention
16499.0,360,5,319.1,14.504545454545456,122,20,365,24.4,0,1,4,2,142,7,Needs Attention
16500.0,5,6,400.86,36.441818181818185,123,8,331,20.5,0,5,4,2,542,11,Loyal Customer
16503.0,107,5,1421.43,16.52825581395349,567,71,360,113.4,0,2,4,4,244,10,At Risk
16504.0,25,1,484.38,5.632325581395349,524,76,25,524.0,0,4,2,3,423,9,Potential Loyalist
16505.0,32,1,777.6,194.4,576,4,32,576.0,0,4,2,3,423,9,Potential Loyalist
16506.0,20,2,90.3,30.100000000000005,42,3,40,21.0,0,4,3,1,431,8,Needs Attention
16509.0,297,1,363.7,27.976923076923075,64,13,297,64.0,0,1,2,2,122,5,Lost Customers
16510.0,372,1,248.1,19.084615384615383,92,13,372,92.0,0,1,2,2,122,5,Lost Customers
16511.0,22,3,950.26,5.622840236686391,417,135,267,139.0,0,4,3,4,434,11,Potential Loyalist
16513.0,5,4,874.59,24.98828571428572,407,33,43,101.75,0,5,4,3,543,12,Loyal Customer
16515.0,52,5,1627.13,14.399380530973453,833,89,311,166.6,0,3,4,4,344,11,Loyal Customer
16516.0,30,1,101.7,16.95,58,6,30,58.0,0,4,2,1,421,7,New Customer
16517.0,277,1,162.7,9.570588235294116,96,17,277,96.0,0,1,2,1,121,4,Lost Customers
16518.0,61,3,480.92,11.450476190476191,325,36,284,108.33333333333331,0,3,3,3,333,9,Potential Loyalist
16519.0,25,2,215.08,16.544615384615383,54,13,365,27.0,0,4,3,1,431,8,Needs Attention
16520.0,186,4,1036.62,6.60267515923567,557,129,365,139.25,0,1,4,4,144,9,At Risk
16523.0,2,28,9295.67,31.19352348993289,4233,151,316,151.17857142857142,0,5,5,5,555,15,Champion
16525.0,2,29,11895.57,59.47785,6493,75,367,223.89655172413796,0,5,5,5,555,15,Champion
16526.0,172,1,290.36,19.357333333333333,106,15,172,106.0,0,2,2,2,222,6,Lost Customers
16527.0,81,1,228.06,16.29,106,14,81,106.0,0,2,2,1,221,5,Lost Customers
16528.0,4,1,244.41,14.377058823529412,171,17,4,171.0,0,5,2,2,522,9,New Customer
16529.0,190,1,455.25,15.175,198,30,190,198.0,0,1,2,2,122,5,Lost Customers
16531.0,22,7,1244.59,16.163506493506492,915,68,360,130.71428571428572,0,4,5,4,454,13,Champion
16532.0,18,3,6748.8,1687.2,2016,2,339,672.0,0,4,3,5,435,12,Potential Loyalist
16533.0,19,5,1026.94,5.673701657458564,514,112,68,102.8,0,4,4,4,444,12,Champion
16535.0,5,1,593.75,19.15322580645161,356,31,5,356.0,0,5,2,3,523,10,Potential Loyalist
16536.0,107,2,539.02,9.625357142857142,250,49,110,125.0,0,2,3,3,233,8,At Risk
16539.0,3,4,1388.81,30.86244444444444,477,36,373,119.25,0,5,4,4,544,13,Champion
16542.0,54,1,119.62,23.924,46,5,54,46.0,0,3,2,1,321,6,About to sleep
16545.0,165,1,339.3,113.1,78,3,165,78.0,0,2,2,2,222,6,Lost Customers
16546.0,291,3,-95.93,-3.0945161290322583,-303,31,373,-101.0,0,1,3,1,131,5,Needs Attention
16549.0,10,10,4154.64,4.235107033639144,2365,445,334,236.5,0,5,5,5,555,15,Champion
16550.0,109,9,2266.25,8.682950191570882,1526,163,368,169.55555555555554,0,2,5,5,255,12,At Risk
16551.0,96,3,922.12,28.81625,970,26,337,323.3333333333333,0,2,3,4,234,9,At Risk
16552.0,243,2,379.73,22.33705882352941,219,17,374,109.5,0,1,3,2,132,6,Needs Attention
16553.0,163,14,5664.57,65.8670930232558,4595,63,366,328.2142857142857,0,2,5,5,255,12,At Risk
16554.0,3,7,641.55,8.669594594594594,311,52,332,44.42857142857143,0,5,5,3,553,13,Loyal Customer
16555.0,35,2,285.89,16.81705882352941,175,15,110,87.5,0,3,3,2,332,8,Needs Attention
16556.0,67,7,3313.79,16.008647342995168,1890,144,360,270.0,0,3,5,5,355,13,Loyal Customer
16557.0,24,2,281.85,25.622727272727275,111,11,137,55.5,0,4,3,2,432,9,Needs Attention
16558.0,1,24,8257.04,17.419915611814346,5346,264,367,222.75,0,5,5,5,555,15,Champion
16560.0,21,3,816.51,14.077758620689655,498,53,358,166.0,0,4,3,3,433,10,Potential Loyalist
16561.0,6,2,511.12,16.48774193548387,244,29,60,122.0,0,5,3,3,533,11,Potential Loyalist
16563.0,54,1,1077.74,56.72315789473684,486,19,54,486.0,0,3,2,4,324,9,Potential Loyalist
16565.0,364,1,173.7,57.9,46,3,364,46.0,0,1,2,1,121,4,Lost Customers
16566.0,15,6,614.01,32.316315789473684,361,14,293,60.16666666666666,0,4,4,3,443,11,Loyal Customer
16567.0,194,2,865.6,24.731428571428573,996,34,337,498.0,0,1,3,3,133,7,At Risk
16569.0,3,1,124.2,24.84,93,5,3,93.0,0,5,2,1,521,8,New Customer
16570.0,9,15,3622.95,27.24022556390977,2050,70,361,136.66666666666666,0,5,5,5,555,15,Champion
16571.0,3,5,1285.22,12.124716981132076,1176,73,282,235.2,0,5,4,4,544,13,Champion
16572.0,127,4,999.7,17.236206896551725,530,40,276,132.5,0,2,4,4,244,10,At Risk
16573.0,74,4,648.41,14.09586956521739,354,40,290,88.5,0,2,4,3,243,9,At Risk
16574.0,71,1,451.44,16.122857142857143,416,28,71,416.0,0,3,2,2,322,7,About to sleep
16579.0,365,1,-30.6,-30.6,-12,1,365,-12.0,0,1,2,1,121,4,Lost Customers
16581.0,155,2,70.44,6.403636363636363,122,9,183,61.0,0,2,3,1,231,6,Needs Attention
16582.0,113,1,313.62,52.27,164,6,113,164.0,0,2,2,2,222,6,Lost Customers
16583.0,374,1,233.45,16.675,111,14,374,111.0,0,1,2,1,121,4,Lost Customers
16584.0,80,3,908.03,29.291290322580643,635,25,254,211.66666666666663,0,2,3,3,233,8,At Risk
16586.0,249,1,463.95,57.99375,95,8,249,95.0,0,1,2,2,122,5,Lost Customers
16587.0,232,1,225.15,17.31923076923077,71,13,232,71.0,0,1,2,1,121,4,Lost Customers
16589.0,71,3,459.24,13.916363636363636,368,31,161,122.66666666666669,0,3,3,2,332,8,Needs Attention
16591.0,69,1,213.5,21.35,41,10,69,41.0,0,3,2,1,321,6,About to sleep
16592.0,4,19,4073.28,18.34810810810811,2914,142,288,153.3684210526316,0,5,5,5,555,15,Champion
16593.0,51,3,330.03,12.223333333333333,116,24,328,38.66666666666666,0,3,3,2,332,8,Needs Attention
16594.0,75,1,181.09,3.416792452830189,64,53,75,64.0,0,2,2,1,221,5,Lost Customers
16595.0,61,1,360.16,4.237176470588236,335,83,61,335.0,0,3,2,2,322,7,About to sleep
16596.0,16,2,250.15,20.84583333333333,97,12,366,48.5,0,4,3,2,432,9,Needs Attention
16597.0,4,1,90.04,12.862857142857145,184,7,4,184.0,0,5,2,1,521,8,New Customer
16598.0,277,2,140.7,12.79090909090909,70,10,286,35.0,0,1,3,1,131,5,Needs Attention
16600.0,4,6,813.52,13.121290322580643,1145,50,339,190.83333333333331,0,5,4,3,543,12,Loyal Customer
16601.0,41,1,244.8,7.896774193548387,134,29,41,134.0,0,3,2,2,322,7,About to sleep
16602.0,31,2,494.73,15.4603125,317,29,36,158.5,0,4,3,3,433,10,Potential Loyalist
16603.0,75,2,482.47,14.19029411764706,480,34,91,240.0,0,2,3,3,233,8,At Risk
16607.0,18,16,3038.67,17.463620689655173,2822,140,359,176.375,0,4,5,5,455,14,Champion
16609.0,15,9,5450.96,19.467714285714287,2410,155,253,267.77777777777777,0,4,5,5,455,14,Champion
16610.0,219,1,75.66,12.61,66,6,219,66.0,0,1,2,1,121,4,Lost Customers
16611.0,186,2,120.99,10.99909090909091,46,10,233,23.0,0,1,3,1,131,5,Needs Attention
16612.0,33,4,1187.66,17.994848484848486,506,48,312,126.5,0,3,4,4,344,11,Loyal Customer
16613.0,70,1,618.59,20.619666666666667,293,30,70,293.0,0,3,2,3,323,8,Potential Loyalist
16614.0,183,1,506.19,19.468846153846155,223,26,183,223.0,0,1,2,3,123,6,Needs Attention
16616.0,15,2,500.42,15.164242424242424,370,31,157,185.0,0,4,3,3,433,10,Potential Loyalist
16617.0,236,1,151.85,30.37,91,5,236,91.0,0,1,2,1,121,4,Lost Customers
16618.0,31,6,2630.64,27.12,1362,79,323,227.0,0,4,4,5,445,13,Champion
16619.0,254,2,204.41,12.775625,129,14,264,64.5,0,1,3,1,131,5,Needs Attention
16620.0,4,2,178.96,19.884444444444444,88,9,261,44.0,0,5,3,1,531,9,Needs Attention
16621.0,52,4,813.48,28.05103448275862,302,22,278,75.5,0,3,4,3,343,10,Loyal Customer
16623.0,246,1,129.45,25.89,39,5,246,39.0,0,1,2,1,121,4,Lost Customers
16624.0,81,2,810.5699999999999,16.886875,488,44,197,244.0,0,2,3,3,233,8,At Risk
16625.0,275,1,333.08,14.481739130434782,164,23,275,164.0,0,1,2,2,122,5,Lost Customers
16626.0,1,20,4379.65,23.802445652173912,2670,86,267,133.5,0,5,5,5,555,15,Champion
16627.0,79,1,322.8,16.14,162,20,79,162.0,0,2,2,2,222,6,Lost Customers
16628.0,30,6,2183.04,18.34487394957983,1202,79,235,200.33333333333331,0,4,4,5,445,13,Champion
16629.0,74,2,417.73,6.52703125,493,58,96,246.5,0,2,3,2,232,7,Needs Attention
16633.0,17,7,2878.15,18.81143790849673,1137,115,234,162.42857142857142,0,4,5,5,455,14,Champion
16634.0,223,2,217.9,24.211111111111112,82,9,372,41.0,0,1,3,1,131,5,Needs Attention
16637.0,32,5,1124.59,15.619305555555554,891,66,226,178.2,0,4,4,4,444,12,Champion
16638.0,23,11,1676.47,17.647052631578948,1254,92,369,114.0,0,4,5,4,454,13,Champion
16639.0,25,4,1169.38,22.488076923076925,503,48,236,125.75,0,4,4,4,444,12,Champion
16641.0,106,1,231.1,19.258333333333336,256,12,106,256.0,0,2,2,1,221,5,Lost Customers
16642.0,5,3,679.83,19.423714285714286,478,32,208,159.33333333333334,0,5,3,3,533,11,Potential Loyalist
16643.0,246,1,487.51,18.055925925925926,269,27,246,269.0,0,1,2,3,123,6,Needs Attention
16644.0,178,2,833.78,13.448064516129032,826,62,212,413.0,0,2,3,3,233,8,At Risk
16647.0,170,2,214.06,15.29,146,12,205,73.0,0,2,3,1,231,6,Needs Attention
16648.0,39,2,270.86,12.898095238095236,269,19,43,134.5,0,3,3,2,332,8,Needs Attention
16650.0,72,1,518.42,21.60083333333333,372,24,72,372.0,0,2,2,3,223,7,Needs Attention
16652.0,54,11,6654.26,54.09967479674797,3267,75,273,297.0,0,3,5,5,355,13,Loyal Customer
16653.0,16,3,1166.92,15.354210526315793,723,67,71,241.0,0,4,3,4,434,11,Potential Loyalist
16654.0,141,5,594.97,19.192580645161293,280,29,368,56.0,0,2,4,3,243,9,At Risk
16655.0,18,6,3794.52,14.538390804597702,2367,208,332,394.5,0,4,4,5,445,13,Champion
16656.0,22,21,8568.24,107.103,8873,14,365,422.5238095238095,0,4,5,5,455,14,Champion
16657.0,10,4,933.62,4.488557692307692,1229,158,255,307.25,0,5,4,4,544,13,Champion
16658.0,368,1,123.24,15.405,40,8,368,40.0,0,1,2,1,121,4,Lost Customers
16659.0,189,1,39.12,19.56,72,2,189,72.0,0,1,2,1,121,4,Lost Customers
16660.0,16,5,810.4499999999999,47.673529411764704,451,16,320,90.2,0,4,4,3,443,11,Loyal Customer
16665.0,362,1,135.39999999999998,15.044444444444444,59,9,362,59.0,0,1,2,1,121,4,Lost Customers
16666.0,19,1,118.98,3.718125,233,32,19,233.0,0,4,2,1,421,7,New Customer
16667.0,68,2,570.13,10.757169811320754,237,52,284,118.5,0,3,3,3,333,9,Potential Loyalist
16668.0,15,6,306.72,15.336,318,9,285,53.0,0,4,4,2,442,10,Loyal Customer
16669.0,24,4,1370.87,8.51472049689441,883,141,78,220.75,0,4,4,4,444,12,Champion
16670.0,17,17,4022.46,15.35290076335878,2524,179,359,148.47058823529412,0,4,5,5,455,14,Champion
16671.0,28,3,1692.27,282.045,875,3,165,291.6666666666667,0,4,3,4,434,11,Potential Loyalist
16672.0,2,23,8093.59,69.1759829059829,2812,23,267,122.2608695652174,0,5,5,5,555,15,Champion
16674.0,55,2,319.61,3.261326530612245,188,89,98,94.0,0,3,3,2,332,8,Needs Attention
16676.0,34,5,1558.72,16.942608695652176,631,75,337,126.2,0,3,4,4,344,11,Loyal Customer
16678.0,3,17,3013.83,17.728411764705882,2368,93,283,139.2941176470588,0,5,5,5,555,15,Champion
16679.0,366,1,129.75,43.25,29,3,366,29.0,0,1,2,1,121,4,Lost Customers
16680.0,43,1,183.7,18.37,94,10,43,94.0,0,3,2,1,321,6,About to sleep
16681.0,73,6,1770.34,40.235,1407,18,253,234.5,0,2,4,4,244,10,At Risk
16682.0,5,5,1028.0,34.266666666666666,1040,15,188,208.0,0,5,4,4,544,13,Champion
16684.0,4,31,65892.08,234.49138790035587,49390,120,358,1593.225806451613,0,5,5,5,555,15,Champion
16685.0,61,2,324.24,5.229677419354839,396,60,61,198.0,0,3,3,2,332,8,Needs Attention
16686.0,47,9,3043.48,5.175986394557823,2025,406,355,225.0,0,3,5,5,355,13,Loyal Customer
16688.0,1,4,1260.86,20.336451612903225,804,52,61,201.0,0,5,4,4,544,13,Champion
16689.0,76,3,303.26,18.95375,168,13,82,56.0,0,2,3,2,232,7,Needs Attention
16690.0,44,3,208.63,16.048461538461538,137,10,202,45.66666666666666,0,3,3,1,331,7,Needs Attention
16692.0,256,2,1276.0,425.3333333333333,152,2,289,76.0,0,1,3,4,134,8,At Risk
16693.0,69,2,482.01,8.0335,204,58,272,102.0,0,3,3,3,333,9,Potential Loyalist
16696.0,135,4,657.9000000000001,65.79,146,7,248,36.5,0,2,4,3,243,9,At Risk
16697.0,241,1,112.75,5.369047619047619,27,20,241,27.0,0,1,2,1,121,4,Lost Customers
16698.0,227,2,1998.0,399.6,840,4,253,420.0,0,1,3,4,134,8,At Risk
16700.0,9,17,5040.0,16.153846153846153,4019,159,366,236.41176470588235,0,5,5,5,555,15,Champion
16701.0,9,18,5150.27,33.44331168831169,6211,99,362,345.05555555555554,0,5,5,5,555,15,Champion
16705.0,1,29,13946.13,49.106091549295776,5458,135,359,188.20689655172413,0,5,5,5,555,15,Champion
16706.0,37,3,531.35,4.319918699186992,249,108,114,83.0,0,3,3,3,333,9,Potential Loyalist
16708.0,46,1,656.63,24.31962962962963,285,27,46,285.0,0,3,2,3,323,8,Potential Loyalist
16709.0,85,5,3029.87,38.35278481012658,851,64,282,170.2,0,2,4,5,245,11,At Risk
16710.0,19,10,2483.04,6.176716417910448,1836,268,368,183.6,0,4,5,5,455,14,Champion
16711.0,3,5,1651.03,75.04681818181818,833,18,358,166.6,0,5,4,4,544,13,Champion
16712.0,9,11,3645.43,8.155324384787471,1749,259,276,159.0,0,5,5,5,555,15,Champion
16713.0,19,21,6840.2300000000005,10.823148734177217,4264,339,367,203.04761904761904,0,4,5,5,455,14,Champion
16714.0,219,4,911.53,9.697127659574468,608,77,317,152.0,0,1,4,4,144,9,At Risk
16715.0,78,1,301.72,15.88,642,19,78,642.0,0,2,2,2,222,6,Lost Customers
16716.0,267,3,319.8000000000001,106.60000000000004,44,1,311,14.666666666666666,0,1,3,2,132,6,Needs Attention
16717.0,9,9,3278.36,13.89135593220339,1568,178,366,174.22222222222223,0,5,5,5,555,15,Champion
16718.0,369,1,623.75,13.86111111111111,413,41,369,413.0,0,1,2,3,123,6,Needs Attention
16719.0,15,8,1773.92,8.738522167487686,1202,108,369,150.25,0,4,5,4,454,13,Champion
16720.0,26,1,155.24,5.74962962962963,182,25,26,182.0,0,4,2,1,421,7,New Customer
16721.0,262,1,292.47,7.904594594594595,172,37,262,172.0,0,1,2,2,122,5,Lost Customers
16722.0,17,16,4711.21,20.66320175438597,4989,96,368,311.8125,0,4,5,5,455,14,Champion
16723.0,91,2,589.15,13.701162790697676,399,37,108,199.5,0,2,3,3,233,8,At Risk
16725.0,302,8,775.07,5.0991447368421055,293,110,371,36.625,0,1,5,3,153,9,At Risk
16726.0,26,5,1382.02,7.470378378378379,977,121,361,195.4,0,4,4,4,444,12,Champion
16727.0,364,1,272.82,5.930869565217392,177,41,364,177.0,0,1,2,2,122,5,Lost Customers
16728.0,46,4,1054.67,3.920706319702602,677,218,264,169.25,0,3,4,4,344,11,Loyal Customer
16729.0,36,26,7076.28,10.593233532934132,5769,235,241,221.8846153846154,0,3,5,5,355,13,Loyal Customer
16730.0,52,4,702.79,8.36654761904762,898,75,319,224.5,0,3,4,3,343,10,Loyal Customer
16732.0,32,1,603.75,21.5625,317,28,32,317.0,0,4,2,3,423,9,Potential Loyalist
16734.0,52,3,650.51,12.27377358490566,346,44,114,115.33333333333331,0,3,3,3,333,9,Potential Loyalist
16735.0,79,7,2269.21,17.728203125,1554,88,334,222.0,0,2,5,5,255,12,At Risk
16737.0,53,1,417.6,417.6,288,1,53,288.0,0,3,2,2,322,7,About to sleep
16738.0,298,1,3.75,3.75,3,1,298,3.0,0,1,2,1,121,4,Lost Customers
16739.0,172,2,312.55,19.534375,169,13,177,84.5,0,2,3,2,232,7,Needs Attention
16743.0,29,8,2191.84,11.356683937823837,2010,89,359,251.25,0,4,5,5,455,14,Champion
16744.0,11,7,1304.76,5.391570247933884,805,198,173,115.0,0,5,5,4,554,14,Champion
16745.0,87,18,7170.7,20.029888268156423,6727,148,312,373.72222222222223,0,2,5,5,255,12,At Risk
16746.0,5,19,6694.31,14.810420353982302,4662,234,359,245.3684210526316,0,5,5,5,555,15,Champion
16747.0,25,4,826.96,18.37688888888889,577,34,68,144.25,0,4,4,3,443,11,Loyal Customer
16748.0,18,5,1515.9,21.969565217391303,880,42,334,176.0,0,4,4,4,444,12,Champion
16750.0,45,5,623.93,6.567684210526315,214,74,232,42.8,0,3,4,3,343,10,Loyal Customer
16751.0,31,1,1764.72,70.5888,1031,24,31,1031.0,0,4,2,4,424,10,Potential Loyalist
16752.0,373,1,207.5,23.05555555555556,54,9,373,54.0,0,1,2,1,121,4,Lost Customers
16753.0,58,1,223.92,6.5858823529411765,189,34,58,189.0,0,3,2,1,321,6,About to sleep
16754.0,372,1,2002.4,1001.2,4280,2,372,4280.0,0,1,2,4,124,7,Needs Attention
16755.0,114,5,1484.63,8.435397727272727,1058,134,316,211.6,0,2,4,4,244,10,At Risk
16756.0,215,1,239.4,18.415384615384617,106,13,215,106.0,0,1,2,2,122,5,Lost Customers
16757.0,319,1,106.83,15.261428571428572,81,7,319,81.0,0,1,2,1,121,4,Lost Customers
16758.0,65,1,369.34,16.78818181818182,203,22,65,203.0,0,3,2,2,322,7,About to sleep
16759.0,8,4,772.84,17.973023255813953,608,40,31,152.0,0,5,4,3,543,12,Loyal Customer
16761.0,97,1,316.62,24.35538461538461,341,13,97,341.0,0,2,2,2,222,6,Lost Customers
16762.0,20,3,1501.38,16.869438202247192,618,51,144,206.0,0,4,3,4,434,11,Potential Loyalist
16763.0,185,2,594.9,24.7875,318,23,199,159.0,0,1,3,3,133,7,At Risk
16764.0,4,18,2758.25,3.841573816155989,1247,209,143,69.27777777777777,0,5,5,5,555,15,Champion
16765.0,294,1,34.0,34.0,4,1,294,4.0,0,1,2,1,121,4,Lost Customers
16766.0,273,2,1145.6,33.69411764705882,536,17,273,268.0,0,1,3,4,134,8,At Risk
16767.0,31,11,5580.6,25.13783783783784,4435,148,316,403.1818181818182,0,4,5,5,455,14,Champion
16768.0,48,5,458.04,7.897241379310345,191,47,272,38.2,0,3,4,2,342,9,Loyal Customer
16769.0,260,1,380.39,9.50975,83,33,260,83.0,0,1,2,2,122,5,Lost Customers
16770.0,58,6,744.9,5.102054794520548,452,116,372,75.33333333333333,0,3,4,3,343,10,Loyal Customer
16771.0,33,5,2246.81,8.811019607843138,1489,200,338,297.8,0,3,4,5,345,12,Loyal Customer
16773.0,57,1,171.59,6.599615384615385,171,23,57,171.0,0,3,2,1,321,6,About to sleep
16774.0,68,5,654.92,13.365714285714285,318,36,179,63.6,0,3,4,3,343,10,Loyal Customer
16775.0,10,11,1695.66,10.732025316455696,440,84,367,40.0,0,5,5,4,554,14,Champion
16776.0,60,1,388.28,5.1089473684210525,262,61,60,262.0,0,3,2,2,322,7,About to sleep
16777.0,80,2,226.35,4.527,64,45,257,32.0,0,2,3,1,231,6,Needs Attention
16778.0,74,2,245.94,15.37125,194,16,274,97.0,0,2,3,2,232,7,Needs Attention
16779.0,2,28,10454.05,30.38968023255814,5236,161,367,187.0,0,5,5,5,555,15,Champion
16780.0,100,2,425.19,7.0865,271,51,259,135.5,0,2,3,2,232,7,Needs Attention
16781.0,365,2,294.65,15.507894736842104,111,17,372,55.5,0,1,3,2,132,6,Needs Attention
16782.0,10,19,2242.25,11.381979695431472,703,103,368,37.0,0,5,5,5,555,15,Champion
16784.0,20,1,107.6,35.86666666666667,24,3,20,24.0,0,4,2,1,421,7,New Customer
16788.0,123,2,597.48,3.854709677419355,311,138,254,155.5,0,2,3,3,233,8,At Risk
16789.0,8,1,80.8,16.16,32,5,8,32.0,0,5,2,1,521,8,New Customer
16790.0,4,8,1520.12,16.001263157894737,892,88,38,111.5,0,5,5,4,554,14,Champion
16791.0,29,8,1706.28,5.299006211180124,759,218,332,94.875,0,4,5,4,454,13,Champion
16792.0,282,2,110.38,9.198333333333334,44,11,282,22.0,0,1,3,1,131,5,Needs Attention
16793.0,57,1,243.84,15.24,146,16,57,146.0,0,3,2,2,322,7,About to sleep
16794.0,1,12,1201.51,4.1864459930313584,933,142,180,77.75,0,5,5,4,554,14,Champion
16795.0,365,1,414.88,6.286060606060606,239,64,365,239.0,0,1,2,2,122,5,Lost Customers
16796.0,89,1,305.62,16.97888888888889,186,18,89,186.0,0,2,2,2,222,6,Lost Customers
16800.0,11,1,1201.49,7.326158536585366,540,148,11,540.0,0,5,2,4,524,11,Potential Loyalist
16801.0,163,5,867.83,7.172148760330579,313,72,273,62.6,0,2,4,3,243,9,At Risk
16803.0,65,1,332.3,13.845833333333331,245,24,65,245.0,0,3,2,2,322,7,About to sleep
16804.0,23,3,536.99,8.949833333333334,246,59,270,82.0,0,4,3,3,433,10,Potential Loyalist
16805.0,174,2,460.59,4.699897959183673,539,94,360,269.5,0,2,3,2,232,7,Needs Attention
16806.0,103,4,801.49,7.781456310679611,378,68,239,94.5,0,2,4,3,243,9,At Risk
16807.0,143,3,1121.59,16.740149253731342,778,57,271,259.3333333333333,0,2,3,4,234,9,At Risk
16808.0,99,2,288.42,12.54,196,21,274,98.0,0,2,3,2,232,7,Needs Attention
16809.0,23,6,912.74,6.084933333333334,651,79,262,108.5,0,4,4,4,444,12,Champion
16810.0,192,2,275.64,17.2275,112,16,361,56.0,0,1,3,2,132,6,Needs Attention
16811.0,5,2,547.07,19.53821428571429,477,26,17,238.5,0,5,3,3,533,11,Potential Loyalist
16812.0,361,1,479.35,31.956666666666667,81,15,361,81.0,0,1,2,3,123,6,Needs Attention
16813.0,8,10,1692.98,3.7705567928730512,1525,248,204,152.5,0,5,5,4,554,14,Champion
16814.0,14,22,6500.6,20.00184615384616,2768,122,370,125.8181818181818,0,4,5,5,455,14,Champion
16816.0,103,4,417.06,14.895,274,28,358,68.5,0,2,4,2,242,8,Needs Attention
16817.0,3,13,1446.95,15.231052631578947,762,76,368,58.61538461538461,0,5,5,4,554,14,Champion
16818.0,11,13,3317.97,17.37157068062827,2163,172,206,166.3846153846154,0,5,5,5,555,15,Champion
16820.0,96,1,497.61,19.138846153846156,307,26,96,307.0,0,2,2,3,223,7,Needs Attention
16823.0,227,1,358.38,9.431052631578948,136,34,227,136.0,0,1,2,2,122,5,Lost Customers
16824.0,16,2,460.64,17.716923076923077,236,23,164,118.0,0,4,3,2,432,9,Needs Attention
16825.0,39,2,775.1800000000001,27.685,566,27,186,283.0,0,3,3,3,333,9,Potential Loyalist
16826.0,51,1,341.7,15.53181818181818,158,22,51,158.0,0,3,2,2,322,7,About to sleep
16828.0,93,2,128.5,16.0625,59,8,112,29.5,0,2,3,1,231,6,Needs Attention
16829.0,157,1,197.22,17.92909090909091,99,11,157,99.0,0,2,2,1,221,5,Lost Customers
16830.0,39,1,325.91,14.170000000000002,264,23,39,264.0,0,3,2,2,322,7,About to sleep
16832.0,184,3,199.15,16.595833333333335,33,11,217,11.0,0,1,3,1,131,5,Needs Attention
16833.0,1,4,1106.53,23.5431914893617,440,46,334,110.0,0,5,4,4,544,13,Champion
16834.0,228,1,413.46,17.2275,358,24,228,358.0,0,1,2,2,122,5,Lost Customers
16835.0,128,2,180.85,18.085,61,10,373,30.5,0,2,3,1,231,6,Needs Attention
16836.0,40,2,251.87,22.89727272727273,165,11,117,82.5,0,3,3,2,332,8,Needs Attention
16837.0,31,12,3167.73,19.08271084337349,1562,123,246,130.16666666666666,0,4,5,5,455,14,Champion
16838.0,197,3,582.9,22.41923076923077,184,24,288,61.333333333333336,0,1,3,3,133,7,At Risk
16839.0,9,39,15357.78,51.5361744966443,8470,117,370,217.1794871794872,0,5,5,5,555,15,Champion
16841.0,37,7,1774.62,15.167692307692306,2234,101,288,319.1428571428572,0,3,5,4,354,12,Loyal Customer
16842.0,64,4,1260.44,19.694375,692,45,302,173.0,0,3,4,4,344,11,Loyal Customer
16843.0,43,17,10183.82,26.87023746701847,10154,226,327,597.2941176470588,0,3,5,5,355,13,Loyal Customer
16846.0,50,1,214.32,19.483636363636364,135,11,50,135.0,0,3,2,1,321,6,About to sleep
16847.0,43,1,193.44,16.12,78,12,43,78.0,0,3,2,1,321,6,About to sleep
16848.0,53,1,281.42,20.10142857142857,182,14,53,182.0,0,3,2,2,322,7,About to sleep
16849.0,187,1,124.57,15.57125,33,8,187,33.0,0,1,2,1,121,4,Lost Customers
16850.0,334,1,332.41,17.495263157894737,249,19,334,249.0,0,1,2,2,122,5,Lost Customers
16851.0,4,3,342.45,17.1225,271,17,52,90.33333333333331,0,5,3,2,532,10,Needs Attention
16852.0,10,2,144.91000000000005,16.101111111111113,56,9,176,28.0,0,5,3,1,531,9,Needs Attention
16855.0,24,2,328.4,17.28421052631579,164,19,43,82.0,0,4,3,2,432,9,Needs Attention
16856.0,15,1,35.400000000000006,17.700000000000003,12,2,15,12.0,0,4,2,1,421,7,New Customer
16858.0,366,2,345.89000000000004,26.60692307692308,83,9,369,41.5,0,1,3,2,132,6,Needs Attention
16859.0,106,5,473.14,6.5713888888888885,656,50,261,131.2,0,2,4,3,243,9,At Risk
16861.0,60,3,151.65,18.95625,133,8,368,44.333333333333336,0,3,3,1,331,7,Needs Attention
16863.0,29,4,481.35,17.19107142857143,392,25,367,98.0,0,4,4,3,443,11,Loyal Customer
16866.0,141,3,207.74,18.885454545454543,60,10,162,20.0,0,2,3,1,231,6,Needs Attention
16869.0,23,5,805.62,6.245116279069768,581,113,175,116.2,0,4,4,3,443,11,Loyal Customer
16871.0,22,7,2761.49,19.866834532374103,1250,131,271,178.57142857142858,0,4,5,5,455,14,Champion
16872.0,77,3,680.02,97.14571428571428,600,5,184,200.0,0,2,3,3,233,8,At Risk
16873.0,5,10,7066.31,24.45089965397924,3825,179,364,382.5,0,5,5,5,555,15,Champion
16875.0,64,9,2023.47,16.4509756097561,1044,94,340,116.0,0,3,5,5,355,13,Loyal Customer
16877.0,12,6,853.72,5.369308176100629,463,111,208,77.16666666666667,0,4,4,3,443,11,Loyal Customer
16880.0,31,7,1519.08,8.534157303370787,753,121,189,107.57142857142856,0,4,5,4,454,13,Champion
16881.0,67,1,432.0,432.0,600,1,67,600.0,0,3,2,2,322,7,About to sleep
16882.0,67,3,705.12,18.08,424,39,317,141.33333333333334,0,3,3,3,333,9,Potential Loyalist
16883.0,187,2,276.73,7.282368421052632,104,33,372,52.0,0,1,3,2,132,6,Needs Attention
16884.0,38,2,429.84,16.532307692307693,320,26,38,160.0,0,3,3,2,332,8,Needs Attention
16885.0,15,3,471.51,4.668415841584158,184,82,357,61.333333333333336,0,4,3,3,433,10,Potential Loyalist
16887.0,35,1,194.88,5.2670270270270265,157,35,35,157.0,0,3,2,1,321,6,About to sleep
16889.0,195,3,1578.67,11.693851851851852,925,112,337,308.3333333333333,0,1,3,4,134,8,At Risk
16891.0,2,5,809.7,3.988669950738916,283,166,372,56.6,0,5,4,3,543,12,Loyal Customer
16892.0,1,7,496.84,4.919207920792079,235,88,323,33.57142857142857,0,5,5,3,553,13,Loyal Customer
16893.0,367,1,145.93,3.242888888888889,62,44,367,62.0,0,1,2,1,121,4,Lost Customers
16895.0,65,1,219.14,3.175942028985507,102,57,65,102.0,0,3,2,1,321,6,About to sleep
16897.0,299,3,213.03,4.841590909090909,58,37,314,19.33333333333333,0,1,3,1,131,5,Needs Attention
16898.0,26,4,444.46,2.7267484662576686,386,151,369,96.5,0,4,4,2,442,10,Loyal Customer
16899.0,8,6,1281.56,10.25248,522,80,360,87.0,0,5,4,4,544,13,Champion
16900.0,12,5,187.6900000000001,2.288902439024392,723,79,63,144.6,0,4,4,1,441,9,Loyal Customer
16902.0,116,1,1706.88,38.79272727272728,629,43,116,629.0,0,2,2,4,224,8,Needs Attention
16903.0,29,1,373.24,6.220666666666667,262,50,29,262.0,0,4,2,2,422,8,New Customer
16904.0,4,16,3754.27,5.287704225352113,2034,387,367,127.125,0,5,5,5,555,15,Champion
16905.0,5,8,3085.48,14.763062200956938,1407,117,372,175.875,0,5,5,5,555,15,Champion
16906.0,82,4,579.77,6.234086021505376,281,74,249,70.25,0,2,4,3,243,9,At Risk
16907.0,29,5,981.65,6.500993377483444,298,89,365,59.6,0,4,4,4,444,12,Champion
16909.0,64,2,364.14,19.16526315789473,434,18,72,217.0,0,3,3,2,332,8,Needs Attention
16910.0,4,8,1510.06,2.7606215722120657,886,318,91,110.75,0,5,5,4,554,14,Champion
16912.0,23,14,2528.67,24.08257142857143,1014,89,323,72.42857142857143,0,4,5,5,455,14,Champion
16913.0,290,1,113.44,14.18,82,8,290,82.0,0,1,2,1,121,4,Lost Customers
16914.0,36,1,208.46,5.4857894736842105,121,25,36,121.0,0,3,2,1,321,6,About to sleep
16915.0,9,6,621.6800000000001,10.906666666666668,132,46,284,22.0,0,5,4,3,543,12,Loyal Customer
16916.0,24,2,576.26,4.029790209790209,440,129,372,220.0,0,4,3,3,433,10,Potential Loyalist
16917.0,277,1,391.52,43.50222222222222,232,9,277,232.0,0,1,2,2,122,5,Lost Customers
16918.0,50,7,1043.34,8.025692307692307,708,97,317,101.14285714285714,0,3,5,4,354,12,Loyal Customer
16919.0,156,11,2596.45,7.940214067278287,1413,141,368,128.45454545454547,0,2,5,5,255,12,At Risk
16921.0,61,1,169.79,2.829833333333333,171,50,61,171.0,0,3,2,1,321,6,About to sleep
16923.0,12,26,6666.83,9.578778735632184,3183,316,363,122.42307692307692,0,4,5,5,455,14,Champion
16924.0,21,4,739.5,8.308988764044944,480,69,84,120.0,0,4,4,3,443,11,Loyal Customer
16926.0,371,1,230.25,16.446428571428573,35,14,371,35.0,0,1,2,1,121,4,Lost Customers
16927.0,116,3,543.05,90.50833333333333,993,5,362,331.0,0,2,3,3,233,8,At Risk
16928.0,80,19,2781.5,13.05868544600939,2094,72,373,110.21052631578948,0,2,5,5,255,12,At Risk
16929.0,4,7,1295.39,16.823246753246753,929,51,156,132.71428571428572,0,5,5,4,554,14,Champion
16930.0,26,3,380.55,7.047222222222223,341,47,68,113.66666666666669,0,4,3,2,432,9,Needs Attention
16931.0,5,21,4604.22,5.127193763919822,3158,448,370,150.38095238095238,0,5,5,5,555,15,Champion
16932.0,53,1,161.94,3.0554716981132075,87,44,53,87.0,0,3,2,1,321,6,About to sleep
16933.0,1,5,530.08,10.81795918367347,281,44,240,56.2,0,5,4,3,543,12,Loyal Customer
16934.0,55,2,950.93,15.33758064516129,399,59,55,199.5,0,3,3,4,334,10,Potential Loyalist
16936.0,26,1,262.68,4.608421052631579,173,56,26,173.0,0,4,2,2,422,8,New Customer
16938.0,9,5,1903.13,7.864173553719008,1025,212,309,205.0,0,5,4,4,544,13,Champion
16940.0,52,3,3049.88,9.99960655737705,2169,226,290,723.0,0,3,3,5,335,11,Potential Loyalist
16942.0,13,10,1894.11,6.692968197879858,807,159,228,80.7,0,4,5,4,454,13,Champion
16943.0,212,3,816.73,24.74939393939394,145,23,318,48.333333333333336,0,1,3,3,133,7,At Risk
16945.0,22,19,4345.5,17.451807228915662,2725,137,358,143.42105263157896,0,4,5,5,455,14,Champion
16947.0,236,1,406.48,19.35619047619048,312,21,236,312.0,0,1,2,2,122,5,Lost Customers
16948.0,139,3,435.02,22.89578947368421,1614,15,326,538.0,0,2,3,2,232,7,Needs Attention
16949.0,4,7,1161.27,19.0372131147541,790,57,317,112.85714285714286,0,5,5,4,554,14,Champion
16950.0,57,3,1178.56,28.06095238095238,644,39,367,214.66666666666663,0,3,3,4,334,10,Potential Loyalist
16951.0,123,4,1262.75,14.514367816091951,1306,73,304,326.5,0,2,4,4,244,10,At Risk
16952.0,109,2,167.61,10.475625,92,16,109,46.0,0,2,3,1,231,6,Needs Attention
16953.0,30,1,20.8,20.8,10,1,30,10.0,0,4,2,1,421,7,New Customer
16954.0,1,9,2085.08,38.61259259259259,1054,40,360,117.11111111111111,0,5,5,5,555,15,Champion
16955.0,185,5,493.67,18.98730769230769,246,18,373,49.2,0,1,4,3,143,8,At Risk
16956.0,9,2,292.34,16.24111111111111,112,16,18,56.0,0,5,3,2,532,10,Needs Attention
16957.0,239,2,416.64,26.04,172,15,282,86.0,0,1,3,2,132,6,Needs Attention
16959.0,87,1,117.35,16.764285714285716,49,7,87,49.0,0,2,2,1,221,5,Lost Customers
16960.0,39,3,507.05,5.02029702970297,304,92,253,101.33333333333331,0,3,3,3,333,9,Potential Loyalist
16961.0,116,1,234.17,16.72642857142857,125,14,116,125.0,0,2,2,1,221,5,Lost Customers
16963.0,187,1,110.55,15.792857142857144,35,7,187,35.0,0,1,2,1,121,4,Lost Customers
16965.0,227,1,201.19,7.738076923076923,291,26,227,291.0,0,1,2,1,121,4,Lost Customers
16966.0,8,10,2148.47,69.30548387096773,1978,9,240,197.8,0,5,5,5,555,15,Champion
16967.0,189,1,319.02,15.19142857142857,333,21,189,333.0,0,1,2,2,122,5,Lost Customers
16968.0,4,2,439.43,14.17516129032258,326,31,108,163.0,0,5,3,2,532,10,Needs Attention
16969.0,39,3,650.41,15.48595238095238,816,42,192,272.0,0,3,3,3,333,9,Potential Loyalist
16971.0,3,2,232.21,5.528809523809524,71,41,38,35.5,0,5,3,1,531,9,Needs Attention
16976.0,267,1,251.52,125.76,88,2,267,88.0,0,1,2,2,122,5,Lost Customers
16978.0,78,1,344.33,8.828974358974358,166,39,78,166.0,0,2,2,2,222,6,Lost Customers
16979.0,4,8,1809.05,19.87967032967033,860,64,298,107.5,0,5,5,4,554,14,Champion
16980.0,255,2,1078.96,12.401839080459771,788,71,291,394.0,0,1,3,4,134,8,At Risk
16982.0,61,1,384.06,17.457272727272727,182,22,61,182.0,0,3,2,2,322,7,About to sleep
16983.0,13,8,1920.2,12.887248322147652,1366,112,370,170.75,0,4,5,4,454,13,Champion
16984.0,78,5,4392.42,10.508181818181818,2408,354,130,481.6,0,2,4,5,245,11,At Risk
16985.0,17,11,5461.62,45.13735537190082,1830,62,359,166.36363636363637,0,4,5,5,455,14,Champion
16986.0,30,2,1873.2,624.4,1040,3,30,520.0,0,4,3,4,434,11,Potential Loyalist
16987.0,3,7,1625.05,12.597286821705426,402,74,205,57.42857142857143,0,5,5,4,554,14,Champion
16988.0,5,1,126.12,18.017142857142854,43,7,5,43.0,0,5,2,1,521,8,New Customer
16989.0,7,6,1133.25,94.4375,1233,7,151,205.5,0,5,4,4,544,13,Champion
16990.0,219,1,179.0,179.0,100,1,219,100.0,0,1,2,1,121,4,Lost Customers
16992.0,11,6,1601.86,16.861684210526317,857,85,310,142.83333333333334,0,5,4,4,544,13,Champion
16995.0,372,1,-1.25,-1.25,-1,1,372,-1.0,0,1,2,1,121,4,Lost Customers
16996.0,30,9,1427.46,34.816097560975614,534,14,359,59.333333333333336,0,4,5,4,454,13,Champion
16997.0,288,3,702.0,58.5,360,7,326,120.0,0,1,3,3,133,7,At Risk
16998.0,150,6,287.02000000000004,47.83666666666667,73,2,304,12.166666666666666,0,2,4,2,242,8,Needs Attention
16999.0,23,2,484.82,21.07913043478261,294,21,74,147.0,0,4,3,3,433,10,Potential Loyalist
17001.0,1,11,3989.57,23.60692307692308,2164,75,359,196.72727272727272,0,5,5,5,555,15,Champion
17002.0,73,4,1487.78,29.7556,678,41,291,169.5,0,2,4,4,244,10,At Risk
17004.0,46,2,1412.94,32.11227272727273,819,38,93,409.5,0,3,3,4,334,10,Potential Loyalist
17006.0,5,4,781.78,17.76772727272727,272,37,76,68.0,0,5,4,3,543,12,Loyal Customer
17007.0,51,7,877.4300000000001,16.555283018867925,587,50,357,83.85714285714286,0,3,5,3,353,11,Loyal Customer
17010.0,17,2,185.46,15.455,116,11,18,58.0,0,4,3,1,431,8,Needs Attention
17011.0,30,1,270.9,18.06,186,15,30,186.0,0,4,2,2,422,8,New Customer
17014.0,8,4,565.58,7.5410666666666675,240,63,67,60.0,0,5,4,3,543,12,Loyal Customer
17015.0,29,3,1842.56,8.491059907834101,1981,182,185,660.3333333333334,0,4,3,4,434,11,Potential Loyalist
17017.0,3,27,8574.11,31.99294776119403,6613,88,373,244.92592592592592,0,5,5,5,555,15,Champion
17018.0,41,2,920.1,57.50625,176,15,326,88.0,0,3,3,4,334,10,Potential Loyalist
17019.0,11,4,1272.61,5.4385042735042735,827,166,368,206.75,0,5,4,4,544,13,Champion
17022.0,31,1,71.0,10.142857142857142,108,7,31,108.0,0,4,2,1,421,7,New Customer
17024.0,45,3,95.85,31.95,69,2,158,23.0,0,3,3,1,331,7,Needs Attention
17025.0,61,3,357.77,39.75222222222222,235,8,373,78.33333333333333,0,3,3,2,332,8,Needs Attention
17026.0,185,2,154.82999999999998,38.7075,97,4,370,48.5,0,1,3,1,131,5,Needs Attention
17027.0,79,7,848.59,5.474774193548387,415,110,317,59.285714285714285,0,2,5,3,253,10,At Risk
17029.0,111,2,716.0,358.0,400,1,237,200.0,0,2,3,3,233,8,At Risk
17030.0,64,1,146.87,13.351818181818182,146,11,64,146.0,0,3,2,1,321,6,About to sleep
17031.0,12,2,380.35,17.288636363636364,235,19,155,117.5,0,4,3,2,432,9,Needs Attention
17033.0,86,3,1030.14,36.79071428571429,750,24,359,250.0,0,2,3,4,234,9,At Risk
17034.0,16,4,734.5699999999999,22.9553125,406,28,288,101.5,0,4,4,3,443,11,Loyal Customer
17035.0,246,3,388.33,12.1353125,201,27,312,67.0,0,1,3,2,132,6,Needs Attention
17037.0,78,2,1253.22,16.275584415584415,652,75,88,326.0,0,2,3,4,234,9,At Risk
17038.0,30,1,112.4,5.109090909090909,28,22,30,28.0,0,4,2,1,421,7,New Customer
17040.0,138,1,449.73,29.982000000000003,181,15,138,181.0,0,2,2,2,222,6,Lost Customers
17041.0,27,4,1065.77,15.010845070422535,947,59,361,236.75,0,4,4,4,444,12,Champion
17042.0,3,5,1044.38,10.656938775510202,994,74,247,198.8,0,5,4,4,544,13,Champion
17043.0,32,4,1735.18,17.01156862745098,998,100,266,249.5,0,4,4,4,444,12,Champion
17044.0,9,3,897.4300000000001,89.74300000000001,487,8,359,162.33333333333334,0,5,3,3,533,11,Potential Loyalist
17045.0,113,3,339.44,15.42909090909091,106,20,248,35.333333333333336,0,2,3,2,232,7,Needs Attention
17046.0,157,1,642.02,29.182727272727277,510,22,157,510.0,0,2,2,3,223,7,Needs Attention
17047.0,85,3,1100.9,16.93692307692308,533,59,205,177.66666666666666,0,2,3,4,234,9,At Risk
17048.0,115,6,864.32,18.006666666666668,474,41,331,79.0,0,2,4,3,243,9,At Risk
17049.0,3,11,5594.78,17.375093167701863,2669,201,276,242.63636363636363,0,5,5,5,555,15,Champion
17050.0,96,6,3228.84,10.217848101265822,1614,169,300,269.0,0,2,4,5,245,11,At Risk
17051.0,194,1,247.14,5.747441860465116,184,40,194,184.0,0,1,2,2,122,5,Lost Customers
17052.0,28,1,413.75,4.497282608695652,261,72,28,261.0,0,4,2,2,422,8,New Customer
17053.0,129,2,496.38,35.455714285714286,121,13,131,60.5,0,2,3,3,233,8,At Risk
17054.0,28,6,1353.83,16.117023809523808,802,64,245,133.66666666666666,0,4,4,4,444,12,Champion
17058.0,82,3,1179.89,19.030483870967743,592,51,240,197.33333333333331,0,2,3,4,234,9,At Risk
17059.0,30,5,3095.04,5.9981395348837205,1855,292,370,371.0,0,4,4,5,445,13,Champion
17060.0,266,1,234.24,46.848,216,5,266,216.0,0,1,2,1,121,4,Lost Customers
17061.0,74,12,5116.13,50.65475247524753,1484,57,232,123.66666666666669,0,2,5,5,255,12,At Risk
17062.0,314,5,534.47,7.52774647887324,428,53,370,85.6,0,1,4,3,143,8,At Risk
17063.0,9,11,1421.59,17.336463414634146,763,66,289,69.36363636363636,0,5,5,4,554,14,Champion
17064.0,59,3,859.35,13.860483870967744,318,53,327,106.0,0,3,3,3,333,9,Potential Loyalist
17065.0,143,1,-112.35,-112.35,-1,1,143,-1.0,0,2,2,1,221,5,Lost Customers
17068.0,12,22,4531.34,15.257037037037035,2154,116,368,97.9090909090909,0,4,5,5,455,14,Champion
17069.0,28,13,2655.2200000000003,17.241688311688314,1482,111,373,114.0,0,4,5,5,455,14,Champion
17070.0,114,1,312.14,4.8771875,133,62,114,133.0,0,2,2,2,222,6,Lost Customers
17071.0,9,14,2385.48,16.118108108108107,1182,102,310,84.42857142857143,0,5,5,5,555,15,Champion
17073.0,18,4,1446.09,8.310862068965516,759,142,109,189.75,0,4,4,4,444,12,Champion
17075.0,18,5,813.77,10.172125,289,62,317,57.8,0,4,4,3,443,11,Loyal Customer
17076.0,36,3,841.0799999999999,33.6432,295,17,365,98.33333333333331,0,3,3,3,333,9,Potential Loyalist
17078.0,36,2,378.2,13.507142857142856,788,28,36,394.0,0,3,3,2,332,8,Needs Attention
17079.0,78,1,118.8,59.400000000000006,24,2,78,24.0,0,2,2,1,221,5,Lost Customers
17080.0,22,3,285.5,31.72222222222222,164,8,270,54.66666666666666,0,4,3,2,432,9,Needs Attention
17081.0,25,2,290.16,4.53375,78,55,46,39.0,0,4,3,2,432,9,Needs Attention
17082.0,33,2,2003.85,24.738888888888887,1049,75,318,524.5,0,3,3,4,334,10,Potential Loyalist
17083.0,109,3,1405.78,27.034230769230767,772,24,304,257.3333333333333,0,2,3,4,234,9,At Risk
17084.0,35,2,2949.75,18.20833333333333,1816,146,35,908.0,0,3,3,5,335,11,Potential Loyalist
17085.0,123,6,1555.05,8.227777777777778,784,116,363,130.66666666666666,0,2,4,4,244,10,At Risk
17086.0,7,6,2050.08,21.355,1859,76,64,309.8333333333333,0,5,4,5,545,14,Champion
17088.0,28,4,1991.01,17.313130434782607,868,96,254,217.0,0,4,4,4,444,12,Champion
17090.0,4,8,2041.85,31.90390625,920,45,354,115.0,0,5,5,5,555,15,Champion
17091.0,3,10,3802.81,19.20611111111111,1743,119,368,174.3,0,5,5,5,555,15,Champion
17092.0,50,4,1777.78,14.22224,1131,99,277,282.75,0,3,4,4,344,11,Loyal Customer
17094.0,318,2,270.20000000000005,18.013333333333335,148,14,322,74.0,0,1,3,2,132,6,Needs Attention
17095.0,22,6,1088.2,14.132467532467532,613,70,335,102.16666666666669,0,4,4,4,444,12,Champion
17096.0,9,7,992.68,19.09,332,46,262,47.42857142857143,0,5,5,4,554,14,Champion
17097.0,2,9,937.92,4.403380281690141,457,153,365,50.77777777777778,0,5,5,4,554,14,Champion
17100.0,18,2,971.74,14.949846153846154,800,65,18,400.0,0,4,3,4,434,11,Potential Loyalist
17101.0,10,4,1621.73,38.61261904761905,815,28,178,203.75,0,5,4,4,544,13,Champion
17102.0,262,1,25.5,25.5,2,1,262,2.0,0,1,2,1,121,4,Lost Customers
17105.0,159,2,665.78,7.397555555555555,693,80,306,346.5,0,2,3,3,233,8,At Risk
17107.0,33,7,10380.43,24.65660332541568,4537,269,278,648.1428571428571,0,3,5,5,355,13,Loyal Customer
17109.0,29,8,869.6800000000001,7.187438016528926,573,107,232,71.625,0,4,5,3,453,12,Loyal Customer
17110.0,165,1,163.29999999999998,13.608333333333333,50,12,165,50.0,0,2,2,1,221,5,Lost Customers
17111.0,47,1,248.61,8.287,302,29,47,302.0,0,3,2,2,322,7,About to sleep
17114.0,6,10,747.22,5.534962962962963,210,85,335,21.0,0,5,5,3,553,13,Loyal Customer
17115.0,8,5,806.9000000000001,18.76511627906977,368,33,233,73.6,0,5,4,3,543,12,Loyal Customer
17117.0,288,1,116.2,12.91111111111111,68,9,288,68.0,0,1,2,1,121,4,Lost Customers
17118.0,318,1,157.02,15.702000000000002,154,10,318,154.0,0,1,2,1,121,4,Lost Customers
17119.0,3,3,593.61,15.621315789473684,327,35,60,109.0,0,5,3,3,533,11,Potential Loyalist
17120.0,233,1,307.46,17.08111111111111,120,18,233,120.0,0,1,2,2,122,5,Lost Customers
17122.0,119,1,138.32,19.76,80,7,119,80.0,0,2,2,1,221,5,Lost Customers
17123.0,162,1,345.29999999999995,38.36666666666666,246,9,162,246.0,0,2,2,2,222,6,Lost Customers
17124.0,185,1,298.89,9.3403125,130,31,185,130.0,0,1,2,2,122,5,Lost Customers
17125.0,50,1,259.35,6.483750000000001,291,34,50,291.0,0,3,2,2,322,7,About to sleep
17126.0,152,7,991.85,3.7856870229007633,790,189,363,112.85714285714286,0,2,5,4,254,11,At Risk
17128.0,335,1,157.09,11.220714285714283,76,14,335,76.0,0,1,2,1,121,4,Lost Customers
17131.0,5,5,2463.17,18.38186567164179,983,78,76,196.6,0,5,4,5,545,14,Champion
17133.0,16,7,4892.240000000001,181.1940740740741,2730,13,266,390.0,0,4,5,5,455,14,Champion
17134.0,107,2,425.0,17.708333333333332,102,21,265,51.0,0,2,3,2,232,7,Needs Attention
17135.0,16,7,1139.73,21.91788461538461,1224,34,372,174.85714285714286,0,4,5,4,454,13,Champion
17138.0,276,1,380.5,15.854166666666666,126,24,276,126.0,0,1,2,2,122,5,Lost Customers
17139.0,16,15,10585.57,21.736283367556467,5163,309,289,344.2,0,4,5,5,455,14,Champion
17140.0,247,1,465.32,23.266,302,16,247,302.0,0,1,2,2,122,5,Lost Customers
17142.0,239,1,579.0,38.6,81,15,239,81.0,0,1,2,3,123,6,Needs Attention
17144.0,1,2,984.57,20.511875,483,42,85,241.5,0,5,3,4,534,12,Potential Loyalist
17146.0,106,3,749.78,21.422285714285717,212,33,359,70.66666666666667,0,2,3,3,233,8,At Risk
17147.0,23,6,1679.64,19.760470588235297,878,70,312,146.33333333333334,0,4,4,4,444,12,Champion
17148.0,52,1,124.88,13.875555555555556,82,9,52,82.0,0,3,2,1,321,6,About to sleep
17152.0,195,4,1503.5,93.96875,477,9,263,119.25,0,1,4,4,144,9,At Risk
17153.0,24,1,213.78,15.27,104,14,24,104.0,0,4,2,1,421,7,New Customer
17154.0,75,1,329.34,14.319130434782608,490,23,75,490.0,0,2,2,2,222,6,Lost Customers
17155.0,18,2,251.7,12.585,242,19,178,121.0,0,4,3,2,432,9,Needs Attention
17157.0,8,3,306.55,20.436666666666667,169,11,176,56.333333333333336,0,5,3,2,532,10,Needs Attention
17158.0,32,3,1266.97,18.91,778,53,360,259.3333333333333,0,4,3,4,434,11,Potential Loyalist
17159.0,22,4,1534.73,15.046372549019608,1110,96,172,277.5,0,4,4,4,444,12,Champion
17160.0,31,6,3518.03,15.362576419213974,2856,111,242,476.0,0,4,4,5,445,13,Champion
17162.0,29,11,1707.21,16.25914285714286,1000,81,306,90.9090909090909,0,4,5,4,454,13,Champion
17163.0,22,2,293.1,58.620000000000005,66,3,78,33.0,0,4,3,2,432,9,Needs Attention
17164.0,33,8,2466.4,17.009655172413794,1500,92,273,187.5,0,3,5,5,355,13,Loyal Customer
17165.0,284,1,158.68,15.868,100,10,284,100.0,0,1,2,1,121,4,Lost Customers
17166.0,39,3,189.49,13.535,75,11,204,25.0,0,3,3,1,331,7,Needs Attention
17169.0,50,4,816.88,13.614666666666666,519,51,183,129.75,0,3,4,3,343,10,Loyal Customer
17171.0,289,1,224.91,14.056875,185,16,289,185.0,0,1,2,1,121,4,Lost Customers
17172.0,75,2,313.26,19.57875,479,16,79,239.5,0,2,3,2,232,7,Needs Attention
17173.0,5,9,3755.65,43.1683908045977,1121,36,131,124.55555555555556,0,5,5,5,555,15,Champion
17174.0,218,1,59.9,14.975,41,4,218,41.0,0,1,2,1,121,4,Lost Customers
17175.0,44,5,1430.94,22.3584375,865,42,296,173.0,0,3,4,4,344,11,Loyal Customer
17176.0,202,1,306.13,20.408666666666665,170,15,202,170.0,0,1,2,2,122,5,Lost Customers
17179.0,178,3,711.79,8.897375,290,56,361,96.66666666666669,0,2,3,3,233,8,At Risk
17180.0,56,6,780.38,5.957099236641222,680,91,316,113.33333333333331,0,3,4,3,343,10,Loyal Customer
17181.0,57,2,239.92,10.431304347826089,241,23,374,120.5,0,3,3,2,332,8,Needs Attention
17183.0,8,8,3286.9100000000003,43.24881578947369,1264,42,105,158.0,0,5,5,5,555,15,Champion
17186.0,47,2,144.0,72.0,200,1,60,100.0,0,3,3,1,331,7,Needs Attention
17187.0,227,1,203.95,20.395,144,10,227,144.0,0,1,2,1,121,4,Lost Customers
17188.0,11,9,2275.58,25.568314606741573,1301,71,362,144.55555555555554,0,5,5,5,555,15,Champion
17189.0,106,2,384.4,6.301639344262296,227,52,359,113.5,0,2,3,2,232,7,Needs Attention
17190.0,59,3,249.74,12.487,160,19,207,53.333333333333336,0,3,3,2,332,8,Needs Attention
17191.0,28,7,2095.13,8.840210970464135,1167,163,368,166.71428571428572,0,4,5,5,455,14,Champion
17193.0,36,9,1674.46,47.84171428571429,1238,17,177,137.55555555555554,0,3,5,4,354,12,Loyal Customer
17194.0,274,2,262.62,9.055862068965515,119,26,361,59.5,0,1,3,2,132,6,Needs Attention
17197.0,30,1,1013.01,34.93137931034483,191,29,30,191.0,0,4,2,4,424,10,Potential Loyalist
17198.0,24,3,692.22,7.210625,357,89,371,119.0,0,4,3,3,433,10,Potential Loyalist
17201.0,54,1,342.63,8.56575,268,38,54,268.0,0,3,2,2,322,7,About to sleep
17203.0,36,6,3563.85,23.446381578947367,2850,116,60,475.0,0,3,4,5,345,12,Loyal Customer
17204.0,169,9,1352.91,20.19268656716418,589,47,355,65.44444444444444,0,2,5,4,254,11,At Risk
17205.0,54,1,384.08,29.544615384615383,884,13,54,884.0,0,3,2,2,322,7,About to sleep
17206.0,53,1,204.24,29.177142857142854,76,7,53,76.0,0,3,2,1,321,6,About to sleep
17211.0,27,9,2299.67,10.796572769953052,1310,150,370,145.55555555555554,0,4,5,5,455,14,Champion
17212.0,253,1,226.85,56.7125,147,4,253,147.0,0,1,2,1,121,4,Lost Customers
17213.0,40,11,2741.08,16.71390243902439,1167,85,366,106.0909090909091,0,3,5,5,355,13,Loyal Customer
17214.0,60,7,984.12,9.462692307692308,275,79,359,39.285714285714285,0,3,5,4,354,12,Loyal Customer
17217.0,234,1,113.5,12.61111111111111,24,9,234,24.0,0,1,2,1,121,4,Lost Customers
17218.0,4,10,1960.72,7.155912408759124,958,146,368,95.8,0,5,5,4,554,14,Champion
17219.0,32,1,114.23,4.5692,89,24,32,89.0,0,4,2,1,421,7,New Customer
17220.0,24,14,3198.25,6.775953389830509,1905,303,364,136.07142857142858,0,4,5,5,455,14,Champion
17221.0,7,2,335.13,5.319523809523809,288,59,36,144.0,0,5,3,2,532,10,Needs Attention
17222.0,65,1,354.15,12.648214285714284,128,27,65,128.0,0,3,2,2,322,7,About to sleep
17223.0,310,2,426.79,8.71,112,43,368,56.0,0,1,3,2,132,6,Needs Attention
17226.0,309,1,393.49,18.73761904761905,406,21,309,406.0,0,1,2,2,122,5,Lost Customers
17227.0,19,6,939.32,19.985531914893617,741,28,369,123.5,0,4,4,4,444,12,Champion
17228.0,16,8,1906.09,9.16389423076923,1532,140,372,191.5,0,4,5,4,454,13,Champion
17229.0,96,2,318.76,6.782127659574468,185,39,143,92.5,0,2,3,2,232,7,Needs Attention
17230.0,264,11,3466.67,47.4886301369863,1553,51,360,141.1818181818182,0,1,5,5,155,11,At Risk
17231.0,12,14,3127.82,5.728608058608059,1736,294,361,124.0,0,4,5,5,455,14,Champion
17232.0,3,2,421.52,11.708888888888888,203,30,15,101.5,0,5,3,2,532,10,Needs Attention
17233.0,35,1,190.88,7.6352,131,25,35,131.0,0,3,2,1,321,6,About to sleep
17234.0,183,1,149.89,10.706428571428573,55,14,183,55.0,0,1,2,1,121,4,Lost Customers
17235.0,25,2,550.06,18.96758620689655,224,24,372,112.0,0,4,3,3,433,10,Potential Loyalist
17236.0,13,6,916.13,8.725047619047618,474,88,363,79.0,0,4,4,4,444,12,Champion
17237.0,11,2,314.69,16.562631578947368,105,18,22,52.5,0,5,3,2,532,10,Needs Attention
17238.0,3,17,3744.65,6.615989399293286,1822,297,371,107.17647058823528,0,5,5,5,555,15,Champion
17239.0,313,2,379.95,23.746875,149,15,352,74.5,0,1,3,2,132,6,Needs Attention
17242.0,108,2,1135.04,28.376,611,30,180,305.5,0,2,3,4,234,9,At Risk
17243.0,1,30,8628.55,21.200368550368548,3362,180,370,112.06666666666666,0,5,5,5,555,15,Champion
17244.0,53,1,954.9,30.80322580645161,616,31,53,616.0,0,3,2,4,324,9,Potential Loyalist
17245.0,205,1,171.45,19.05,75,9,205,75.0,0,1,2,1,121,4,Lost Customers
17247.0,15,1,282.19,5.130727272727273,106,53,15,106.0,0,4,2,2,422,8,New Customer
17248.0,120,1,318.65,4.618115942028985,213,68,120,213.0,0,2,2,2,222,6,Lost Customers
17250.0,4,2,384.52,6.7459649122807015,168,55,261,84.0,0,5,3,2,532,10,Needs Attention
17251.0,363,1,283.28000000000003,7.263589743589744,110,37,363,110.0,0,1,2,2,122,5,Lost Customers
17252.0,117,2,353.86,4.067356321839081,193,86,186,96.5,0,2,3,2,232,7,Needs Attention
17253.0,18,1,178.26,9.903333333333332,43,18,18,43.0,0,4,2,1,421,7,New Customer
17254.0,5,2,272.44,2.4325,252,100,15,126.0,0,5,3,2,532,10,Needs Attention
17255.0,41,2,298.41,3.825769230769231,232,69,299,116.0,0,3,3,2,332,8,Needs Attention
17256.0,107,2,240.0,15.0,141,12,312,70.5,0,2,3,2,232,7,Needs Attention
17259.0,148,2,603.37,4.865887096774194,410,104,368,205.0,0,2,3,3,233,8,At Risk
17262.0,52,5,1253.36,104.44666666666669,367,9,366,73.4,0,3,4,4,344,11,Loyal Customer
17263.0,208,1,63.440000000000005,2.758260869565217,36,23,208,36.0,0,1,2,1,121,4,Lost Customers
17265.0,139,2,562.9,4.432283464566929,394,106,181,197.0,0,2,3,3,233,8,At Risk
17266.0,2,3,310.64,3.883,161,60,148,53.66666666666666,0,5,3,2,532,10,Needs Attention
17267.0,127,2,317.62,8.358421052631579,159,37,127,79.5,0,2,3,2,232,7,Needs Attention
17268.0,108,4,763.64,127.27333333333333,844,3,245,211.0,0,2,4,3,243,9,At Risk
17272.0,42,5,2144.53,18.4873275862069,1776,70,263,355.2,0,3,4,5,345,12,Loyal Customer
17274.0,35,1,111.98,4.147407407407407,79,24,35,79.0,0,3,2,1,321,6,About to sleep
17277.0,228,2,1065.35,15.43985507246377,430,67,323,215.0,0,1,3,4,134,8,At Risk
17278.0,241,1,246.04,16.402666666666665,179,15,241,179.0,0,1,2,2,122,5,Lost Customers
17279.0,58,1,187.83,20.87,48,8,58,48.0,0,3,2,1,321,6,About to sleep
17282.0,130,3,1703.41,18.121382978723407,1877,79,300,625.6666666666666,0,2,3,4,234,9,At Risk
17284.0,60,7,1641.68,5.583945578231293,1362,229,336,194.57142857142856,0,3,5,4,354,12,Loyal Customer
17286.0,22,1,153.92,3.420444444444444,118,44,22,118.0,0,4,2,1,421,7,New Customer
17287.0,26,7,1064.11,8.581532258064515,559,88,373,79.85714285714286,0,4,5,4,454,13,Champion
17288.0,9,7,1419.73,9.998098591549295,1203,118,358,171.85714285714286,0,5,5,4,554,14,Champion
17289.0,32,4,936.16,8.358571428571429,519,86,180,129.75,0,4,4,4,444,12,Champion
17290.0,4,2,525.24,5.149411764705882,404,92,16,202.0,0,5,3,3,533,11,Potential Loyalist
17291.0,308,1,550.8000000000001,550.8000000000001,72,1,308,72.0,0,1,2,3,123,6,Needs Attention
17293.0,8,9,1875.11,13.889703703703704,1140,93,361,126.66666666666669,0,5,5,4,554,14,Champion
17295.0,29,3,556.95,8.071739130434784,294,53,65,98.0,0,4,3,3,433,10,Potential Loyalist
17297.0,17,1,131.78,2.583921568627451,67,49,17,67.0,0,4,2,1,421,7,New Customer
17298.0,101,2,498.42,16.614,387,30,125,193.5,0,2,3,3,233,8,At Risk
17299.0,12,4,669.11,11.738771929824562,678,50,173,169.5,0,4,4,3,443,11,Loyal Customer
17301.0,21,1,197.63,2.994393939393939,149,59,21,149.0,0,4,2,1,421,7,New Customer
17302.0,15,6,1119.93,13.826296296296295,573,68,306,95.5,0,4,4,4,444,12,Champion
17303.0,361,1,250.04,4.717735849056604,144,53,361,144.0,0,1,2,2,122,5,Lost Customers
17306.0,11,21,8600.73,124.6482608695652,11470,13,353,546.1904761904761,0,5,5,5,555,15,Champion
17307.0,365,1,-152.64,-152.64,-144,1,365,-144.0,0,1,2,1,121,4,Lost Customers
17309.0,95,1,82.75,6.895833333333333,41,11,95,41.0,0,2,2,1,221,5,Lost Customers
17311.0,78,2,1384.85,25.179090909090903,1005,55,317,502.5,0,2,3,4,234,9,At Risk
17312.0,139,3,644.3,46.021428571428565,372,11,159,124.0,0,2,3,3,233,8,At Risk
17313.0,18,2,2288.13,81.71892857142858,1382,24,31,691.0,0,4,3,5,435,12,Potential Loyalist
17314.0,25,11,2514.76,18.490882352941178,1884,120,313,171.27272727272728,0,4,5,5,455,14,Champion
17315.0,1,43,6204.46,12.740164271047227,3856,259,358,89.67441860465117,0,5,5,5,555,15,Champion
17317.0,46,5,2524.02,229.45636363636365,1074,8,90,214.8,0,3,4,5,345,12,Loyal Customer
17320.0,100,3,1200.62,16.446849315068494,634,57,368,211.33333333333331,0,2,3,4,234,9,At Risk
17321.0,8,2,700.86,6.550093457943925,373,94,68,186.5,0,5,3,3,533,11,Potential Loyalist
17323.0,15,9,908.99,4.4558333333333335,770,125,292,85.55555555555556,0,4,5,3,453,12,Loyal Customer
17324.0,18,4,990.23,19.8046,844,43,367,211.0,0,4,4,4,444,12,Champion
17325.0,280,1,96.8,16.133333333333333,60,6,280,60.0,0,1,2,1,121,4,Lost Customers
17329.0,14,2,523.11,15.851818181818182,142,29,315,71.0,0,4,3,3,433,10,Potential Loyalist
17330.0,23,2,363.9,60.65,120,5,68,60.0,0,4,3,2,432,9,Needs Attention
17331.0,124,1,175.2,175.2,16,1,124,16.0,0,2,2,1,221,5,Lost Customers
17333.0,86,1,494.25,17.651785714285715,375,28,86,375.0,0,2,2,3,223,7,Needs Attention
17334.0,301,3,306.6,25.55,314,11,309,104.66666666666669,0,1,3,2,132,6,Needs Attention
17337.0,151,7,1944.32,3.548029197080292,1240,421,310,177.14285714285714,0,2,5,4,254,11,At Risk
17338.0,17,10,6612.18,8.734715984147952,3123,390,361,312.3,0,4,5,5,455,14,Champion
17339.0,94,2,243.36,27.040000000000003,152,9,365,76.0,0,2,3,2,232,7,Needs Attention
17340.0,9,16,11891.18,28.045235849056603,5902,231,366,368.875,0,5,5,5,555,15,Champion
17341.0,157,3,781.36,4.2697267759562845,489,147,367,163.0,0,2,3,3,233,8,At Risk
17343.0,355,1,193.64,11.390588235294118,56,17,355,56.0,0,1,2,1,121,4,Lost Customers
17344.0,46,1,160.57,5.0178125,66,31,46,66.0,0,3,2,1,321,6,About to sleep
17345.0,15,4,537.74,6.180919540229885,346,70,197,86.5,0,4,4,3,443,11,Loyal Customer
17346.0,4,16,2611.58,5.192007952286282,1639,299,373,102.4375,0,5,5,5,555,15,Champion
17347.0,86,1,228.96,228.96,216,1,86,216.0,0,2,2,1,221,5,Lost Customers
17348.0,15,5,1159.52,5.393116279069767,1401,180,298,280.2,0,4,4,4,444,12,Champion
17349.0,179,1,110.75,12.305555555555555,112,8,179,112.0,0,1,2,1,121,4,Lost Customers
17350.0,8,5,1256.19,17.447083333333335,759,66,51,151.8,0,5,4,4,544,13,Champion
17351.0,36,3,587.15,21.746296296296297,113,22,273,37.66666666666666,0,3,3,3,333,9,Potential Loyalist
17353.0,129,2,1740.0,217.5,1200,5,154,600.0,0,2,3,4,234,9,At Risk
17354.0,51,1,1393.06,87.06625,1006,15,51,1006.0,0,3,2,4,324,9,Potential Loyalist
17356.0,312,1,178.22,9.38,166,19,312,166.0,0,1,2,1,121,4,Lost Customers
17357.0,24,2,388.14,8.625333333333334,153,41,24,76.5,0,4,3,2,432,9,Needs Attention
17358.0,303,2,365.85,6.200847457627119,202,55,355,101.0,0,1,3,2,132,6,Needs Attention
17359.0,11,1,127.86,8.524,161,13,11,161.0,0,5,2,1,521,8,New Customer
17360.0,17,3,585.79,4.43780303030303,335,113,184,111.66666666666669,0,4,3,3,433,10,Potential Loyalist
17361.0,49,3,488.2,16.834482758620688,157,26,292,52.333333333333336,0,3,3,3,333,9,Potential Loyalist
17362.0,239,2,312.23,8.920857142857143,191,30,310,95.5,0,1,3,2,132,6,Needs Attention
17364.0,1,12,4455.73,10.762632850241545,2680,288,331,223.33333333333331,0,5,5,5,555,15,Champion
17365.0,13,8,4801.56,10.259743589743591,4777,278,333,597.125,0,4,5,5,455,14,Champion
17367.0,238,1,168.4,4.952941176470588,150,33,238,150.0,0,1,2,1,121,4,Lost Customers
17368.0,23,9,1349.52,10.543125,680,93,338,75.55555555555556,0,4,5,4,454,13,Champion
17370.0,73,4,446.18,13.52060606060606,540,31,170,135.0,0,2,4,2,242,8,Needs Attention
17371.0,17,3,423.89,4.872298850574713,152,83,361,50.66666666666666,0,4,3,2,432,9,Needs Attention
17372.0,41,8,1342.68,5.30703557312253,749,215,363,93.625,0,3,5,4,354,12,Loyal Customer
17373.0,40,4,646.92,11.349473684210526,408,47,313,102.0,0,3,4,3,343,10,Loyal Customer
17374.0,219,2,495.77,17.706071428571427,85,24,281,42.5,0,1,3,3,133,7,At Risk
17375.0,190,4,372.5,5.246478873239437,361,65,361,90.25,0,1,4,2,142,7,Needs Attention
17376.0,71,2,203.2,8.466666666666667,86,23,311,43.0,0,3,3,1,331,7,Needs Attention
17377.0,24,21,3925.92,9.369737470167063,2075,191,374,98.8095238095238,0,4,5,5,455,14,Champion
17379.0,11,1,404.66,4.875421686746988,663,71,11,663.0,0,5,2,2,522,9,New Customer
17381.0,9,30,20272.43,184.2948181818182,25646,40,372,854.8666666666667,0,5,5,5,555,15,Champion
17382.0,65,1,65.4,32.7,25,2,65,25.0,0,3,2,1,321,6,About to sleep
17383.0,4,1,199.29,3.9076470588235295,150,49,4,150.0,0,5,2,1,521,8,New Customer
17384.0,19,2,336.4,22.426666666666662,88,12,219,44.0,0,4,3,2,432,9,Needs Attention
17385.0,15,1,261.11,5.555531914893617,201,42,15,201.0,0,4,2,2,422,8,New Customer
17386.0,8,6,2686.42,95.94357142857145,1902,23,166,317.0,0,5,4,5,545,14,Champion
17387.0,20,2,784.11,10.052692307692308,542,71,34,271.0,0,4,3,3,433,10,Potential Loyalist
17388.0,78,4,1259.56,83.97066666666666,1068,13,288,267.0,0,2,4,4,244,10,At Risk
17389.0,1,43,31300.08,139.7325,7430,48,339,172.7906976744186,0,5,5,5,555,15,Champion
17391.0,164,2,508.8,169.6,480,2,165,240.0,0,2,3,3,233,8,At Risk
17392.0,307,2,457.91,7.385645161290323,320,53,358,160.0,0,1,3,2,132,6,Needs Attention
17394.0,219,1,203.87,50.9675,241,4,219,241.0,0,1,2,1,121,4,Lost Customers
17396.0,39,8,7330.8,271.5111111111111,2005,24,372,250.625,0,3,5,5,355,13,Loyal Customer
17397.0,22,2,696.41,7.569673913043478,254,88,22,127.0,0,4,3,3,433,10,Potential Loyalist
17398.0,115,3,653.38,17.19421052631579,310,30,255,103.33333333333331,0,2,3,3,233,8,At Risk
17400.0,126,5,2129.96,9.99981220657277,1097,175,353,219.4,0,2,4,5,245,11,At Risk
17402.0,5,13,2633.85,44.641525423728815,701,33,369,53.92307692307692,0,5,5,5,555,15,Champion
17403.0,36,1,281.62,8.533939393939393,117,32,36,117.0,0,3,2,2,322,7,About to sleep
17404.0,4,18,30300.82,150.75034825870645,32324,111,360,1795.7777777777778,0,5,5,5,555,15,Champion
17405.0,1,5,967.22,10.289574468085108,705,77,150,141.0,0,5,4,4,544,13,Champion
17406.0,330,5,1928.72,16.626896551724137,784,99,367,156.8,0,1,4,4,144,9,At Risk
17408.0,163,1,32.65,16.325,3,2,163,3.0,0,2,2,1,221,5,Lost Customers
17409.0,185,2,771.85,59.37307692307692,105,13,248,52.5,0,1,3,3,133,7,At Risk
17410.0,16,5,1214.72,18.98,616,57,215,123.2,0,4,4,4,444,12,Champion
17411.0,12,4,748.94,17.41720930232558,298,41,366,74.5,0,4,4,3,443,11,Loyal Customer
17412.0,3,7,1258.06,19.061515151515152,738,48,372,105.42857142857144,0,5,5,4,554,14,Champion
17414.0,44,2,778.0,129.66666666666666,2100,5,185,1050.0,0,3,3,3,333,9,Potential Loyalist
17415.0,80,1,507.84,36.27428571428571,114,14,80,114.0,0,2,2,3,223,7,Needs Attention
17416.0,30,9,6838.34,25.23372693726937,4266,186,281,474.0,0,4,5,5,455,14,Champion
17418.0,42,2,463.46,15.448666666666668,289,29,324,144.5,0,3,3,2,332,8,Needs Attention
17419.0,11,14,4200.97,20.19697115384616,1872,155,367,133.71428571428572,0,5,5,5,555,15,Champion
17420.0,50,3,598.83,19.961,265,28,374,88.33333333333333,0,3,3,3,333,9,Potential Loyalist
17422.0,16,10,1853.13,13.726888888888888,2195,93,296,219.5,0,4,5,4,454,13,Champion
17423.0,45,4,663.63,23.701071428571428,421,26,218,105.25,0,3,4,3,343,10,Loyal Customer
17425.0,19,2,759.17,17.655116279069766,407,42,61,203.5,0,4,3,3,433,10,Potential Loyalist
17426.0,4,7,5022.26,18.46419117647059,3082,179,282,440.2857142857143,0,5,5,5,555,15,Champion
17427.0,72,1,100.8,50.4,34,2,72,34.0,0,2,2,1,221,5,Lost Customers
17428.0,1,33,17078.45,49.79139941690962,9435,255,369,285.90909090909093,0,5,5,5,555,15,Champion
17429.0,121,4,512.12,12.193333333333332,616,36,219,154.0,0,2,4,3,243,9,At Risk
17430.0,33,2,265.76,18.982857142857146,190,14,365,95.0,0,3,3,2,332,8,Needs Attention
17431.0,313,1,403.3,9.37906976744186,292,41,313,292.0,0,1,2,2,122,5,Lost Customers
17432.0,18,2,365.76,7.62,207,44,37,103.5,0,4,3,2,432,9,Needs Attention
17433.0,88,1,303.16,5.6140740740740736,185,53,88,185.0,0,2,2,2,222,6,Lost Customers
17434.0,2,9,2333.42,16.908840579710144,1685,100,85,187.22222222222223,0,5,5,5,555,15,Champion
17436.0,2,2,216.3,24.03333333333333,90,7,227,45.0,0,5,3,1,531,9,Needs Attention
17438.0,247,2,378.3,19.910526315789475,100,17,254,50.0,0,1,3,2,132,6,Needs Attention
17440.0,148,5,177.1,22.1375,232,3,248,46.4,0,2,4,1,241,7,Needs Attention
17442.0,29,10,2210.26,15.787571428571429,1490,97,365,149.0,0,4,5,5,455,14,Champion
17443.0,220,1,534.24,534.24,504,1,220,504.0,0,1,2,3,123,6,Needs Attention
17444.0,148,3,2940.04,21.778074074074077,2119,132,173,706.3333333333334,0,2,3,5,235,10,At Risk
17446.0,177,2,120.9,13.433333333333334,198,6,310,99.0,0,2,3,1,231,6,Needs Attention
17447.0,40,2,541.53,15.0425,443,33,72,221.5,0,3,3,3,333,9,Potential Loyalist
17448.0,145,1,-4287.63,-4287.63,-1,1,145,-1.0,0,2,2,1,221,5,Lost Customers
17449.0,2,8,2504.86,8.977992831541219,1115,178,360,139.375,0,5,5,5,555,15,Champion
17450.0,8,55,187482.17,534.1372364672364,69029,127,368,1255.0727272727272,0,5,5,5,555,15,Champion
17451.0,1,10,1648.95,15.410747663551405,1178,83,106,117.8,0,5,5,4,554,14,Champion
17453.0,18,2,486.72,25.61684210526316,219,19,64,109.5,0,4,3,3,433,10,Potential Loyalist
17454.0,192,4,517.53,8.484098360655738,243,57,360,60.75,0,1,4,3,143,8,At Risk
17455.0,204,1,131.7,16.4625,66,8,204,66.0,0,1,2,1,121,4,Lost Customers
17456.0,365,1,249.86,14.69764705882353,222,17,365,222.0,0,1,2,2,122,5,Lost Customers
17457.0,127,5,1737.7,91.4578947368421,826,14,339,165.2,0,2,4,4,244,10,At Risk
17458.0,15,1,316.5,5.861111111111111,170,52,15,170.0,0,4,2,2,422,8,New Customer
17459.0,43,2,657.3,5.921621621621621,537,88,60,268.5,0,3,3,3,333,9,Potential Loyalist
17460.0,79,8,452.63,12.233243243243242,176,18,373,22.0,0,2,5,2,252,9,Needs Attention
17461.0,23,3,757.46,6.823963963963965,799,104,30,266.3333333333333,0,4,3,3,433,10,Potential Loyalist
17462.0,51,3,662.94,23.676428571428573,224,25,284,74.66666666666667,0,3,3,3,333,9,Potential Loyalist
17463.0,16,6,1881.36,8.590684931506848,1090,162,313,181.66666666666663,0,4,4,4,444,12,Champion
17464.0,158,1,289.96000000000004,32.21777777777778,220,9,158,220.0,0,2,2,2,222,6,Lost Customers
17466.0,10,2,763.28,18.61658536585366,306,41,79,153.0,0,5,3,3,533,11,Potential Loyalist
17468.0,10,2,137.0,27.4,116,5,14,58.0,0,5,3,1,531,9,Needs Attention
17469.0,16,6,1843.06,20.478444444444445,778,61,205,129.66666666666666,0,4,4,4,444,12,Champion
17470.0,45,5,1125.07,14.42397435897436,1675,67,368,335.0,0,3,4,4,344,11,Loyal Customer
17472.0,191,3,710.29,3.924254143646409,462,142,299,154.0,0,1,3,3,133,7,At Risk
17475.0,79,1,194.37,13.883571428571427,178,14,79,178.0,0,2,2,1,221,5,Lost Customers
17480.0,74,2,506.51,16.339032258064517,336,29,78,168.0,0,2,3,3,233,8,At Risk
17481.0,4,5,1249.34,15.052289156626506,1060,69,94,212.0,0,5,4,4,544,13,Champion
17483.0,65,3,414.04,19.71619047619048,191,18,183,63.66666666666666,0,3,3,2,332,8,Needs Attention
17486.0,261,1,396.87,16.53625,191,24,261,191.0,0,1,2,2,122,5,Lost Customers
17489.0,59,2,376.64,12.987586206896552,428,28,213,214.0,0,3,3,2,332,8,Needs Attention
17490.0,1,11,1926.88,22.40558139534884,1021,64,177,92.8181818181818,0,5,5,4,554,14,Champion
17491.0,1,11,3541.92,32.19927272727273,2012,72,368,182.9090909090909,0,5,5,5,555,15,Champion
17492.0,248,1,374.57,31.214166666666667,155,12,248,155.0,0,1,2,2,122,5,Lost Customers
17495.0,8,2,497.56,18.42814814814815,229,21,39,114.5,0,5,3,3,533,11,Potential Loyalist
17496.0,359,1,271.05,27.105,79,10,359,79.0,0,1,2,2,122,5,Lost Customers
17498.0,76,1,272.22,16.01294117647059,394,17,76,394.0,0,2,2,2,222,6,Lost Customers
17499.0,290,1,622.88,15.572,711,40,290,711.0,0,1,2,3,123,6,Needs Attention
17500.0,17,3,1138.0,227.6,17,3,30,5.666666666666667,0,4,3,4,434,11,Potential Loyalist
17501.0,221,2,288.6,16.033333333333335,160,18,221,80.0,0,1,3,2,132,6,Needs Attention
17502.0,9,4,689.1,24.610714285714288,376,25,29,94.0,0,5,4,3,543,12,Loyal Customer
17503.0,3,2,558.96,14.709473684210527,486,36,39,243.0,0,5,3,3,533,11,Potential Loyalist
17504.0,206,10,2745.28,19.609142857142857,1456,112,323,145.6,0,1,5,5,155,11,At Risk
17505.0,162,2,1145.84,22.03538461538461,556,48,206,278.0,0,2,3,4,234,9,At Risk
17506.0,70,2,294.29,18.393125,136,14,76,68.0,0,3,3,2,332,8,Needs Attention
17507.0,262,2,605.58,6.881590909090909,359,79,309,179.5,0,1,3,3,133,7,At Risk
17508.0,281,1,387.31,17.605,289,22,281,289.0,0,1,2,2,122,5,Lost Customers
17509.0,58,11,6100.74,16.533170731707315,3530,75,63,320.90909090909093,0,3,5,5,355,13,Loyal Customer
17510.0,25,1,308.48,15.424,214,20,25,214.0,0,4,2,2,422,8,New Customer
17511.0,3,46,88125.38,81.90091078066915,63012,467,374,1369.8260869565215,0,5,5,5,555,15,Champion
17512.0,29,11,2920.04,27.54754716981132,2752,61,302,250.1818181818182,0,4,5,5,455,14,Champion
17513.0,72,1,513.2,85.53333333333335,254,6,72,254.0,0,2,2,3,223,7,Needs Attention
17514.0,128,1,208.65,5.2162500000000005,135,40,128,135.0,0,2,2,1,221,5,Lost Customers
17515.0,31,4,639.02,7.345057471264368,243,49,318,60.75,0,4,4,3,443,11,Loyal Customer
17516.0,15,5,768.08,5.606423357664234,416,113,286,83.2,0,4,4,3,443,11,Loyal Customer
17517.0,309,1,153.94,13.994545454545454,102,11,309,102.0,0,1,2,1,121,4,Lost Customers
17519.0,17,7,1839.07,22.15746987951807,1233,60,368,176.14285714285714,0,4,5,4,454,13,Champion
17520.0,54,1,546.81,18.227,365,30,54,365.0,0,3,2,3,323,8,Potential Loyalist
17521.0,24,4,721.9599999999999,15.69478260869565,518,38,199,129.5,0,4,4,3,443,11,Loyal Customer
17522.0,2,5,1070.71,14.667260273972603,1034,59,218,206.8,0,5,4,4,544,13,Champion
17523.0,11,4,652.74,19.78,872,25,19,218.0,0,5,4,3,543,12,Loyal Customer
17524.0,361,1,145.0,24.166666666666668,90,6,361,90.0,0,1,2,1,121,4,Lost Customers
17525.0,360,1,422.7000000000001,46.96666666666667,82,9,360,82.0,0,1,2,2,122,5,Lost Customers
17526.0,1,8,706.7,30.72608695652174,257,17,366,32.125,0,5,5,3,553,13,Loyal Customer
17527.0,54,6,888.86,18.14,463,45,218,77.16666666666667,0,3,4,3,343,10,Loyal Customer
17528.0,1,11,3540.1,13.61576923076923,2130,183,71,193.63636363636363,0,5,5,5,555,15,Champion
17530.0,1,10,2385.0,6.053299492385787,1526,306,365,152.6,0,5,5,5,555,15,Champion
17531.0,121,2,293.45,19.563333333333333,135,15,190,67.5,0,2,3,2,232,7,Needs Attention
17534.0,54,1,223.36,24.817777777777778,103,9,54,103.0,0,3,2,1,321,6,About to sleep
17535.0,280,1,164.4,12.646153846153847,136,13,280,136.0,0,1,2,1,121,4,Lost Customers
17536.0,177,1,76.5,25.5,6,3,177,6.0,0,2,2,1,221,5,Lost Customers
17537.0,30,2,897.62,11.968266666666668,700,74,303,350.0,0,4,3,3,433,10,Potential Loyalist
17538.0,26,1,98.42,10.935555555555556,134,9,26,134.0,0,4,2,1,421,7,New Customer
17540.0,9,3,570.4,21.93846153846154,193,20,316,64.33333333333333,0,5,3,3,533,11,Potential Loyalist
17542.0,270,1,170.75,6.83,134,24,270,134.0,0,1,2,1,121,4,Lost Customers
17545.0,43,3,645.96,4.454896551724138,341,122,43,113.66666666666669,0,3,3,3,333,9,Potential Loyalist
17547.0,372,1,-11.8,-5.9,-4,2,372,-4.0,0,1,2,1,121,4,Lost Customers
17548.0,218,3,-141.48,-8.32235294117647,-132,12,374,-44.0,0,1,3,1,131,5,Needs Attention
17549.0,24,2,148.86,24.81,210,5,52,105.0,0,4,3,1,431,8,Needs Attention
17550.0,197,3,267.16,6.360952380952382,86,42,243,28.666666666666668,0,1,3,2,132,6,Needs Attention
17551.0,359,1,306.84,7.135813953488372,150,39,359,150.0,0,1,2,2,122,5,Lost Customers
17552.0,43,6,909.96,17.842352941176472,708,45,372,118.0,0,3,4,3,343,10,Loyal Customer
17553.0,130,1,1487.6,743.8,1048,2,130,1048.0,0,2,2,4,224,8,Needs Attention
17554.0,1,5,1952.45,22.18693181818182,1763,58,148,352.6,0,5,4,4,544,13,Champion
17555.0,20,2,483.26,4.559056603773585,349,101,335,174.5,0,4,3,3,433,10,Potential Loyalist
17556.0,206,1,157.9,26.316666666666663,101,6,206,101.0,0,1,2,1,121,4,Lost Customers
17557.0,14,3,541.46,15.92529411764706,306,27,81,102.0,0,4,3,3,433,10,Potential Loyalist
17560.0,95,5,854.95,31.664814814814815,651,22,311,130.2,0,2,4,3,243,9,At Risk
17561.0,19,1,167.62,3.643913043478261,146,44,19,146.0,0,4,2,1,421,7,New Customer
17562.0,14,8,1107.38,17.3028125,813,48,173,101.625,0,4,5,4,454,13,Champion
17564.0,24,3,454.01,9.265510204081632,146,38,80,48.66666666666666,0,4,3,2,432,9,Needs Attention
17566.0,8,2,901.21,5.929013157894737,518,113,25,259.0,0,5,3,3,533,11,Potential Loyalist
17567.0,7,10,4012.56,22.669830508474572,2428,110,372,242.8,0,5,5,5,555,15,Champion
17569.0,332,1,344.14,11.866896551724135,159,29,332,159.0,0,1,2,2,122,5,Lost Customers
17571.0,50,4,1498.51,5.011739130434783,905,247,298,226.25,0,3,4,4,344,11,Loyal Customer
17572.0,71,4,226.75000000000003,18.895833333333336,95,7,373,23.75,0,3,4,1,341,8,Loyal Customer
17573.0,29,4,362.9,13.957692307692309,302,24,94,75.5,0,4,4,2,442,10,Loyal Customer
17574.0,243,1,185.65,23.20625,77,8,243,77.0,0,1,2,1,121,4,Lost Customers
17576.0,8,22,3457.78,8.292038369304557,1954,245,365,88.81818181818181,0,5,5,5,555,15,Champion
17578.0,191,2,124.74,20.79,90,5,218,45.0,0,1,3,1,131,5,Needs Attention
17579.0,5,4,440.2,8.465384615384615,256,46,179,64.0,0,5,4,2,542,11,Loyal Customer
17580.0,253,3,215.72,4.793777777777778,88,43,358,29.33333333333333,0,1,3,1,131,5,Needs Attention
17581.0,1,31,10736.11,23.75245575221239,5861,231,372,189.06451612903223,0,5,5,5,555,15,Champion
17582.0,236,1,175.27,6.043793103448277,123,28,236,123.0,0,1,2,1,121,4,Lost Customers
17584.0,7,3,1227.3,34.09166666666667,446,30,127,148.66666666666666,0,5,3,4,534,12,Potential Loyalist
17585.0,109,4,1133.07,5.294719626168224,1671,176,338,417.75,0,2,4,4,244,10,At Risk
17588.0,100,3,1240.2,53.92173913043479,676,19,233,225.33333333333331,0,2,3,4,234,9,At Risk
17589.0,60,4,2404.17,9.502648221343874,1631,172,240,407.75,0,3,4,5,345,12,Loyal Customer
17590.0,2,3,1479.22,7.359303482587065,828,162,40,276.0,0,5,3,4,534,12,Potential Loyalist
17591.0,73,8,2215.02,13.263592814371258,1008,81,367,126.0,0,2,5,5,255,12,At Risk
17593.0,4,6,3911.56,18.1933023255814,3095,190,353,515.8333333333334,0,5,4,5,545,14,Champion
17594.0,85,2,993.18,19.8636,550,42,255,275.0,0,2,3,4,234,9,At Risk
17595.0,12,2,388.79,4.68421686746988,229,68,37,114.5,0,4,3,2,432,9,Needs Attention
17596.0,23,7,2827.93,10.473814814814814,4400,168,369,628.5714285714286,0,4,5,5,455,14,Champion
17597.0,214,1,2044.37,37.17036363636364,1176,55,214,1176.0,0,1,2,5,125,8,Needs Attention
17600.0,18,1,161.67000000000002,12.436153846153848,144,13,18,144.0,0,4,2,1,421,7,New Customer
17601.0,239,1,116.01,12.89,103,9,239,103.0,0,1,2,1,121,4,Lost Customers
17602.0,2,8,5050.77,8.939415929203541,4135,335,324,516.875,0,5,5,5,555,15,Champion
17603.0,50,5,-1165.3,-77.68666666666667,-31,12,267,-6.2,0,3,4,1,341,8,Loyal Customer
17604.0,217,2,309.36,4.91047619047619,169,57,312,84.5,0,1,3,2,132,6,Needs Attention
17608.0,33,2,193.42,3.2783050847457624,232,54,33,116.0,0,3,3,1,331,7,Needs Attention
17609.0,41,6,1103.92,4.638319327731093,721,199,327,120.16666666666669,0,3,4,4,344,11,Loyal Customer
17611.0,4,19,3947.87,6.783281786941581,2552,440,361,134.31578947368422,0,5,5,5,555,15,Champion
17612.0,53,10,1992.76,14.033521126760563,1787,117,298,178.7,0,3,5,4,354,12,Loyal Customer
17613.0,23,17,4509.37,14.135956112852664,2470,211,306,145.2941176470588,0,4,5,5,455,14,Champion
17614.0,57,1,390.07,3.9007,238,97,57,238.0,0,3,2,2,322,7,About to sleep
17615.0,130,3,329.6,23.542857142857144,140,13,222,46.66666666666666,0,2,3,2,232,7,Needs Attention
17616.0,174,3,571.1999999999999,190.4,224,1,368,74.66666666666667,0,2,3,3,233,8,At Risk
17618.0,6,3,971.58,12.456153846153846,331,56,362,110.33333333333331,0,5,3,4,534,12,Potential Loyalist
17619.0,312,1,218.52,2.837922077922078,127,71,312,127.0,0,1,2,1,121,4,Lost Customers
17620.0,60,1,81.44,20.36,60,4,60,60.0,0,3,2,1,321,6,About to sleep
17621.0,21,4,1336.1,49.48518518518518,510,25,354,127.5,0,4,4,4,444,12,Champion
17623.0,33,1,527.0500000000001,15.971212121212124,265,33,33,265.0,0,3,2,3,323,8,Potential Loyalist
17624.0,15,2,843.48,16.869600000000002,554,49,218,277.0,0,4,3,3,433,10,Potential Loyalist
17625.0,18,4,2047.0,6.498412698412698,1198,223,258,299.5,0,4,4,5,445,13,Champion
17628.0,81,1,75.75,15.15,79,5,81,79.0,0,2,2,1,221,5,Lost Customers
17629.0,6,9,1784.12,14.388064516129033,1621,106,360,180.11111111111111,0,5,5,4,554,14,Champion
17630.0,170,2,503.6,19.369230769230768,158,24,232,79.0,0,2,3,3,233,8,At Risk
17631.0,2,3,528.33,13.546923076923076,334,39,232,111.33333333333331,0,5,3,3,533,11,Potential Loyalist
17633.0,31,6,1242.34,17.25472222222222,630,60,359,105.0,0,4,4,4,444,12,Champion
17634.0,36,9,2361.9700000000003,7.952760942760944,840,209,338,93.33333333333331,0,3,5,5,355,13,Loyal Customer
17636.0,9,2,265.93,11.080416666666666,176,20,19,88.0,0,5,3,2,532,10,Needs Attention
17637.0,31,2,547.0600000000001,15.630285714285716,280,35,115,140.0,0,4,3,3,433,10,Potential Loyalist
17639.0,276,1,108.5,15.5,49,7,276,49.0,0,1,2,1,121,4,Lost Customers
17640.0,87,1,621.66,124.332,250,5,87,250.0,0,2,2,3,223,7,Needs Attention
17642.0,120,2,712.29,17.80725,474,34,176,237.0,0,2,3,3,233,8,At Risk
17643.0,373,1,101.55,12.69375,71,8,373,71.0,0,1,2,1,121,4,Lost Customers
17644.0,1,17,2768.98,16.38449704142012,1741,103,322,102.41176470588236,0,5,5,5,555,15,Champion
17646.0,219,4,995.66,18.438148148148148,320,46,365,80.0,0,1,4,4,144,9,At Risk
17647.0,65,1,133.06,19.00857142857143,30,7,65,30.0,0,3,2,1,321,6,About to sleep
17648.0,61,5,1789.55,19.451630434782608,486,81,250,97.2,0,3,4,4,344,11,Loyal Customer
17649.0,135,2,861.74,16.259245283018867,398,52,138,199.0,0,2,3,3,233,8,At Risk
17650.0,21,1,166.08,20.76,150,8,21,150.0,0,4,2,1,421,7,New Customer
17651.0,12,14,3886.67,16.262217573221758,3100,149,177,221.42857142857144,0,4,5,5,455,14,Champion
17652.0,25,18,4737.13,17.544925925925927,2479,118,281,137.72222222222223,0,4,5,5,455,14,Champion
17653.0,29,5,1175.88,23.5176,1401,44,120,280.2,0,4,4,4,444,12,Champion
17654.0,277,1,117.55,5.343181818181818,41,22,277,41.0,0,1,2,1,121,4,Lost Customers
17655.0,11,8,2571.74,27.65311827956989,956,66,366,119.5,0,5,5,5,555,15,Champion
17656.0,73,5,1674.69,20.423048780487804,1399,67,129,279.8,0,2,4,4,244,10,At Risk
17658.0,11,3,485.88,21.125217391304343,522,17,211,174.0,0,5,3,3,533,11,Potential Loyalist
17659.0,4,14,2954.75,18.35248447204969,1486,127,372,106.14285714285714,0,5,5,5,555,15,Champion
17660.0,141,1,196.0,4.355555555555555,130,37,141,130.0,0,2,2,1,221,5,Lost Customers
17663.0,26,9,1788.27,19.869666666666667,793,63,287,88.11111111111111,0,4,5,4,454,13,Champion
17664.0,19,2,604.64,14.061395348837207,604,41,212,302.0,0,4,3,3,433,10,Potential Loyalist
17666.0,4,2,728.16,40.45333333333333,596,14,66,298.0,0,5,3,3,533,11,Potential Loyalist
17667.0,66,5,2055.51,17.56846153846154,1037,85,299,207.4,0,3,4,5,345,12,Loyal Customer
17668.0,1,2,347.75,23.183333333333334,93,14,38,46.5,0,5,3,2,532,10,Needs Attention
17669.0,43,7,3406.7200000000003,50.09882352941177,1916,45,250,273.7142857142857,0,3,5,5,355,13,Loyal Customer
17670.0,228,1,205.7,18.7,110,11,228,110.0,0,1,2,1,121,4,Lost Customers
17671.0,16,6,1284.08,21.05049180327869,659,40,365,109.83333333333331,0,4,4,4,444,12,Champion
17672.0,44,4,3106.62,27.014086956521737,1672,105,309,418.0,0,3,4,5,345,12,Loyal Customer
17673.0,1,7,1622.22,7.115,1485,118,320,212.14285714285717,0,5,5,4,554,14,Champion
17674.0,74,2,551.04,20.40888888888889,672,19,369,336.0,0,2,3,3,233,8,At Risk
17675.0,1,41,20098.1,27.8753120665742,8278,240,367,201.90243902439025,0,5,5,5,555,15,Champion
17676.0,4,7,1383.27,17.50974683544304,931,50,366,133.0,0,5,5,4,554,14,Champion
17677.0,2,43,16219.22,50.52716510903426,9725,179,369,226.1627906976744,0,5,5,5,555,15,Champion
17678.0,264,1,298.11,18.631875,207,16,264,207.0,0,1,2,2,122,5,Lost Customers
17679.0,53,2,1992.11,66.40366666666667,729,29,86,364.5,0,3,3,4,334,10,Potential Loyalist
17680.0,24,1,184.4,16.763636363636365,96,11,24,96.0,0,4,2,1,421,7,New Customer
17682.0,10,7,2459.33,20.666638655462183,1365,48,368,195.0,0,5,5,5,555,15,Champion
17684.0,44,1,239.41,15.960666666666668,145,15,44,145.0,0,3,2,2,322,7,About to sleep
17685.0,17,7,3191.53,24.55023076923077,1956,88,372,279.42857142857144,0,4,5,5,455,14,Champion
17686.0,7,7,5739.46,20.06804195804196,2478,205,303,354.0,0,5,5,5,555,15,Champion
17690.0,30,16,4748.45,18.40484496124031,1767,186,373,110.4375,0,4,5,5,455,14,Champion
17691.0,358,2,290.40000000000003,15.28421052631579,134,18,369,67.0,0,1,3,2,132,6,Needs Attention
17692.0,127,5,733.4399999999999,15.605106382978722,666,34,359,133.2,0,2,4,3,243,9,At Risk
17693.0,136,3,187.02,10.39,229,16,137,76.33333333333333,0,2,3,1,231,6,Needs Attention
17694.0,142,1,283.12,18.874666666666663,184,15,142,184.0,0,2,2,2,222,6,Lost Customers
17695.0,132,2,765.34,21.866857142857143,779,30,172,389.5,0,2,3,3,233,8,At Risk
17696.0,38,14,2201.05,17.468650793650795,1730,79,365,123.57142857142856,0,3,5,5,355,13,Loyal Customer
17697.0,236,1,338.95,17.839473684210525,93,19,236,93.0,0,1,2,2,122,5,Lost Customers
17698.0,261,1,154.95,19.36875,93,8,261,93.0,0,1,2,1,121,4,Lost Customers
17700.0,17,6,2508.89,17.18417808219178,1261,118,365,210.16666666666663,0,4,4,5,445,13,Champion
17701.0,253,1,417.95,17.414583333333333,109,24,253,109.0,0,1,2,2,122,5,Lost Customers
17702.0,30,6,1719.72,21.4965,1320,62,365,220.0,0,4,4,4,444,12,Champion
17703.0,35,3,798.74,14.522545454545456,590,47,138,196.66666666666663,0,3,3,3,333,9,Potential Loyalist
17704.0,169,2,885.19,28.554516129032255,343,27,240,171.5,0,2,3,3,233,8,At Risk
17705.0,3,10,1781.12,16.49185185185185,957,63,302,95.7,0,5,5,4,554,14,Champion
17706.0,4,22,10097.37,25.56296202531646,3833,270,367,174.22727272727272,0,5,5,5,555,15,Champion
17707.0,185,2,152.4,30.48,144,3,336,72.0,0,1,3,1,131,5,Needs Attention
17708.0,188,2,267.08,7.630857142857143,91,28,325,45.5,0,1,3,2,132,6,Needs Attention
17709.0,170,1,137.45,19.635714285714283,17,7,170,17.0,0,2,2,1,221,5,Lost Customers
17711.0,11,2,385.1,16.743478260869566,246,22,290,123.0,0,5,3,2,532,10,Needs Attention
17712.0,45,1,522.91,18.031379310344825,215,29,45,215.0,0,3,2,3,323,8,Potential Loyalist
17714.0,321,1,153.0,15.3,92,10,321,92.0,0,1,2,1,121,4,Lost Customers
17715.0,201,1,326.4,326.4,384,1,201,384.0,0,1,2,2,122,5,Lost Customers
17716.0,23,12,5505.79,21.676338582677165,3004,172,268,250.33333333333331,0,4,5,5,455,14,Champion
17718.0,232,1,139.35,23.225,83,6,232,83.0,0,1,2,1,121,4,Lost Customers
17719.0,38,18,5367.8,19.30863309352518,2455,111,256,136.38888888888889,0,3,5,5,355,13,Loyal Customer
17720.0,26,4,1195.94,23.9188,576,39,368,144.0,0,4,4,4,444,12,Champion
17722.0,96,6,2380.64,19.838666666666665,1572,112,367,262.0,0,2,4,5,245,11,At Risk
17723.0,127,6,3276.4000000000005,327.64000000000004,792,4,214,132.0,0,2,4,5,245,11,At Risk
17724.0,58,4,995.65,22.12555555555556,289,38,138,72.25,0,3,4,4,344,11,Loyal Customer
17725.0,16,14,3371.13,17.025909090909092,2141,115,267,152.92857142857142,0,4,5,5,455,14,Champion
17727.0,9,2,1042.55,15.560447761194029,639,66,15,319.5,0,5,3,4,534,12,Potential Loyalist
17728.0,4,5,2515.68,14.88568047337278,1464,154,87,292.8,0,5,4,5,545,14,Champion
17730.0,3,15,5288.83,24.040136363636364,3567,127,326,237.8,0,5,5,5,555,15,Champion
17731.0,79,5,878.2,10.580722891566266,392,54,183,78.4,0,2,4,3,243,9,At Risk
17732.0,373,1,303.97,16.887222222222224,93,18,373,93.0,0,1,2,2,122,5,Lost Customers
17733.0,39,2,692.19,19.776857142857143,463,33,262,231.5,0,3,3,3,333,9,Potential Loyalist
17734.0,54,3,700.63,16.293720930232556,422,40,234,140.66666666666666,0,3,3,3,333,9,Potential Loyalist
17735.0,2,19,13110.02,19.00002898550725,8439,319,368,444.1578947368421,0,5,5,5,555,15,Champion
17736.0,9,4,337.49,12.980384615384615,237,24,113,59.25,0,5,4,2,542,11,Loyal Customer
17737.0,9,2,168.24,16.824,108,8,58,54.0,0,5,3,1,531,9,Needs Attention
17738.0,19,5,1863.35,18.82171717171717,1027,89,282,205.4,0,4,4,4,444,12,Champion
17739.0,12,8,2786.05,58.04270833333334,856,29,360,107.0,0,4,5,5,455,14,Champion
17742.0,113,2,355.11,23.674,89,13,333,44.5,0,2,3,2,232,7,Needs Attention
17744.0,4,7,2291.08,16.723211678832115,3376,111,358,482.2857142857143,0,5,5,5,555,15,Champion
17746.0,235,2,98.8,12.35,26,6,240,13.0,0,1,3,1,131,5,Needs Attention
17747.0,100,2,64.65,32.325,11,1,113,5.5,0,2,3,1,231,6,Needs Attention
17749.0,178,2,674.52,19.272,320,33,256,160.0,0,2,3,3,233,8,At Risk
17750.0,5,9,1797.57,9.313834196891191,3957,101,164,439.6666666666667,0,5,5,4,554,14,Champion
17752.0,359,1,80.64,80.64,192,1,359,192.0,0,1,2,1,121,4,Lost Customers
17754.0,1,6,1739.92,18.70881720430108,1820,82,260,303.3333333333333,0,5,4,4,544,13,Champion
17757.0,1,31,5585.49,7.527614555256064,3316,275,372,106.96774193548389,0,5,5,5,555,15,Champion
17758.0,19,8,3456.7000000000003,8.390048543689321,2091,310,250,261.375,0,4,5,5,455,14,Champion
17759.0,17,3,834.99,8.789368421052632,708,82,169,236.0,0,4,3,3,433,10,Potential Loyalist
17760.0,22,2,287.59,11.5036,239,25,373,119.5,0,4,3,2,432,9,Needs Attention
17761.0,33,1,712.78,37.51473684210527,398,19,33,398.0,0,3,2,3,323,8,Potential Loyalist
17763.0,263,1,15.0,15.0,12,1,263,12.0,0,1,2,1,121,4,Lost Customers
17764.0,51,2,818.8199999999999,10.917599999999998,395,71,211,197.5,0,3,3,3,333,9,Potential Loyalist
17765.0,159,3,371.88,6.524210526315789,144,51,257,48.0,0,2,3,2,232,7,Needs Attention
17767.0,15,1,271.2,12.914285714285716,128,21,15,128.0,0,4,2,2,422,8,New Customer
17768.0,8,3,2273.1800000000003,21.64933333333333,1186,77,166,395.3333333333333,0,5,3,5,535,13,Potential Loyalist
17769.0,13,12,3960.63,12.65376996805112,1857,200,321,154.75,0,4,5,5,455,14,Champion
17770.0,199,5,1143.27,30.086052631578948,365,33,282,73.0,0,1,4,4,144,9,At Risk
17771.0,57,2,245.81,4.552037037037037,287,51,323,143.5,0,3,3,2,332,8,Needs Attention
17772.0,11,2,182.77,3.448490566037736,58,50,11,29.0,0,5,3,1,531,9,Needs Attention
17774.0,97,5,1215.46,7.741783439490446,511,124,305,102.2,0,2,4,4,244,10,At Risk
17775.0,255,1,56.4,18.8,72,3,255,72.0,0,1,2,1,121,4,Lost Customers
17777.0,25,3,665.86,3.4322680412371134,507,141,100,169.0,0,4,3,3,433,10,Potential Loyalist
17779.0,21,5,642.17,7.644880952380951,394,73,144,78.8,0,4,4,3,443,11,Loyal Customer
17781.0,159,2,188.02,15.668333333333337,34,12,253,17.0,0,2,3,1,231,6,Needs Attention
17783.0,72,2,283.47,4.23089552238806,354,67,248,177.0,0,2,3,2,232,7,Needs Attention
17785.0,53,1,131.94,10.149230769230767,67,13,53,67.0,0,3,2,1,321,6,About to sleep
17786.0,85,2,278.74,3.871388888888889,200,57,317,100.0,0,2,3,2,232,7,Needs Attention
17787.0,153,4,1865.19,13.919328358208956,910,94,371,227.5,0,2,4,4,244,10,At Risk
17788.0,74,2,1117.9,223.58,211,3,130,105.5,0,2,3,4,234,9,At Risk
17789.0,281,1,225.9,16.135714285714286,74,14,281,74.0,0,1,2,1,121,4,Lost Customers
17790.0,27,14,1965.55,10.345,836,121,365,59.71428571428572,0,4,5,4,454,13,Champion
17791.0,30,1,106.1,10.61,46,10,30,46.0,0,4,2,1,421,7,New Customer
17793.0,25,1,323.04,5.5696551724137935,232,49,25,232.0,0,4,2,2,422,8,New Customer
17795.0,180,2,350.39,7.617173913043478,341,43,265,170.5,0,1,3,2,132,6,Needs Attention
17796.0,40,4,697.9,8.510975609756096,178,63,370,44.5,0,3,4,3,343,10,Loyal Customer
17797.0,22,3,780.43,7.0309009009009005,498,102,183,166.0,0,4,3,3,433,10,Potential Loyalist
17799.0,22,11,3026.08,7.380682926829268,1755,280,361,159.54545454545453,0,4,5,5,455,14,Champion
17800.0,37,9,1199.01,11.528942307692308,736,51,334,81.77777777777777,0,3,5,4,354,12,Loyal Customer
17802.0,82,4,1251.84,8.515918367346938,743,105,372,185.75,0,2,4,4,244,10,At Risk
17805.0,74,1,512.31,51.231,478,10,74,478.0,0,2,2,3,223,7,Needs Attention
17806.0,11,1,546.04,12.698604651162787,727,43,11,727.0,0,5,2,3,523,10,Potential Loyalist
17809.0,16,15,4627.62,72.3065625,2015,47,374,134.33333333333334,0,4,5,5,455,14,Champion
17811.0,4,51,7677.71,8.804713302752294,4128,359,334,80.94117647058823,0,5,5,5,555,15,Champion
17812.0,13,4,732.16,5.192624113475177,350,113,368,87.5,0,4,4,3,443,11,Loyal Customer
17813.0,14,7,1714.6,4.535978835978836,777,297,71,111.0,0,4,5,4,454,13,Champion
17816.0,37,4,36.56,2.150588235294118,30,16,365,7.5,0,3,4,1,341,8,Loyal Customer
17817.0,4,3,387.68,11.747878787878788,67,32,277,22.33333333333333,0,5,3,2,532,10,Needs Attention
17819.0,72,8,3661.07,74.71571428571428,1027,36,371,128.375,0,2,5,5,255,12,At Risk
17820.0,191,2,-24.05,-4.8100000000000005,-5,5,359,-2.5,0,1,3,1,131,5,Needs Attention
17824.0,51,1,298.4,22.95384615384615,408,13,51,408.0,0,3,2,2,322,7,About to sleep
17827.0,5,5,1995.46,9.070272727272728,1247,190,365,249.4,0,5,4,4,544,13,Champion
17828.0,9,9,1599.97,19.511829268292683,641,54,185,71.22222222222223,0,5,5,4,554,14,Champion
17829.0,299,1,889.24,29.64133333333333,496,30,299,496.0,0,1,2,3,123,6,Needs Attention
17830.0,2,3,398.7,17.33478260869565,92,18,289,30.666666666666668,0,5,3,2,532,10,Needs Attention
17831.0,33,1,35.400000000000006,17.700000000000003,12,2,33,12.0,0,3,2,1,321,6,About to sleep
17832.0,50,1,155.37,2.547049180327869,208,61,50,208.0,0,3,2,1,321,6,About to sleep
17835.0,3,3,350.64,5.748196721311476,348,45,23,116.0,0,5,3,2,532,10,Needs Attention
17836.0,47,1,110.21,4.592083333333334,88,23,47,88.0,0,3,2,1,321,6,About to sleep
17837.0,42,10,1560.53,9.0728488372093,515,110,163,51.5,0,3,5,4,354,12,Loyal Customer
17838.0,27,6,2312.7,16.881021897810218,1421,96,372,236.83333333333331,0,4,4,5,445,13,Champion
17839.0,42,1,338.8,6.05,285,50,42,285.0,0,3,2,2,322,7,About to sleep
17841.0,2,169,40340.78,5.053335838657146,22865,1331,373,135.2958579881657,0,5,5,5,555,15,Champion
17843.0,303,1,205.48,5.553513513513513,113,36,303,113.0,0,1,2,1,121,4,Lost Customers
17844.0,107,1,51.56,10.312,52,5,107,52.0,0,2,2,1,221,5,Lost Customers
17846.0,85,1,2033.1,2033.1,1,1,85,1.0,0,2,2,5,225,9,Needs Attention
17848.0,81,9,901.2,17.670588235294115,398,41,358,44.22222222222222,0,2,5,3,253,10,At Risk
17849.0,218,4,605.8000000000001,23.300000000000004,114,14,334,28.5,0,1,4,3,143,8,At Risk
17850.0,302,35,5288.63,16.95073717948718,1693,24,374,48.371428571428574,0,1,5,5,155,11,At Risk
17852.0,12,2,114.34,4.764166666666667,53,21,12,26.5,0,4,3,1,431,8,Needs Attention
17854.0,185,2,311.26,20.750666666666667,84,15,227,42.0,0,1,3,2,132,6,Needs Attention
17855.0,373,1,208.97,12.292352941176471,197,17,373,197.0,0,1,2,1,121,4,Lost Customers
17856.0,2,6,1393.79,81.98764705882353,826,12,282,137.66666666666666,0,5,4,4,544,13,Champion
17857.0,3,25,26763.34,477.9167857142857,19086,19,366,763.44,0,5,5,5,555,15,Champion
17858.0,6,12,5155.66,25.9078391959799,2706,101,369,225.5,0,5,5,5,555,15,Champion
17859.0,305,1,148.21,5.9284,127,23,305,127.0,0,1,2,1,121,4,Lost Customers
17860.0,369,1,252.8,4.358620689655172,104,49,369,104.0,0,1,2,2,122,5,Lost Customers
17861.0,3,9,2059.2,9.234080717488787,1968,172,320,218.66666666666663,0,5,5,5,555,15,Champion
17862.0,324,1,330.9,30.08181818181818,100,11,324,100.0,0,1,2,2,122,5,Lost Customers
17863.0,59,6,3160.0,21.35135135135135,2638,110,369,439.6666666666667,0,3,4,5,345,12,Loyal Customer
17864.0,13,3,597.5,5.857843137254902,810,70,276,270.0,0,4,3,3,433,10,Potential Loyalist
17865.0,31,27,10158.54,26.11449871465296,5698,191,364,211.03703703703704,0,4,5,5,455,14,Champion
17866.0,143,2,325.7,32.57,173,9,143,86.5,0,2,3,2,232,7,Needs Attention
17867.0,30,8,622.75,7.688271604938271,253,62,289,31.625,0,4,5,3,453,12,Loyal Customer
17869.0,107,5,428.18,10.7045,111,37,368,22.2,0,2,4,2,242,8,Needs Attention
17870.0,2,13,1889.4,6.747857142857143,1400,214,367,107.6923076923077,0,5,5,4,554,14,Champion
17871.0,205,1,155.9,15.59,182,10,205,182.0,0,1,2,1,121,4,Lost Customers
17873.0,80,6,1764.36,38.35565217391304,999,24,373,166.5,0,2,4,4,244,10,At Risk
17874.0,185,7,658.26,14.005531914893616,209,37,256,29.857142857142858,0,1,5,3,153,9,At Risk
17877.0,170,1,237.61,19.800833333333333,98,12,170,98.0,0,2,2,1,221,5,Lost Customers
17878.0,44,1,379.45,14.59423076923077,401,26,44,401.0,0,3,2,2,322,7,About to sleep
17879.0,174,1,178.51999999999998,29.75333333333333,45,6,174,45.0,0,2,2,1,221,5,Lost Customers
17880.0,365,1,458.92,17.65076923076923,314,26,365,314.0,0,1,2,2,122,5,Lost Customers
17881.0,304,1,133.35000000000002,16.668750000000003,32,8,304,32.0,0,1,2,1,121,4,Lost Customers
17883.0,3,4,671.77,4.632896551724138,379,133,246,94.75,0,5,4,3,543,12,Loyal Customer
17884.0,4,4,717.45,6.1320512820512825,854,107,372,213.5,0,5,4,3,543,12,Loyal Customer
17885.0,12,1,190.19,2.97171875,167,50,12,167.0,0,4,2,1,421,7,New Customer
17886.0,32,3,899.61,8.253302752293578,481,93,250,160.33333333333334,0,4,3,3,433,10,Potential Loyalist
17887.0,129,1,111.35,11.135,30,10,129,30.0,0,2,2,1,221,5,Lost Customers
17888.0,19,10,525.78,6.491111111111111,431,60,357,43.1,0,4,5,3,453,12,Loyal Customer
17889.0,212,2,203.87,9.708095238095238,79,20,322,39.5,0,1,3,1,131,5,Needs Attention
17890.0,323,2,602.09,6.405212765957447,416,88,361,208.0,0,1,3,3,133,7,At Risk
17891.0,162,1,203.86,5.995882352941176,393,34,162,393.0,0,2,2,1,221,5,Lost Customers
17892.0,56,3,244.1,8.717857142857143,109,27,155,36.333333333333336,0,3,3,2,332,8,Needs Attention
17893.0,225,1,112.25,7.015625,161,15,225,161.0,0,1,2,1,121,4,Lost Customers
17894.0,72,8,1119.81,5.802124352331606,405,127,366,50.625,0,2,5,4,254,11,At Risk
17895.0,44,1,98.0,6.125,130,15,44,130.0,0,3,2,1,321,6,About to sleep
17896.0,23,1,256.32,128.16,288,2,23,288.0,0,4,2,2,422,8,New Customer
17897.0,173,4,541.1,4.705217391304348,223,100,374,55.75,0,2,4,3,243,9,At Risk
17898.0,85,2,152.06,5.430714285714286,190,27,207,95.0,0,2,3,1,231,6,Needs Attention
17899.0,159,1,155.8,4.86875,171,29,159,171.0,0,2,2,1,221,5,Lost Customers
17900.0,165,4,15.0,1.3636363636363635,1,4,190,0.25,0,2,4,1,241,7,Needs Attention
17901.0,29,1,110.38,5.809473684210526,24,19,29,24.0,0,4,2,1,421,7,New Customer
17904.0,21,2,178.92,4.587692307692308,62,33,21,31.0,0,4,3,1,431,8,Needs Attention
17905.0,71,4,800.24,23.536470588235293,407,33,373,101.75,0,3,4,3,343,10,Loyal Customer
17906.0,247,1,72.9,6.075,26,12,247,26.0,0,1,2,1,121,4,Lost Customers
17908.0,374,1,243.28,4.19448275862069,173,51,374,173.0,0,1,2,2,122,5,Lost Customers
17911.0,9,1,366.23,9.39051282051282,223,39,9,223.0,0,5,2,2,522,9,New Customer
17912.0,310,6,295.61,7.39025,183,35,365,30.5,0,1,4,2,142,7,Needs Attention
17913.0,59,2,411.6,6.976271186440679,289,55,356,144.5,0,3,3,2,332,8,Needs Attention
17914.0,4,1,336.43,4.205375,473,72,4,473.0,0,5,2,2,522,9,New Customer
17917.0,45,3,341.28,3.63063829787234,187,77,363,62.333333333333336,0,3,3,2,332,8,Needs Attention
17919.0,88,1,1304.04,56.69739130434783,756,23,88,756.0,0,2,2,4,224,8,Needs Attention
17920.0,4,17,4204.1,6.040373563218392,2516,407,374,148.0,0,5,5,5,555,15,Champion
17921.0,64,4,826.52,5.700137931034483,430,114,266,107.5,0,3,4,3,343,10,Loyal Customer
17923.0,282,1,207.50000000000003,207.50000000000003,50,1,282,50.0,0,1,2,1,121,4,Lost Customers
17924.0,1,13,2894.33,76.16657894736842,1141,27,374,87.76923076923077,0,5,5,5,555,15,Champion
17925.0,373,1,244.08,244.08,72,1,373,72.0,0,1,2,2,122,5,Lost Customers
17926.0,133,2,397.29,18.91857142857143,306,17,204,153.0,0,2,3,2,232,7,Needs Attention
17928.0,45,2,212.54,9.240869565217391,140,23,246,70.0,0,3,3,1,331,7,Needs Attention
17929.0,11,5,834.5,139.08333333333334,107,4,309,21.4,0,5,4,3,543,12,Loyal Customer
17930.0,36,5,1740.48,44.62769230769231,1594,26,239,318.8,0,3,4,4,344,11,Loyal Customer
17931.0,134,2,408.36,6.282461538461539,249,63,256,124.5,0,2,3,2,232,7,Needs Attention
17932.0,29,3,1331.57,14.795222222222222,789,84,211,263.0,0,4,3,4,434,11,Potential Loyalist
17934.0,52,2,704.25,33.535714285714285,478,21,59,239.0,0,3,3,3,333,9,Potential Loyalist
17935.0,138,2,145.79,5.027241379310345,82,28,142,41.0,0,2,3,1,231,6,Needs Attention
17936.0,5,1,389.84,5.062857142857142,262,68,5,262.0,0,5,2,2,522,9,New Customer
17937.0,9,7,4301.22,100.02837209302326,1754,19,362,250.57142857142856,0,5,5,5,555,15,Champion
17939.0,160,1,99.14,8.261666666666667,40,12,160,40.0,0,2,2,1,221,5,Lost Customers
17940.0,49,14,1983.58,86.24260869565218,9751,8,303,696.5,0,3,5,4,354,12,Loyal Customer
17941.0,131,1,304.56,152.28,252,2,131,252.0,0,2,2,2,222,6,Lost Customers
17942.0,8,1,77.50000000000001,38.75000000000001,38,2,8,38.0,0,5,2,1,521,8,New Customer
17946.0,233,2,149.57999999999998,7.478999999999999,75,18,259,37.5,0,1,3,1,131,5,Needs Attention
17947.0,37,1,176.68,19.63111111111111,168,9,37,168.0,0,3,2,1,321,6,About to sleep
17948.0,147,1,358.56000000000006,358.56000000000006,144,1,147,144.0,0,2,2,2,222,6,Lost Customers
17949.0,1,52,52750.84,667.7321518987342,27571,29,371,530.2115384615385,0,5,5,5,555,15,Champion
17950.0,72,4,472.12,6.557222222222222,342,63,365,85.5,0,2,4,3,243,9,At Risk
17951.0,40,4,990.84,47.18285714285715,610,18,374,152.5,0,3,4,4,344,11,Loyal Customer
17954.0,5,16,2295.37,4.6940081799591,2229,327,371,139.3125,0,5,5,5,555,15,Champion
17955.0,199,4,557.3,29.331578947368417,273,14,220,68.25,0,1,4,3,143,8,At Risk
17956.0,249,1,12.75,12.75,1,1,249,1.0,0,1,2,1,121,4,Lost Customers
17957.0,66,1,111.68,3.6025806451612907,287,31,66,287.0,0,3,2,1,321,6,About to sleep
17958.0,117,1,508.4599999999999,72.63714285714285,84,7,117,84.0,0,2,2,3,223,7,Needs Attention
17960.0,171,1,73.78,2.837692307692308,41,26,171,41.0,0,2,2,1,221,5,Lost Customers
17961.0,21,39,1296.44,5.206586345381527,560,211,372,14.35897435897436,0,4,5,4,454,13,Champion
17962.0,142,1,102.83,2.938,128,33,142,128.0,0,2,2,1,221,5,Lost Customers
17964.0,32,2,471.7,4.535576923076923,301,84,372,150.5,0,4,3,3,433,10,Potential Loyalist
17965.0,38,14,2622.57,7.971337386018238,1556,274,369,111.14285714285714,0,3,5,5,355,13,Loyal Customer
17966.0,38,5,1098.43,16.15338235294118,2571,53,261,514.2,0,3,4,4,344,11,Loyal Customer
17967.0,372,1,123.07,2.5639583333333333,80,41,372,80.0,0,1,2,1,121,4,Lost Customers
17968.0,374,1,277.35,3.2629411764705885,160,74,374,160.0,0,1,2,2,122,5,Lost Customers
17969.0,166,2,228.2,16.3,152,14,361,76.0,0,2,3,1,231,6,Needs Attention
17970.0,211,1,582.59,18.793225806451613,525,27,211,525.0,0,1,2,3,123,6,Needs Attention
17972.0,242,1,136.04,4.388387096774193,37,30,242,37.0,0,1,2,1,121,4,Lost Customers
17973.0,52,1,337.04,22.46933333333333,176,15,52,176.0,0,3,2,2,322,7,About to sleep
17974.0,25,3,740.79,4.138491620111732,519,143,220,173.0,0,4,3,3,433,10,Potential Loyalist
17975.0,15,14,4393.61,14.793299663299662,1552,189,367,110.85714285714286,0,4,5,5,455,14,Champion
17976.0,372,1,353.19,5.433692307692308,106,56,372,106.0,0,1,2,2,122,5,Lost Customers
17977.0,29,1,288.14,13.72095238095238,342,19,29,342.0,0,4,2,2,422,8,New Customer
17978.0,365,1,300.92,25.076666666666664,499,12,365,499.0,0,1,2,2,122,5,Lost Customers
17979.0,36,5,737.81,5.019115646258503,395,116,260,79.0,0,3,4,3,343,10,Loyal Customer
17980.0,166,3,811.45,27.048333333333336,682,23,359,227.33333333333331,0,2,3,3,233,8,At Risk
17984.0,145,1,152.68,3.1808333333333336,98,48,145,98.0,0,2,2,1,221,5,Lost Customers
17985.0,22,1,634.95,27.60652173913044,183,20,22,183.0,0,4,2,3,423,9,Potential Loyalist
17986.0,56,1,20.8,20.8,10,1,56,10.0,0,3,2,1,321,6,About to sleep
17987.0,185,1,198.57,15.274615384615384,261,13,185,261.0,0,1,2,1,121,4,Lost Customers
17988.0,12,8,191.17,4.9017948717948725,42,37,327,5.25,0,4,5,1,451,10,Loyal Customer
17990.0,237,3,630.84,21.753103448275866,414,27,362,138.0,0,1,3,3,133,7,At Risk
17991.0,225,2,93.35,18.67,25,4,226,12.5,0,1,3,1,131,5,Needs Attention
17994.0,122,6,629.6899999999999,7.496309523809523,473,63,291,78.83333333333333,0,2,4,3,243,9,At Risk
17995.0,282,1,76.1,38.05,133,2,282,133.0,0,1,2,1,121,4,Lost Customers
17997.0,74,12,1511.3,8.39611111111111,2078,134,164,173.16666666666666,0,2,5,4,254,11,At Risk
17999.0,37,2,382.06,4.108172043010753,221,87,366,110.5,0,3,3,2,332,8,Needs Attention
18001.0,12,2,417.23,7.193620689655173,363,56,87,181.5,0,4,3,2,432,9,Needs Attention
18004.0,362,1,169.47,4.23675,78,32,362,78.0,0,1,2,1,121,4,Lost Customers
18005.0,4,2,249.72,4.162,93,52,47,46.5,0,5,3,2,532,10,Needs Attention
18006.0,23,1,444.68,20.212727272727275,220,21,23,220.0,0,4,2,2,422,8,New Customer
18008.0,70,9,2116.19,70.53966666666666,1581,24,319,175.66666666666666,0,3,5,5,355,13,Loyal Customer
18009.0,235,2,252.24,7.643636363636364,124,31,235,62.0,0,1,3,2,132,6,Needs Attention
18010.0,257,1,174.8,12.485714285714286,60,14,257,60.0,0,1,2,1,121,4,Lost Customers
18011.0,373,1,102.79,3.671071428571428,71,28,373,71.0,0,1,2,1,121,4,Lost Customers
18013.0,155,2,187.29,6.041612903225806,285,31,155,142.5,0,2,3,1,231,6,Needs Attention
18014.0,28,1,166.42,5.200625,68,29,28,68.0,0,4,2,1,421,7,New Customer
18015.0,4,1,120.03,2.6093478260869567,157,46,4,157.0,0,5,2,1,521,8,New Customer
18016.0,32,5,1483.56,12.061463414634146,1029,90,364,205.8,0,4,4,4,444,12,Champion
18017.0,81,3,523.0,174.33333333333334,300,1,310,100.0,0,2,3,3,233,8,At Risk
18018.0,108,2,122.14,4.211724137931035,55,29,199,27.5,0,2,3,1,231,6,Needs Attention
18019.0,52,1,38.45,7.69,7,5,52,7.0,0,3,2,1,321,6,About to sleep
18022.0,36,1,668.11,3.497958115183246,736,141,36,736.0,0,3,2,3,323,8,Potential Loyalist
18024.0,153,3,236.78,10.762727272727272,148,21,153,49.333333333333336,0,2,3,1,231,6,Needs Attention
18027.0,99,1,115.31,5.490952380952381,78,21,99,78.0,0,2,2,1,221,5,Lost Customers
18030.0,4,3,220.7,22.07,66,8,42,22.0,0,5,3,1,531,9,Needs Attention
18032.0,334,1,73.5,14.7,42,5,334,42.0,0,1,2,1,121,4,Lost Customers
18033.0,65,1,97.97,2.881470588235294,253,32,65,253.0,0,3,2,1,321,6,About to sleep
18034.0,22,2,422.88,3.775714285714286,561,99,22,280.5,0,4,3,2,432,9,Needs Attention
18035.0,36,3,730.4,13.781132075471698,611,44,43,203.66666666666663,0,3,3,3,333,9,Potential Loyalist
18036.0,32,3,405.62,4.225208333333334,234,77,246,78.0,0,4,3,2,432,9,Needs Attention
18037.0,154,6,70.02,3.685263157894737,20,19,362,3.333333333333333,0,2,4,1,241,7,Needs Attention
18040.0,19,2,357.20000000000005,18.8,148,18,246,74.0,0,4,3,2,432,9,Needs Attention
18041.0,12,22,4161.14,8.778776371308018,3810,285,373,173.1818181818182,0,4,5,5,455,14,Champion
18042.0,54,1,165.04999999999998,23.578571428571426,33,7,54,33.0,0,3,2,1,321,6,About to sleep
18043.0,25,3,559.51,4.624049586776859,282,106,367,94.0,0,4,3,3,433,10,Potential Loyalist
18044.0,4,11,2085.65,16.294140625,1032,88,361,93.8181818181818,0,5,5,5,555,15,Champion
18045.0,45,1,189.4,4.029787234042553,142,43,45,142.0,0,3,2,1,321,6,About to sleep
18048.0,203,2,172.29000000000002,24.612857142857145,127,6,203,63.5,0,1,3,1,131,5,Needs Attention
18050.0,359,1,74.4,14.88,40,5,359,40.0,0,1,2,1,121,4,Lost Customers
18053.0,66,2,297.07,14.146190476190476,301,20,71,150.5,0,3,3,2,332,8,Needs Attention
18055.0,7,11,6752.14,18.60093663911846,2450,223,370,222.72727272727272,0,5,5,5,555,15,Champion
18056.0,288,1,363.65,19.139473684210525,211,19,288,211.0,0,1,2,2,122,5,Lost Customers
18058.0,10,1,170.16,56.72,88,3,10,88.0,0,5,2,1,521,8,New Customer
18059.0,9,4,296.71,14.129047619047618,258,17,68,64.5,0,5,4,2,542,11,Loyal Customer
18061.0,22,10,2119.41,46.0741304347826,955,18,366,95.5,0,4,5,5,455,14,Champion
18062.0,173,3,720.52,26.685925925925925,396,23,338,132.0,0,2,3,3,233,8,At Risk
18064.0,133,2,814.0,116.28571428571428,384,7,235,192.0,0,2,3,3,233,8,At Risk
18065.0,6,15,2380.08,17.24695652173913,1024,110,365,68.26666666666667,0,5,5,5,555,15,Champion
18066.0,75,1,318.0,31.8,108,10,75,108.0,0,2,2,2,222,6,Lost Customers
18067.0,40,1,396.33,10.71162162162162,189,36,40,189.0,0,3,2,2,322,7,About to sleep
18068.0,289,1,101.7,101.7,6,1,289,6.0,0,1,2,1,121,4,Lost Customers
18069.0,26,7,2021.82,4.283516949152542,1308,334,327,186.8571428571429,0,4,5,5,455,14,Champion
18071.0,258,2,453.0,18.12,260,23,366,130.0,0,1,3,2,132,6,Needs Attention
18072.0,155,2,-5.3290705182007506e-15,-1.480297366166875e-16,46,20,186,23.0,0,2,3,1,231,6,Needs Attention
18073.0,114,13,3864.44,50.84789473684211,3098,23,197,238.30769230769232,0,2,5,5,255,12,At Risk
18074.0,374,1,489.6,37.66153846153846,190,13,374,190.0,0,1,2,3,123,6,Needs Attention
18075.0,23,14,2538.7200000000003,16.59294117647059,1437,97,361,102.64285714285714,0,4,5,5,455,14,Champion
18077.0,8,11,2633.01,11.599162995594712,1878,101,367,170.72727272727272,0,5,5,5,555,15,Champion
18078.0,217,2,336.13,11.590689655172412,145,27,259,72.5,0,1,3,2,132,6,Needs Attention
18079.0,45,4,3651.97,28.75566929133858,7432,99,239,1858.0,0,3,4,5,345,12,Loyal Customer
18080.0,19,2,1231.5,615.75,642,2,243,321.0,0,4,3,4,434,11,Potential Loyalist
18081.0,36,3,343.45,20.20294117647059,195,14,134,65.0,0,3,3,2,332,8,Needs Attention
18082.0,26,1,703.37,9.635205479452054,621,62,26,621.0,0,4,2,3,423,9,Potential Loyalist
18084.0,16,2,87.52999999999999,43.76499999999999,311,2,301,155.5,0,4,3,1,431,8,Needs Attention
18085.0,330,2,689.95,23.79137931034483,265,25,374,132.5,0,1,3,3,133,7,At Risk
18086.0,274,1,101.34,14.477142857142857,106,7,274,106.0,0,1,2,1,121,4,Lost Customers
18087.0,98,4,3770.12,538.5885714285713,3571,7,302,892.75,0,2,4,5,245,11,At Risk
18088.0,61,1,167.67000000000002,4.299230769230769,109,35,61,109.0,0,3,2,1,321,6,About to sleep
18092.0,2,12,9065.76,100.73066666666666,4250,28,366,354.1666666666667,0,5,5,5,555,15,Champion
18093.0,93,5,2083.42,54.82684210526316,1381,31,303,276.2,0,2,4,5,245,11,At Risk
18094.0,82,7,3017.3,43.10428571428572,2518,39,292,359.7142857142857,0,2,5,5,255,12,At Risk
18095.0,313,2,580.0500000000001,27.621428571428574,419,20,333,209.5,0,1,3,3,133,7,At Risk
18096.0,12,3,911.15,4.277699530516432,825,157,64,275.0,0,4,3,3,433,10,Potential Loyalist
18097.0,8,7,2692.85,24.705045871559637,1685,66,354,240.7142857142857,0,5,5,5,555,15,Champion
18099.0,127,1,168.31,8.858421052631579,149,19,127,149.0,0,2,2,1,221,5,Lost Customers
18101.0,11,2,223.65,5.454878048780488,88,37,143,44.0,0,5,3,1,531,9,Needs Attention
18102.0,1,62,256438.49,592.2366974595843,64122,151,367,1034.225806451613,0,5,5,5,555,15,Champion
18104.0,37,1,754.64,19.85894736842105,362,38,37,362.0,0,3,2,3,323,8,Potential Loyalist
18105.0,38,1,113.48000000000002,6.304444444444446,46,18,38,46.0,0,3,2,1,321,6,About to sleep
18106.0,330,1,430.7,11.043589743589743,128,33,330,128.0,0,1,2,2,122,5,Lost Customers
18108.0,249,2,264.65,13.928947368421053,82,17,254,41.0,0,1,3,2,132,6,Needs Attention
18109.0,2,31,7925.32,17.456651982378855,4219,120,370,136.09677419354838,0,5,5,5,555,15,Champion
18110.0,19,2,206.05,4.205102040816326,79,33,20,39.5,0,4,3,1,431,8,Needs Attention
18112.0,12,2,352.69,13.565,255,26,166,127.5,0,4,3,2,432,9,Needs Attention
18113.0,369,1,76.32000000000001,76.32000000000001,72,1,369,72.0,0,1,2,1,121,4,Lost Customers
18114.0,290,1,220.1,7.860714285714286,55,28,290,55.0,0,1,2,1,121,4,Lost Customers
18116.0,68,8,1418.03,3.751402116402117,848,230,365,106.0,0,3,5,4,354,12,Loyal Customer
18117.0,26,1,320.72,4.334054054054055,618,68,26,618.0,0,4,2,2,422,8,New Customer
18118.0,11,31,5595.77,4.35807632398754,2877,424,370,92.80645161290325,0,5,5,5,555,15,Champion
18119.0,368,1,181.12,6.037333333333334,125,29,368,125.0,0,1,2,1,121,4,Lost Customers
18120.0,214,1,111.15,6.538235294117648,31,17,214,31.0,0,1,2,1,121,4,Lost Customers
18121.0,149,2,673.1,21.034375,450,28,155,225.0,0,2,3,3,233,8,At Risk
18122.0,8,6,1826.21,5.01706043956044,1234,239,151,205.66666666666663,0,5,4,4,544,13,Champion
18123.0,24,2,589.4399999999999,16.37333333333333,594,31,31,297.0,0,4,3,3,433,10,Potential Loyalist
18125.0,30,5,1141.34,5.793604060913705,803,164,316,160.6,0,4,4,4,444,12,Champion
18126.0,61,1,206.83,3.693392857142857,144,52,61,144.0,0,3,2,1,321,6,About to sleep
18127.0,19,3,348.73,7.419787234042554,188,41,134,62.66666666666666,0,4,3,2,432,9,Needs Attention
18129.0,243,1,112.55,8.039285714285715,48,13,243,48.0,0,1,2,1,121,4,Lost Customers
18130.0,9,4,1045.74,14.728732394366196,817,58,57,204.25,0,5,4,4,544,13,Champion
18135.0,29,5,681.9100000000001,34.0955,349,11,190,69.8,0,4,4,3,443,11,Loyal Customer
18136.0,63,4,761.83,19.534102564102565,373,34,320,93.25,0,3,4,3,343,10,Loyal Customer
18138.0,295,1,152.65,19.08125,38,8,295,38.0,0,1,2,1,121,4,Lost Customers
18139.0,17,8,8393.22,51.81,5461,36,18,682.625,0,4,5,5,455,14,Champion
18141.0,361,1,-35.400000000000006,-35.400000000000006,-12,1,361,-12.0,0,1,2,1,121,4,Lost Customers
18142.0,151,4,1014.9,56.38333333333333,1273,9,216,318.25,0,2,4,4,244,10,At Risk
18143.0,117,2,1000.16,16.396065573770493,570,59,142,285.0,0,2,3,4,234,9,At Risk
18144.0,8,12,2888.75,67.18023255813954,1343,27,373,111.91666666666669,0,5,5,5,555,15,Champion
18145.0,13,4,2861.55,12.94819004524887,2625,174,313,656.25,0,4,4,5,445,13,Champion
18146.0,141,2,160.35000000000002,16.035000000000004,153,10,220,76.5,0,2,3,1,231,6,Needs Attention
18147.0,46,2,179.33999999999995,25.62,203,7,109,101.5,0,3,3,1,331,7,Needs Attention
18149.0,51,3,612.0799999999999,38.255,310,11,274,103.33333333333331,0,3,3,3,333,9,Potential Loyalist
18150.0,32,3,566.58,15.312972972972974,332,29,202,110.66666666666669,0,4,3,3,433,10,Potential Loyalist
18151.0,135,2,653.35,17.193421052631578,355,38,290,177.5,0,2,3,3,233,8,At Risk
18154.0,3,2,399.19,19.009047619047617,255,15,44,127.5,0,5,3,2,532,10,Needs Attention
18155.0,75,4,347.82,12.422142857142855,258,19,292,64.5,0,2,4,2,242,8,Needs Attention
18156.0,13,2,734.94,5.2495714285714286,301,100,370,150.5,0,4,3,3,433,10,Potential Loyalist
18158.0,9,3,451.75,12.907142857142857,353,24,89,117.66666666666669,0,5,3,2,532,10,Needs Attention
18159.0,301,1,530.15,23.05,139,23,301,139.0,0,1,2,3,123,6,Needs Attention
18160.0,57,2,638.0600000000001,16.36051282051282,294,37,200,147.0,0,3,3,3,333,9,Potential Loyalist
18161.0,10,6,1612.79,19.910987654320987,810,49,320,135.0,0,5,4,4,544,13,Champion
18164.0,31,2,394.7,15.788,183,24,37,91.5,0,4,3,2,432,9,Needs Attention
18165.0,177,1,302.46000000000004,30.246,254,10,177,254.0,0,2,2,2,222,6,Lost Customers
18167.0,4,6,1355.51,31.523488372093023,359,25,106,59.833333333333336,0,5,4,4,544,13,Champion
18168.0,176,9,1133.64,8.097428571428573,585,101,372,65.0,0,2,5,4,254,11,At Risk
18169.0,61,1,202.65,22.516666666666666,61,9,61,61.0,0,3,2,1,321,6,About to sleep
18170.0,33,3,980.31,25.797631578947367,409,29,217,136.33333333333334,0,3,3,4,334,10,Potential Loyalist
18171.0,59,7,1208.51,21.580535714285716,477,43,334,68.14285714285714,0,3,5,4,354,12,Loyal Customer
18172.0,15,25,7490.17,38.021167512690354,3170,101,294,126.8,0,4,5,5,455,14,Champion
18173.0,87,4,2106.84,67.9625806451613,1220,23,275,305.0,0,2,4,5,245,11,At Risk
18174.0,7,1,104.0,104.0,50,1,7,50.0,0,5,2,1,521,8,New Customer
18176.0,354,2,448.65,13.595454545454544,279,30,358,139.5,0,1,3,2,132,6,Needs Attention
18177.0,31,7,1314.17,17.522266666666667,705,53,256,100.71428571428572,0,4,5,4,454,13,Champion
18178.0,114,6,1573.41,15.893030303030304,979,80,365,163.16666666666666,0,2,4,4,244,10,At Risk
18179.0,9,6,1793.17,19.924111111111117,1360,86,336,226.66666666666663,0,5,4,4,544,13,Champion
18180.0,5,6,1843.75,15.493697478991596,1721,108,143,286.8333333333333,0,5,4,4,544,13,Champion
18181.0,24,1,382.8,8.700000000000001,146,40,24,146.0,0,4,2,2,422,8,New Customer
18183.0,218,6,600.52,13.648181818181818,362,36,275,60.333333333333336,0,1,4,3,143,8,At Risk
18184.0,15,1,49.8,49.8,60,1,15,60.0,0,4,2,1,421,7,New Customer
18185.0,249,1,304.25,17.897058823529413,183,17,249,183.0,0,1,2,2,122,5,Lost Customers
18188.0,15,4,1998.49,27.756805555555555,1167,63,290,291.75,0,4,4,4,444,12,Champion
18189.0,78,3,1084.34,15.715072463768117,564,65,268,188.0,0,2,3,4,234,9,At Risk
18190.0,192,3,274.51,17.156875,139,14,331,46.333333333333336,0,1,3,2,132,6,Needs Attention
18191.0,262,1,207.8,29.685714285714283,140,7,262,140.0,0,1,2,1,121,4,Lost Customers
18192.0,72,1,957.97,21.288222222222224,339,45,72,339.0,0,2,2,4,224,8,Needs Attention
18193.0,151,3,212.96,11.831111111111111,120,17,366,40.0,0,2,3,1,231,6,Needs Attention
18194.0,64,2,896.0,99.55555555555556,448,7,82,224.0,0,3,3,3,333,9,Potential Loyalist
18196.0,95,2,689.13,4.887446808510639,433,131,290,216.5,0,2,3,3,233,8,At Risk
18198.0,4,21,5083.06,30.62084337349398,3839,81,336,182.8095238095238,0,5,5,5,555,15,Champion
18200.0,106,1,163.8,5.11875,111,29,106,111.0,0,2,2,1,221,5,Lost Customers
18202.0,200,3,1396.99,20.543970588235293,581,55,311,193.66666666666663,0,1,3,4,134,8,At Risk
18203.0,157,1,160.42000000000002,8.443157894736842,43,19,157,43.0,0,2,2,1,221,5,Lost Customers
18204.0,71,4,1979.3,9.798514851485148,1198,159,192,299.5,0,3,4,4,344,11,Loyal Customer
18205.0,36,2,517.36,16.1675,192,30,75,96.0,0,3,3,3,333,9,Potential Loyalist
18209.0,29,1,139.10000000000002,17.387500000000003,58,8,29,58.0,0,4,2,1,421,7,New Customer
18210.0,2,6,2621.38,19.56253731343284,1398,109,267,233.0,0,5,4,5,545,14,Champion
18211.0,26,5,600.07,14.287380952380952,359,37,279,71.8,0,4,4,3,443,11,Loyal Customer
18212.0,326,1,248.42,5.7772093023255815,101,30,326,101.0,0,1,2,2,122,5,Lost Customers
18213.0,237,1,232.48,15.498666666666669,232,15,237,232.0,0,1,2,1,121,4,Lost Customers
18215.0,89,1,299.34000000000003,23.02615384615385,118,13,89,118.0,0,2,2,2,222,6,Lost Customers
18216.0,31,1,481.75,18.528846153846157,200,26,31,200.0,0,4,2,3,423,9,Potential Loyalist
18217.0,29,2,621.75,20.056451612903224,491,27,71,245.5,0,4,3,3,433,10,Potential Loyalist
18218.0,206,4,626.38,26.099166666666665,546,17,282,136.5,0,1,4,3,143,8,At Risk
18219.0,3,11,2019.77,17.56321739130435,883,58,369,80.27272727272727,0,5,5,5,555,15,Champion
18220.0,220,2,297.78000000000003,74.44500000000001,282,2,227,141.0,0,1,3,2,132,6,Needs Attention
18221.0,22,6,1033.31,15.897076923076922,789,59,211,131.5,0,4,4,4,444,12,Champion
18222.0,93,1,443.0,23.31578947368421,335,19,93,335.0,0,2,2,2,222,6,Lost Customers
18223.0,2,27,6315.2300000000005,21.12117056856188,2890,119,358,107.03703703703704,0,5,5,5,555,15,Champion
18224.0,264,1,158.95000000000002,15.895,69,10,264,69.0,0,1,2,1,121,4,Lost Customers
18225.0,3,17,5361.02,18.744825174825177,3206,151,372,188.58823529411765,0,5,5,5,555,15,Champion
18226.0,39,14,5192.1,21.192244897959185,3459,141,338,247.07142857142856,0,3,5,5,355,13,Loyal Customer
18227.0,218,1,93.75,18.75,21,5,218,21.0,0,1,2,1,121,4,Lost Customers
18228.0,50,3,769.2,24.0375,236,23,80,78.66666666666667,0,3,3,3,333,9,Potential Loyalist
18229.0,12,20,7276.900000000001,44.37134146341464,2488,66,373,124.4,0,4,5,5,455,14,Champion
18230.0,9,10,2716.6000000000004,30.523595505617983,1298,32,365,129.8,0,5,5,5,555,15,Champion
18231.0,192,6,2066.17,16.398174603174603,808,106,289,134.66666666666666,0,1,4,5,145,10,At Risk
18232.0,82,5,582.47,14.56175,299,31,197,59.8,0,2,4,3,243,9,At Risk
18233.0,326,1,440.0,440.0,4,1,326,4.0,0,1,2,2,122,5,Lost Customers
18235.0,72,3,1796.48,17.273846153846154,1578,100,217,526.0,0,2,3,4,234,9,At Risk
18236.0,30,6,882.24,18.004897959183673,403,42,241,67.16666666666667,0,4,4,3,443,11,Loyal Customer
18237.0,3,5,987.1,16.181967213114753,622,40,134,124.4,0,5,4,4,544,13,Champion
18239.0,219,5,1561.61,17.745568181818182,795,80,372,159.0,0,1,4,4,144,9,At Risk
18240.0,46,1,422.58,70.42999999999999,126,6,46,126.0,0,3,2,2,322,7,About to sleep
18241.0,10,18,2058.09,19.600857142857144,1047,60,218,58.16666666666666,0,5,5,5,555,15,Champion
18242.0,72,4,2232.49,28.62166666666667,1017,72,214,254.25,0,2,4,5,245,11,At Risk
18245.0,7,8,2507.56,14.167005649717511,1781,155,355,222.625,0,5,5,5,555,15,Champion
18246.0,24,2,596.1,149.025,166,3,233,83.0,0,4,3,3,433,10,Potential Loyalist
18248.0,114,4,783.02,15.98,501,39,186,125.25,0,2,4,3,243,9,At Risk
18249.0,17,1,95.34,11.9175,128,8,17,128.0,0,4,2,1,421,7,New Customer
18250.0,301,2,342.92,15.587272727272728,198,21,310,99.0,0,1,3,2,132,6,Needs Attention
18251.0,87,1,4314.72,269.67,7824,16,87,7824.0,0,2,2,5,225,9,Needs Attention
18252.0,51,2,526.67,5.374183673469387,239,90,172,119.5,0,3,3,3,333,9,Potential Loyalist
18255.0,89,1,103.3,17.216666666666665,74,6,89,74.0,0,2,2,1,221,5,Lost Customers
18256.0,355,1,-50.1,-12.525,-70,4,355,-70.0,0,1,2,1,121,4,Lost Customers
18257.0,39,12,2265.38,18.417723577235773,1010,98,296,84.16666666666667,0,3,5,5,355,13,Loyal Customer
18259.0,25,3,2338.6000000000004,55.68095238095239,714,27,366,238.0,0,4,3,5,435,12,Potential Loyalist
18260.0,173,8,2595.0,18.535714285714285,1469,86,358,183.625,0,2,5,5,255,12,At Risk
18261.0,43,2,324.24,15.44,146,19,96,73.0,0,3,3,2,332,8,Needs Attention
18262.0,140,1,149.48,11.498461538461536,182,13,140,182.0,0,2,2,1,221,5,Lost Customers
18263.0,23,4,1211.08,19.53354838709677,1467,59,253,366.75,0,4,4,4,444,12,Champion
18265.0,72,2,801.51,17.424130434782608,311,44,158,155.5,0,2,3,3,233,8,At Risk
18269.0,358,2,138.9,17.3625,70,7,366,35.0,0,1,3,1,131,5,Needs Attention
18270.0,38,3,238.95,18.380769230769232,97,12,267,32.333333333333336,0,3,3,2,332,8,Needs Attention
18272.0,3,7,3064.78,18.028117647058824,2044,99,247,292.0,0,5,5,5,555,15,Champion
18273.0,2,3,204.0,68.0,80,1,258,26.666666666666668,0,5,3,1,531,9,Needs Attention
18276.0,21,3,323.36,20.21,184,14,44,61.333333333333336,0,4,3,2,432,9,Needs Attention
18277.0,58,2,97.63,10.847777777777775,67,9,319,33.5,0,3,3,1,331,7,Needs Attention
18278.0,74,1,173.9,19.322222222222223,66,9,74,66.0,0,2,2,1,221,5,Lost Customers
18280.0,278,1,180.6,18.06,45,10,278,45.0,0,1,2,1,121,4,Lost Customers
18281.0,181,1,80.82,11.545714285714284,54,7,181,54.0,0,1,2,1,121,4,Lost Customers
18282.0,8,3,176.6,13.584615384615384,98,12,126,32.666666666666664,0,5,3,1,531,9,Needs Attention
18283.0,4,16,2094.88,2.771005291005291,1397,263,337,87.3125,0,5,5,5,555,15,Champion
18287.0,43,3,1837.28,26.24685714285714,1586,59,202,528.6666666666666,0,3,3,4,334,10,Potential Loyalist
12346.0,326,2,0.0,0.0,0,1,326,0.0,1,0,0,0,000,0,Anomalous
12454.0,53,2,5.684341886080803e-14,1.8947806286936005e-15,0,15,56,0.0,1,0,0,0,000,0,Anomalous
12558.0,2,2,1.0658141036401504e-14,4.844609562000683e-16,0,11,8,0.0,1,0,0,0,000,0,Anomalous
12607.0,58,2,3.552713678800501e-15,1.75876914792104e-17,0,101,60,0.0,1,0,0,0,000,0,Anomalous
12908.0,59,4,246.0,61.5,0,2,313,0.0,1,0,0,0,000,0,Anomalous
13256.0,14,1,0.0,0.0,12540,1,14,12540.0,1,0,0,0,000,0,Anomalous
13364.0,67,2,0.0,0.0,0,10,71,0.0,1,0,0,0,000,0,Anomalous
13762.0,204,2,3.552713678800501e-15,2.5376526277146434e-16,0,7,219,0.0,1,0,0,0,000,0,Anomalous
14557.0,64,2,0.0,0.0,0,16,85,0.0,1,0,0,0,000,0,Anomalous
14792.0,64,2,0.0,0.0,0,2,64,0.0,1,0,0,0,000,0,Anomalous
16742.0,47,2,0.0,0.0,-189,4,47,-94.5,1,0,0,0,000,0,Anomalous
16878.0,25,2,0.0,0.0,0,3,84,0.0,1,0,0,0,000,0,Anomalous
18133.0,211,2,715.4999999999999,357.74999999999994,0,2,212,0.0,1,0,0,0,000,0,Anomalous
18268.0,134,2,0.0,0.0,0,1,135,0.0,1,0,0,0,000,0,Anomalous
18274.0,18,2,1.7763568394002505e-15,8.074349270001139e-17,0,11,30,0.0,1,0,0,0,000,0,Anomalous
