InvoiceNo,StockCode,Description,Quantity,InvoiceDate,UnitPrice,CustomerID,Country
INV500567,TH-JACK,Denim Jacket,2,2026-01-20 19:00,99.08,20064,United Kingdom
INV505065,TH-JACK,Denim Jacket,1,2025-12-11 09:00,122.61,20568,United Kingdom
INV502699,TH-SHIRT,Oxford Shirt,2,2026-04-08 11:00,35.15,20297,United Kingdom
INV501022,TH-JACK,Denim Jacket,1,2026-02-09 13:00,128.69,20111,United Kingdom
INV506236,TH-SHOE,Canvas Sneakers,1,2026-02-25 11:00,49.36,20696,United Kingdom
INV500536,TH-HOOD,Fleece Hoodie,1,2025-09-23 19:00,68.3,20061,United Kingdom
INV500430,TH-JEAN,Slim Fit Jeans,1,2026-06-18 11:00,85.79,20051,United Kingdom
INV505728,TH-SHOE,Canvas Sneakers,1,2025-12-16 11:00,65.73,20645,United Kingdom
INV505931,TH-SHIRT,Oxford Shirt,1,2025-12-02 11:00,33.11,20667,United Kingdom
INV502563,TH-JEAN,Slim Fit Jeans,2,2025-09-08 10:00,55.28,20282,United Kingdom
INV505706,TH-TSHIRT,Cotton Crew T-Shirt,3,2026-05-30 13:00,19.76,20643,United Kingdom
INV501023,TH-HOOD,Fleece Hoodie,3,2026-01-08 17:00,71.46,20111,United Kingdom
INV505543,TH-TSHIRT,Cotton Crew T-Shirt,2,2026-04-21 10:00,19.85,20624,United Kingdom
INV500071,TH-CAP,Logo Cap,2,2025-11-28 14:00,14.85,20009,United Kingdom
INV505000,TH-SHIRT,Oxford Shirt,2,2025-11-04 14:00,49.71,20561,United Kingdom
INV504051,TH-JEAN,Slim Fit Jeans,2,2025-09-02 16:00,69.6,20453,United Kingdom
INV503558,TH-HOOD,Fleece Hoodie,2,2026-03-08 15:00,37.12,20393,United Kingdom
INV501113,TH-DRESS,Summer Dress,2,2026-01-02 16:00,60.84,20123,United Kingdom
INV505483,TH-CAP,Logo Cap,2,2025-05-11 15:00,22.15,20616,United Kingdom
INV506216,TH-DRESS,Summer Dress,3,2025-05-27 18:00,76.69,20694,United Kingdom
INV504013,TH-HOOD,Fleece Hoodie,3,2025-09-18 19:00,70.23,20448,United Kingdom
INV503834,TH-SHIRT,Oxford Shirt,1,2025-05-17 12:00,51.58,20431,United Kingdom
INV505067,TH-SHOE,Canvas Sneakers,1,2026-04-02 16:00,83.96,20568,United Kingdom
INV503595,TH-SHOE,Canvas Sneakers,2,2025-08-12 19:00,35.53,20397,United Kingdom
INV505204,TH-HOOD,Fleece Hoodie,2,2025-09-08 16:00,54.06,20583,United Kingdom
INV502766,TH-SHIRT,Oxford Shirt,1,2026-05-13 20:00,34.39,20305,United Kingdom
INV501883,TH-JACK,Denim Jacket,2,2025-07-02 11:00,79.52,20209,United Kingdom
INV501336,TH-SHIRT,Oxford Shirt,2,2025-11-05 15:00,51.29,20149,United Kingdom
INV504306,TH-TSHIRT,Cotton Crew T-Shirt,2,2026-05-31 12:00,24.75,20484,United Kingdom
INV505370,TH-DRESS,Summer Dress,1,2025-09-11 16:00,67.81,20605,United Kingdom
INV502418,TH-DRESS,Summer Dress,2,2026-03-19 14:00,81.83,20265,United Kingdom
INV504485,TH-HOOD,Fleece Hoodie,1,2026-04-17 14:00,45.46,20503,United Kingdom
INV503714,TH-DRESS,Summer Dress,3,2026-03-28 13:00,85.9,20414,United Kingdom
INV500949,TH-SHOE,Canvas Sneakers,2,2026-01-16 11:00,86.29,20104,United Kingdom
INV504324,TH-JACK,Denim Jacket,3,2025-07-26 11:00,98.17,20486,United Kingdom
INV501770,TH-TSHIRT,Cotton Crew T-Shirt,3,2026-04-06 10:00,25.55,20198,United Kingdom
INV504833,TH-HOOD,Fleece Hoodie,1,2026-04-22 15:00,55.43,20542,United Kingdom
INV504426,TH-SHIRT,Oxford Shirt,2,2025-06-07 10:00,57.91,20496,United Kingdom
INV501198,TH-JEAN,Slim Fit Jeans,1,2025-11-08 12:00,54.97,20133,United Kingdom
INV503657,TH-TSHIRT,Cotton Crew T-Shirt,2,2025-08-06 14:00,16.28,20406,United Kingdom
INV502681,TH-TSHIRT,Cotton Crew T-Shirt,2,2025-07-30 11:00,24.47,20294,United Kingdom
INV502112,TH-JEAN,Slim Fit Jeans,1,2025-09-16 18:00,87.91,20234,United Kingdom
INV502608,TH-JEAN,Slim Fit Jeans,1,2025-06-16 17:00,87.69,20289,United Kingdom
INV502670,TH-CAP,Logo Cap,3,2026-05-03 12:00,26.71,20294,United Kingdom
INV500842,TH-CAP,Logo Cap,3,2026-05-01 16:00,28.15,20093,United Kingdom
INV504609,TH-SHIRT,Oxford Shirt,1,2025-07-19 14:00,33.22,20517,United Kingdom
INV502617,TH-JACK,Denim Jacket,3,2025-06-09 18:00,113.24,20289,United Kingdom
INV505911,TH-DRESS,Summer Dress,2,2025-12-10 11:00,87.96,20665,United Kingdom
INV503195,TH-SHIRT,Oxford Shirt,2,2025-06-14 11:00,55.39,20353,United Kingdom
INV506228,TH-SHOE,Canvas Sneakers,1,2026-04-28 15:00,39.38,20695,United Kingdom
INV504375,TH-CAP,Logo Cap,2,2026-02-25 20:00,18.99,20490,United Kingdom
INV505845,TH-HOOD,Fleece Hoodie,3,2026-05-21 17:00,59.33,20658,United Kingdom
INV504919,TH-CAP,Logo Cap,1,2025-12-06 09:00,17.95,20550,United Kingdom
INV500160,TH-DRESS,Summer Dress,1,2025-06-07 08:00,79.37,20020,United Kingdom
INV503801,TH-JACK,Denim Jacket,1,2025-09-30 19:00,56.59,20427,United Kingdom
INV501501,TH-HOOD,Fleece Hoodie,2,2025-06-28 11:00,55.42,20167,United Kingdom
INV502844,TH-DRESS,Summer Dress,2,2026-04-05 10:00,88.16,20313,United Kingdom
INV503832,TH-JEAN,Slim Fit Jeans,1,2025-11-15 16:00,67.13,20430,United Kingdom
INV504451,TH-JACK,Denim Jacket,2,2026-03-30 18:00,47.56,20499,United Kingdom
INV503409,TH-TSHIRT,Cotton Crew T-Shirt,1,2025-08-31 08:00,22.33,20377,United Kingdom
INV503852,TH-TSHIRT,Cotton Crew T-Shirt,2,2025-06-20 09:00,21.88,20433,United Kingdom
INV505144,TH-JEAN,Slim Fit Jeans,3,2026-03-01 10:00,82.04,20576,United Kingdom
INV505817,TH-DRESS,Summer Dress,1,2026-01-10 09:00,53.09,20655,United Kingdom
INV501455,TH-JACK,Denim Jacket,2,2025-05-28 09:00,68.1,20162,United Kingdom
INV504442,TH-HOOD,Fleece Hoodie,2,2026-04-12 13:00,51.82,20498,United Kingdom
INV503145,TH-TSHIRT,Cotton Crew T-Shirt,2,2025-09-03 20:00,19.04,20346,United Kingdom
INV501620,TH-JEAN,Slim Fit Jeans,1,2026-07-05 18:00,52.63,20179,United Kingdom
INV502824,TH-SHOE,Canvas Sneakers,2,2025-06-05 15:00,54.31,20311,United Kingdom
INV502066,TH-JACK,Denim Jacket,1,2025-07-27 10:00,83.88,20229,United Kingdom
INV504791,TH-JACK,Denim Jacket,1,2025-12-07 13:00,79.2,20538,United Kingdom
INV503893,TH-SHOE,Canvas Sneakers,3,2025-06-06 12:00,66.33,20438,United Kingdom
INV505915,TH-SHIRT,Oxford Shirt,2,2025-07-21 18:00,68.48,20666,United Kingdom
INV503756,TH-JEAN,Slim Fit Jeans,2,2025-05-12 11:00,63.7,20420,United Kingdom
INV502200,TH-TSHIRT,Cotton Crew T-Shirt,2,2025-12-16 13:00,22.25,20243,United Kingdom
INV502472,TH-HOOD,Fleece Hoodie,2,2026-05-18 19:00,49.67,20272,United Kingdom
INV503987,TH-JEAN,Slim Fit Jeans,2,2025-10-12 08:00,47.32,20445,United Kingdom
INV504434,TH-SHIRT,Oxford Shirt,2,2026-06-04 10:00,25.11,20497,United Kingdom
INV505687,TH-HOOD,Fleece Hoodie,2,2026-03-25 09:00,24.58,20641,United Kingdom
INV502838,TH-CAP,Logo Cap,1,2026-04-05 11:00,23.09,20313,United Kingdom
INV502015,TH-JACK,Denim Jacket,1,2025-09-14 08:00,78.49,20224,United Kingdom
INV501025,TH-CAP,Logo Cap,1,2025-10-11 09:00,27.78,20111,United Kingdom
INV502488,TH-TSHIRT,Cotton Crew T-Shirt,2,2026-01-28 11:00,21.21,20274,United Kingdom
INV502254,TH-SHOE,Canvas Sneakers,1,2025-07-17 12:00,48.74,20249,United Kingdom
INV505372,TH-DRESS,Summer Dress,1,2025-11-05 17:00,77.79,20605,United Kingdom
INV503398,TH-TSHIRT,Cotton Crew T-Shirt,1,2026-02-15 08:00,10.66,20376,United Kingdom
INV504879,TH-SHIRT,Oxford Shirt,1,2025-06-08 18:00,40.99,20545,United Kingdom
INV505078,TH-JEAN,Slim Fit Jeans,2,2025-09-09 17:00,61.38,20569,United Kingdom
INV505429,TH-TSHIRT,Cotton Crew T-Shirt,1,2026-04-05 11:00,14.0,20611,United Kingdom
INV504404,TH-JEAN,Slim Fit Jeans,1,2026-03-13 17:00,45.79,20493,United Kingdom
INV505821,TH-JEAN,Slim Fit Jeans,2,2025-06-14 16:00,80.24,20656,United Kingdom
INV501548,TH-SHOE,Canvas Sneakers,3,2025-12-07 16:00,77.8,20172,United Kingdom
INV504389,TH-TSHIRT,Cotton Crew T-Shirt,2,2026-01-12 17:00,26.04,20491,United Kingdom
INV500136,TH-CAP,Logo Cap,1,2026-03-02 10:00,22.89,20017,United Kingdom
INV501743,TH-SHOE,Canvas Sneakers,2,2026-01-30 13:00,48.96,20195,United Kingdom
INV504619,TH-SHOE,Canvas Sneakers,1,2025-10-06 17:00,42.56,20519,United Kingdom
INV500894,TH-DRESS,Summer Dress,1,2025-07-17 08:00,70.69,20099,United Kingdom
INV502931,TH-JACK,Denim Jacket,2,2025-07-30 15:00,80.53,20326,United Kingdom
INV500832,TH-HOOD,Fleece Hoodie,3,2025-11-09 20:00,59.94,20092,United Kingdom
INV502036,TH-JEAN,Slim Fit Jeans,1,2025-08-30 13:00,80.13,20226,United Kingdom
INV506005,TH-HOOD,Fleece Hoodie,2,2025-11-30 09:00,43.07,20674,United Kingdom
INV501634,TH-SHIRT,Oxford Shirt,2,2025-06-11 14:00,33.86,20181,United Kingdom
INV500599,TH-CAP,Logo Cap,2,2025-05-22 17:00,17.06,20067,United Kingdom
INV503236,TH-TSHIRT,Cotton Crew T-Shirt,2,2025-05-18 19:00,20.81,20358,United Kingdom
INV503998,TH-HOOD,Fleece Hoodie,2,2025-06-27 13:00,49.85,20447,United Kingdom
INV500414,TH-DRESS,Summer Dress,1,2026-05-01 09:00,66.98,20050,United Kingdom
INV501168,TH-JACK,Denim Jacket,2,2025-12-10 10:00,58.98,20130,United Kingdom
INV504064,TH-JACK,Denim Jacket,2,2025-06-26 13:00,91.06,20454,United Kingdom
INV500558,TH-JACK,Denim Jacket,1,2026-07-01 16:00,76.06,20063,United Kingdom
INV503133,TH-HOOD,Fleece Hoodie,3,2026-07-04 12:00,59.15,20344,United Kingdom
INV505591,TH-SHOE,Canvas Sneakers,2,2026-03-10 19:00,72.83,20631,United Kingdom
INV504481,TH-SHIRT,Oxford Shirt,1,2026-07-15 18:00,46.79,20503,United Kingdom
INV504958,TH-DRESS,Summer Dress,2,2025-12-24 08:00,56.49,20555,United Kingdom
INV500717,TH-SHOE,Canvas Sneakers,3,2026-01-23 12:00,71.72,20080,United Kingdom
INV501798,TH-CAP,Logo Cap,3,2025-07-31 12:00,21.57,20199,United Kingdom
INV501318,TH-JEAN,Slim Fit Jeans,1,2026-05-14 11:00,83.12,20148,United Kingdom
INV503749,TH-DRESS,Summer Dress,1,2025-11-07 16:00,92.47,20419,United Kingdom
INV503430,TH-TSHIRT,Cotton Crew T-Shirt,1,2025-11-22 12:00,27.04,20380,United Kingdom
INV502707,TH-DRESS,Summer Dress,1,2026-02-02 20:00,70.66,20298,United Kingdom
INV505723,TH-DRESS,Summer Dress,3,2025-09-08 19:00,70.23,20645,United Kingdom
INV505373,TH-SHOE,Canvas Sneakers,2,2026-06-28 08:00,60.0,20605,United Kingdom
INV501831,TH-JACK,Denim Jacket,2,2025-05-26 19:00,91.55,20203,United Kingdom
INV504751,TH-TSHIRT,Cotton Crew T-Shirt,1,2025-07-14 16:00,9.11,20535,United Kingdom
INV501152,TH-TSHIRT,Cotton Crew T-Shirt,2,2025-11-04 10:00,16.98,20127,United Kingdom
INV504240,TH-SHIRT,Oxford Shirt,1,2025-11-04 17:00,43.76,20478,United Kingdom
INV505853,TH-DRESS,Summer Dress,3,2025-05-30 18:00,92.75,20658,United Kingdom
INV504105,TH-SHOE,Canvas Sneakers,1,2026-07-07 10:00,44.64,20461,United Kingdom
INV503361,TH-DRESS,Summer Dress,1,2025-12-28 17:00,82.27,20372,United Kingdom
INV503220,TH-DRESS,Summer Dress,1,2025-08-23 20:00,53.0,20355,United Kingdom
INV504352,TH-CAP,Logo Cap,3,2025-10-01 08:00,30.42,20489,United Kingdom
INV502284,TH-TSHIRT,Cotton Crew T-Shirt,1,2025-12-25 09:00,17.27,20252,United Kingdom
INV503277,TH-JEAN,Slim Fit Jeans,1,2025-07-07 09:00,56.48,20362,United Kingdom
INV503299,TH-JEAN,Slim Fit Jeans,2,2025-06-12 16:00,59.17,20365,United Kingdom
INV506124,TH-JEAN,Slim Fit Jeans,2,2026-05-02 09:00,86.36,20685,United Kingdom
INV505527,TH-TSHIRT,Cotton Crew T-Shirt,2,2025-05-25 20:00,16.92,20621,United Kingdom
INV503718,TH-DRESS,Summer Dress,2,2026-04-10 15:00,91.81,20414,United Kingdom
INV504908,TH-SHOE,Canvas Sneakers,1,2026-02-14 14:00,30.5,20549,United Kingdom
INV502099,TH-CAP,Logo Cap,3,2025-05-27 16:00,21.27,20233,United Kingdom
INV502595,TH-HOOD,Fleece Hoodie,1,2026-03-03 09:00,33.63,20286,United Kingdom
INV504103,TH-SHOE,Canvas Sneakers,2,2026-03-28 13:00,51.44,20461,United Kingdom
INV505451,TH-TSHIRT,Cotton Crew T-Shirt,3,2026-06-04 12:00,20.54,20613,United Kingdom
INV500849,TH-SHOE,Canvas Sneakers,3,2026-02-21 15:00,62.39,20094,United Kingdom
INV505685,TH-DRESS,Summer Dress,1,2026-04-15 19:00,35.99,20641,United Kingdom
INV503545,TH-DRESS,Summer Dress,1,2025-09-20 16:00,67.95,20392,United Kingdom
INV504831,TH-JACK,Denim Jacket,3,2025-11-13 10:00,96.33,20542,United Kingdom
INV503080,TH-SHOE,Canvas Sneakers,1,2025-08-21 18:00,79.17,20340,United Kingdom
INV501496,TH-CAP,Logo Cap,3,2025-08-23 17:00,29.9,20166,United Kingdom
INV506037,TH-TSHIRT,Cotton Crew T-Shirt,2,2026-02-21 09:00,23.77,20678,United Kingdom
INV502077,TH-TSHIRT,Cotton Crew T-Shirt,1,2025-06-08 10:00,11.27,20230,United Kingdom
INV503455,TH-HOOD,Fleece Hoodie,3,2026-03-21 14:00,64.61,20382,United Kingdom
INV500463,TH-TSHIRT,Cotton Crew T-Shirt,1,2026-06-29 17:00,18.39,20053,United Kingdom
INV505198,TH-SHIRT,Oxford Shirt,1,2026-06-20 10:00,38.14,20582,United Kingdom
INV500844,TH-JACK,Denim Jacket,1,2026-04-20 15:00,112.75,20093,United Kingdom
INV500746,TH-JACK,Denim Jacket,2,2026-04-18 08:00,122.81,20083,United Kingdom
INV503904,TH-JEAN,Slim Fit Jeans,1,2026-01-08 09:00,34.85,20439,United Kingdom
INV504905,TH-JACK,Denim Jacket,2,2026-03-01 10:00,89.82,20548,United Kingdom
INV505199,TH-CAP,Logo Cap,1,2026-01-28 08:00,20.75,20582,United Kingdom
INV501773,TH-DRESS,Summer Dress,1,2025-12-06 14:00,93.61,20198,United Kingdom
INV505135,TH-JEAN,Slim Fit Jeans,3,2025-08-18 10:00,72.87,20576,United Kingdom
INV500141,TH-CAP,Logo Cap,2,2026-06-15 12:00,20.43,20018,United Kingdom
INV500758,TH-JEAN,Slim Fit Jeans,1,2025-08-12 10:00,92.16,20083,United Kingdom
INV501920,TH-DRESS,Summer Dress,1,2025-05-13 11:00,67.68,20213,United Kingdom
INV505068,TH-TSHIRT,Cotton Crew T-Shirt,1,2025-09-24 08:00,23.21,20568,United Kingdom
INV502556,TH-SHIRT,Oxford Shirt,3,2025-05-26 14:00,47.48,20281,United Kingdom
INV500756,TH-SHOE,Canvas Sneakers,1,2025-09-05 08:00,87.05,20083,United Kingdom
INV503033,TH-JEAN,Slim Fit Jeans,3,2025-12-29 17:00,73.22,20336,United Kingdom
INV503574,TH-SHOE,Canvas Sneakers,3,2026-04-20 11:00,71.45,20394,United Kingdom
INV501266,TH-HOOD,Fleece Hoodie,2,2025-08-28 10:00,57.69,20142,United Kingdom
INV501467,TH-CAP,Logo Cap,1,2025-07-09 17:00,21.02,20163,United Kingdom
INV500818,TH-CAP,Logo Cap,1,2025-07-08 14:00,12.65,20091,United Kingdom
INV501014,TH-HOOD,Fleece Hoodie,1,2025-12-19 13:00,77.3,20111,United Kingdom
INV505738,TH-HOOD,Fleece Hoodie,3,2025-12-28 14:00,57.82,20646,United Kingdom
INV503992,TH-JEAN,Slim Fit Jeans,1,2025-12-19 19:00,51.36,20446,United Kingdom
INV500195,TH-HOOD,Fleece Hoodie,1,2026-03-31 15:00,36.74,20023,United Kingdom
INV500087,TH-SHOE,Canvas Sneakers,1,2025-09-30 13:00,53.68,20011,United Kingdom
INV505394,TH-SHIRT,Oxford Shirt,1,2026-05-27 13:00,38.34,20607,United Kingdom
INV501069,TH-HOOD,Fleece Hoodie,2,2025-08-17 13:00,56.43,20115,United Kingdom
INV503180,TH-TSHIRT,Cotton Crew T-Shirt,1,2026-01-16 10:00,8.85,20350,United Kingdom
INV503929,TH-JACK,Denim Jacket,1,2026-04-11 11:00,82.52,20441,United Kingdom
INV502111,TH-CAP,Logo Cap,2,2026-05-07 20:00,30.01,20234,United Kingdom
INV503589,TH-JACK,Denim Jacket,2,2026-02-13 17:00,100.98,20396,United Kingdom
INV505323,TH-HOOD,Fleece Hoodie,2,2025-12-13 09:00,39.01,20599,United Kingdom
INV505719,TH-SHIRT,Oxford Shirt,2,2025-12-26 11:00,58.18,20644,United Kingdom
INV503502,TH-JEAN,Slim Fit Jeans,2,2025-07-08 20:00,63.26,20386,United Kingdom
INV502607,TH-JACK,Denim Jacket,1,2025-10-08 10:00,54.84,20288,United Kingdom
INV501942,TH-SHIRT,Oxford Shirt,2,2026-06-30 17:00,25.04,20216,United Kingdom
INV501607,TH-JEAN,Slim Fit Jeans,1,2025-08-15 16:00,75.75,20177,United Kingdom
INV500242,TH-HOOD,Fleece Hoodie,2,2026-05-11 11:00,45.32,20030,United Kingdom
INV504388,TH-HOOD,Fleece Hoodie,2,2026-05-06 09:00,74.3,20491,United Kingdom
INV503172,TH-HOOD,Fleece Hoodie,1,2026-02-26 10:00,51.18,20349,United Kingdom
INV503086,TH-HOOD,Fleece Hoodie,3,2025-06-21 13:00,68.07,20340,United Kingdom
INV504301,TH-DRESS,Summer Dress,2,2025-09-06 10:00,97.04,20484,United Kingdom
INV502577,TH-SHOE,Canvas Sneakers,1,2026-02-09 12:00,45.31,20284,United Kingdom
INV503236,TH-HOOD,Fleece Hoodie,3,2025-05-18 19:00,56.0,20358,United Kingdom
INV505755,TH-DRESS,Summer Dress,1,2025-10-13 10:00,43.74,20648,United Kingdom
INV504557,TH-HOOD,Fleece Hoodie,2,2026-05-23 18:00,41.35,20511,United Kingdom
INV500946,TH-SHIRT,Oxford Shirt,2,2026-06-12 13:00,64.31,20104,United Kingdom
INV504537,TH-DRESS,Summer Dress,1,2025-12-11 12:00,68.75,20508,United Kingdom
INV504201,TH-JEAN,Slim Fit Jeans,3,2026-03-08 16:00,72.57,20474,United Kingdom
INV503805,TH-HOOD,Fleece Hoodie,1,2025-06-02 13:00,34.85,20428,United Kingdom
INV502754,TH-CAP,Logo Cap,2,2026-04-10 17:00,20.81,20303,United Kingdom
INV502538,TH-TSHIRT,Cotton Crew T-Shirt,1,2025-07-29 20:00,22.01,20279,United Kingdom
INV500478,TH-HOOD,Fleece Hoodie,2,2026-01-07 17:00,56.5,20056,United Kingdom
INV501855,TH-TSHIRT,Cotton Crew T-Shirt,2,2026-04-14 20:00,8.75,20206,United Kingdom
INV503679,TH-DRESS,Summer Dress,2,2025-08-19 18:00,75.5,20409,United Kingdom
INV503599,TH-DRESS,Summer Dress,3,2025-08-22 17:00,73.47,20399,United Kingdom
INV501346,TH-JACK,Denim Jacket,3,2025-08-17 17:00,135.59,20150,United Kingdom
INV504248,TH-JEAN,Slim Fit Jeans,2,2026-05-25 09:00,74.1,20479,United Kingdom
INV502596,TH-SHOE,Canvas Sneakers,2,2026-02-15 20:00,40.05,20286,United Kingdom
INV502375,TH-SHIRT,Oxford Shirt,1,2026-06-28 19:00,39.14,20261,United Kingdom
INV500707,TH-SHOE,Canvas Sneakers,2,2026-04-09 15:00,54.17,20079,United Kingdom
INV504793,TH-HOOD,Fleece Hoodie,2,2026-02-21 20:00,45.18,20538,United Kingdom
INV504726,TH-SHOE,Canvas Sneakers,1,2025-06-05 11:00,76.19,20532,United Kingdom
INV503046,TH-TSHIRT,Cotton Crew T-Shirt,1,2025-06-19 16:00,25.28,20337,United Kingdom
INV504143,TH-SHIRT,Oxford Shirt,1,2026-01-21 08:00,45.96,20465,United Kingdom
INV502070,TH-CAP,Logo Cap,1,2025-07-23 10:00,18.97,20229,United Kingdom
INV503299,TH-CAP,Logo Cap,2,2025-06-12 16:00,18.35,20365,United Kingdom
INV506101,TH-DRESS,Summer Dress,3,2026-06-09 08:00,96.16,20683,United Kingdom
INV502676,TH-DRESS,Summer Dress,3,2025-09-07 19:00,109.11,20294,United Kingdom
INV500605,TH-DRESS,Summer Dress,2,2025-07-08 17:00,44.25,20068,United Kingdom
INV503678,TH-CAP,Logo Cap,2,2026-01-28 11:00,21.58,20409,United Kingdom
INV503458,TH-SHOE,Canvas Sneakers,3,2026-01-29 10:00,84.81,20382,United Kingdom
INV500166,TH-JACK,Denim Jacket,2,2025-10-29 15:00,105.36,20021,United Kingdom
INV501613,TH-JACK,Denim Jacket,1,2026-07-08 12:00,53.9,20178,United Kingdom
INV504834,TH-JACK,Denim Jacket,2,2025-11-21 14:00,102.09,20542,United Kingdom
INV502291,TH-HOOD,Fleece Hoodie,2,2026-03-08 14:00,58.43,20253,United Kingdom
INV505256,TH-SHIRT,Oxford Shirt,1,2025-06-25 16:00,45.7,20588,United Kingdom
INV505805,TH-SHOE,Canvas Sneakers,2,2025-11-16 13:00,29.57,20653,United Kingdom
INV505877,TH-JACK,Denim Jacket,1,2025-09-21 13:00,52.76,20661,United Kingdom
INV501728,TH-DRESS,Summer Dress,1,2026-06-29 14:00,59.72,20193,United Kingdom
INV501614,TH-JEAN,Slim Fit Jeans,1,2025-12-15 08:00,43.29,20178,United Kingdom
INV504577,TH-SHIRT,Oxford Shirt,2,2025-10-01 18:00,60.81,20512,United Kingdom
INV504287,TH-SHIRT,Oxford Shirt,1,2025-07-23 11:00,23.77,20483,United Kingdom
INV501589,TH-DRESS,Summer Dress,2,2026-07-05 09:00,66.51,20176,United Kingdom
INV500930,TH-SHOE,Canvas Sneakers,2,2026-05-11 10:00,66.59,20102,United Kingdom
INV505191,TH-JEAN,Slim Fit Jeans,3,2026-05-30 13:00,86.3,20581,United Kingdom
INV502706,TH-HOOD,Fleece Hoodie,1,2026-06-03 08:00,57.09,20298,United Kingdom
INV505583,TH-JEAN,Slim Fit Jeans,2,2026-07-12 13:00,59.96,20629,United Kingdom
INV501234,TH-JEAN,Slim Fit Jeans,1,2026-05-27 16:00,56.59,20139,United Kingdom
INV502145,TH-CAP,Logo Cap,3,2025-05-14 12:00,23.76,20236,United Kingdom
INV501754,TH-JEAN,Slim Fit Jeans,1,2026-06-18 19:00,84.88,20196,United Kingdom
INV505193,TH-DRESS,Summer Dress,1,2025-06-29 17:00,97.54,20581,United Kingdom
INV500570,TH-TSHIRT,Cotton Crew T-Shirt,2,2025-08-25 13:00,21.25,20064,United Kingdom
INV500323,TH-JACK,Denim Jacket,3,2025-09-17 18:00,95.13,20037,United Kingdom
INV505832,TH-TSHIRT,Cotton Crew T-Shirt,3,2026-01-30 20:00,23.38,20656,United Kingdom
INV504295,TH-SHIRT,Oxford Shirt,3,2025-05-30 14:00,59.84,20484,United Kingdom
INV503620,TH-JACK,Denim Jacket,1,2025-08-19 14:00,51.5,20401,United Kingdom
INV504807,TH-JEAN,Slim Fit Jeans,2,2026-04-11 17:00,97.2,20539,United Kingdom
INV502562,TH-JEAN,Slim Fit Jeans,1,2025-09-13 15:00,51.01,20282,United Kingdom
INV505316,TH-JEAN,Slim Fit Jeans,1,2025-09-22 14:00,37.5,20598,United Kingdom
INV504342,TH-TSHIRT,Cotton Crew T-Shirt,2,2025-10-29 13:00,16.09,20488,United Kingdom
INV503390,TH-DRESS,Summer Dress,2,2025-07-21 16:00,81.3,20375,United Kingdom
INV503170,TH-CAP,Logo Cap,2,2026-03-01 08:00,19.62,20349,United Kingdom
INV500221,TH-DRESS,Summer Dress,2,2025-05-28 16:00,79.94,20027,United Kingdom
INV503148,TH-JEAN,Slim Fit Jeans,2,2026-02-10 15:00,72.18,20346,United Kingdom
INV500623,TH-SHIRT,Oxford Shirt,2,2025-07-12 12:00,67.61,20069,United Kingdom
INV503815,TH-SHOE,Canvas Sneakers,1,2025-06-19 19:00,64.19,20429,United Kingdom
INV505628,TH-SHIRT,Oxford Shirt,2,2026-02-19 08:00,22.85,20634,United Kingdom
INV501239,TH-SHOE,Canvas Sneakers,1,2025-08-10 20:00,30.4,20140,United Kingdom
INV503686,TH-TSHIRT,Cotton Crew T-Shirt,1,2025-11-02 09:00,17.43,20409,United Kingdom
INV501735,TH-TSHIRT,Cotton Crew T-Shirt,1,2026-05-04 12:00,23.94,20194,United Kingdom
INV503697,TH-TSHIRT,Cotton Crew T-Shirt,2,2025-07-01 11:00,17.28,20411,United Kingdom
INV504892,TH-HOOD,Fleece Hoodie,1,2025-12-12 16:00,44.48,20547,United Kingdom
INV505377,TH-CAP,Logo Cap,2,2026-01-04 18:00,20.87,20605,United Kingdom
INV505664,TH-HOOD,Fleece Hoodie,1,2025-10-10 11:00,53.82,20639,United Kingdom
INV502029,TH-CAP,Logo Cap,2,2026-01-15 15:00,21.92,20225,United Kingdom
INV503008,TH-SHIRT,Oxford Shirt,3,2026-01-16 09:00,51.77,20334,United Kingdom
INV505321,TH-TSHIRT,Cotton Crew T-Shirt,1,2025-07-11 20:00,14.33,20599,United Kingdom
INV500629,TH-JACK,Denim Jacket,1,2025-06-05 15:00,103.02,20070,United Kingdom
INV500982,TH-TSHIRT,Cotton Crew T-Shirt,1,2025-05-17 14:00,19.22,20107,United Kingdom
INV502997,TH-CAP,Logo Cap,1,2025-05-30 18:00,26.17,20333,United Kingdom
INV501198,TH-DRESS,Summer Dress,2,2025-11-08 12:00,63.49,20133,United Kingdom
INV502579,TH-JEAN,Slim Fit Jeans,2,2026-05-13 15:00,43.07,20284,United Kingdom
INV501394,TH-DRESS,Summer Dress,1,2026-04-25 16:00,68.15,20156,United Kingdom
INV501508,TH-CAP,Logo Cap,2,2025-08-18 19:00,22.22,20167,United Kingdom
INV504073,TH-TSHIRT,Cotton Crew T-Shirt,1,2026-06-17 13:00,17.05,20456,United Kingdom
INV501573,TH-JEAN,Slim Fit Jeans,1,2025-11-28 18:00,43.73,20174,United Kingdom
INV502107,TH-CAP,Logo Cap,1,2025-12-31 17:00,23.3,20233,United Kingdom
INV505096,TH-HOOD,Fleece Hoodie,2,2026-02-26 14:00,29.69,20571,United Kingdom
INV505562,TH-JEAN,Slim Fit Jeans,1,2026-01-12 09:00,69.27,20626,United Kingdom
INV500440,TH-SHIRT,Oxford Shirt,2,2026-03-28 08:00,69.29,20052,United Kingdom
INV500292,TH-CAP,Logo Cap,2,2026-05-12 14:00,20.67,20035,United Kingdom
INV501119,TH-SHOE,Canvas Sneakers,1,2026-04-04 16:00,45.82,20123,United Kingdom
INV503682,TH-HOOD,Fleece Hoodie,2,2025-12-14 16:00,53.55,20409,United Kingdom
INV500658,TH-JACK,Denim Jacket,1,2025-07-08 20:00,91.65,20073,United Kingdom
INV502848,TH-DRESS,Summer Dress,3,2025-09-03 15:00,80.59,20314,United Kingdom
INV502616,TH-JEAN,Slim Fit Jeans,2,2026-03-17 12:00,81.82,20289,United Kingdom
INV500253,TH-DRESS,Summer Dress,3,2026-01-29 12:00,79.36,20031,United Kingdom
INV505815,TH-SHOE,Canvas Sneakers,2,2026-05-09 11:00,40.5,20655,United Kingdom
INV504817,TH-CAP,Logo Cap,3,2026-07-12 20:00,23.69,20541,United Kingdom
INV505158,TH-JEAN,Slim Fit Jeans,1,2026-06-22 08:00,71.9,20578,United Kingdom
INV503314,TH-JEAN,Slim Fit Jeans,2,2026-06-18 11:00,75.91,20367,United Kingdom
INV502081,TH-DRESS,Summer Dress,2,2026-07-01 19:00,58.83,20231,United Kingdom
INV501454,TH-SHIRT,Oxford Shirt,1,2025-07-14 20:00,31.24,20162,United Kingdom
INV501636,TH-SHIRT,Oxford Shirt,2,2025-10-04 14:00,33.42,20181,United Kingdom
INV501580,TH-SHIRT,Oxford Shirt,1,2025-11-26 12:00,23.87,20175,United Kingdom
INV503618,TH-JACK,Denim Jacket,1,2025-08-08 10:00,46.9,20401,United Kingdom
INV501557,TH-CAP,Logo Cap,3,2025-07-20 17:00,21.47,20173,United Kingdom
INV504325,TH-SHIRT,Oxford Shirt,2,2026-03-10 12:00,45.73,20486,United Kingdom
INV501109,TH-SHIRT,Oxford Shirt,2,2026-05-26 20:00,40.49,20123,United Kingdom
INV500313,TH-TSHIRT,Cotton Crew T-Shirt,1,2026-03-28 19:00,23.37,20036,United Kingdom
INV500049,TH-JACK,Denim Jacket,2,2026-07-12 14:00,97.67,20006,United Kingdom
INV501107,TH-HOOD,Fleece Hoodie,1,2025-05-19 19:00,29.11,20122,United Kingdom
INV502958,TH-JEAN,Slim Fit Jeans,2,2026-04-23 18:00,50.32,20329,United Kingdom
INV502575,TH-SHIRT,Oxford Shirt,1,2025-09-09 12:00,29.82,20284,United Kingdom
INV505498,TH-SHOE,Canvas Sneakers,2,2025-06-25 14:00,43.66,20618,United Kingdom
INV503516,TH-DRESS,Summer Dress,1,2026-02-15 20:00,72.82,20388,United Kingdom
INV501417,TH-SHIRT,Oxford Shirt,2,2025-11-03 11:00,32.42,20158,United Kingdom
INV501055,TH-CAP,Logo Cap,2,2025-05-24 20:00,23.48,20114,United Kingdom
INV504242,TH-DRESS,Summer Dress,1,2025-07-09 19:00,79.07,20478,United Kingdom
INV500744,TH-HOOD,Fleece Hoodie,2,2025-06-13 15:00,33.67,20082,United Kingdom
INV503893,TH-CAP,Logo Cap,1,2025-06-06 12:00,24.47,20438,United Kingdom
INV500369,TH-JEAN,Slim Fit Jeans,2,2025-05-15 10:00,55.42,20043,United Kingdom
INV505410,TH-JACK,Denim Jacket,1,2025-06-28 10:00,88.78,20609,United Kingdom
INV506199,TH-SHIRT,Oxford Shirt,2,2025-07-22 13:00,30.48,20692,United Kingdom
INV503017,TH-TSHIRT,Cotton Crew T-Shirt,2,2025-07-13 09:00,24.47,20335,United Kingdom
INV500575,TH-DRESS,Summer Dress,1,2026-03-15 19:00,61.25,20065,United Kingdom
INV504247,TH-HOOD,Fleece Hoodie,1,2025-08-12 09:00,64.46,20479,United Kingdom
INV506119,TH-JEAN,Slim Fit Jeans,3,2025-08-04 14:00,76.7,20685,United Kingdom
INV501421,TH-CAP,Logo Cap,1,2026-03-29 17:00,20.77,20159,United Kingdom
INV504823,TH-DRESS,Summer Dress,2,2025-11-01 10:00,82.62,20541,United Kingdom
INV501149,TH-TSHIRT,Cotton Crew T-Shirt,1,2026-04-16 12:00,16.29,20127,United Kingdom
INV505287,TH-JACK,Denim Jacket,2,2026-06-13 19:00,82.65,20594,United Kingdom
INV503943,TH-JACK,Denim Jacket,2,2025-10-27 09:00,107.89,20442,United Kingdom
INV503126,TH-CAP,Logo Cap,1,2026-02-07 20:00,22.38,20344,United Kingdom
INV503048,TH-JACK,Denim Jacket,3,2026-02-17 15:00,107.97,20337,United Kingdom
INV505319,TH-DRESS,Summer Dress,1,2026-05-06 12:00,45.06,20598,United Kingdom
INV504977,TH-SHOE,Canvas Sneakers,1,2025-06-20 14:00,45.7,20558,United Kingdom
INV504837,TH-CAP,Logo Cap,1,2026-07-07 14:00,23.32,20542,United Kingdom
INV502988,TH-TSHIRT,Cotton Crew T-Shirt,3,2026-01-30 18:00,22.97,20333,United Kingdom
INV502679,TH-SHOE,Canvas Sneakers,3,2026-02-14 14:00,84.03,20294,United Kingdom
INV502863,TH-HOOD,Fleece Hoodie,3,2025-12-03 17:00,59.52,20315,United Kingdom
INV501546,TH-SHOE,Canvas Sneakers,3,2026-05-03 15:00,85.81,20172,United Kingdom
INV506088,TH-CAP,Logo Cap,1,2026-01-19 17:00,25.66,20682,United Kingdom
INV502718,TH-CAP,Logo Cap,1,2025-11-22 15:00,16.04,20299,United Kingdom
INV501699,TH-TSHIRT,Cotton Crew T-Shirt,2,2025-09-30 20:00,20.35,20191,United Kingdom
INV506096,TH-JEAN,Slim Fit Jeans,1,2026-07-10 13:00,85.24,20683,United Kingdom
INV504097,TH-DRESS,Summer Dress,2,2025-12-09 10:00,82.63,20459,United Kingdom
INV501849,TH-JACK,Denim Jacket,2,2026-01-01 12:00,53.83,20205,United Kingdom
INV501830,TH-SHIRT,Oxford Shirt,2,2025-12-29 14:00,50.72,20203,United Kingdom
INV503652,TH-SHIRT,Oxford Shirt,1,2025-08-02 19:00,44.84,20405,United Kingdom
INV500080,TH-JACK,Denim Jacket,1,2025-11-11 10:00,84.97,20011,United Kingdom
INV506068,TH-DRESS,Summer Dress,2,2025-12-23 08:00,80.68,20681,United Kingdom
INV504593,TH-JACK,Denim Jacket,1,2025-09-14 11:00,52.83,20515,United Kingdom
INV506266,TH-HOOD,Fleece Hoodie,2,2025-10-03 17:00,48.37,20700,United Kingdom
INV502364,TH-SHOE,Canvas Sneakers,2,2026-04-24 09:00,47.72,20259,United Kingdom
INV501190,TH-DRESS,Summer Dress,2,2025-11-19 19:00,39.19,20132,United Kingdom
INV500177,TH-JEAN,Slim Fit Jeans,1,2025-12-02 16:00,88.76,20022,United Kingdom
INV504208,TH-CAP,Logo Cap,3,2025-12-26 17:00,24.26,20474,United Kingdom
INV500827,TH-JEAN,Slim Fit Jeans,1,2025-06-04 14:00,87.61,20092,United Kingdom
INV500588,TH-TSHIRT,Cotton Crew T-Shirt,2,2025-09-28 13:00,21.08,20066,United Kingdom
INV504854,TH-CAP,Logo Cap,1,2026-02-20 10:00,23.23,20543,United Kingdom
INV503822,TH-DRESS,Summer Dress,1,2026-05-20 11:00,67.43,20430,United Kingdom
INV503360,TH-HOOD,Fleece Hoodie,1,2026-03-13 12:00,32.19,20371,United Kingdom
INV505177,TH-CAP,Logo Cap,2,2025-07-21 09:00,20.97,20580,United Kingdom
INV501555,TH-JEAN,Slim Fit Jeans,2,2025-09-15 15:00,94.32,20172,United Kingdom
INV503279,TH-SHOE,Canvas Sneakers,1,2025-06-08 19:00,46.46,20362,United Kingdom
INV505314,TH-JEAN,Slim Fit Jeans,2,2025-05-29 16:00,34.48,20598,United Kingdom
INV501276,TH-CAP,Logo Cap,3,2026-03-16 08:00,27.67,20143,United Kingdom
INV502667,TH-JACK,Denim Jacket,2,2025-06-09 09:00,122.14,20294,United Kingdom
INV503133,TH-SHOE,Canvas Sneakers,2,2026-07-04 12:00,66.21,20344,United Kingdom
INV504418,TH-HOOD,Fleece Hoodie,1,2026-06-26 14:00,29.53,20495,United Kingdom
INV501911,TH-TSHIRT,Cotton Crew T-Shirt,1,2026-02-11 11:00,16.14,20213,United Kingdom
INV502237,TH-CAP,Logo Cap,3,2026-06-16 10:00,21.9,20247,United Kingdom
INV502542,TH-HOOD,Fleece Hoodie,2,2026-01-03 17:00,31.75,20280,United Kingdom
INV505038,TH-TSHIRT,Cotton Crew T-Shirt,2,2025-09-19 11:00,21.1,20566,United Kingdom
INV505029,TH-TSHIRT,Cotton Crew T-Shirt,2,2026-06-18 15:00,23.72,20564,United Kingdom
INV505383,TH-DRESS,Summer Dress,2,2025-07-06 16:00,58.16,20606,United Kingdom
INV502506,TH-CAP,Logo Cap,2,2025-12-14 08:00,19.81,20277,United Kingdom
INV503140,TH-DRESS,Summer Dress,1,2026-02-20 19:00,47.91,20345,United Kingdom
INV502852,TH-HOOD,Fleece Hoodie,3,2025-12-29 15:00,47.84,20314,United Kingdom
INV504096,TH-SHIRT,Oxford Shirt,2,2025-10-05 15:00,56.1,20459,United Kingdom
INV504545,TH-DRESS,Summer Dress,2,2025-09-11 15:00,74.64,20509,United Kingdom
INV503931,TH-JEAN,Slim Fit Jeans,1,2025-10-23 14:00,64.51,20441,United Kingdom
INV502110,TH-CAP,Logo Cap,2,2026-06-04 17:00,28.07,20234,United Kingdom
INV505838,TH-SHOE,Canvas Sneakers,2,2025-06-18 13:00,50.85,20657,United Kingdom
INV503473,TH-DRESS,Summer Dress,1,2025-12-24 19:00,52.08,20383,United Kingdom
INV501958,TH-CAP,Logo Cap,1,2026-02-08 16:00,23.32,20218,United Kingdom
INV501622,TH-SHIRT,Oxford Shirt,2,2025-06-27 20:00,43.8,20180,United Kingdom
INV502560,TH-SHOE,Canvas Sneakers,1,2026-05-06 15:00,49.17,20282,United Kingdom
INV503287,TH-JACK,Denim Jacket,1,2025-11-18 08:00,68.44,20364,United Kingdom
INV501172,TH-SHOE,Canvas Sneakers,1,2026-01-15 20:00,67.62,20131,United Kingdom
INV503855,TH-SHOE,Canvas Sneakers,1,2026-05-23 11:00,62.99,20433,United Kingdom
INV504385,TH-CAP,Logo Cap,1,2025-09-24 10:00,31.21,20491,United Kingdom
INV505827,TH-JEAN,Slim Fit Jeans,3,2026-02-20 08:00,90.55,20656,United Kingdom
INV502668,TH-DRESS,Summer Dress,3,2025-09-01 12:00,104.45,20294,United Kingdom
INV505242,TH-SHIRT,Oxford Shirt,2,2025-08-07 08:00,40.58,20587,United Kingdom
INV503512,TH-DRESS,Summer Dress,2,2026-07-07 08:00,41.97,20387,United Kingdom
INV503308,TH-CAP,Logo Cap,1,2025-11-20 20:00,18.22,20366,United Kingdom
INV505381,TH-SHOE,Canvas Sneakers,2,2026-06-14 19:00,43.72,20606,United Kingdom
INV504019,TH-TSHIRT,Cotton Crew T-Shirt,3,2025-06-09 10:00,28.03,20448,United Kingdom
INV503794,TH-CAP,Logo Cap,2,2025-09-17 16:00,15.8,20426,United Kingdom
INV502680,TH-DRESS,Summer Dress,2,2025-06-26 15:00,91.23,20294,United Kingdom
INV501757,TH-CAP,Logo Cap,2,2026-06-24 17:00,30.12,20196,United Kingdom
INV501118,TH-SHOE,Canvas Sneakers,1,2026-06-19 20:00,53.92,20123,United Kingdom
INV501257,TH-SHOE,Canvas Sneakers,3,2025-10-05 08:00,70.77,20142,United Kingdom
INV501416,TH-TSHIRT,Cotton Crew T-Shirt,2,2025-08-23 20:00,12.65,20158,United Kingdom
INV500864,TH-DRESS,Summer Dress,2,2025-05-23 16:00,75.27,20095,United Kingdom
INV502945,TH-HOOD,Fleece Hoodie,2,2025-09-12 17:00,55.94,20328,United Kingdom
INV503087,TH-JEAN,Slim Fit Jeans,2,2026-01-26 15:00,81.33,20340,United Kingdom
INV501429,TH-TSHIRT,Cotton Crew T-Shirt,3,2025-11-17 10:00,22.0,20159,United Kingdom
INV501389,TH-SHIRT,Oxford Shirt,1,2025-07-18 19:00,33.08,20155,United Kingdom
INV505731,TH-SHOE,Canvas Sneakers,2,2025-12-15 16:00,60.99,20646,United Kingdom
INV500712,TH-JACK,Denim Jacket,3,2025-06-21 09:00,98.5,20080,United Kingdom
INV501156,TH-CAP,Logo Cap,1,2026-02-16 15:00,11.6,20128,United Kingdom
INV505097,TH-JEAN,Slim Fit Jeans,2,2025-09-17 12:00,33.44,20571,United Kingdom
INV501227,TH-JACK,Denim Jacket,3,2026-02-18 10:00,92.1,20138,United Kingdom
INV500262,TH-JACK,Denim Jacket,3,2025-11-07 10:00,98.65,20031,United Kingdom
INV501250,TH-CAP,Logo Cap,2,2026-04-30 17:00,26.72,20141,United Kingdom
INV503958,TH-SHOE,Canvas Sneakers,3,2025-08-13 13:00,87.52,20443,United Kingdom
INV502705,TH-JACK,Denim Jacket,2,2026-06-02 20:00,92.52,20298,United Kingdom
INV505833,TH-TSHIRT,Cotton Crew T-Shirt,1,2026-01-02 12:00,26.94,20656,United Kingdom
INV500919,TH-SHIRT,Oxford Shirt,1,2025-10-18 15:00,48.82,20101,United Kingdom
INV505143,TH-JEAN,Slim Fit Jeans,1,2026-05-24 11:00,80.44,20576,United Kingdom
INV505573,TH-SHIRT,Oxford Shirt,1,2026-07-10 08:00,28.5,20628,United Kingdom
INV502464,TH-JEAN,Slim Fit Jeans,2,2025-10-11 12:00,86.96,20271,United Kingdom
INV501555,TH-JEAN,Slim Fit Jeans,1,2025-09-15 15:00,95.91,20172,United Kingdom
INV505129,TH-JACK,Denim Jacket,2,2025-09-08 12:00,100.4,20574,United Kingdom
INV501790,TH-SHIRT,Oxford Shirt,3,2026-02-02 18:00,47.17,20199,United Kingdom
INV503520,TH-JACK,Denim Jacket,2,2025-10-08 13:00,100.01,20388,United Kingdom
INV505545,TH-DRESS,Summer Dress,2,2026-05-09 13:00,74.55,20624,United Kingdom
INV501398,TH-SHOE,Canvas Sneakers,1,2026-02-12 08:00,50.79,20156,United Kingdom
INV500651,TH-SHOE,Canvas Sneakers,1,2025-12-06 08:00,65.42,20073,United Kingdom
INV501560,TH-DRESS,Summer Dress,1,2025-12-16 09:00,77.83,20173,United Kingdom
INV502930,TH-TSHIRT,Cotton Crew T-Shirt,1,2026-02-26 16:00,16.76,20326,United Kingdom
INV505955,TH-CAP,Logo Cap,1,2026-06-19 15:00,20.3,20669,United Kingdom
INV503081,TH-SHOE,Canvas Sneakers,1,2025-10-27 12:00,69.2,20340,United Kingdom
INV504861,TH-CAP,Logo Cap,1,2025-08-26 18:00,17.6,20544,United Kingdom
INV503582,TH-DRESS,Summer Dress,2,2025-10-05 12:00,60.59,20395,United Kingdom
INV505308,TH-SHIRT,Oxford Shirt,1,2025-12-29 13:00,30.27,20597,United Kingdom
INV502852,TH-DRESS,Summer Dress,1,2025-12-29 15:00,75.86,20314,United Kingdom
INV502811,TH-TSHIRT,Cotton Crew T-Shirt,3,2025-12-18 13:00,23.01,20310,United Kingdom
INV502430,TH-SHIRT,Oxford Shirt,2,2025-06-14 14:00,39.59,20267,United Kingdom
INV504214,TH-DRESS,Summer Dress,2,2025-08-26 17:00,80.55,20474,United Kingdom
INV503997,TH-TSHIRT,Cotton Crew T-Shirt,2,2025-12-21 12:00,16.24,20447,United Kingdom
INV505557,TH-JACK,Denim Jacket,3,2026-06-26 17:00,92.1,20626,United Kingdom
INV505617,TH-JEAN,Slim Fit Jeans,3,2025-06-28 11:00,79.66,20633,United Kingdom
INV503541,TH-SHOE,Canvas Sneakers,1,2025-06-19 09:00,52.83,20391,United Kingdom
INV500822,TH-HOOD,Fleece Hoodie,3,2026-05-16 20:00,60.32,20092,United Kingdom
INV505659,TH-DRESS,Summer Dress,2,2026-06-23 20:00,43.39,20638,United Kingdom
INV502880,TH-SHIRT,Oxford Shirt,1,2026-06-19 14:00,55.07,20318,United Kingdom
INV504466,TH-CAP,Logo Cap,2,2025-11-19 11:00,25.84,20501,United Kingdom
INV504217,TH-HOOD,Fleece Hoodie,1,2026-07-02 08:00,42.03,20475,United Kingdom
INV505470,TH-SHOE,Canvas Sneakers,2,2025-08-17 12:00,47.87,20615,United Kingdom
INV504527,TH-TSHIRT,Cotton Crew T-Shirt,2,2026-07-03 08:00,14.63,20507,United Kingdom
INV505035,TH-DRESS,Summer Dress,1,2025-12-16 09:00,51.37,20565,United Kingdom
INV500205,TH-SHIRT,Oxford Shirt,2,2026-04-09 18:00,22.45,20025,United Kingdom
INV502571,TH-CAP,Logo Cap,2,2025-07-12 12:00,17.23,20283,United Kingdom
INV504212,TH-JEAN,Slim Fit Jeans,2,2026-02-14 11:00,72.72,20474,United Kingdom
INV501792,TH-SHOE,Canvas Sneakers,3,2026-03-27 11:00,61.26,20199,United Kingdom
INV503960,TH-SHIRT,Oxford Shirt,3,2025-10-23 11:00,65.44,20443,United Kingdom
INV501047,TH-JEAN,Slim Fit Jeans,2,2025-07-07 08:00,62.61,20113,United Kingdom
INV501118,TH-SHOE,Canvas Sneakers,1,2026-06-19 20:00,54.14,20123,United Kingdom
INV500103,TH-HOOD,Fleece Hoodie,1,2025-10-24 10:00,55.87,20014,United Kingdom
INV503052,TH-JEAN,Slim Fit Jeans,3,2025-06-09 15:00,82.38,20337,United Kingdom
INV500073,TH-HOOD,Fleece Hoodie,1,2026-03-30 14:00,28.46,20010,United Kingdom
INV504179,TH-SHIRT,Oxford Shirt,3,2025-09-06 11:00,49.19,20470,United Kingdom
INV504508,TH-SHOE,Canvas Sneakers,3,2026-05-01 11:00,69.31,20506,United Kingdom
INV503334,TH-TSHIRT,Cotton Crew T-Shirt,1,2025-11-24 11:00,14.53,20368,United Kingdom
INV501185,TH-DRESS,Summer Dress,1,2025-12-21 15:00,94.85,20131,United Kingdom
INV503756,TH-DRESS,Summer Dress,2,2025-05-12 11:00,76.15,20420,United Kingdom
INV500926,TH-TSHIRT,Cotton Crew T-Shirt,1,2025-07-07 09:00,21.94,20102,United Kingdom
INV500006,TH-JACK,Denim Jacket,1,2026-02-07 14:00,90.77,20002,United Kingdom
INV505929,TH-SHIRT,Oxford Shirt,2,2026-06-11 15:00,32.86,20667,United Kingdom
INV504426,TH-JACK,Denim Jacket,1,2025-06-07 10:00,105.13,20496,United Kingdom
INV504815,TH-SHIRT,Oxford Shirt,1,2026-05-30 14:00,25.39,20540,United Kingdom
INV500443,TH-SHIRT,Oxford Shirt,3,2026-01-29 17:00,73.57,20052,United Kingdom
INV504322,TH-TSHIRT,Cotton Crew T-Shirt,3,2025-11-04 10:00,21.34,20486,United Kingdom
INV505099,TH-SHIRT,Oxford Shirt,2,2025-08-19 20:00,38.82,20572,United Kingdom
INV504200,TH-DRESS,Summer Dress,1,2025-08-28 11:00,69.72,20473,United Kingdom
INV503624,TH-JEAN,Slim Fit Jeans,1,2026-03-20 10:00,41.65,20401,United Kingdom
INV502586,TH-JEAN,Slim Fit Jeans,3,2026-02-03 14:00,70.6,20285,United Kingdom
INV500743,TH-SHOE,Canvas Sneakers,2,2025-11-18 09:00,43.47,20082,United Kingdom
INV501317,TH-TSHIRT,Cotton Crew T-Shirt,1,2025-09-11 15:00,20.84,20148,United Kingdom
INV506134,TH-DRESS,Summer Dress,1,2025-07-30 10:00,63.73,20686,United Kingdom
INV505267,TH-SHIRT,Oxford Shirt,1,2026-02-09 14:00,23.82,20590,United Kingdom
INV503935,TH-JEAN,Slim Fit Jeans,3,2025-12-03 09:00,71.91,20442,United Kingdom
INV502191,TH-HOOD,Fleece Hoodie,3,2026-03-25 17:00,58.56,20243,United Kingdom
INV501704,TH-JEAN,Slim Fit Jeans,3,2025-07-09 16:00,76.52,20191,United Kingdom
INV501180,TH-JACK,Denim Jacket,1,2025-07-29 09:00,113.27,20131,United Kingdom
INV502371,TH-CAP,Logo Cap,2,2026-01-09 19:00,12.63,20260,United Kingdom
INV500181,TH-TSHIRT,Cotton Crew T-Shirt,1,2025-11-03 18:00,26.91,20022,United Kingdom
INV504570,TH-TSHIRT,Cotton Crew T-Shirt,1,2026-06-17 12:00,25.08,20512,United Kingdom
INV501659,TH-DRESS,Summer Dress,2,2025-09-29 19:00,64.06,20184,United Kingdom
INV502948,TH-HOOD,Fleece Hoodie,1,2026-01-03 10:00,66.22,20328,United Kingdom
INV500461,TH-TSHIRT,Cotton Crew T-Shirt,1,2026-01-23 08:00,17.55,20053,United Kingdom
INV504478,TH-CAP,Logo Cap,2,2025-12-23 16:00,13.01,20502,United Kingdom
INV504578,TH-JACK,Denim Jacket,2,2026-07-01 14:00,103.8,20512,United Kingdom
INV500696,TH-DRESS,Summer Dress,1,2026-05-29 09:00,89.55,20078,United Kingdom
INV505329,TH-CAP,Logo Cap,2,2026-02-16 16:00,16.52,20599,United Kingdom
INV500777,TH-SHIRT,Oxford Shirt,3,2026-02-18 13:00,53.75,20085,United Kingdom
INV502270,TH-HOOD,Fleece Hoodie,3,2026-04-09 14:00,65.13,20251,United Kingdom
INV501957,TH-SHOE,Canvas Sneakers,2,2026-04-24 16:00,70.49,20218,United Kingdom
INV502867,TH-HOOD,Fleece Hoodie,1,2025-09-22 11:00,39.05,20316,United Kingdom
INV501755,TH-JEAN,Slim Fit Jeans,3,2025-05-21 14:00,88.15,20196,United Kingdom
INV500192,TH-JEAN,Slim Fit Jeans,1,2025-10-20 19:00,46.11,20023,United Kingdom
INV505690,TH-DRESS,Summer Dress,2,2026-01-03 18:00,66.39,20642,United Kingdom
INV506150,TH-CAP,Logo Cap,2,2025-12-19 09:00,14.39,20687,United Kingdom
INV503809,TH-TSHIRT,Cotton Crew T-Shirt,2,2026-04-10 12:00,14.99,20428,United Kingdom
INV503829,TH-CAP,Logo Cap,1,2026-06-21 18:00,22.1,20430,United Kingdom
INV503471,TH-TSHIRT,Cotton Crew T-Shirt,2,2025-09-28 19:00,14.13,20383,United Kingdom
INV504136,TH-DRESS,Summer Dress,2,2025-07-11 12:00,103.32,20464,United Kingdom
INV501677,TH-TSHIRT,Cotton Crew T-Shirt,3,2026-02-18 16:00,21.93,20186,United Kingdom
INV503353,TH-JEAN,Slim Fit Jeans,2,2025-10-07 16:00,52.1,20370,United Kingdom
INV503299,TH-HOOD,Fleece Hoodie,1,2025-06-12 16:00,51.1,20365,United Kingdom
INV504704,TH-JEAN,Slim Fit Jeans,2,2025-06-08 13:00,65.63,20529,United Kingdom
INV506249,TH-JEAN,Slim Fit Jeans,1,2026-02-20 13:00,54.41,20698,United Kingdom
INV501859,TH-TSHIRT,Cotton Crew T-Shirt,2,2025-12-30 19:00,21.46,20207,United Kingdom
INV504984,TH-JACK,Denim Jacket,1,2025-10-28 14:00,64.8,20559,United Kingdom
INV501922,TH-TSHIRT,Cotton Crew T-Shirt,1,2025-09-21 16:00,16.02,20213,United Kingdom
INV504839,TH-SHOE,Canvas Sneakers,2,2025-07-21 13:00,62.35,20542,United Kingdom
INV500739,TH-SHIRT,Oxford Shirt,1,2026-01-24 09:00,30.81,20082,United Kingdom
INV505639,TH-JACK,Denim Jacket,1,2025-11-08 15:00,60.6,20636,United Kingdom
INV502451,TH-JEAN,Slim Fit Jeans,1,2025-11-21 08:00,81.08,20271,United Kingdom
INV501706,TH-HOOD,Fleece Hoodie,2,2025-12-21 18:00,55.86,20191,United Kingdom
INV504330,TH-TSHIRT,Cotton Crew T-Shirt,1,2026-02-20 18:00,21.36,20486,United Kingdom
INV503197,TH-JACK,Denim Jacket,3,2026-03-24 14:00,105.59,20353,United Kingdom
INV505401,TH-HOOD,Fleece Hoodie,2,2026-02-11 08:00,37.16,20608,United Kingdom
INV504044,TH-JACK,Denim Jacket,2,2026-01-03 16:00,67.72,20451,United Kingdom
INV505535,TH-JEAN,Slim Fit Jeans,2,2026-05-29 19:00,33.14,20623,United Kingdom
INV500058,TH-TSHIRT,Cotton Crew T-Shirt,3,2026-05-31 16:00,21.31,20007,United Kingdom
INV503266,TH-JACK,Denim Jacket,1,2026-04-10 11:00,106.13,20361,United Kingdom
INV502468,TH-TSHIRT,Cotton Crew T-Shirt,2,2025-07-09 09:00,18.77,20272,United Kingdom
INV502385,TH-SHIRT,Oxford Shirt,2,2025-08-28 11:00,34.64,20262,United Kingdom
INV504652,TH-JEAN,Slim Fit Jeans,2,2025-12-19 19:00,87.75,20522,United Kingdom
INV504584,TH-JACK,Denim Jacket,2,2025-12-18 09:00,69.69,20513,United Kingdom
INV505334,TH-DRESS,Summer Dress,2,2026-04-12 09:00,78.06,20600,United Kingdom
INV500429,TH-JEAN,Slim Fit Jeans,1,2025-08-08 12:00,87.96,20051,United Kingdom
INV505528,TH-SHOE,Canvas Sneakers,1,2025-06-05 18:00,57.32,20621,United Kingdom
INV505890,TH-JEAN,Slim Fit Jeans,1,2026-03-14 19:00,66.06,20662,United Kingdom
INV500160,TH-JEAN,Slim Fit Jeans,2,2025-06-07 08:00,72.72,20020,United Kingdom
INV503711,TH-HOOD,Fleece Hoodie,2,2026-04-05 16:00,70.0,20414,United Kingdom
INV505110,TH-JEAN,Slim Fit Jeans,2,2025-06-22 20:00,57.97,20572,United Kingdom
INV502436,TH-TSHIRT,Cotton Crew T-Shirt,3,2026-03-20 19:00,22.58,20268,United Kingdom
INV504806,TH-CAP,Logo Cap,3,2026-06-05 20:00,27.61,20539,United Kingdom
INV504440,TH-JEAN,Slim Fit Jeans,2,2025-09-30 19:00,63.83,20498,United Kingdom
INV500729,TH-JACK,Denim Jacket,1,2025-09-04 14:00,101.95,20081,United Kingdom
INV505327,TH-JEAN,Slim Fit Jeans,1,2026-05-11 17:00,51.01,20599,United Kingdom
INV505346,TH-JACK,Denim Jacket,3,2025-09-23 10:00,84.57,20602,United Kingdom
INV501761,TH-JACK,Denim Jacket,3,2026-04-11 20:00,116.34,20196,United Kingdom
INV505513,TH-HOOD,Fleece Hoodie,2,2026-04-16 13:00,56.7,20620,United Kingdom
INV501445,TH-JEAN,Slim Fit Jeans,1,2025-07-03 10:00,56.99,20161,United Kingdom
INV504896,TH-SHOE,Canvas Sneakers,2,2025-06-22 08:00,59.62,20548,United Kingdom
INV502139,TH-JACK,Denim Jacket,2,2026-01-06 15:00,63.79,20235,United Kingdom
INV504781,TH-SHIRT,Oxford Shirt,1,2026-01-20 19:00,60.21,20537,United Kingdom
INV502257,TH-JACK,Denim Jacket,1,2026-01-06 14:00,75.58,20249,United Kingdom
INV502663,TH-JACK,Denim Jacket,2,2025-08-30 12:00,71.44,20293,United Kingdom
INV500171,TH-SHOE,Canvas Sneakers,3,2026-05-29 18:00,76.07,20021,United Kingdom
INV502927,TH-DRESS,Summer Dress,2,2026-04-25 11:00,42.86,20325,United Kingdom
INV505635,TH-TSHIRT,Cotton Crew T-Shirt,2,2025-07-02 17:00,11.6,20635,United Kingdom
INV500015,TH-SHIRT,Oxford Shirt,2,2026-03-19 17:00,42.76,20002,United Kingdom
INV502738,TH-DRESS,Summer Dress,3,2025-11-02 08:00,86.33,20301,United Kingdom
INV504750,TH-HOOD,Fleece Hoodie,2,2025-07-30 19:00,35.75,20534,United Kingdom
INV504262,TH-TSHIRT,Cotton Crew T-Shirt,3,2026-01-11 13:00,20.63,20480,United Kingdom
INV504797,TH-SHOE,Canvas Sneakers,1,2025-12-02 10:00,82.52,20539,United Kingdom
INV505481,TH-TSHIRT,Cotton Crew T-Shirt,1,2026-06-25 15:00,21.42,20616,United Kingdom
INV500508,TH-DRESS,Summer Dress,2,2026-01-07 15:00,97.99,20058,United Kingdom
INV502816,TH-HOOD,Fleece Hoodie,2,2025-10-26 10:00,64.8,20310,United Kingdom
INV503395,TH-DRESS,Summer Dress,3,2025-06-21 08:00,73.77,20375,United Kingdom
INV504265,TH-SHIRT,Oxford Shirt,1,2025-09-06 12:00,47.45,20480,United Kingdom
INV504937,TH-JEAN,Slim Fit Jeans,1,2025-07-11 17:00,61.8,20552,United Kingdom
INV503956,TH-DRESS,Summer Dress,3,2025-11-13 10:00,104.5,20443,United Kingdom
INV505253,TH-TSHIRT,Cotton Crew T-Shirt,2,2025-11-11 15:00,20.86,20588,United Kingdom
INV502335,TH-DRESS,Summer Dress,2,2026-01-30 19:00,74.92,20257,United Kingdom
INV502529,TH-DRESS,Summer Dress,2,2025-12-25 09:00,77.31,20279,United Kingdom
INV506006,TH-SHIRT,Oxford Shirt,1,2026-03-24 10:00,35.7,20674,United Kingdom
INV506131,TH-TSHIRT,Cotton Crew T-Shirt,3,2025-05-18 17:00,23.73,20685,United Kingdom
INV504092,TH-SHIRT,Oxford Shirt,2,2025-07-20 10:00,48.98,20459,United Kingdom
INV501082,TH-CAP,Logo Cap,2,2026-05-09 14:00,12.85,20118,United Kingdom
INV502201,TH-CAP,Logo Cap,3,2025-09-02 17:00,22.57,20243,United Kingdom
INV503905,TH-JEAN,Slim Fit Jeans,1,2025-10-02 15:00,36.63,20439,United Kingdom
INV505289,TH-SHOE,Canvas Sneakers,2,2026-05-28 19:00,44.55,20595,United Kingdom
INV506151,TH-JACK,Denim Jacket,3,2025-07-06 18:00,98.15,20688,United Kingdom
INV502239,TH-SHOE,Canvas Sneakers,2,2026-01-08 15:00,66.33,20247,United Kingdom
INV503897,TH-SHOE,Canvas Sneakers,3,2026-05-14 10:00,73.75,20438,United Kingdom
INV500445,TH-TSHIRT,Cotton Crew T-Shirt,2,2026-05-19 17:00,28.05,20052,United Kingdom
INV502874,TH-TSHIRT,Cotton Crew T-Shirt,1,2026-05-31 11:00,10.82,20317,United Kingdom
INV500765,TH-JACK,Denim Jacket,1,2025-12-24 14:00,57.36,20084,United Kingdom
INV503660,TH-JACK,Denim Jacket,1,2026-04-09 18:00,76.63,20406,United Kingdom
INV505927,TH-TSHIRT,Cotton Crew T-Shirt,1,2025-09-01 08:00,13.93,20667,United Kingdom
INV501802,TH-SHOE,Canvas Sneakers,2,2025-08-08 19:00,39.91,20201,United Kingdom
INV503986,TH-JEAN,Slim Fit Jeans,2,2026-04-22 18:00,51.42,20445,United Kingdom
INV503337,TH-JEAN,Slim Fit Jeans,1,2025-12-15 11:00,59.81,20369,United Kingdom
INV503032,TH-TSHIRT,Cotton Crew T-Shirt,2,2025-09-23 15:00,26.73,20335,United Kingdom
INV500701,TH-SHOE,Canvas Sneakers,2,2025-08-17 15:00,69.32,20078,United Kingdom
INV505840,TH-DRESS,Summer Dress,2,2026-06-24 20:00,53.79,20657,United Kingdom
INV501806,TH-TSHIRT,Cotton Crew T-Shirt,1,2026-03-21 10:00,15.03,20201,United Kingdom
INV500056,TH-HOOD,Fleece Hoodie,3,2025-10-13 18:00,65.24,20006,United Kingdom
INV502708,TH-SHOE,Canvas Sneakers,2,2026-01-18 20:00,69.09,20298,United Kingdom
INV504223,TH-JACK,Denim Jacket,2,2026-02-01 08:00,76.95,20475,United Kingdom
INV504823,TH-JACK,Denim Jacket,1,2025-11-01 10:00,103.2,20541,United Kingdom
INV504088,TH-SHOE,Canvas Sneakers,1,2026-06-02 11:00,73.35,20459,United Kingdom
INV504709,TH-SHOE,Canvas Sneakers,2,2025-08-24 18:00,45.12,20530,United Kingdom
INV504221,TH-JACK,Denim Jacket,2,2026-02-21 17:00,69.19,20475,United Kingdom
INV501342,TH-SHOE,Canvas Sneakers,3,2026-02-06 09:00,89.68,20150,United Kingdom
INV503857,TH-HOOD,Fleece Hoodie,3,2025-06-07 14:00,51.29,20433,United Kingdom
INV501763,TH-SHIRT,Oxford Shirt,1,2026-05-30 12:00,61.81,20196,United Kingdom
INV502474,TH-DRESS,Summer Dress,1,2025-08-07 13:00,52.29,20273,United Kingdom
INV503081,TH-JACK,Denim Jacket,3,2025-10-27 12:00,109.03,20340,United Kingdom
INV500626,TH-TSHIRT,Cotton Crew T-Shirt,3,2026-03-01 09:00,21.36,20070,United Kingdom
INV500662,TH-DRESS,Summer Dress,1,2026-05-11 15:00,55.5,20074,United Kingdom
INV500589,TH-TSHIRT,Cotton Crew T-Shirt,2,2026-03-19 17:00,22.51,20066,United Kingdom
INV505423,TH-JACK,Denim Jacket,1,2026-01-13 20:00,121.15,20610,United Kingdom
INV502844,TH-HOOD,Fleece Hoodie,1,2026-04-05 10:00,62.49,20313,United Kingdom
INV500813,TH-DRESS,Summer Dress,2,2026-03-31 11:00,53.34,20090,United Kingdom
INV501102,TH-TSHIRT,Cotton Crew T-Shirt,1,2025-06-14 19:00,13.09,20121,United Kingdom
INV501432,TH-DRESS,Summer Dress,1,2025-07-25 20:00,79.62,20159,United Kingdom
INV502042,TH-CAP,Logo Cap,2,2026-07-13 12:00,26.31,20226,United Kingdom
INV504614,TH-HOOD,Fleece Hoodie,1,2026-01-27 14:00,32.63,20518,United Kingdom
INV503248,TH-JACK,Denim Jacket,1,2025-10-18 13:00,72.48,20359,United Kingdom
INV505833,TH-CAP,Logo Cap,1,2026-01-02 12:00,24.37,20656,United Kingdom
INV500919,TH-SHOE,Canvas Sneakers,2,2025-10-18 15:00,62.67,20101,United Kingdom
INV505205,TH-JEAN,Slim Fit Jeans,2,2025-10-24 11:00,69.81,20583,United Kingdom
INV504464,TH-CAP,Logo Cap,3,2026-05-08 14:00,24.77,20501,United Kingdom
INV503184,TH-SHIRT,Oxford Shirt,1,2025-09-11 17:00,43.7,20351,United Kingdom
INV500663,TH-SHIRT,Oxford Shirt,1,2025-08-08 20:00,35.3,20074,United Kingdom
INV500642,TH-JACK,Denim Jacket,1,2025-06-26 16:00,70.55,20072,United Kingdom
INV502868,TH-HOOD,Fleece Hoodie,1,2026-05-14 17:00,42.62,20316,United Kingdom
INV504824,TH-JACK,Denim Jacket,3,2026-03-18 14:00,102.19,20541,United Kingdom
INV502610,TH-DRESS,Summer Dress,2,2026-04-29 12:00,94.83,20289,United Kingdom
INV504775,TH-HOOD,Fleece Hoodie,1,2026-04-25 12:00,67.75,20537,United Kingdom
INV502530,TH-TSHIRT,Cotton Crew T-Shirt,3,2026-05-08 12:00,21.06,20279,United Kingdom
INV500204,TH-TSHIRT,Cotton Crew T-Shirt,1,2026-05-09 15:00,9.12,20025,United Kingdom
INV503797,TH-CAP,Logo Cap,2,2025-08-14 11:00,16.66,20426,United Kingdom
INV504770,TH-DRESS,Summer Dress,1,2025-10-08 19:00,90.27,20536,United Kingdom
INV500704,TH-DRESS,Summer Dress,2,2026-05-16 13:00,71.15,20079,United Kingdom
INV500828,TH-CAP,Logo Cap,3,2025-11-11 19:00,27.28,20092,United Kingdom
INV501675,TH-JACK,Denim Jacket,2,2025-10-17 15:00,115.59,20186,United Kingdom
INV501760,TH-TSHIRT,Cotton Crew T-Shirt,1,2025-07-25 08:00,24.87,20196,United Kingdom
INV505318,TH-HOOD,Fleece Hoodie,2,2025-10-07 16:00,27.19,20598,United Kingdom
INV500214,TH-SHOE,Canvas Sneakers,2,2025-06-24 16:00,59.6,20027,United Kingdom
INV502963,TH-HOOD,Fleece Hoodie,1,2026-01-26 13:00,46.13,20330,United Kingdom
INV501785,TH-CAP,Logo Cap,3,2025-10-29 19:00,32.23,20198,United Kingdom
INV501275,TH-HOOD,Fleece Hoodie,1,2025-09-19 20:00,73.91,20143,United Kingdom
INV502873,TH-DRESS,Summer Dress,2,2026-01-16 10:00,45.05,20317,United Kingdom
INV503718,TH-DRESS,Summer Dress,3,2026-04-10 15:00,95.82,20414,United Kingdom
INV505229,TH-JEAN,Slim Fit Jeans,2,2025-10-18 08:00,62.08,20585,United Kingdom
INV505814,TH-SHIRT,Oxford Shirt,1,2026-03-30 12:00,30.5,20655,United Kingdom
INV504204,TH-JEAN,Slim Fit Jeans,3,2026-02-16 14:00,73.14,20474,United Kingdom
INV505574,TH-TSHIRT,Cotton Crew T-Shirt,2,2025-09-03 13:00,12.58,20628,United Kingdom
INV501503,TH-SHIRT,Oxford Shirt,2,2026-05-17 13:00,49.89,20167,United Kingdom
INV503270,TH-DRESS,Summer Dress,1,2026-04-03 16:00,96.17,20361,United Kingdom
INV503723,TH-SHIRT,Oxford Shirt,2,2025-09-19 17:00,40.78,20415,United Kingdom
INV505833,TH-CAP,Logo Cap,2,2026-01-02 12:00,26.94,20656,United Kingdom
INV504878,TH-HOOD,Fleece Hoodie,2,2025-05-27 18:00,44.04,20545,United Kingdom
INV502812,TH-HOOD,Fleece Hoodie,3,2025-11-23 17:00,67.93,20310,United Kingdom
INV501132,TH-SHIRT,Oxford Shirt,3,2025-06-06 11:00,53.89,20126,United Kingdom
INV500595,TH-JACK,Denim Jacket,2,2025-08-20 17:00,67.4,20067,United Kingdom
INV503569,TH-DRESS,Summer Dress,1,2025-11-20 13:00,87.75,20394,United Kingdom
INV501246,TH-JACK,Denim Jacket,3,2026-06-21 14:00,95.67,20141,United Kingdom
INV505053,TH-JACK,Denim Jacket,1,2025-07-16 09:00,57.1,20567,United Kingdom
INV502920,TH-CAP,Logo Cap,1,2026-07-12 08:00,17.09,20324,United Kingdom
INV500821,TH-DRESS,Summer Dress,1,2025-08-14 20:00,99.06,20092,United Kingdom
INV505080,TH-SHIRT,Oxford Shirt,1,2025-11-24 11:00,42.86,20569,United Kingdom
INV502934,TH-DRESS,Summer Dress,2,2026-02-25 09:00,57.02,20326,United Kingdom
INV503125,TH-SHOE,Canvas Sneakers,1,2025-05-21 10:00,61.5,20344,United Kingdom
INV505593,TH-JEAN,Slim Fit Jeans,3,2025-12-06 12:00,70.79,20631,United Kingdom
INV502476,TH-SHOE,Canvas Sneakers,2,2025-11-14 09:00,45.01,20273,United Kingdom
INV501522,TH-JEAN,Slim Fit Jeans,2,2026-07-01 16:00,45.27,20169,United Kingdom
INV503928,TH-SHIRT,Oxford Shirt,1,2025-07-10 18:00,43.15,20441,United Kingdom
INV503144,TH-DRESS,Summer Dress,3,2026-05-02 08:00,76.25,20346,United Kingdom
INV502984,TH-DRESS,Summer Dress,1,2025-10-04 19:00,68.13,20332,United Kingdom
INV505887,TH-HOOD,Fleece Hoodie,1,2025-11-17 15:00,48.88,20662,United Kingdom
INV501618,TH-TSHIRT,Cotton Crew T-Shirt,1,2026-02-09 14:00,13.75,20179,United Kingdom
INV500989,TH-SHIRT,Oxford Shirt,1,2025-05-24 16:00,40.15,20108,United Kingdom
INV500109,TH-CAP,Logo Cap,1,2026-01-09 11:00,25.58,20014,United Kingdom
INV505029,TH-JEAN,Slim Fit Jeans,1,2026-06-18 15:00,88.0,20564,United Kingdom
INV502147,TH-SHIRT,Oxford Shirt,1,2025-10-24 17:00,46.5,20236,United Kingdom
INV502552,TH-TSHIRT,Cotton Crew T-Shirt,2,2025-06-24 20:00,20.03,20281,United Kingdom
INV505102,TH-CAP,Logo Cap,2,2025-08-17 16:00,15.35,20572,United Kingdom
INV500843,TH-HOOD,Fleece Hoodie,3,2025-05-31 08:00,63.66,20093,United Kingdom
INV504142,TH-SHIRT,Oxford Shirt,1,2025-09-11 08:00,46.88,20465,United Kingdom
INV500915,TH-JEAN,Slim Fit Jeans,1,2025-08-03 11:00,79.75,20101,United Kingdom
INV505760,TH-SHOE,Canvas Sneakers,2,2026-04-01 16:00,60.02,20649,United Kingdom
INV505727,TH-SHOE,Canvas Sneakers,2,2025-08-27 13:00,63.03,20645,United Kingdom
INV502115,TH-CAP,Logo Cap,3,2026-05-13 17:00,27.34,20234,United Kingdom
INV506248,TH-CAP,Logo Cap,1,2025-05-25 13:00,16.78,20698,United Kingdom
INV501032,TH-CAP,Logo Cap,1,2026-05-18 14:00,26.71,20112,United Kingdom
INV505721,TH-HOOD,Fleece Hoodie,3,2026-03-09 15:00,57.24,20645,United Kingdom
INV501287,TH-HOOD,Fleece Hoodie,3,2026-06-10 12:00,67.56,20144,United Kingdom
INV505408,TH-JACK,Denim Jacket,1,2026-01-13 08:00,90.68,20609,United Kingdom
INV501975,TH-CAP,Logo Cap,2,2026-01-29 11:00,25.5,20219,United Kingdom
INV505677,TH-JEAN,Slim Fit Jeans,3,2025-10-03 12:00,70.54,20640,United Kingdom
INV503437,TH-JEAN,Slim Fit Jeans,1,2026-04-14 17:00,90.26,20380,United Kingdom
INV505834,TH-HOOD,Fleece Hoodie,3,2026-02-06 14:00,67.85,20656,United Kingdom
INV500450,TH-DRESS,Summer Dress,3,2025-09-21 13:00,120.85,20052,United Kingdom
INV502112,TH-JEAN,Slim Fit Jeans,2,2025-09-16 18:00,90.93,20234,United Kingdom
INV501061,TH-CAP,Logo Cap,2,2026-03-21 09:00,20.96,20114,United Kingdom
INV502655,TH-TSHIRT,Cotton Crew T-Shirt,1,2025-06-10 11:00,19.74,20292,United Kingdom
INV503629,TH-HOOD,Fleece Hoodie,1,2025-09-14 11:00,45.01,20402,United Kingdom
INV501093,TH-HOOD,Fleece Hoodie,2,2025-05-24 12:00,55.61,20119,United Kingdom
INV500365,TH-JEAN,Slim Fit Jeans,2,2026-01-21 11:00,57.34,20043,United Kingdom
INV503574,TH-TSHIRT,Cotton Crew T-Shirt,3,2026-04-20 11:00,23.13,20394,United Kingdom
INV501465,TH-DRESS,Summer Dress,2,2026-04-06 14:00,65.0,20163,United Kingdom
INV502385,TH-HOOD,Fleece Hoodie,1,2025-08-28 11:00,38.16,20262,United Kingdom
INV500804,TH-SHOE,Canvas Sneakers,1,2025-09-26 16:00,47.46,20089,United Kingdom
INV505848,TH-CAP,Logo Cap,3,2025-06-28 11:00,24.81,20658,United Kingdom
INV503971,TH-JEAN,Slim Fit Jeans,1,2026-01-17 16:00,60.42,20444,United Kingdom
INV505670,TH-HOOD,Fleece Hoodie,1,2025-06-26 09:00,51.49,20639,United Kingdom
INV503563,TH-CAP,Logo Cap,2,2026-03-25 09:00,24.24,20394,United Kingdom
INV502413,TH-TSHIRT,Cotton Crew T-Shirt,2,2026-03-24 17:00,18.57,20265,United Kingdom
INV503261,TH-HOOD,Fleece Hoodie,2,2026-05-17 13:00,66.33,20361,United Kingdom
INV501752,TH-JACK,Denim Jacket,3,2026-01-08 20:00,134.07,20196,United Kingdom
INV505262,TH-SHOE,Canvas Sneakers,1,2026-02-26 20:00,33.13,20589,United Kingdom
INV501809,TH-HOOD,Fleece Hoodie,1,2025-10-27 14:00,37.27,20201,United Kingdom
INV502715,TH-JACK,Denim Jacket,2,2025-06-05 18:00,65.5,20299,United Kingdom
INV504906,TH-JACK,Denim Jacket,2,2025-05-16 10:00,85.5,20548,United Kingdom
INV503964,TH-SHIRT,Oxford Shirt,1,2025-06-14 12:00,64.23,20443,United Kingdom
INV502117,TH-SHOE,Canvas Sneakers,2,2026-06-20 17:00,83.64,20234,United Kingdom
INV503512,TH-DRESS,Summer Dress,1,2026-07-07 08:00,46.89,20387,United Kingdom
INV502863,TH-SHIRT,Oxford Shirt,3,2025-12-03 17:00,52.94,20315,United Kingdom
INV503426,TH-JACK,Denim Jacket,1,2025-12-07 12:00,51.44,20379,United Kingdom
INV504687,TH-HOOD,Fleece Hoodie,1,2026-04-23 09:00,43.84,20527,United Kingdom
INV503019,TH-CAP,Logo Cap,2,2025-07-14 20:00,25.25,20335,United Kingdom
INV504728,TH-SHIRT,Oxford Shirt,3,2025-10-16 16:00,50.29,20532,United Kingdom
INV504250,TH-JEAN,Slim Fit Jeans,1,2026-03-23 10:00,75.18,20479,United Kingdom
INV504272,TH-JEAN,Slim Fit Jeans,2,2025-11-10 13:00,59.55,20481,United Kingdom
INV500020,TH-TSHIRT,Cotton Crew T-Shirt,2,2026-02-05 13:00,15.15,20003,United Kingdom
INV506012,TH-JACK,Denim Jacket,3,2025-12-03 15:00,123.66,20675,United Kingdom
INV503944,TH-JEAN,Slim Fit Jeans,1,2026-03-30 13:00,74.2,20442,United Kingdom
INV502151,TH-SHOE,Canvas Sneakers,2,2025-12-07 14:00,33.3,20237,United Kingdom
INV502127,TH-JACK,Denim Jacket,2,2026-01-16 08:00,122.16,20234,United Kingdom
INV502291,TH-TSHIRT,Cotton Crew T-Shirt,1,2026-03-08 14:00,19.6,20253,United Kingdom
INV503677,TH-HOOD,Fleece Hoodie,1,2025-05-26 09:00,47.49,20409,United Kingdom
INV501895,TH-TSHIRT,Cotton Crew T-Shirt,2,2025-10-09 20:00,16.44,20211,United Kingdom
INV500524,TH-SHOE,Canvas Sneakers,1,2025-12-28 20:00,54.25,20060,United Kingdom
INV500562,TH-SHIRT,Oxford Shirt,1,2025-09-04 08:00,42.52,20063,United Kingdom
INV500600,TH-JACK,Denim Jacket,2,2025-11-23 10:00,76.26,20067,United Kingdom
INV503831,TH-DRESS,Summer Dress,2,2025-08-26 14:00,64.59,20430,United Kingdom
INV501450,TH-DRESS,Summer Dress,1,2026-03-08 19:00,72.29,20161,United Kingdom
INV503544,TH-JEAN,Slim Fit Jeans,2,2025-06-01 12:00,62.82,20392,United Kingdom
INV500239,TH-CAP,Logo Cap,2,2025-05-16 09:00,22.73,20029,United Kingdom
INV503547,TH-SHOE,Canvas Sneakers,2,2025-10-19 13:00,56.21,20392,United Kingdom
INV503397,TH-CAP,Logo Cap,1,2025-08-20 13:00,10.98,20376,United Kingdom
INV504890,TH-JACK,Denim Jacket,2,2025-12-28 14:00,77.7,20547,United Kingdom
INV504797,TH-CAP,Logo Cap,3,2025-12-02 10:00,29.87,20539,United Kingdom
INV502582,TH-SHIRT,Oxford Shirt,1,2026-01-04 09:00,51.99,20285,United Kingdom
INV501162,TH-TSHIRT,Cotton Crew T-Shirt,2,2026-06-01 08:00,22.08,20129,United Kingdom
INV504601,TH-SHOE,Canvas Sneakers,2,2026-06-12 13:00,29.1,20516,United Kingdom
INV503333,TH-CAP,Logo Cap,1,2025-09-16 14:00,14.58,20368,United Kingdom
INV500182,TH-JACK,Denim Jacket,1,2026-04-11 12:00,120.26,20022,United Kingdom
INV502637,TH-TSHIRT,Cotton Crew T-Shirt,3,2026-06-29 20:00,27.9,20290,United Kingdom
INV504800,TH-JACK,Denim Jacket,1,2026-04-16 18:00,114.97,20539,United Kingdom
INV501893,TH-CAP,Logo Cap,1,2026-03-06 16:00,18.57,20211,United Kingdom
INV506036,TH-SHOE,Canvas Sneakers,3,2025-07-02 14:00,72.42,20678,United Kingdom
INV502384,TH-TSHIRT,Cotton Crew T-Shirt,1,2026-03-01 14:00,16.76,20261,United Kingdom
INV504054,TH-DRESS,Summer Dress,2,2026-04-26 20:00,70.23,20453,United Kingdom
INV501631,TH-JACK,Denim Jacket,2,2025-12-18 16:00,70.11,20181,United Kingdom
INV501345,TH-JEAN,Slim Fit Jeans,1,2025-11-17 20:00,85.18,20150,United Kingdom
INV503262,TH-TSHIRT,Cotton Crew T-Shirt,1,2025-09-16 20:00,25.61,20361,United Kingdom
INV503741,TH-DRESS,Summer Dress,1,2025-06-14 09:00,49.7,20418,United Kingdom
INV505534,TH-DRESS,Summer Dress,1,2025-11-09 15:00,35.0,20622,United Kingdom
INV504523,TH-JEAN,Slim Fit Jeans,1,2025-08-25 17:00,88.72,20506,United Kingdom
INV500194,TH-HOOD,Fleece Hoodie,1,2025-06-03 11:00,31.06,20023,United Kingdom
INV502459,TH-SHIRT,Oxford Shirt,1,2025-11-29 09:00,64.1,20271,United Kingdom
INV500438,TH-DRESS,Summer Dress,1,2025-05-19 09:00,109.49,20052,United Kingdom
INV502894,TH-SHIRT,Oxford Shirt,1,2025-10-23 11:00,31.98,20320,United Kingdom
INV504319,TH-HOOD,Fleece Hoodie,2,2026-05-30 09:00,55.23,20486,United Kingdom
INV505411,TH-JACK,Denim Jacket,1,2025-11-08 20:00,86.72,20609,United Kingdom
INV505776,TH-CAP,Logo Cap,2,2025-06-09 16:00,19.81,20650,United Kingdom
INV505396,TH-JACK,Denim Jacket,1,2025-09-27 12:00,75.33,20608,United Kingdom
INV501610,TH-JEAN,Slim Fit Jeans,2,2026-04-18 15:00,42.65,20178,United Kingdom
INV500349,TH-JEAN,Slim Fit Jeans,2,2025-06-14 15:00,72.52,20040,United Kingdom
INV504118,TH-CAP,Logo Cap,2,2025-10-22 18:00,26.57,20462,United Kingdom
INV500700,TH-HOOD,Fleece Hoodie,1,2026-03-01 11:00,59.48,20078,United Kingdom
INV502724,TH-TSHIRT,Cotton Crew T-Shirt,1,2025-11-06 18:00,24.83,20300,United Kingdom
INV502999,TH-DRESS,Summer Dress,3,2025-07-02 20:00,87.18,20333,United Kingdom
INV501860,TH-HOOD,Fleece Hoodie,2,2026-03-02 14:00,52.82,20207,United Kingdom
INV502943,TH-CAP,Logo Cap,1,2025-06-27 12:00,26.65,20328,United Kingdom
INV502062,TH-SHIRT,Oxford Shirt,1,2025-09-10 17:00,37.85,20228,United Kingdom
INV502448,TH-TSHIRT,Cotton Crew T-Shirt,2,2025-10-09 16:00,11.98,20270,United Kingdom
INV501856,TH-HOOD,Fleece Hoodie,3,2026-04-13 09:00,59.55,20207,United Kingdom
INV506063,TH-CAP,Logo Cap,3,2026-05-08 18:00,21.64,20681,United Kingdom
INV504323,TH-CAP,Logo Cap,2,2025-12-06 11:00,20.48,20486,United Kingdom
INV500173,TH-HOOD,Fleece Hoodie,1,2025-05-16 14:00,59.96,20021,United Kingdom
INV504095,TH-JACK,Denim Jacket,2,2026-01-18 08:00,93.24,20459,United Kingdom
INV502947,TH-JACK,Denim Jacket,3,2026-01-07 19:00,106.58,20328,United Kingdom
INV504575,TH-SHIRT,Oxford Shirt,2,2026-06-26 19:00,58.44,20512,United Kingdom
INV502848,TH-JEAN,Slim Fit Jeans,1,2025-09-03 15:00,61.33,20314,United Kingdom
INV505358,TH-JACK,Denim Jacket,2,2026-02-18 16:00,87.48,20603,United Kingdom
INV503253,TH-JEAN,Slim Fit Jeans,2,2025-08-14 11:00,61.68,20360,United Kingdom
INV506147,TH-TSHIRT,Cotton Crew T-Shirt,1,2026-03-30 16:00,11.54,20687,United Kingdom
INV502277,TH-SHOE,Canvas Sneakers,1,2025-08-23 09:00,69.56,20251,United Kingdom
INV500497,TH-SHOE,Canvas Sneakers,2,2025-07-10 10:00,56.02,20057,United Kingdom
INV500677,TH-TSHIRT,Cotton Crew T-Shirt,1,2025-06-15 10:00,21.33,20076,United Kingdom
INV500042,TH-HOOD,Fleece Hoodie,2,2026-01-19 19:00,54.48,20006,United Kingdom
INV505399,TH-JEAN,Slim Fit Jeans,1,2025-08-27 18:00,53.99,20608,United Kingdom
INV503666,TH-SHOE,Canvas Sneakers,1,2026-06-27 20:00,71.69,20407,United Kingdom
INV504107,TH-SHOE,Canvas Sneakers,1,2026-03-12 17:00,50.07,20461,United Kingdom
INV502121,TH-CAP,Logo Cap,3,2026-05-24 09:00,24.69,20234,United Kingdom
INV501300,TH-JACK,Denim Jacket,1,2026-04-18 17:00,59.54,20145,United Kingdom
INV504846,TH-TSHIRT,Cotton Crew T-Shirt,1,2026-01-12 20:00,23.14,20543,United Kingdom
INV501114,TH-SHIRT,Oxford Shirt,2,2025-08-09 11:00,36.27,20123,United Kingdom
INV503722,TH-TSHIRT,Cotton Crew T-Shirt,3,2025-05-13 12:00,25.58,20414,United Kingdom
INV500795,TH-CAP,Logo Cap,1,2026-01-09 11:00,16.0,20088,United Kingdom
INV503603,TH-HOOD,Fleece Hoodie,3,2025-06-17 10:00,55.53,20399,United Kingdom
INV503077,TH-JACK,Denim Jacket,2,2025-06-19 20:00,53.94,20339,United Kingdom
INV504568,TH-JACK,Denim Jacket,3,2026-06-25 14:00,108.73,20512,United Kingdom
INV503036,TH-SHIRT,Oxford Shirt,3,2026-01-18 13:00,42.53,20336,United Kingdom
INV500300,TH-JEAN,Slim Fit Jeans,2,2025-11-01 19:00,83.41,20036,United Kingdom
INV504013,TH-JACK,Denim Jacket,3,2025-09-18 19:00,134.98,20448,United Kingdom
INV503060,TH-TSHIRT,Cotton Crew T-Shirt,1,2026-01-28 19:00,23.03,20337,United Kingdom
INV501250,TH-DRESS,Summer Dress,2,2026-04-30 17:00,85.83,20141,United Kingdom
INV505404,TH-SHIRT,Oxford Shirt,3,2025-08-07 15:00,49.01,20609,United Kingdom
INV501504,TH-SHIRT,Oxford Shirt,2,2025-09-02 20:00,52.57,20167,United Kingdom
INV504542,TH-DRESS,Summer Dress,2,2025-08-17 20:00,72.28,20509,United Kingdom
INV500613,TH-SHIRT,Oxford Shirt,2,2025-12-24 11:00,65.31,20069,United Kingdom
INV503062,TH-DRESS,Summer Dress,1,2026-03-11 10:00,73.39,20338,United Kingdom
INV504268,TH-TSHIRT,Cotton Crew T-Shirt,1,2025-11-03 19:00,17.62,20481,United Kingdom
INV502606,TH-DRESS,Summer Dress,2,2025-11-22 18:00,47.06,20288,United Kingdom
INV500315,TH-JEAN,Slim Fit Jeans,2,2026-04-17 10:00,64.72,20037,United Kingdom
INV501237,TH-JACK,Denim Jacket,1,2026-07-12 10:00,76.71,20139,United Kingdom
INV500406,TH-DRESS,Summer Dress,2,2025-12-06 17:00,43.27,20048,United Kingdom
INV502995,TH-HOOD,Fleece Hoodie,2,2026-05-23 13:00,64.97,20333,United Kingdom
INV501788,TH-SHIRT,Oxford Shirt,3,2026-02-24 15:00,46.26,20199,United Kingdom
INV502009,TH-SHOE,Canvas Sneakers,1,2026-01-12 08:00,77.49,20223,United Kingdom
INV504237,TH-TSHIRT,Cotton Crew T-Shirt,1,2026-01-16 14:00,14.18,20477,United Kingdom
INV500542,TH-HOOD,Fleece Hoodie,3,2025-05-17 11:00,72.84,20061,United Kingdom
INV500504,TH-SHOE,Canvas Sneakers,2,2025-11-08 13:00,71.76,20058,United Kingdom
INV503735,TH-CAP,Logo Cap,2,2025-09-17 12:00,13.9,20418,United Kingdom
INV501388,TH-SHIRT,Oxford Shirt,2,2026-04-05 14:00,32.9,20155,United Kingdom
INV505956,TH-HOOD,Fleece Hoodie,1,2025-08-02 13:00,45.25,20669,United Kingdom
INV504036,TH-JACK,Denim Jacket,3,2025-12-23 11:00,93.28,20450,United Kingdom
INV506127,TH-SHIRT,Oxford Shirt,1,2025-09-10 13:00,54.52,20685,United Kingdom
INV501121,TH-TSHIRT,Cotton Crew T-Shirt,2,2026-02-15 18:00,10.23,20124,United Kingdom
INV501932,TH-TSHIRT,Cotton Crew T-Shirt,2,2025-08-10 20:00,21.33,20214,United Kingdom
INV505585,TH-TSHIRT,Cotton Crew T-Shirt,2,2026-01-11 08:00,11.61,20630,United Kingdom
INV502033,TH-JEAN,Slim Fit Jeans,1,2025-09-04 10:00,79.58,20226,United Kingdom
INV500387,TH-JEAN,Slim Fit Jeans,1,2026-01-10 19:00,58.2,20046,United Kingdom
INV505701,TH-DRESS,Summer Dress,3,2026-03-08 19:00,84.22,20643,United Kingdom
INV505822,TH-JEAN,Slim Fit Jeans,2,2025-07-09 10:00,87.39,20656,United Kingdom
INV502536,TH-DRESS,Summer Dress,3,2025-12-01 09:00,87.12,20279,United Kingdom
INV505474,TH-SHOE,Canvas Sneakers,3,2026-03-08 13:00,64.59,20616,United Kingdom
INV500412,TH-CAP,Logo Cap,1,2025-12-25 12:00,12.98,20049,United Kingdom
INV503902,TH-JEAN,Slim Fit Jeans,3,2026-06-30 18:00,79.34,20438,United Kingdom
INV504492,TH-HOOD,Fleece Hoodie,3,2025-06-25 09:00,71.18,20504,United Kingdom
INV504643,TH-JEAN,Slim Fit Jeans,1,2026-01-08 18:00,83.58,20522,United Kingdom
INV502187,TH-TSHIRT,Cotton Crew T-Shirt,1,2025-05-25 18:00,10.33,20242,United Kingdom
INV501461,TH-HOOD,Fleece Hoodie,2,2025-08-06 10:00,50.31,20163,United Kingdom
INV505436,TH-CAP,Logo Cap,2,2025-10-11 12:00,26.62,20612,United Kingdom
INV504778,TH-CAP,Logo Cap,3,2026-02-08 12:00,28.06,20537,United Kingdom
INV502027,TH-SHOE,Canvas Sneakers,3,2025-06-18 12:00,66.33,20225,United Kingdom
INV504310,TH-TSHIRT,Cotton Crew T-Shirt,1,2025-06-09 11:00,19.54,20485,United Kingdom
INV503114,TH-JEAN,Slim Fit Jeans,1,2025-11-17 16:00,69.25,20343,United Kingdom
INV501450,TH-TSHIRT,Cotton Crew T-Shirt,1,2026-03-08 19:00,16.91,20161,United Kingdom
INV500823,TH-CAP,Logo Cap,3,2025-10-24 09:00,23.39,20092,United Kingdom
INV503609,TH-TSHIRT,Cotton Crew T-Shirt,3,2025-08-08 14:00,19.83,20399,United Kingdom
INV505835,TH-CAP,Logo Cap,1,2026-02-09 16:00,15.67,20657,United Kingdom
INV500388,TH-JACK,Denim Jacket,1,2025-11-14 15:00,77.67,20046,United Kingdom
INV500406,TH-TSHIRT,Cotton Crew T-Shirt,2,2025-12-06 17:00,11.52,20048,United Kingdom
INV501545,TH-DRESS,Summer Dress,2,2025-12-01 09:00,93.88,20172,United Kingdom
INV503615,TH-TSHIRT,Cotton Crew T-Shirt,1,2025-06-22 14:00,13.05,20400,United Kingdom
INV503566,TH-TSHIRT,Cotton Crew T-Shirt,3,2025-07-07 12:00,21.96,20394,United Kingdom
INV501976,TH-SHOE,Canvas Sneakers,2,2025-09-14 14:00,68.45,20219,United Kingdom
INV501706,TH-TSHIRT,Cotton Crew T-Shirt,3,2025-12-21 18:00,20.56,20191,United Kingdom
INV503518,TH-TSHIRT,Cotton Crew T-Shirt,3,2025-12-22 13:00,19.05,20388,United Kingdom
INV504132,TH-TSHIRT,Cotton Crew T-Shirt,3,2026-01-15 17:00,24.32,20464,United Kingdom
INV505221,TH-JACK,Denim Jacket,1,2025-10-18 17:00,73.1,20584,United Kingdom
INV505378,TH-JEAN,Slim Fit Jeans,2,2025-06-05 12:00,71.26,20605,United Kingdom
INV501862,TH-JEAN,Slim Fit Jeans,2,2026-06-06 14:00,77.18,20207,United Kingdom
INV503210,TH-TSHIRT,Cotton Crew T-Shirt,2,2025-11-05 17:00,18.71,20354,United Kingdom
INV502679,TH-HOOD,Fleece Hoodie,1,2026-02-14 14:00,72.63,20294,United Kingdom
INV504325,TH-JACK,Denim Jacket,3,2026-03-10 12:00,93.38,20486,United Kingdom
INV506003,TH-SHOE,Canvas Sneakers,1,2026-04-17 16:00,53.21,20674,United Kingdom
INV506034,TH-TSHIRT,Cotton Crew T-Shirt,2,2025-09-30 15:00,16.29,20677,United Kingdom
INV503097,TH-JACK,Denim Jacket,3,2025-12-04 09:00,87.7,20341,United Kingdom
INV500440,TH-JEAN,Slim Fit Jeans,2,2026-03-28 08:00,97.02,20052,United Kingdom
INV503431,TH-JACK,Denim Jacket,3,2026-06-10 10:00,122.45,20380,United Kingdom
INV500692,TH-JACK,Denim Jacket,3,2026-06-14 12:00,93.2,20078,United Kingdom
INV500490,TH-HOOD,Fleece Hoodie,1,2025-12-05 17:00,59.14,20056,United Kingdom
INV501712,TH-DRESS,Summer Dress,2,2025-07-21 19:00,91.12,20192,United Kingdom
INV504235,TH-TSHIRT,Cotton Crew T-Shirt,1,2026-01-22 15:00,16.2,20477,United Kingdom
INV500483,TH-HOOD,Fleece Hoodie,1,2025-07-03 20:00,51.45,20056,United Kingdom
INV503895,TH-JEAN,Slim Fit Jeans,1,2025-09-16 14:00,74.16,20438,United Kingdom
INV503685,TH-SHOE,Canvas Sneakers,2,2026-06-20 13:00,64.79,20409,United Kingdom
INV503118,TH-CAP,Logo Cap,1,2025-10-04 13:00,25.26,20343,United Kingdom
INV506228,TH-TSHIRT,Cotton Crew T-Shirt,2,2026-04-28 15:00,12.2,20695,United Kingdom
INV502536,TH-SHIRT,Oxford Shirt,2,2025-12-01 09:00,47.66,20279,United Kingdom
INV505041,TH-TSHIRT,Cotton Crew T-Shirt,1,2025-09-30 11:00,19.05,20566,United Kingdom
INV505466,TH-SHOE,Canvas Sneakers,1,2026-01-10 15:00,56.97,20615,United Kingdom
INV503659,TH-DRESS,Summer Dress,2,2025-12-06 14:00,67.29,20406,United Kingdom
INV503259,TH-TSHIRT,Cotton Crew T-Shirt,1,2025-10-10 16:00,19.49,20360,United Kingdom
INV503006,TH-TSHIRT,Cotton Crew T-Shirt,3,2026-06-03 09:00,21.0,20334,United Kingdom
INV502840,TH-SHIRT,Oxford Shirt,2,2026-07-13 08:00,57.55,20313,United Kingdom
INV504286,TH-DRESS,Summer Dress,1,2025-07-11 14:00,42.17,20483,United Kingdom
INV500116,TH-JACK,Denim Jacket,2,2025-05-20 20:00,75.09,20015,United Kingdom
INV502300,TH-HOOD,Fleece Hoodie,1,2025-09-25 16:00,46.03,20254,United Kingdom
INV503251,TH-JACK,Denim Jacket,1,2026-03-08 11:00,84.43,20360,United Kingdom
INV506040,TH-SHIRT,Oxford Shirt,3,2025-12-09 15:00,55.37,20678,United Kingdom
INV500984,TH-DRESS,Summer Dress,1,2025-12-15 17:00,61.9,20108,United Kingdom
INV502396,TH-CAP,Logo Cap,1,2025-10-09 19:00,24.4,20263,United Kingdom
INV504333,TH-JACK,Denim Jacket,1,2025-07-29 15:00,46.8,20487,United Kingdom
INV503312,TH-DRESS,Summer Dress,2,2026-04-06 12:00,63.4,20366,United Kingdom
INV502623,TH-HOOD,Fleece Hoodie,2,2025-07-31 18:00,64.96,20289,United Kingdom
INV501052,TH-JEAN,Slim Fit Jeans,2,2025-08-09 11:00,57.7,20113,United Kingdom
INV502546,TH-JEAN,Slim Fit Jeans,3,2025-07-28 10:00,66.47,20281,United Kingdom
INV505315,TH-SHIRT,Oxford Shirt,1,2026-01-14 14:00,23.0,20598,United Kingdom
INV502020,TH-CAP,Logo Cap,1,2025-12-23 09:00,17.83,20224,United Kingdom
INV501599,TH-DRESS,Summer Dress,3,2025-10-21 09:00,76.76,20177,United Kingdom
INV504446,TH-JACK,Denim Jacket,2,2025-09-08 13:00,99.19,20498,United Kingdom
INV501987,TH-SHOE,Canvas Sneakers,1,2025-12-12 15:00,66.55,20220,United Kingdom
INV505621,TH-JACK,Denim Jacket,2,2025-10-06 10:00,105.68,20633,United Kingdom
INV503213,TH-SHIRT,Oxford Shirt,2,2025-09-16 08:00,34.6,20355,United Kingdom
INV501366,TH-DRESS,Summer Dress,2,2025-10-28 11:00,64.93,20152,United Kingdom
INV506013,TH-HOOD,Fleece Hoodie,1,2025-12-18 16:00,62.86,20675,United Kingdom
INV505957,TH-TSHIRT,Cotton Crew T-Shirt,1,2026-04-09 08:00,18.84,20669,United Kingdom
INV501803,TH-JACK,Denim Jacket,2,2026-07-05 14:00,61.55,20201,United Kingdom
INV502345,TH-JEAN,Slim Fit Jeans,3,2026-02-27 12:00,59.58,20258,United Kingdom
INV504115,TH-CAP,Logo Cap,3,2025-11-08 14:00,29.45,20462,United Kingdom
INV502646,TH-CAP,Logo Cap,1,2026-01-21 17:00,19.71,20292,United Kingdom
INV505231,TH-JEAN,Slim Fit Jeans,2,2026-06-15 19:00,55.17,20585,United Kingdom
INV503490,TH-TSHIRT,Cotton Crew T-Shirt,1,2025-10-16 17:00,16.94,20384,United Kingdom
INV502502,TH-DRESS,Summer Dress,1,2026-01-08 17:00,57.95,20276,United Kingdom
INV503562,TH-DRESS,Summer Dress,1,2026-01-28 10:00,86.62,20394,United Kingdom
INV500799,TH-DRESS,Summer Dress,1,2026-02-14 16:00,62.3,20088,United Kingdom
INV501392,TH-SHIRT,Oxford Shirt,2,2025-10-12 14:00,34.38,20155,United Kingdom
INV504070,TH-JEAN,Slim Fit Jeans,2,2025-11-11 19:00,54.69,20455,United Kingdom
INV501099,TH-SHIRT,Oxford Shirt,2,2026-01-23 15:00,31.01,20120,United Kingdom
INV505516,TH-HOOD,Fleece Hoodie,3,2026-05-03 15:00,60.76,20620,United Kingdom
INV506028,TH-CAP,Logo Cap,1,2026-04-19 12:00,16.77,20676,United Kingdom
INV500249,TH-JEAN,Slim Fit Jeans,2,2026-02-23 20:00,55.49,20030,United Kingdom
INV506205,TH-JACK,Denim Jacket,1,2025-06-28 15:00,88.49,20693,United Kingdom
INV500907,TH-HOOD,Fleece Hoodie,1,2026-02-07 12:00,69.18,20100,United Kingdom
INV501047,TH-SHOE,Canvas Sneakers,1,2025-07-07 08:00,55.94,20113,United Kingdom
INV500296,TH-JEAN,Slim Fit Jeans,1,2025-05-31 16:00,61.62,20035,United Kingdom
INV500759,TH-SHOE,Canvas Sneakers,3,2025-10-14 13:00,80.09,20083,United Kingdom
INV505532,TH-CAP,Logo Cap,2,2025-10-19 19:00,10.32,20622,United Kingdom
INV500581,TH-DRESS,Summer Dress,2,2025-08-17 17:00,70.27,20065,United Kingdom
INV505723,TH-HOOD,Fleece Hoodie,1,2025-09-08 19:00,55.08,20645,United Kingdom
INV505907,TH-SHIRT,Oxford Shirt,1,2025-11-04 14:00,56.45,20665,United Kingdom
INV500482,TH-SHIRT,Oxford Shirt,2,2025-09-11 11:00,43.74,20056,United Kingdom
INV500493,TH-JACK,Denim Jacket,2,2025-05-17 14:00,93.7,20057,United Kingdom
INV505007,TH-CAP,Logo Cap,2,2025-05-18 17:00,14.03,20562,United Kingdom
INV501138,TH-CAP,Logo Cap,2,2025-08-02 18:00,24.36,20126,United Kingdom
INV501570,TH-CAP,Logo Cap,1,2026-05-19 11:00,24.98,20173,United Kingdom
INV504427,TH-TSHIRT,Cotton Crew T-Shirt,2,2025-08-26 13:00,26.92,20496,United Kingdom
INV501663,TH-DRESS,Summer Dress,2,2025-11-21 17:00,51.89,20185,United Kingdom
INV504938,TH-SHIRT,Oxford Shirt,2,2025-12-24 10:00,41.93,20553,United Kingdom
INV505710,TH-SHOE,Canvas Sneakers,3,2026-07-15 10:00,72.38,20644,United Kingdom
INV502324,TH-SHIRT,Oxford Shirt,1,2025-12-10 09:00,44.95,20256,United Kingdom
INV502758,TH-CAP,Logo Cap,2,2026-05-28 19:00,15.27,20304,United Kingdom
INV500537,TH-CAP,Logo Cap,2,2025-10-29 09:00,29.32,20061,United Kingdom
INV501432,TH-HOOD,Fleece Hoodie,3,2025-07-25 20:00,50.42,20159,United Kingdom
INV501290,TH-HOOD,Fleece Hoodie,2,2025-12-29 19:00,64.8,20144,United Kingdom
INV503257,TH-CAP,Logo Cap,2,2026-03-01 08:00,19.14,20360,United Kingdom
INV504664,TH-JACK,Denim Jacket,2,2026-06-21 18:00,86.2,20524,United Kingdom
INV501899,TH-JACK,Denim Jacket,2,2026-04-07 12:00,74.54,20211,United Kingdom
INV500594,TH-DRESS,Summer Dress,1,2026-03-29 10:00,54.89,20067,United Kingdom
INV505279,TH-TSHIRT,Cotton Crew T-Shirt,1,2026-07-12 18:00,9.68,20593,United Kingdom
INV501053,TH-HOOD,Fleece Hoodie,1,2025-07-08 12:00,57.52,20114,United Kingdom
INV501983,TH-SHIRT,Oxford Shirt,1,2025-10-21 12:00,44.42,20220,United Kingdom
INV504240,TH-DRESS,Summer Dress,2,2025-11-04 17:00,68.53,20478,United Kingdom
INV504857,TH-SHIRT,Oxford Shirt,2,2025-11-04 08:00,49.99,20543,United Kingdom
INV506213,TH-TSHIRT,Cotton Crew T-Shirt,2,2025-08-25 13:00,19.56,20693,United Kingdom
INV502434,TH-JACK,Denim Jacket,2,2026-03-31 08:00,80.45,20267,United Kingdom
INV501274,TH-SHIRT,Oxford Shirt,1,2025-11-13 15:00,57.66,20143,United Kingdom
INV505672,TH-SHIRT,Oxford Shirt,1,2025-10-15 10:00,53.54,20640,United Kingdom
INV502433,TH-HOOD,Fleece Hoodie,1,2025-12-20 13:00,40.18,20267,United Kingdom
INV503453,TH-DRESS,Summer Dress,2,2026-07-01 11:00,70.01,20381,United Kingdom
INV500410,TH-TSHIRT,Cotton Crew T-Shirt,2,2025-08-22 20:00,11.82,20049,United Kingdom
INV505060,TH-HOOD,Fleece Hoodie,1,2026-05-02 11:00,65.58,20568,United Kingdom
INV501291,TH-SHOE,Canvas Sneakers,1,2026-06-11 18:00,78.41,20144,United Kingdom
INV504276,TH-CAP,Logo Cap,2,2025-12-13 18:00,22.28,20481,United Kingdom
INV505210,TH-CAP,Logo Cap,2,2026-03-03 15:00,20.2,20583,United Kingdom
INV501497,TH-DRESS,Summer Dress,1,2026-05-31 09:00,88.31,20166,United Kingdom
INV505463,TH-SHIRT,Oxford Shirt,2,2026-04-20 15:00,40.89,20615,United Kingdom
INV503269,TH-DRESS,Summer Dress,3,2026-05-03 17:00,96.37,20361,United Kingdom
INV503261,TH-SHOE,Canvas Sneakers,2,2026-05-17 13:00,85.63,20361,United Kingdom
INV500502,TH-TSHIRT,Cotton Crew T-Shirt,2,2026-04-14 17:00,22.77,20058,United Kingdom
INV504526,TH-JACK,Denim Jacket,1,2026-02-11 09:00,62.66,20507,United Kingdom
INV500823,TH-CAP,Logo Cap,3,2025-10-24 09:00,28.22,20092,United Kingdom
INV503440,TH-JEAN,Slim Fit Jeans,1,2026-05-23 11:00,63.81,20381,United Kingdom
INV504415,TH-SHOE,Canvas Sneakers,1,2025-08-02 08:00,31.05,20495,United Kingdom
INV505041,TH-DRESS,Summer Dress,3,2025-09-30 11:00,81.53,20566,United Kingdom
INV500107,TH-JACK,Denim Jacket,3,2026-03-03 11:00,102.48,20014,United Kingdom
INV500113,TH-TSHIRT,Cotton Crew T-Shirt,2,2026-05-20 18:00,21.67,20014,United Kingdom
INV505813,TH-HOOD,Fleece Hoodie,1,2025-07-24 13:00,36.21,20654,United Kingdom
INV500385,TH-TSHIRT,Cotton Crew T-Shirt,2,2026-01-01 10:00,16.19,20046,United Kingdom
INV503647,TH-SHIRT,Oxford Shirt,3,2025-05-16 20:00,54.37,20405,United Kingdom
INV503826,TH-JEAN,Slim Fit Jeans,2,2025-07-30 12:00,57.97,20430,United Kingdom
INV500353,TH-TSHIRT,Cotton Crew T-Shirt,1,2026-04-23 20:00,10.52,20041,United Kingdom
INV504425,TH-JEAN,Slim Fit Jeans,3,2025-05-18 11:00,89.25,20496,United Kingdom
INV501070,TH-SHIRT,Oxford Shirt,3,2025-05-17 18:00,51.87,20115,United Kingdom
INV504431,TH-TSHIRT,Cotton Crew T-Shirt,1,2025-11-07 14:00,22.85,20496,United Kingdom
INV503021,TH-SHOE,Canvas Sneakers,3,2026-02-02 10:00,70.27,20335,United Kingdom
INV503374,TH-HOOD,Fleece Hoodie,2,2025-11-11 20:00,33.66,20373,United Kingdom
INV502577,TH-SHIRT,Oxford Shirt,1,2026-02-09 12:00,34.68,20284,United Kingdom
INV501119,TH-JEAN,Slim Fit Jeans,1,2026-04-04 16:00,58.28,20123,United Kingdom
INV504369,TH-HOOD,Fleece Hoodie,1,2025-09-27 09:00,49.77,20490,United Kingdom
INV504181,TH-HOOD,Fleece Hoodie,3,2026-03-15 17:00,66.94,20470,United Kingdom
INV504154,TH-CAP,Logo Cap,1,2026-03-09 09:00,13.5,20466,United Kingdom
INV505034,TH-TSHIRT,Cotton Crew T-Shirt,2,2026-02-08 10:00,12.71,20565,United Kingdom
INV503502,TH-CAP,Logo Cap,3,2025-07-08 20:00,22.85,20386,United Kingdom
INV506178,TH-JEAN,Slim Fit Jeans,1,2026-06-26 12:00,55.56,20690,United Kingdom
INV504918,TH-SHOE,Canvas Sneakers,2,2025-12-01 17:00,52.92,20550,United Kingdom
INV501510,TH-TSHIRT,Cotton Crew T-Shirt,2,2025-06-03 18:00,23.31,20167,United Kingdom
INV504188,TH-DRESS,Summer Dress,2,2025-09-23 19:00,49.57,20471,United Kingdom
INV503652,TH-HOOD,Fleece Hoodie,1,2025-08-02 19:00,57.18,20405,United Kingdom
INV504522,TH-SHOE,Canvas Sneakers,2,2026-04-29 10:00,79.08,20506,United Kingdom
INV500127,TH-CAP,Logo Cap,1,2025-07-15 13:00,24.56,20017,United Kingdom
INV503664,TH-SHIRT,Oxford Shirt,2,2026-02-23 14:00,64.45,20407,United Kingdom
INV505521,TH-TSHIRT,Cotton Crew T-Shirt,3,2025-09-22 15:00,23.29,20620,United Kingdom
INV500604,TH-JEAN,Slim Fit Jeans,1,2026-02-28 14:00,42.14,20068,United Kingdom
INV501108,TH-JEAN,Slim Fit Jeans,2,2026-06-04 19:00,34.78,20122,United Kingdom
INV501825,TH-HOOD,Fleece Hoodie,3,2025-10-15 13:00,65.92,20202,United Kingdom
INV506192,TH-HOOD,Fleece Hoodie,3,2025-09-05 12:00,56.07,20691,United Kingdom
INV503104,TH-CAP,Logo Cap,1,2025-06-20 15:00,10.88,20342,United Kingdom
INV505888,TH-DRESS,Summer Dress,2,2026-03-10 18:00,67.38,20662,United Kingdom
INV503207,TH-CAP,Logo Cap,3,2026-02-01 19:00,20.88,20354,United Kingdom
INV504655,TH-JEAN,Slim Fit Jeans,2,2025-12-09 20:00,75.66,20522,United Kingdom
INV501774,TH-SHOE,Canvas Sneakers,3,2025-11-23 13:00,86.87,20198,United Kingdom
INV500998,TH-JEAN,Slim Fit Jeans,1,2025-05-21 20:00,58.75,20110,United Kingdom
INV506129,TH-HOOD,Fleece Hoodie,1,2025-10-20 11:00,62.41,20685,United Kingdom
INV502707,TH-CAP,Logo Cap,2,2026-02-02 20:00,23.36,20298,United Kingdom
INV504852,TH-HOOD,Fleece Hoodie,2,2025-07-11 10:00,66.33,20543,United Kingdom
INV501792,TH-DRESS,Summer Dress,3,2026-03-27 11:00,75.2,20199,United Kingdom
INV505333,TH-SHIRT,Oxford Shirt,3,2026-05-21 19:00,45.94,20600,United Kingdom
INV500669,TH-SHIRT,Oxford Shirt,1,2025-05-22 13:00,27.45,20075,United Kingdom
INV501777,TH-TSHIRT,Cotton Crew T-Shirt,2,2025-05-22 18:00,29.28,20198,United Kingdom
INV500848,TH-TSHIRT,Cotton Crew T-Shirt,3,2026-05-11 14:00,25.8,20093,United Kingdom
INV503667,TH-JEAN,Slim Fit Jeans,3,2025-10-09 20:00,89.36,20407,United Kingdom
INV503315,TH-JEAN,Slim Fit Jeans,2,2026-05-17 08:00,79.16,20367,United Kingdom
INV504113,TH-JEAN,Slim Fit Jeans,2,2025-12-25 12:00,92.0,20462,United Kingdom
INV501337,TH-JEAN,Slim Fit Jeans,2,2025-07-16 17:00,70.65,20149,United Kingdom
INV505274,TH-SHIRT,Oxford Shirt,1,2025-12-24 16:00,30.07,20592,United Kingdom
INV504542,TH-DRESS,Summer Dress,2,2025-08-17 20:00,83.24,20509,United Kingdom
INV503268,TH-CAP,Logo Cap,2,2026-02-22 10:00,27.18,20361,United Kingdom
INV505857,TH-CAP,Logo Cap,2,2026-06-09 17:00,14.21,20659,United Kingdom
INV503505,TH-HOOD,Fleece Hoodie,3,2025-07-08 10:00,51.67,20386,United Kingdom
INV505778,TH-TSHIRT,Cotton Crew T-Shirt,3,2026-04-08 18:00,18.58,20650,United Kingdom
INV500590,TH-SHIRT,Oxford Shirt,1,2025-10-05 15:00,44.1,20066,United Kingdom
INV501607,TH-SHOE,Canvas Sneakers,2,2025-08-15 16:00,64.05,20177,United Kingdom
INV501397,TH-HOOD,Fleece Hoodie,2,2025-06-06 17:00,50.42,20156,United Kingdom
INV502629,TH-DRESS,Summer Dress,1,2025-09-28 13:00,100.4,20290,United Kingdom
INV502552,TH-SHOE,Canvas Sneakers,1,2025-06-24 20:00,56.8,20281,United Kingdom
INV501288,TH-CAP,Logo Cap,2,2026-05-29 19:00,24.97,20144,United Kingdom
INV500022,TH-JACK,Denim Jacket,1,2025-09-10 14:00,73.27,20004,United Kingdom
INV500501,TH-HOOD,Fleece Hoodie,1,2025-08-24 08:00,67.21,20058,United Kingdom
INV501091,TH-SHOE,Canvas Sneakers,2,2026-04-28 08:00,57.57,20119,United Kingdom
INV501218,TH-JEAN,Slim Fit Jeans,2,2025-09-05 10:00,76.12,20138,United Kingdom
INV504170,TH-DRESS,Summer Dress,1,2025-06-18 17:00,61.96,20469,United Kingdom
INV504379,TH-CAP,Logo Cap,1,2025-07-10 18:00,30.25,20491,United Kingdom
INV504368,TH-JEAN,Slim Fit Jeans,1,2025-05-15 08:00,57.22,20490,United Kingdom
INV502217,TH-DRESS,Summer Dress,2,2025-06-23 15:00,85.72,20245,United Kingdom
INV505559,TH-SHOE,Canvas Sneakers,3,2025-06-06 09:00,71.9,20626,United Kingdom
INV502531,TH-HOOD,Fleece Hoodie,3,2025-05-29 19:00,63.92,20279,United Kingdom
INV504273,TH-DRESS,Summer Dress,1,2025-11-25 19:00,74.22,20481,United Kingdom
INV503609,TH-JACK,Denim Jacket,1,2025-08-08 14:00,97.68,20399,United Kingdom
INV501219,TH-CAP,Logo Cap,1,2025-05-28 18:00,22.74,20138,United Kingdom
INV503911,TH-HOOD,Fleece Hoodie,1,2025-09-12 12:00,60.66,20440,United Kingdom
INV503102,TH-HOOD,Fleece Hoodie,2,2026-04-15 08:00,49.57,20341,United Kingdom
INV501026,TH-JACK,Denim Jacket,3,2026-01-14 11:00,131.1,20111,United Kingdom
INV500507,TH-CAP,Logo Cap,1,2025-08-31 20:00,24.69,20058,United Kingdom
INV502096,TH-HOOD,Fleece Hoodie,1,2025-06-02 09:00,39.62,20232,United Kingdom
INV506258,TH-TSHIRT,Cotton Crew T-Shirt,1,2026-06-05 08:00,20.51,20699,United Kingdom
INV504795,TH-SHOE,Canvas Sneakers,2,2026-04-25 12:00,77.3,20539,United Kingdom
INV503890,TH-JEAN,Slim Fit Jeans,1,2025-11-25 18:00,36.55,20437,United Kingdom
INV502173,TH-DRESS,Summer Dress,2,2025-09-01 15:00,60.27,20240,United Kingdom
INV505256,TH-SHIRT,Oxford Shirt,3,2025-06-25 16:00,49.14,20588,United Kingdom
INV504033,TH-CAP,Logo Cap,1,2026-07-02 16:00,22.67,20450,United Kingdom
INV500815,TH-JEAN,Slim Fit Jeans,2,2025-12-12 17:00,41.31,20091,United Kingdom
INV501451,TH-DRESS,Summer Dress,1,2026-04-07 13:00,56.67,20162,United Kingdom
INV503405,TH-JEAN,Slim Fit Jeans,2,2026-03-20 13:00,75.89,20377,United Kingdom
INV505792,TH-HOOD,Fleece Hoodie,2,2026-04-09 08:00,53.67,20652,United Kingdom
INV504591,TH-JEAN,Slim Fit Jeans,2,2026-04-10 10:00,42.78,20514,United Kingdom
INV503031,TH-SHIRT,Oxford Shirt,2,2025-12-30 11:00,52.35,20335,United Kingdom
INV504457,TH-TSHIRT,Cotton Crew T-Shirt,1,2026-01-30 14:00,16.2,20500,United Kingdom
INV504060,TH-CAP,Logo Cap,1,2025-05-26 11:00,21.76,20454,United Kingdom
INV503079,TH-HOOD,Fleece Hoodie,2,2026-04-15 12:00,64.1,20340,United Kingdom
INV505116,TH-TSHIRT,Cotton Crew T-Shirt,1,2025-07-13 19:00,16.88,20573,United Kingdom
INV500535,TH-JEAN,Slim Fit Jeans,1,2025-12-08 19:00,97.37,20061,United Kingdom
INV501882,TH-JACK,Denim Jacket,1,2025-07-12 17:00,83.78,20209,United Kingdom
INV504668,TH-TSHIRT,Cotton Crew T-Shirt,1,2025-07-02 17:00,18.38,20524,United Kingdom
INV503660,TH-SHOE,Canvas Sneakers,1,2026-04-09 18:00,50.96,20406,United Kingdom
INV501876,TH-SHOE,Canvas Sneakers,1,2025-05-24 11:00,60.77,20209,United Kingdom
INV501508,TH-JEAN,Slim Fit Jeans,1,2025-08-18 19:00,84.57,20167,United Kingdom
INV501779,TH-DRESS,Summer Dress,2,2026-03-14 12:00,101.66,20198,United Kingdom
INV503354,TH-JEAN,Slim Fit Jeans,2,2025-10-21 15:00,55.43,20370,United Kingdom
INV506133,TH-DRESS,Summer Dress,2,2025-11-16 15:00,58.76,20686,United Kingdom
INV504573,TH-SHOE,Canvas Sneakers,3,2025-06-14 12:00,78.28,20512,United Kingdom
INV505121,TH-JACK,Denim Jacket,1,2025-10-13 08:00,85.33,20573,United Kingdom
INV503820,TH-TSHIRT,Cotton Crew T-Shirt,1,2026-01-24 18:00,18.23,20429,United Kingdom
INV500435,TH-SHOE,Canvas Sneakers,1,2025-12-19 14:00,78.66,20051,United Kingdom
INV500856,TH-JEAN,Slim Fit Jeans,1,2026-05-13 13:00,71.17,20094,United Kingdom
INV501877,TH-CAP,Logo Cap,2,2025-07-27 16:00,20.92,20209,United Kingdom
INV504685,TH-SHIRT,Oxford Shirt,1,2025-11-11 16:00,33.86,20527,United Kingdom
INV506229,TH-JACK,Denim Jacket,1,2026-07-10 19:00,57.92,20695,United Kingdom
INV500535,TH-TSHIRT,Cotton Crew T-Shirt,1,2025-12-08 19:00,29.31,20061,United Kingdom
INV502037,TH-DRESS,Summer Dress,3,2025-08-31 20:00,84.51,20226,United Kingdom
INV506191,TH-JEAN,Slim Fit Jeans,1,2026-01-10 08:00,69.21,20691,United Kingdom
INV504546,TH-CAP,Logo Cap,3,2026-05-13 12:00,23.46,20509,United Kingdom
INV503134,TH-JACK,Denim Jacket,1,2025-05-26 10:00,50.1,20345,United Kingdom
INV503743,TH-TSHIRT,Cotton Crew T-Shirt,1,2025-11-29 12:00,21.76,20419,United Kingdom
INV503106,TH-JEAN,Slim Fit Jeans,1,2026-04-10 17:00,35.0,20342,United Kingdom
INV501264,TH-JEAN,Slim Fit Jeans,2,2025-07-01 09:00,77.62,20142,United Kingdom
INV504058,TH-JEAN,Slim Fit Jeans,2,2026-05-12 15:00,67.18,20454,United Kingdom
INV502308,TH-TSHIRT,Cotton Crew T-Shirt,1,2026-04-12 19:00,18.33,20254,United Kingdom
INV504351,TH-JEAN,Slim Fit Jeans,2,2026-02-11 20:00,87.78,20489,United Kingdom
INV504877,TH-DRESS,Summer Dress,2,2025-09-22 18:00,71.51,20545,United Kingdom
INV504933,TH-HOOD,Fleece Hoodie,2,2025-12-24 17:00,45.26,20552,United Kingdom
INV503544,TH-SHIRT,Oxford Shirt,1,2025-06-01 12:00,38.19,20392,United Kingdom
INV505919,TH-SHOE,Canvas Sneakers,3,2025-11-06 13:00,91.12,20666,United Kingdom
INV505718,TH-DRESS,Summer Dress,3,2025-05-12 18:00,85.24,20644,United Kingdom
INV502678,TH-SHOE,Canvas Sneakers,1,2025-10-20 17:00,84.5,20294,United Kingdom
INV500308,TH-TSHIRT,Cotton Crew T-Shirt,2,2026-02-26 13:00,25.7,20036,United Kingdom
INV501995,TH-SHIRT,Oxford Shirt,1,2025-07-29 11:00,34.3,20222,United Kingdom
INV503483,TH-SHOE,Canvas Sneakers,2,2026-02-09 17:00,62.54,20384,United Kingdom
INV500986,TH-SHIRT,Oxford Shirt,1,2026-07-14 17:00,35.06,20108,United Kingdom
INV504723,TH-HOOD,Fleece Hoodie,1,2026-01-31 08:00,66.15,20532,United Kingdom
INV505618,TH-SHIRT,Oxford Shirt,2,2026-07-04 17:00,52.82,20633,United Kingdom
INV501469,TH-JACK,Denim Jacket,2,2026-04-28 12:00,85.72,20164,United Kingdom
INV503546,TH-SHIRT,Oxford Shirt,2,2025-05-18 12:00,39.05,20392,United Kingdom
INV501053,TH-CAP,Logo Cap,3,2025-07-08 12:00,21.37,20114,United Kingdom
INV501808,TH-HOOD,Fleece Hoodie,2,2025-11-06 09:00,33.45,20201,United Kingdom
INV500052,TH-SHOE,Canvas Sneakers,3,2025-11-22 16:00,65.71,20006,United Kingdom
INV503486,TH-JEAN,Slim Fit Jeans,2,2025-12-03 18:00,68.04,20384,United Kingdom
INV501671,TH-TSHIRT,Cotton Crew T-Shirt,1,2025-10-24 14:00,25.71,20186,United Kingdom
INV500599,TH-JEAN,Slim Fit Jeans,2,2025-05-22 17:00,50.01,20067,United Kingdom
INV500437,TH-SHIRT,Oxford Shirt,2,2026-06-21 18:00,67.8,20051,United Kingdom
INV504063,TH-SHOE,Canvas Sneakers,2,2026-04-28 10:00,60.21,20454,United Kingdom
INV502938,TH-SHIRT,Oxford Shirt,1,2026-02-03 16:00,20.95,20327,United Kingdom
INV505874,TH-HOOD,Fleece Hoodie,3,2025-08-04 16:00,64.24,20660,United Kingdom
INV505908,TH-DRESS,Summer Dress,3,2025-08-24 15:00,89.45,20665,United Kingdom
INV504769,TH-HOOD,Fleece Hoodie,1,2025-06-05 14:00,74.73,20536,United Kingdom
INV503161,TH-HOOD,Fleece Hoodie,3,2026-05-08 12:00,62.02,20348,United Kingdom
INV506145,TH-HOOD,Fleece Hoodie,2,2025-12-19 20:00,33.61,20687,United Kingdom
INV506245,TH-JACK,Denim Jacket,1,2025-07-18 17:00,69.5,20697,United Kingdom
INV501571,TH-TSHIRT,Cotton Crew T-Shirt,2,2025-09-19 18:00,22.74,20173,United Kingdom
INV506104,TH-CAP,Logo Cap,1,2026-02-27 10:00,26.64,20683,United Kingdom
INV502645,TH-CAP,Logo Cap,2,2025-05-18 18:00,18.11,20292,United Kingdom
INV502019,TH-DRESS,Summer Dress,2,2025-08-21 11:00,68.69,20224,United Kingdom
INV503460,TH-SHIRT,Oxford Shirt,3,2026-05-15 15:00,63.02,20382,United Kingdom
INV503664,TH-HOOD,Fleece Hoodie,3,2026-02-23 14:00,65.19,20407,United Kingdom
INV504477,TH-SHOE,Canvas Sneakers,1,2025-09-04 10:00,40.02,20502,United Kingdom
INV505782,TH-JEAN,Slim Fit Jeans,2,2026-01-26 09:00,48.91,20651,United Kingdom
INV500776,TH-SHOE,Canvas Sneakers,2,2025-06-27 14:00,62.63,20085,United Kingdom
INV502515,TH-CAP,Logo Cap,1,2025-06-18 13:00,17.57,20278,United Kingdom
INV503020,TH-JACK,Denim Jacket,3,2025-08-15 08:00,126.46,20335,United Kingdom
INV505270,TH-CAP,Logo Cap,2,2025-05-13 17:00,12.7,20591,United Kingdom
INV500386,TH-DRESS,Summer Dress,1,2025-11-09 18:00,61.93,20046,United Kingdom
INV501277,TH-SHOE,Canvas Sneakers,1,2026-05-03 12:00,81.18,20143,United Kingdom
INV500462,TH-CAP,Logo Cap,1,2025-10-08 18:00,17.71,20053,United Kingdom
INV502152,TH-SHIRT,Oxford Shirt,2,2025-07-21 12:00,24.82,20237,United Kingdom
INV502559,TH-DRESS,Summer Dress,1,2025-10-03 14:00,55.78,20282,United Kingdom
INV504641,TH-JEAN,Slim Fit Jeans,2,2026-02-18 18:00,57.61,20521,United Kingdom
INV504938,TH-JEAN,Slim Fit Jeans,1,2025-12-24 10:00,52.32,20553,United Kingdom
INV502740,TH-HOOD,Fleece Hoodie,2,2025-10-24 08:00,57.57,20301,United Kingdom
INV504478,TH-TSHIRT,Cotton Crew T-Shirt,1,2025-12-23 16:00,14.19,20502,United Kingdom
INV506015,TH-SHOE,Canvas Sneakers,1,2026-01-07 20:00,72.44,20675,United Kingdom
INV505307,TH-DRESS,Summer Dress,2,2025-07-17 15:00,46.43,20597,United Kingdom
INV501338,TH-JACK,Denim Jacket,3,2025-07-11 11:00,94.01,20149,United Kingdom
INV500451,TH-DRESS,Summer Dress,1,2025-09-30 20:00,102.83,20052,United Kingdom
INV503370,TH-CAP,Logo Cap,2,2025-06-16 08:00,23.6,20372,United Kingdom
INV503072,TH-SHIRT,Oxford Shirt,1,2026-03-12 11:00,42.91,20338,United Kingdom
INV503757,TH-SHIRT,Oxford Shirt,1,2026-07-03 16:00,47.87,20420,United Kingdom
INV500945,TH-SHOE,Canvas Sneakers,1,2026-01-13 13:00,74.19,20104,United Kingdom
INV504124,TH-SHIRT,Oxford Shirt,1,2025-08-18 09:00,42.74,20463,United Kingdom
INV501848,TH-DRESS,Summer Dress,1,2025-12-18 18:00,50.4,20205,United Kingdom
INV505802,TH-TSHIRT,Cotton Crew T-Shirt,2,2026-02-09 16:00,9.81,20653,United Kingdom
INV501517,TH-SHOE,Canvas Sneakers,2,2026-01-19 08:00,35.55,20168,United Kingdom
INV500329,TH-HOOD,Fleece Hoodie,1,2025-11-08 10:00,31.87,20038,United Kingdom
INV505523,TH-SHIRT,Oxford Shirt,1,2025-09-14 19:00,39.46,20621,United Kingdom
INV504402,TH-TSHIRT,Cotton Crew T-Shirt,1,2025-09-23 15:00,14.46,20493,United Kingdom
INV502822,TH-DRESS,Summer Dress,2,2025-11-22 18:00,56.91,20311,United Kingdom
INV502967,TH-JACK,Denim Jacket,2,2026-02-04 14:00,83.68,20330,United Kingdom
INV504660,TH-SHIRT,Oxford Shirt,2,2026-07-04 18:00,41.05,20523,United Kingdom
INV506191,TH-CAP,Logo Cap,3,2026-01-10 08:00,19.77,20691,United Kingdom
INV506097,TH-JACK,Denim Jacket,3,2025-12-26 19:00,100.79,20683,United Kingdom
INV502159,TH-SHOE,Canvas Sneakers,2,2025-10-09 09:00,38.85,20238,United Kingdom
INV505128,TH-SHOE,Canvas Sneakers,3,2026-02-02 15:00,67.96,20574,United Kingdom
INV503298,TH-JACK,Denim Jacket,2,2026-07-10 13:00,88.36,20365,United Kingdom
INV505559,TH-SHIRT,Oxford Shirt,3,2025-06-06 09:00,46.53,20626,United Kingdom
INV502421,TH-TSHIRT,Cotton Crew T-Shirt,1,2025-08-22 16:00,13.56,20266,United Kingdom
INV503192,TH-JEAN,Slim Fit Jeans,2,2025-11-05 10:00,43.7,20352,United Kingdom
INV505011,TH-JEAN,Slim Fit Jeans,2,2025-06-05 20:00,47.3,20562,United Kingdom
INV501436,TH-JEAN,Slim Fit Jeans,3,2026-04-11 13:00,68.43,20160,United Kingdom
INV500624,TH-CAP,Logo Cap,2,2026-02-07 18:00,25.48,20070,United Kingdom
INV506169,TH-HOOD,Fleece Hoodie,2,2026-03-19 09:00,51.0,20689,United Kingdom
INV505754,TH-SHOE,Canvas Sneakers,2,2026-07-02 16:00,32.53,20648,United Kingdom
INV503117,TH-DRESS,Summer Dress,1,2026-02-03 14:00,81.83,20343,United Kingdom
INV505984,TH-SHIRT,Oxford Shirt,3,2025-10-14 08:00,54.55,20673,United Kingdom
INV501837,TH-JACK,Denim Jacket,2,2025-10-02 08:00,63.16,20204,United Kingdom
INV501816,TH-SHIRT,Oxford Shirt,1,2026-02-18 17:00,52.69,20202,United Kingdom
INV502467,TH-JEAN,Slim Fit Jeans,2,2025-05-11 18:00,56.69,20272,United Kingdom
INV503758,TH-DRESS,Summer Dress,3,2026-01-26 19:00,68.6,20420,United Kingdom
INV504592,TH-HOOD,Fleece Hoodie,2,2026-01-21 15:00,37.66,20514,United Kingdom
INV505920,TH-JACK,Denim Jacket,3,2025-09-30 14:00,132.76,20666,United Kingdom
INV504334,TH-SHIRT,Oxford Shirt,2,2025-06-08 16:00,24.82,20487,United Kingdom
INV504922,TH-TSHIRT,Cotton Crew T-Shirt,2,2026-06-09 12:00,12.71,20551,United Kingdom
INV501311,TH-DRESS,Summer Dress,2,2025-09-29 10:00,65.63,20147,United Kingdom
INV501171,TH-JEAN,Slim Fit Jeans,2,2025-11-10 10:00,41.74,20130,United Kingdom
INV503669,TH-JACK,Denim Jacket,2,2025-12-10 10:00,107.62,20407,United Kingdom
INV501880,TH-HOOD,Fleece Hoodie,2,2026-03-09 10:00,49.44,20209,United Kingdom
INV503999,TH-SHIRT,Oxford Shirt,2,2026-01-02 18:00,40.48,20447,United Kingdom
INV501836,TH-JACK,Denim Jacket,3,2025-08-31 14:00,96.81,20203,United Kingdom
INV500230,TH-TSHIRT,Cotton Crew T-Shirt,1,2025-07-09 18:00,23.0,20029,United Kingdom
INV503916,TH-SHIRT,Oxford Shirt,3,2025-10-28 12:00,53.11,20440,United Kingdom
INV503776,TH-HOOD,Fleece Hoodie,1,2026-04-28 11:00,35.65,20422,United Kingdom
INV503391,TH-CAP,Logo Cap,2,2026-07-04 09:00,24.74,20375,United Kingdom
INV502802,TH-HOOD,Fleece Hoodie,2,2026-03-02 16:00,48.68,20309,United Kingdom
INV504523,TH-JACK,Denim Jacket,2,2025-08-25 17:00,112.23,20506,United Kingdom
INV501066,TH-SHIRT,Oxford Shirt,3,2026-03-08 15:00,48.12,20115,United Kingdom
INV505536,TH-DRESS,Summer Dress,1,2025-10-20 08:00,36.96,20623,United Kingdom
INV503155,TH-DRESS,Summer Dress,1,2025-12-30 20:00,90.77,20348,United Kingdom
INV503164,TH-DRESS,Summer Dress,3,2025-11-07 13:00,93.66,20348,United Kingdom
INV501640,TH-TSHIRT,Cotton Crew T-Shirt,2,2025-07-16 15:00,17.49,20182,United Kingdom
INV504048,TH-CAP,Logo Cap,2,2026-03-15 09:00,20.93,20453,United Kingdom
INV505676,TH-TSHIRT,Cotton Crew T-Shirt,3,2025-10-31 09:00,24.29,20640,United Kingdom
INV502704,TH-CAP,Logo Cap,2,2026-01-29 20:00,23.33,20298,United Kingdom
INV501520,TH-JEAN,Slim Fit Jeans,2,2025-11-01 20:00,40.29,20169,United Kingdom
INV502025,TH-DRESS,Summer Dress,3,2026-02-23 11:00,72.47,20225,United Kingdom
INV500531,TH-DRESS,Summer Dress,3,2026-04-06 09:00,94.28,20061,United Kingdom
INV504594,TH-DRESS,Summer Dress,1,2026-02-16 15:00,47.69,20515,United Kingdom
INV502740,TH-HOOD,Fleece Hoodie,1,2025-10-24 08:00,64.67,20301,United Kingdom
INV502591,TH-TSHIRT,Cotton Crew T-Shirt,1,2026-02-21 17:00,18.9,20285,United Kingdom
INV505284,TH-CAP,Logo Cap,1,2025-07-11 09:00,17.63,20594,United Kingdom
INV502484,TH-JACK,Denim Jacket,1,2025-12-03 11:00,68.24,20273,United Kingdom
INV501185,TH-TSHIRT,Cotton Crew T-Shirt,3,2025-12-21 15:00,22.67,20131,United Kingdom
INV505935,TH-SHOE,Canvas Sneakers,1,2025-09-19 09:00,75.11,20668,United Kingdom
INV503821,TH-DRESS,Summer Dress,1,2025-09-30 18:00,68.48,20429,United Kingdom
INV503744,TH-TSHIRT,Cotton Crew T-Shirt,2,2025-10-07 15:00,25.83,20419,United Kingdom
INV503955,TH-CAP,Logo Cap,1,2025-11-20 20:00,33.21,20443,United Kingdom
INV502831,TH-HOOD,Fleece Hoodie,2,2026-01-11 17:00,46.07,20312,United Kingdom
INV504931,TH-TSHIRT,Cotton Crew T-Shirt,1,2025-12-24 20:00,18.93,20552,United Kingdom
INV504199,TH-SHOE,Canvas Sneakers,1,2025-11-23 12:00,59.65,20473,United Kingdom
INV502546,TH-SHIRT,Oxford Shirt,3,2025-07-28 10:00,41.38,20281,United Kingdom
INV503791,TH-CAP,Logo Cap,2,2025-06-21 10:00,18.87,20425,United Kingdom
INV503412,TH-CAP,Logo Cap,2,2025-10-31 16:00,25.48,20377,United Kingdom
INV504489,TH-SHOE,Canvas Sneakers,2,2026-02-13 13:00,59.05,20503,United Kingdom
INV503213,TH-JEAN,Slim Fit Jeans,2,2025-09-16 08:00,50.48,20355,United Kingdom
INV502219,TH-HOOD,Fleece Hoodie,2,2026-01-17 12:00,62.23,20245,United Kingdom
INV505729,TH-DRESS,Summer Dress,3,2025-12-17 20:00,79.86,20645,United Kingdom
INV503206,TH-SHOE,Canvas Sneakers,2,2025-12-21 12:00,67.22,20354,United Kingdom
INV500993,TH-DRESS,Summer Dress,1,2025-12-01 11:00,59.59,20108,United Kingdom
INV500397,TH-CAP,Logo Cap,2,2025-05-31 18:00,17.09,20047,United Kingdom
INV502597,TH-DRESS,Summer Dress,2,2025-11-22 15:00,45.49,20286,United Kingdom
INV501180,TH-JACK,Denim Jacket,2,2025-07-29 09:00,113.38,20131,United Kingdom
INV502524,TH-JEAN,Slim Fit Jeans,1,2026-03-08 11:00,61.23,20278,United Kingdom
INV500770,TH-HOOD,Fleece Hoodie,1,2026-05-03 20:00,60.77,20085,United Kingdom
INV500049,TH-SHOE,Canvas Sneakers,3,2026-07-12 14:00,65.33,20006,United Kingdom
INV505234,TH-TSHIRT,Cotton Crew T-Shirt,1,2026-01-16 16:00,15.82,20585,United Kingdom
INV500964,TH-SHIRT,Oxford Shirt,2,2025-07-24 12:00,42.11,20106,United Kingdom
INV504564,TH-SHIRT,Oxford Shirt,1,2025-11-03 09:00,52.76,20512,United Kingdom
INV500430,TH-JEAN,Slim Fit Jeans,1,2026-06-18 11:00,96.73,20051,United Kingdom
INV505240,TH-JACK,Denim Jacket,1,2025-09-30 17:00,91.98,20587,United Kingdom
INV505240,TH-SHOE,Canvas Sneakers,2,2025-09-30 17:00,51.47,20587,United Kingdom
INV500375,TH-JACK,Denim Jacket,1,2025-08-09 08:00,52.94,20044,United Kingdom
INV504645,TH-JACK,Denim Jacket,1,2025-12-10 15:00,116.32,20522,United Kingdom
INV500290,TH-CAP,Logo Cap,2,2026-06-12 11:00,18.15,20035,United Kingdom
INV503962,TH-HOOD,Fleece Hoodie,2,2025-12-22 08:00,81.63,20443,United Kingdom
INV501975,TH-SHIRT,Oxford Shirt,1,2026-01-29 11:00,58.78,20219,United Kingdom
INV504749,TH-SHIRT,Oxford Shirt,1,2026-06-29 11:00,33.62,20534,United Kingdom
INV504722,TH-DRESS,Summer Dress,3,2026-01-08 09:00,85.2,20532,United Kingdom
INV504912,TH-JACK,Denim Jacket,2,2026-01-22 13:00,80.83,20550,United Kingdom
INV502778,TH-HOOD,Fleece Hoodie,1,2026-06-15 09:00,42.54,20307,United Kingdom
INV505785,TH-DRESS,Summer Dress,2,2025-10-25 20:00,50.61,20651,United Kingdom
INV504264,TH-JACK,Denim Jacket,2,2025-07-07 10:00,105.72,20480,United Kingdom
INV500787,TH-SHOE,Canvas Sneakers,1,2026-06-06 19:00,44.78,20087,United Kingdom
INV506017,TH-JACK,Denim Jacket,3,2025-10-06 19:00,110.0,20675,United Kingdom
INV502294,TH-JEAN,Slim Fit Jeans,1,2025-07-24 19:00,64.31,20253,United Kingdom
INV503250,TH-JEAN,Slim Fit Jeans,2,2026-01-22 17:00,64.33,20360,United Kingdom
INV500823,TH-JEAN,Slim Fit Jeans,3,2025-10-24 09:00,84.92,20092,United Kingdom
INV502693,TH-JACK,Denim Jacket,1,2025-07-24 20:00,76.12,20297,United Kingdom
INV505258,TH-SHOE,Canvas Sneakers,2,2026-03-17 12:00,34.78,20589,United Kingdom
INV504133,TH-SHIRT,Oxford Shirt,1,2026-06-27 20:00,52.64,20464,United Kingdom
INV505296,TH-TSHIRT,Cotton Crew T-Shirt,2,2025-10-11 13:00,16.45,20595,United Kingdom
INV501858,TH-CAP,Logo Cap,2,2026-07-05 17:00,20.94,20207,United Kingdom
INV501332,TH-JACK,Denim Jacket,2,2026-07-10 13:00,103.67,20149,United Kingdom
INV500286,TH-CAP,Logo Cap,2,2026-06-27 11:00,13.35,20034,United Kingdom
INV505294,TH-TSHIRT,Cotton Crew T-Shirt,1,2026-06-17 18:00,17.03,20595,United Kingdom
INV500088,TH-TSHIRT,Cotton Crew T-Shirt,2,2026-01-21 18:00,20.12,20011,United Kingdom
INV502989,TH-JEAN,Slim Fit Jeans,1,2026-01-13 15:00,69.66,20333,United Kingdom
INV505175,TH-TSHIRT,Cotton Crew T-Shirt,2,2026-04-28 18:00,18.53,20580,United Kingdom
INV501442,TH-JEAN,Slim Fit Jeans,2,2025-12-04 12:00,60.47,20161,United Kingdom
INV505619,TH-TSHIRT,Cotton Crew T-Shirt,1,2025-10-16 10:00,21.19,20633,United Kingdom
INV505765,TH-JEAN,Slim Fit Jeans,1,2026-06-03 18:00,64.4,20649,United Kingdom
INV502671,TH-CAP,Logo Cap,1,2026-06-22 13:00,29.17,20294,United Kingdom
INV501466,TH-SHOE,Canvas Sneakers,1,2026-06-01 08:00,58.04,20163,United Kingdom
INV505046,TH-TSHIRT,Cotton Crew T-Shirt,2,2025-06-29 09:00,20.5,20566,United Kingdom
INV501026,TH-JEAN,Slim Fit Jeans,1,2026-01-14 11:00,91.25,20111,United Kingdom
INV502701,TH-SHIRT,Oxford Shirt,3,2026-04-10 09:00,44.69,20298,United Kingdom
INV505493,TH-CAP,Logo Cap,2,2025-11-24 14:00,22.29,20617,United Kingdom
INV500689,TH-SHIRT,Oxford Shirt,2,2025-06-28 20:00,38.19,20077,United Kingdom
INV506121,TH-JACK,Denim Jacket,1,2026-03-11 14:00,115.52,20685,United Kingdom
INV503016,TH-JEAN,Slim Fit Jeans,1,2025-07-25 14:00,88.35,20335,United Kingdom
INV500460,TH-DRESS,Summer Dress,1,2025-10-24 11:00,65.01,20053,United Kingdom
INV503741,TH-HOOD,Fleece Hoodie,1,2025-06-14 09:00,32.92,20418,United Kingdom
INV505028,TH-JEAN,Slim Fit Jeans,1,2026-01-17 20:00,85.01,20564,United Kingdom
INV502344,TH-JEAN,Slim Fit Jeans,3,2026-07-05 10:00,63.33,20258,United Kingdom
INV505442,TH-CAP,Logo Cap,2,2025-12-19 09:00,26.37,20612,United Kingdom
INV502271,TH-SHOE,Canvas Sneakers,2,2026-05-26 09:00,75.62,20251,United Kingdom
INV501555,TH-SHIRT,Oxford Shirt,3,2025-09-15 15:00,65.51,20172,United Kingdom
INV501298,TH-SHIRT,Oxford Shirt,2,2026-06-15 17:00,52.84,20144,United Kingdom
INV501129,TH-DRESS,Summer Dress,1,2026-06-19 19:00,41.33,20125,United Kingdom
INV505091,TH-SHIRT,Oxford Shirt,3,2026-02-06 09:00,47.1,20570,United Kingdom
INV500892,TH-SHOE,Canvas Sneakers,3,2026-01-04 08:00,66.12,20099,United Kingdom
INV500450,TH-JEAN,Slim Fit Jeans,2,2025-09-21 13:00,92.39,20052,United Kingdom
INV503058,TH-HOOD,Fleece Hoodie,1,2026-04-20 10:00,58.93,20337,United Kingdom
INV500170,TH-DRESS,Summer Dress,1,2026-01-22 18:00,83.2,20021,United Kingdom
INV505684,TH-JACK,Denim Jacket,3,2025-06-13 13:00,94.02,20640,United Kingdom
INV503352,TH-SHOE,Canvas Sneakers,1,2025-05-19 20:00,45.37,20370,United Kingdom
INV500175,TH-HOOD,Fleece Hoodie,3,2026-05-25 15:00,69.21,20021,United Kingdom
INV505409,TH-TSHIRT,Cotton Crew T-Shirt,1,2025-11-05 11:00,21.1,20609,United Kingdom
INV500168,TH-SHOE,Canvas Sneakers,1,2025-07-02 11:00,78.77,20021,United Kingdom
INV504923,TH-TSHIRT,Cotton Crew T-Shirt,2,2026-06-05 11:00,13.46,20551,United Kingdom
INV503319,TH-SHOE,Canvas Sneakers,3,2026-05-19 10:00,70.1,20367,United Kingdom
INV504126,TH-JEAN,Slim Fit Jeans,2,2025-10-11 12:00,93.88,20464,United Kingdom
INV502127,TH-CAP,Logo Cap,1,2026-01-16 08:00,25.65,20234,United Kingdom
INV501895,TH-JACK,Denim Jacket,1,2025-10-09 20:00,78.15,20211,United Kingdom
INV503877,TH-HOOD,Fleece Hoodie,1,2025-10-12 11:00,80.32,20435,United Kingdom
INV505923,TH-SHIRT,Oxford Shirt,3,2026-01-30 19:00,59.37,20666,United Kingdom
INV504321,TH-DRESS,Summer Dress,2,2026-01-11 08:00,85.3,20486,United Kingdom
INV503000,TH-HOOD,Fleece Hoodie,2,2025-11-30 17:00,57.85,20334,United Kingdom
INV504057,TH-JEAN,Slim Fit Jeans,2,2025-06-13 15:00,66.34,20454,United Kingdom
INV501157,TH-CAP,Logo Cap,2,2025-08-13 17:00,26.09,20129,United Kingdom
INV501815,TH-TSHIRT,Cotton Crew T-Shirt,1,2025-11-03 18:00,25.33,20202,United Kingdom
INV503161,TH-TSHIRT,Cotton Crew T-Shirt,3,2026-05-08 12:00,24.41,20348,United Kingdom
INV506201,TH-CAP,Logo Cap,1,2026-03-21 12:00,21.02,20693,United Kingdom
INV503183,TH-JACK,Denim Jacket,2,2025-09-22 10:00,84.01,20351,United Kingdom
INV506089,TH-JEAN,Slim Fit Jeans,3,2026-04-27 11:00,94.38,20682,United Kingdom
INV506044,TH-HOOD,Fleece Hoodie,3,2026-01-07 20:00,62.65,20678,United Kingdom
INV502125,TH-CAP,Logo Cap,2,2025-09-15 19:00,25.34,20234,United Kingdom
INV503237,TH-JEAN,Slim Fit Jeans,1,2025-09-26 11:00,63.61,20358,United Kingdom
INV501711,TH-SHOE,Canvas Sneakers,1,2025-06-01 18:00,77.72,20192,United Kingdom
INV500158,TH-HOOD,Fleece Hoodie,3,2026-02-10 17:00,59.56,20020,United Kingdom
INV502584,TH-JACK,Denim Jacket,2,2025-07-04 08:00,90.33,20285,United Kingdom
INV504356,TH-TSHIRT,Cotton Crew T-Shirt,3,2026-06-30 11:00,28.45,20489,United Kingdom
INV501035,TH-SHOE,Canvas Sneakers,2,2026-07-10 11:00,67.13,20112,United Kingdom
INV500079,TH-TSHIRT,Cotton Crew T-Shirt,2,2025-12-08 14:00,18.42,20011,United Kingdom
INV502115,TH-CAP,Logo Cap,2,2026-05-13 17:00,28.53,20234,United Kingdom
INV502710,TH-JACK,Denim Jacket,2,2026-03-14 10:00,104.37,20298,United Kingdom
INV504870,TH-HOOD,Fleece Hoodie,1,2026-06-18 15:00,52.26,20545,United Kingdom
INV505878,TH-HOOD,Fleece Hoodie,1,2025-11-17 12:00,28.14,20661,United Kingdom
INV500821,TH-SHIRT,Oxford Shirt,3,2025-08-14 20:00,52.29,20092,United Kingdom
INV502163,TH-DRESS,Summer Dress,1,2026-03-12 09:00,47.54,20238,United Kingdom
INV506002,TH-SHIRT,Oxford Shirt,1,2026-03-29 17:00,34.34,20674,United Kingdom
INV502271,TH-CAP,Logo Cap,2,2026-05-26 09:00,25.47,20251,United Kingdom
INV500507,TH-CAP,Logo Cap,1,2025-08-31 20:00,26.54,20058,United Kingdom
INV504130,TH-JEAN,Slim Fit Jeans,1,2026-07-13 08:00,83.89,20464,United Kingdom
INV505792,TH-SHOE,Canvas Sneakers,3,2026-04-09 08:00,63.54,20652,United Kingdom
INV503387,TH-DRESS,Summer Dress,3,2026-01-30 18:00,79.53,20375,United Kingdom
INV505683,TH-SHOE,Canvas Sneakers,2,2025-11-08 20:00,64.82,20640,United Kingdom
INV500246,TH-SHIRT,Oxford Shirt,1,2026-01-04 15:00,40.15,20030,United Kingdom
INV501211,TH-SHOE,Canvas Sneakers,1,2025-06-10 14:00,42.37,20136,United Kingdom
INV505268,TH-SHIRT,Oxford Shirt,2,2026-06-29 13:00,21.18,20590,United Kingdom
INV506027,TH-TSHIRT,Cotton Crew T-Shirt,2,2026-02-06 16:00,15.54,20676,United Kingdom
INV501282,TH-JEAN,Slim Fit Jeans,1,2026-01-16 16:00,81.58,20143,United Kingdom
INV500711,TH-SHIRT,Oxford Shirt,2,2026-01-25 19:00,40.4,20079,United Kingdom
INV501086,TH-DRESS,Summer Dress,1,2026-05-01 09:00,66.88,20119,United Kingdom
INV501117,TH-JEAN,Slim Fit Jeans,2,2025-10-05 13:00,52.15,20123,United Kingdom
INV502839,TH-TSHIRT,Cotton Crew T-Shirt,2,2026-05-09 17:00,21.65,20313,United Kingdom
INV501866,TH-DRESS,Summer Dress,3,2025-07-09 10:00,87.93,20207,United Kingdom
INV505084,TH-CAP,Logo Cap,3,2025-05-15 09:00,22.17,20570,United Kingdom
INV500603,TH-JEAN,Slim Fit Jeans,2,2025-06-22 15:00,45.47,20068,United Kingdom
INV503474,TH-CAP,Logo Cap,1,2026-05-14 12:00,17.22,20383,United Kingdom
INV502635,TH-TSHIRT,Cotton Crew T-Shirt,1,2026-05-12 16:00,27.99,20290,United Kingdom
INV500697,TH-HOOD,Fleece Hoodie,3,2026-06-02 14:00,62.5,20078,United Kingdom
INV501793,TH-JACK,Denim Jacket,3,2026-01-26 15:00,104.25,20199,United Kingdom
INV500914,TH-JACK,Denim Jacket,3,2025-09-22 19:00,111.45,20101,United Kingdom
INV503040,TH-TSHIRT,Cotton Crew T-Shirt,2,2025-05-17 10:00,20.61,20336,United Kingdom
INV501070,TH-HOOD,Fleece Hoodie,2,2025-05-17 18:00,61.35,20115,United Kingdom
INV501951,TH-SHIRT,Oxford Shirt,2,2025-06-10 09:00,52.06,20218,United Kingdom
INV502299,TH-TSHIRT,Cotton Crew T-Shirt,2,2026-07-11 10:00,19.7,20253,United Kingdom
INV500043,TH-HOOD,Fleece Hoodie,2,2025-09-25 08:00,53.93,20006,United Kingdom
INV502006,TH-TSHIRT,Cotton Crew T-Shirt,3,2025-08-05 14:00,22.89,20223,United Kingdom
INV501539,TH-JACK,Denim Jacket,1,2026-06-11 16:00,133.28,20172,United Kingdom
INV501237,TH-DRESS,Summer Dress,1,2026-07-12 10:00,60.96,20139,United Kingdom
INV504360,TH-SHIRT,Oxford Shirt,1,2026-02-11 09:00,62.53,20489,United Kingdom
INV503668,TH-SHOE,Canvas Sneakers,3,2026-03-29 10:00,79.18,20407,United Kingdom
INV502913,TH-TSHIRT,Cotton Crew T-Shirt,2,2026-04-03 09:00,13.61,20323,United Kingdom
INV504161,TH-SHIRT,Oxford Shirt,1,2026-07-07 09:00,42.11,20468,United Kingdom
INV504057,TH-TSHIRT,Cotton Crew T-Shirt,2,2025-06-13 15:00,18.84,20454,United Kingdom
INV504016,TH-DRESS,Summer Dress,1,2026-04-05 14:00,110.27,20448,United Kingdom
INV501203,TH-CAP,Logo Cap,2,2026-03-16 16:00,11.16,20134,United Kingdom
INV505143,TH-TSHIRT,Cotton Crew T-Shirt,2,2026-05-24 11:00,20.94,20576,United Kingdom
INV504245,TH-TSHIRT,Cotton Crew T-Shirt,1,2026-04-27 16:00,18.89,20478,United Kingdom
INV503790,TH-DRESS,Summer Dress,2,2026-04-26 10:00,68.5,20425,United Kingdom
INV500376,TH-TSHIRT,Cotton Crew T-Shirt,2,2026-02-19 13:00,12.12,20044,United Kingdom
INV502895,TH-JACK,Denim Jacket,2,2025-12-18 10:00,66.12,20320,United Kingdom
INV501488,TH-CAP,Logo Cap,1,2026-01-16 08:00,25.86,20166,United Kingdom
INV506080,TH-JACK,Denim Jacket,1,2025-09-22 20:00,128.46,20682,United Kingdom
INV500576,TH-JEAN,Slim Fit Jeans,1,2025-05-13 20:00,60.34,20065,United Kingdom
INV504966,TH-SHIRT,Oxford Shirt,1,2025-07-06 08:00,35.62,20556,United Kingdom
INV503062,TH-CAP,Logo Cap,3,2026-03-11 10:00,22.86,20338,United Kingdom
INV504639,TH-DRESS,Summer Dress,2,2026-01-09 12:00,70.61,20521,United Kingdom
INV501286,TH-SHIRT,Oxford Shirt,3,2025-05-16 16:00,59.97,20143,United Kingdom
INV505400,TH-SHIRT,Oxford Shirt,2,2025-11-10 15:00,35.65,20608,United Kingdom
INV505334,TH-HOOD,Fleece Hoodie,3,2026-04-12 09:00,51.28,20600,United Kingdom
INV505111,TH-HOOD,Fleece Hoodie,2,2026-06-14 08:00,45.85,20573,United Kingdom
INV501254,TH-TSHIRT,Cotton Crew T-Shirt,1,2026-07-11 09:00,24.77,20141,United Kingdom
INV501572,TH-JACK,Denim Jacket,2,2026-05-07 08:00,62.47,20174,United Kingdom
INV500654,TH-JEAN,Slim Fit Jeans,2,2025-12-21 12:00,69.21,20073,United Kingdom
INV501056,TH-SHIRT,Oxford Shirt,1,2026-03-16 15:00,48.92,20114,United Kingdom
INV504728,TH-JACK,Denim Jacket,1,2025-10-16 16:00,116.9,20532,United Kingdom
INV500659,TH-JACK,Denim Jacket,1,2026-04-21 17:00,100.8,20073,United Kingdom
INV505925,TH-JEAN,Slim Fit Jeans,2,2026-01-15 16:00,100.2,20666,United Kingdom
INV500553,TH-TSHIRT,Cotton Crew T-Shirt,2,2025-06-28 19:00,15.86,20062,United Kingdom
INV502948,TH-SHOE,Canvas Sneakers,3,2026-01-03 10:00,67.86,20328,United Kingdom
INV502987,TH-HOOD,Fleece Hoodie,1,2026-07-01 20:00,59.44,20333,United Kingdom
INV500346,TH-SHOE,Canvas Sneakers,3,2025-12-25 14:00,61.93,20040,United Kingdom
INV500243,TH-JEAN,Slim Fit Jeans,1,2025-05-24 16:00,55.42,20030,United Kingdom
INV502932,TH-DRESS,Summer Dress,1,2026-02-09 13:00,59.26,20326,United Kingdom
INV505265,TH-TSHIRT,Cotton Crew T-Shirt,1,2025-11-17 12:00,10.49,20590,United Kingdom
INV503070,TH-HOOD,Fleece Hoodie,3,2026-02-18 11:00,58.46,20338,United Kingdom
INV504104,TH-SHIRT,Oxford Shirt,2,2025-10-28 17:00,36.23,20461,United Kingdom
INV501762,TH-SHIRT,Oxford Shirt,3,2025-05-12 18:00,66.4,20196,United Kingdom
INV502635,TH-CAP,Logo Cap,3,2026-05-12 16:00,25.12,20290,United Kingdom
INV501757,TH-SHOE,Canvas Sneakers,3,2026-06-24 17:00,75.21,20196,United Kingdom
INV500812,TH-SHIRT,Oxford Shirt,2,2026-04-12 19:00,36.72,20090,United Kingdom
INV505061,TH-CAP,Logo Cap,2,2025-09-14 09:00,27.87,20568,United Kingdom
INV505361,TH-HOOD,Fleece Hoodie,3,2025-08-06 12:00,56.18,20603,United Kingdom
INV503253,TH-SHIRT,Oxford Shirt,2,2025-08-14 11:00,42.15,20360,United Kingdom
INV502009,TH-HOOD,Fleece Hoodie,3,2026-01-12 08:00,60.38,20223,United Kingdom
INV502278,TH-SHOE,Canvas Sneakers,1,2026-01-22 20:00,76.8,20251,United Kingdom
INV502574,TH-JACK,Denim Jacket,2,2025-10-14 10:00,70.66,20284,United Kingdom
INV502949,TH-JEAN,Slim Fit Jeans,2,2026-04-09 08:00,69.73,20328,United Kingdom
INV505123,TH-HOOD,Fleece Hoodie,3,2026-04-19 12:00,59.07,20574,United Kingdom
INV505439,TH-SHIRT,Oxford Shirt,3,2025-07-07 14:00,47.45,20612,United Kingdom
INV501376,TH-JACK,Denim Jacket,1,2025-11-22 15:00,64.84,20153,United Kingdom
INV501664,TH-SHOE,Canvas Sneakers,1,2026-07-09 12:00,40.46,20185,United Kingdom
INV502111,TH-TSHIRT,Cotton Crew T-Shirt,3,2026-05-07 20:00,25.5,20234,United Kingdom
INV502787,TH-CAP,Logo Cap,1,2026-05-27 11:00,9.99,20308,United Kingdom
INV501846,TH-JACK,Denim Jacket,1,2025-07-24 19:00,58.07,20204,United Kingdom
INV503020,TH-SHOE,Canvas Sneakers,3,2025-08-15 08:00,79.11,20335,United Kingdom
INV501179,TH-CAP,Logo Cap,1,2026-01-06 16:00,23.32,20131,United Kingdom
INV501649,TH-DRESS,Summer Dress,2,2025-08-11 12:00,52.78,20183,United Kingdom
INV504519,TH-SHOE,Canvas Sneakers,1,2025-05-13 16:00,70.1,20506,United Kingdom
INV501946,TH-JEAN,Slim Fit Jeans,2,2026-05-05 18:00,53.3,20217,United Kingdom
INV501794,TH-DRESS,Summer Dress,2,2025-06-18 20:00,75.87,20199,United Kingdom
INV500313,TH-HOOD,Fleece Hoodie,1,2026-03-28 19:00,64.48,20036,United Kingdom
INV503728,TH-SHIRT,Oxford Shirt,2,2025-12-21 10:00,39.55,20415,United Kingdom
INV504897,TH-HOOD,Fleece Hoodie,2,2026-05-28 20:00,53.96,20548,United Kingdom
INV500932,TH-CAP,Logo Cap,2,2026-01-21 11:00,21.47,20102,United Kingdom
INV506078,TH-HOOD,Fleece Hoodie,3,2025-09-15 15:00,73.29,20682,United Kingdom
INV505158,TH-SHOE,Canvas Sneakers,2,2026-06-22 08:00,63.69,20578,United Kingdom
INV500285,TH-DRESS,Summer Dress,2,2025-09-26 16:00,52.87,20034,United Kingdom
INV501979,TH-SHOE,Canvas Sneakers,2,2025-10-29 16:00,63.16,20220,United Kingdom
INV500017,TH-CAP,Logo Cap,2,2025-06-16 11:00,13.78,20003,United Kingdom
INV505877,TH-SHIRT,Oxford Shirt,2,2025-09-21 13:00,25.33,20661,United Kingdom
INV505917,TH-TSHIRT,Cotton Crew T-Shirt,3,2026-02-04 16:00,27.75,20666,United Kingdom
INV504999,TH-SHIRT,Oxford Shirt,2,2026-01-02 15:00,51.31,20561,United Kingdom
INV502361,TH-TSHIRT,Cotton Crew T-Shirt,1,2025-08-27 08:00,15.03,20259,United Kingdom
INV503045,TH-HOOD,Fleece Hoodie,1,2025-09-26 13:00,63.82,20337,United Kingdom
INV501587,TH-TSHIRT,Cotton Crew T-Shirt,2,2025-12-17 19:00,16.43,20176,United Kingdom
INV502774,TH-JACK,Denim Jacket,2,2025-11-27 20:00,85.61,20306,United Kingdom
INV505705,TH-JEAN,Slim Fit Jeans,3,2025-07-29 20:00,78.31,20643,United Kingdom
INV504810,TH-TSHIRT,Cotton Crew T-Shirt,2,2026-03-01 20:00,25.97,20539,United Kingdom
INV501749,TH-CAP,Logo Cap,2,2026-06-23 11:00,18.4,20195,United Kingdom
INV501959,TH-JACK,Denim Jacket,3,2025-11-12 17:00,104.63,20218,United Kingdom
INV505900,TH-HOOD,Fleece Hoodie,2,2025-05-21 15:00,33.91,20664,United Kingdom
INV501945,TH-SHOE,Canvas Sneakers,2,2025-12-09 10:00,51.23,20217,United Kingdom
INV501330,TH-JEAN,Slim Fit Jeans,3,2025-05-16 13:00,79.88,20148,United Kingdom
INV501182,TH-CAP,Logo Cap,3,2026-02-24 19:00,25.86,20131,United Kingdom
INV502481,TH-SHIRT,Oxford Shirt,1,2025-12-21 19:00,36.6,20273,United Kingdom
INV500841,TH-CAP,Logo Cap,1,2026-05-09 16:00,27.03,20093,United Kingdom
INV500172,TH-JEAN,Slim Fit Jeans,2,2025-12-11 11:00,86.09,20021,United Kingdom
INV505741,TH-DRESS,Summer Dress,2,2026-04-08 08:00,86.06,20647,United Kingdom
INV502510,TH-SHIRT,Oxford Shirt,1,2026-06-18 18:00,43.37,20277,United Kingdom
INV503673,TH-JACK,Denim Jacket,1,2026-01-06 19:00,113.76,20407,United Kingdom
INV504059,TH-JACK,Denim Jacket,2,2025-11-24 11:00,89.83,20454,United Kingdom
INV501784,TH-JEAN,Slim Fit Jeans,2,2025-12-28 11:00,90.49,20198,United Kingdom
INV500531,TH-SHIRT,Oxford Shirt,2,2026-04-06 09:00,59.72,20061,United Kingdom
INV504127,TH-HOOD,Fleece Hoodie,1,2025-09-03 12:00,66.24,20464,United Kingdom
INV505865,TH-SHIRT,Oxford Shirt,2,2026-02-12 08:00,60.11,20660,United Kingdom
INV506201,TH-HOOD,Fleece Hoodie,2,2026-03-21 12:00,47.95,20693,United Kingdom
INV501184,TH-SHIRT,Oxford Shirt,3,2026-05-10 15:00,48.71,20131,United Kingdom
INV502850,TH-CAP,Logo Cap,2,2026-03-23 20:00,22.66,20314,United Kingdom
INV506180,TH-JACK,Denim Jacket,2,2025-07-23 14:00,81.21,20690,United Kingdom
INV504920,TH-HOOD,Fleece Hoodie,1,2025-08-31 17:00,45.95,20550,United Kingdom
INV500971,TH-JACK,Denim Jacket,1,2026-01-28 12:00,79.66,20106,United Kingdom
INV504968,TH-TSHIRT,Cotton Crew T-Shirt,2,2025-12-19 16:00,17.63,20556,United Kingdom
INV505822,TH-HOOD,Fleece Hoodie,2,2025-07-09 10:00,60.88,20656,United Kingdom
INV500757,TH-SHOE,Canvas Sneakers,2,2025-08-12 20:00,82.31,20083,United Kingdom
INV500816,TH-JACK,Denim Jacket,2,2025-12-12 09:00,57.37,20091,United Kingdom
INV505076,TH-TSHIRT,Cotton Crew T-Shirt,1,2025-08-13 13:00,15.95,20569,United Kingdom
INV503184,TH-TSHIRT,Cotton Crew T-Shirt,2,2025-09-11 17:00,20.79,20351,United Kingdom
INV500363,TH-SHIRT,Oxford Shirt,1,2025-05-18 09:00,33.02,20043,United Kingdom
INV502810,TH-SHIRT,Oxford Shirt,1,2025-09-01 11:00,58.09,20310,United Kingdom
INV500762,TH-JACK,Denim Jacket,1,2025-07-14 11:00,123.07,20083,United Kingdom
INV504762,TH-SHIRT,Oxford Shirt,3,2025-09-04 12:00,64.75,20536,United Kingdom
INV504614,TH-HOOD,Fleece Hoodie,1,2026-01-27 14:00,29.0,20518,United Kingdom
INV503950,TH-SHOE,Canvas Sneakers,1,2025-11-23 16:00,87.97,20443,United Kingdom
INV502338,TH-JEAN,Slim Fit Jeans,2,2025-06-05 08:00,61.82,20257,United Kingdom
INV503102,TH-HOOD,Fleece Hoodie,1,2026-04-15 08:00,56.75,20341,United Kingdom
INV500235,TH-SHOE,Canvas Sneakers,1,2025-08-02 08:00,74.39,20029,United Kingdom
INV505341,TH-JEAN,Slim Fit Jeans,1,2025-05-20 08:00,43.55,20601,United Kingdom
INV501813,TH-TSHIRT,Cotton Crew T-Shirt,3,2025-06-23 16:00,24.58,20202,United Kingdom
INV503971,TH-JACK,Denim Jacket,2,2026-01-17 16:00,91.96,20444,United Kingdom
INV500174,TH-CAP,Logo Cap,3,2026-01-09 16:00,24.8,20021,United Kingdom
INV501648,TH-JEAN,Slim Fit Jeans,1,2026-07-01 09:00,43.21,20183,United Kingdom
INV504767,TH-CAP,Logo Cap,3,2026-06-25 14:00,27.59,20536,United Kingdom
INV501440,TH-SHOE,Canvas Sneakers,2,2025-10-21 14:00,70.94,20160,United Kingdom
INV505006,TH-JACK,Denim Jacket,1,2026-07-13 08:00,99.87,20561,United Kingdom
INV500023,TH-CAP,Logo Cap,1,2026-04-30 17:00,16.09,20004,United Kingdom
INV503324,TH-CAP,Logo Cap,2,2026-03-13 08:00,23.38,20367,United Kingdom
INV501052,TH-JEAN,Slim Fit Jeans,2,2025-08-09 11:00,63.68,20113,United Kingdom
INV506146,TH-SHOE,Canvas Sneakers,2,2025-11-12 20:00,37.09,20687,United Kingdom
INV502702,TH-SHIRT,Oxford Shirt,1,2025-12-09 20:00,52.16,20298,United Kingdom
INV500546,TH-JEAN,Slim Fit Jeans,1,2025-10-19 09:00,53.92,20062,United Kingdom
INV504470,TH-JACK,Denim Jacket,2,2025-06-21 16:00,113.85,20501,United Kingdom
INV500641,TH-CAP,Logo Cap,1,2025-09-01 17:00,14.32,20071,United Kingdom
INV502043,TH-SHIRT,Oxford Shirt,3,2025-09-21 11:00,51.84,20226,United Kingdom
INV502691,TH-DRESS,Summer Dress,2,2025-11-18 14:00,35.36,20296,United Kingdom
INV505951,TH-HOOD,Fleece Hoodie,2,2025-10-17 15:00,48.72,20669,United Kingdom
INV502667,TH-DRESS,Summer Dress,3,2025-06-09 09:00,103.21,20294,United Kingdom
INV503038,TH-SHOE,Canvas Sneakers,3,2026-03-26 14:00,62.52,20336,United Kingdom
INV503549,TH-JEAN,Slim Fit Jeans,1,2026-06-30 14:00,56.76,20392,United Kingdom
INV502767,TH-JEAN,Slim Fit Jeans,1,2026-06-30 17:00,54.73,20305,United Kingdom
INV501911,TH-JEAN,Slim Fit Jeans,2,2026-02-11 11:00,54.07,20213,United Kingdom
INV501686,TH-SHIRT,Oxford Shirt,2,2025-09-18 09:00,28.17,20187,United Kingdom
INV505620,TH-JACK,Denim Jacket,2,2025-11-27 08:00,97.82,20633,United Kingdom
INV502566,TH-TSHIRT,Cotton Crew T-Shirt,2,2026-06-30 08:00,15.83,20283,United Kingdom
INV502403,TH-TSHIRT,Cotton Crew T-Shirt,1,2025-08-22 16:00,22.78,20263,United Kingdom
INV504732,TH-DRESS,Summer Dress,3,2026-04-01 15:00,96.63,20532,United Kingdom
INV502056,TH-JACK,Denim Jacket,1,2026-03-21 18:00,71.46,20228,United Kingdom
INV504522,TH-DRESS,Summer Dress,1,2026-04-29 10:00,92.78,20506,United Kingdom
INV504851,TH-JEAN,Slim Fit Jeans,3,2025-05-29 17:00,86.4,20543,United Kingdom
INV503752,TH-DRESS,Summer Dress,3,2026-05-17 17:00,68.53,20420,United Kingdom
INV500364,TH-SHOE,Canvas Sneakers,2,2025-05-21 12:00,52.28,20043,United Kingdom
INV502630,TH-DRESS,Summer Dress,3,2026-03-10 13:00,86.81,20290,United Kingdom
INV503047,TH-SHOE,Canvas Sneakers,1,2025-06-26 15:00,71.09,20337,United Kingdom
INV501599,TH-JACK,Denim Jacket,3,2025-10-21 09:00,102.64,20177,United Kingdom
INV503526,TH-TSHIRT,Cotton Crew T-Shirt,3,2026-05-25 19:00,20.72,20388,United Kingdom
INV505217,TH-DRESS,Summer Dress,2,2025-08-26 20:00,59.49,20584,United Kingdom
INV504441,TH-DRESS,Summer Dress,1,2026-01-06 18:00,78.63,20498,United Kingdom
INV503364,TH-TSHIRT,Cotton Crew T-Shirt,3,2026-02-08 09:00,22.05,20372,United Kingdom
INV505816,TH-SHIRT,Oxford Shirt,2,2026-04-24 15:00,30.83,20655,United Kingdom
INV502669,TH-CAP,Logo Cap,2,2026-04-04 19:00,30.42,20294,United Kingdom
INV504901,TH-TSHIRT,Cotton Crew T-Shirt,1,2025-09-14 11:00,19.34,20548,United Kingdom
INV503608,TH-DRESS,Summer Dress,3,2026-05-02 08:00,77.36,20399,United Kingdom
INV503921,TH-JEAN,Slim Fit Jeans,1,2025-12-07 12:00,71.47,20440,United Kingdom
INV505025,TH-SHOE,Canvas Sneakers,3,2025-09-24 20:00,77.39,20564,United Kingdom
INV504753,TH-TSHIRT,Cotton Crew T-Shirt,2,2025-06-23 11:00,8.66,20535,United Kingdom
INV501938,TH-JEAN,Slim Fit Jeans,2,2026-06-19 09:00,50.03,20215,United Kingdom
INV500211,TH-SHOE,Canvas Sneakers,1,2025-07-30 17:00,43.47,20026,United Kingdom
INV502112,TH-DRESS,Summer Dress,2,2025-09-16 18:00,102.76,20234,United Kingdom
INV505332,TH-SHOE,Canvas Sneakers,2,2025-12-13 10:00,59.66,20600,United Kingdom
INV503203,TH-JACK,Denim Jacket,3,2025-10-23 14:00,108.29,20353,United Kingdom
INV503627,TH-JEAN,Slim Fit Jeans,2,2026-03-18 13:00,59.43,20402,United Kingdom
INV504309,TH-SHIRT,Oxford Shirt,2,2026-01-19 16:00,50.88,20485,United Kingdom
INV504250,TH-JEAN,Slim Fit Jeans,3,2026-03-23 10:00,76.34,20479,United Kingdom
INV500814,TH-TSHIRT,Cotton Crew T-Shirt,2,2025-07-04 09:00,12.57,20091,United Kingdom
INV502559,TH-CAP,Logo Cap,2,2025-10-03 14:00,18.25,20282,United Kingdom
INV502225,TH-CAP,Logo Cap,2,2026-07-08 10:00,20.85,20246,United Kingdom
INV502809,TH-SHOE,Canvas Sneakers,2,2025-09-20 16:00,83.25,20310,United Kingdom
INV500507,TH-DRESS,Summer Dress,2,2025-08-31 20:00,97.03,20058,United Kingdom
INV504137,TH-CAP,Logo Cap,3,2026-02-07 09:00,28.22,20464,United Kingdom
INV505413,TH-HOOD,Fleece Hoodie,1,2026-05-18 12:00,68.93,20610,United Kingdom
INV502395,TH-SHIRT,Oxford Shirt,2,2025-07-07 10:00,56.48,20263,United Kingdom
INV505285,TH-HOOD,Fleece Hoodie,1,2025-05-26 17:00,47.85,20594,United Kingdom
INV504237,TH-JACK,Denim Jacket,2,2026-01-16 14:00,77.13,20477,United Kingdom
INV504727,TH-TSHIRT,Cotton Crew T-Shirt,3,2026-05-22 12:00,25.23,20532,United Kingdom
INV504611,TH-SHOE,Canvas Sneakers,1,2026-02-27 13:00,33.11,20518,United Kingdom
INV501229,TH-JACK,Denim Jacket,1,2025-11-20 09:00,82.19,20139,United Kingdom
INV506174,TH-JEAN,Slim Fit Jeans,2,2026-06-29 12:00,72.47,20689,United Kingdom
INV502085,TH-TSHIRT,Cotton Crew T-Shirt,2,2026-05-09 19:00,14.18,20231,United Kingdom
INV506021,TH-SHOE,Canvas Sneakers,2,2026-03-17 20:00,79.29,20675,United Kingdom
INV502263,TH-CAP,Logo Cap,1,2025-05-29 12:00,18.67,20250,United Kingdom
INV505917,TH-DRESS,Summer Dress,2,2026-02-04 16:00,99.59,20666,United Kingdom
INV504560,TH-DRESS,Summer Dress,2,2026-04-29 09:00,57.57,20511,United Kingdom
INV502066,TH-JACK,Denim Jacket,2,2025-07-27 10:00,80.93,20229,United Kingdom
INV501562,TH-SHOE,Canvas Sneakers,1,2025-08-16 18:00,72.74,20173,United Kingdom
INV504588,TH-SHIRT,Oxford Shirt,1,2025-10-13 18:00,30.59,20514,United Kingdom
INV503256,TH-TSHIRT,Cotton Crew T-Shirt,2,2025-06-24 10:00,17.43,20360,United Kingdom
INV500258,TH-JEAN,Slim Fit Jeans,1,2026-01-28 16:00,68.29,20031,United Kingdom
INV503445,TH-JEAN,Slim Fit Jeans,1,2026-04-08 13:00,67.29,20381,United Kingdom
INV501474,TH-SHOE,Canvas Sneakers,2,2025-05-21 14:00,49.34,20164,United Kingdom
INV500485,TH-SHOE,Canvas Sneakers,2,2025-06-23 16:00,62.89,20056,United Kingdom
INV501315,TH-JACK,Denim Jacket,1,2025-08-26 14:00,89.4,20147,United Kingdom
INV500416,TH-HOOD,Fleece Hoodie,1,2025-11-05 08:00,44.96,20050,United Kingdom
INV500796,TH-HOOD,Fleece Hoodie,1,2025-11-05 09:00,46.1,20088,United Kingdom
INV504455,TH-CAP,Logo Cap,1,2025-12-22 13:00,17.18,20500,United Kingdom
INV501299,TH-HOOD,Fleece Hoodie,1,2026-02-11 18:00,62.1,20144,United Kingdom
INV502973,TH-TSHIRT,Cotton Crew T-Shirt,1,2026-01-16 10:00,16.24,20331,United Kingdom
INV501723,TH-SHIRT,Oxford Shirt,3,2025-12-24 09:00,56.79,20192,United Kingdom
INV503159,TH-SHIRT,Oxford Shirt,1,2025-10-26 09:00,50.78,20348,United Kingdom
INV501293,TH-HOOD,Fleece Hoodie,3,2026-01-19 08:00,60.13,20144,United Kingdom
INV502240,TH-DRESS,Summer Dress,3,2025-07-09 13:00,81.07,20247,United Kingdom
INV501178,TH-TSHIRT,Cotton Crew T-Shirt,1,2025-12-21 16:00,24.72,20131,United Kingdom
INV502748,TH-CAP,Logo Cap,1,2026-02-23 14:00,17.74,20302,United Kingdom
INV506185,TH-TSHIRT,Cotton Crew T-Shirt,3,2026-07-09 18:00,20.96,20691,United Kingdom
INV505543,TH-CAP,Logo Cap,1,2026-04-21 10:00,23.51,20624,United Kingdom
INV504116,TH-JACK,Denim Jacket,1,2026-01-25 15:00,127.93,20462,United Kingdom
INV501299,TH-SHIRT,Oxford Shirt,2,2026-02-11 18:00,54.98,20144,United Kingdom
INV500668,TH-JEAN,Slim Fit Jeans,2,2026-02-07 18:00,44.69,20075,United Kingdom
INV504503,TH-JACK,Denim Jacket,3,2026-03-08 15:00,130.58,20504,United Kingdom
INV505219,TH-TSHIRT,Cotton Crew T-Shirt,2,2025-10-04 09:00,17.37,20584,United Kingdom
INV504928,TH-DRESS,Summer Dress,2,2026-05-20 09:00,63.67,20552,United Kingdom
INV500128,TH-SHIRT,Oxford Shirt,3,2025-06-22 19:00,54.08,20017,United Kingdom
INV503449,TH-JACK,Denim Jacket,2,2025-05-31 16:00,84.95,20381,United Kingdom
INV505058,TH-CAP,Logo Cap,3,2025-10-07 09:00,25.88,20568,United Kingdom
INV506023,TH-JEAN,Slim Fit Jeans,2,2025-05-11 10:00,88.33,20675,United Kingdom
INV501039,TH-JEAN,Slim Fit Jeans,1,2025-06-14 10:00,75.9,20112,United Kingdom
INV502357,TH-SHOE,Canvas Sneakers,1,2026-06-15 16:00,44.92,20259,United Kingdom
INV501244,TH-SHIRT,Oxford Shirt,2,2026-06-22 20:00,53.37,20141,United Kingdom
INV504097,TH-HOOD,Fleece Hoodie,1,2025-12-09 10:00,61.01,20459,United Kingdom
INV504618,TH-JEAN,Slim Fit Jeans,1,2026-05-14 09:00,39.26,20518,United Kingdom
INV505434,TH-HOOD,Fleece Hoodie,2,2025-09-27 14:00,35.17,20611,United Kingdom
INV501016,TH-JEAN,Slim Fit Jeans,2,2026-04-29 13:00,100.1,20111,United Kingdom
INV506257,TH-JACK,Denim Jacket,2,2025-11-25 17:00,102.18,20699,United Kingdom
INV504768,TH-JACK,Denim Jacket,3,2026-05-14 16:00,119.5,20536,United Kingdom
INV501956,TH-JACK,Denim Jacket,2,2025-11-19 12:00,96.02,20218,United Kingdom
INV501539,TH-TSHIRT,Cotton Crew T-Shirt,3,2026-06-11 16:00,25.16,20172,United Kingdom
INV501316,TH-SHIRT,Oxford Shirt,2,2025-07-12 15:00,38.68,20147,United Kingdom
INV500929,TH-CAP,Logo Cap,3,2025-06-09 13:00,23.03,20102,United Kingdom
INV500455,TH-CAP,Logo Cap,2,2026-06-19 19:00,34.71,20052,United Kingdom
INV505849,TH-TSHIRT,Cotton Crew T-Shirt,2,2026-02-21 20:00,24.98,20658,United Kingdom
INV501283,TH-JEAN,Slim Fit Jeans,3,2025-10-08 16:00,88.12,20143,United Kingdom
INV504228,TH-TSHIRT,Cotton Crew T-Shirt,1,2026-02-20 09:00,13.41,20476,United Kingdom
INV501804,TH-TSHIRT,Cotton Crew T-Shirt,2,2026-06-25 11:00,15.23,20201,United Kingdom
INV500280,TH-SHIRT,Oxford Shirt,1,2026-01-19 09:00,29.79,20034,United Kingdom
INV505949,TH-DRESS,Summer Dress,3,2026-06-19 19:00,84.2,20668,United Kingdom
INV502881,TH-JACK,Denim Jacket,3,2026-06-29 20:00,110.14,20318,United Kingdom
INV504544,TH-HOOD,Fleece Hoodie,2,2025-08-02 09:00,55.61,20509,United Kingdom
INV504679,TH-JACK,Denim Jacket,2,2025-08-29 16:00,50.3,20526,United Kingdom
INV500944,TH-JACK,Denim Jacket,1,2025-09-18 18:00,113.04,20104,United Kingdom
INV504504,TH-TSHIRT,Cotton Crew T-Shirt,3,2025-12-30 13:00,25.65,20504,United Kingdom
INV504384,TH-JEAN,Slim Fit Jeans,3,2025-08-28 09:00,98.46,20491,United Kingdom
INV505223,TH-SHOE,Canvas Sneakers,2,2025-12-04 16:00,51.87,20584,United Kingdom
INV504586,TH-SHIRT,Oxford Shirt,1,2026-05-12 15:00,34.92,20513,United Kingdom
INV504387,TH-TSHIRT,Cotton Crew T-Shirt,1,2025-08-15 15:00,29.26,20491,United Kingdom
INV504782,TH-SHOE,Canvas Sneakers,1,2025-06-25 16:00,79.84,20537,United Kingdom
INV501196,TH-HOOD,Fleece Hoodie,1,2026-01-24 20:00,42.58,20133,United Kingdom
INV500144,TH-HOOD,Fleece Hoodie,2,2025-07-03 08:00,50.59,20018,United Kingdom
INV503356,TH-SHOE,Canvas Sneakers,1,2026-05-04 09:00,37.22,20371,United Kingdom
INV502416,TH-SHIRT,Oxford Shirt,3,2025-09-26 18:00,48.59,20265,United Kingdom
INV504757,TH-TSHIRT,Cotton Crew T-Shirt,2,2025-09-12 15:00,28.2,20536,United Kingdom
INV501279,TH-SHIRT,Oxford Shirt,3,2025-06-01 10:00,55.15,20143,United Kingdom
INV506158,TH-DRESS,Summer Dress,2,2026-05-04 09:00,76.83,20688,United Kingdom
INV500149,TH-DRESS,Summer Dress,1,2026-03-29 19:00,55.74,20019,United Kingdom
INV503014,TH-JACK,Denim Jacket,3,2026-01-07 20:00,96.45,20334,United Kingdom
INV503961,TH-HOOD,Fleece Hoodie,3,2025-09-13 14:00,79.87,20443,United Kingdom
INV502931,TH-SHIRT,Oxford Shirt,1,2025-07-30 15:00,41.56,20326,United Kingdom
INV500611,TH-SHOE,Canvas Sneakers,2,2025-09-02 15:00,88.84,20069,United Kingdom
INV504194,TH-JACK,Denim Jacket,1,2026-02-07 09:00,73.62,20473,United Kingdom
INV501804,TH-DRESS,Summer Dress,2,2026-06-25 11:00,53.74,20201,United Kingdom
INV502493,TH-CAP,Logo Cap,2,2026-05-29 12:00,24.72,20274,United Kingdom
INV504512,TH-SHOE,Canvas Sneakers,1,2025-12-29 16:00,81.3,20506,United Kingdom
INV503382,TH-JEAN,Slim Fit Jeans,1,2026-01-11 18:00,75.21,20375,United Kingdom
INV503499,TH-JEAN,Slim Fit Jeans,3,2026-05-16 10:00,76.55,20385,United Kingdom
INV505998,TH-JACK,Denim Jacket,1,2026-07-02 17:00,104.66,20673,United Kingdom
INV500087,TH-JACK,Denim Jacket,2,2025-09-30 13:00,89.52,20011,United Kingdom
INV505920,TH-DRESS,Summer Dress,3,2025-09-30 14:00,108.43,20666,United Kingdom
INV505060,TH-SHOE,Canvas Sneakers,2,2026-05-02 11:00,79.91,20568,United Kingdom
INV501921,TH-CAP,Logo Cap,2,2025-07-11 10:00,18.61,20213,United Kingdom
INV505504,TH-CAP,Logo Cap,1,2026-03-07 09:00,10.91,20619,United Kingdom
INV500954,TH-SHOE,Canvas Sneakers,1,2026-05-03 13:00,81.54,20104,United Kingdom
INV505012,TH-SHIRT,Oxford Shirt,2,2025-11-06 12:00,33.6,20562,United Kingdom
INV501952,TH-DRESS,Summer Dress,2,2025-10-19 18:00,81.68,20218,United Kingdom
INV502946,TH-JACK,Denim Jacket,2,2026-03-29 15:00,97.0,20328,United Kingdom
INV500763,TH-HOOD,Fleece Hoodie,1,2025-12-29 16:00,68.68,20083,United Kingdom
INV504004,TH-TSHIRT,Cotton Crew T-Shirt,1,2025-05-29 12:00,29.1,20448,United Kingdom
INV503380,TH-TSHIRT,Cotton Crew T-Shirt,2,2026-02-20 08:00,10.27,20374,United Kingdom
INV504358,TH-HOOD,Fleece Hoodie,3,2025-06-14 11:00,70.35,20489,United Kingdom
INV502620,TH-JACK,Denim Jacket,1,2026-06-23 17:00,120.53,20289,United Kingdom
INV505851,TH-DRESS,Summer Dress,1,2025-09-05 16:00,86.66,20658,United Kingdom
INV502734,TH-DRESS,Summer Dress,1,2026-05-10 19:00,85.27,20301,United Kingdom
INV506127,TH-JACK,Denim Jacket,2,2025-09-10 13:00,113.49,20685,United Kingdom
INV502876,TH-CAP,Logo Cap,3,2025-06-21 09:00,22.92,20318,United Kingdom
INV505615,TH-SHOE,Canvas Sneakers,1,2026-07-07 13:00,71.2,20633,United Kingdom
INV505212,TH-HOOD,Fleece Hoodie,2,2025-05-11 11:00,54.64,20583,United Kingdom
INV502108,TH-HOOD,Fleece Hoodie,1,2025-05-27 13:00,53.97,20233,United Kingdom
INV500693,TH-HOOD,Fleece Hoodie,1,2025-10-15 10:00,61.25,20078,United Kingdom
INV500212,TH-DRESS,Summer Dress,2,2026-02-27 10:00,47.14,20026,United Kingdom
INV500738,TH-TSHIRT,Cotton Crew T-Shirt,2,2025-06-14 15:00,14.46,20082,United Kingdom
INV503887,TH-TSHIRT,Cotton Crew T-Shirt,2,2026-04-10 18:00,11.38,20436,United Kingdom
INV504386,TH-HOOD,Fleece Hoodie,1,2026-04-26 14:00,72.24,20491,United Kingdom
INV501060,TH-HOOD,Fleece Hoodie,1,2025-08-08 12:00,60.56,20114,United Kingdom
INV501793,TH-HOOD,Fleece Hoodie,2,2026-01-26 15:00,58.53,20199,United Kingdom
INV503731,TH-TSHIRT,Cotton Crew T-Shirt,1,2026-01-08 10:00,12.56,20416,United Kingdom
INV505948,TH-JACK,Denim Jacket,2,2025-06-23 09:00,116.45,20668,United Kingdom
INV505829,TH-CAP,Logo Cap,3,2025-10-06 10:00,25.86,20656,United Kingdom
INV502095,TH-HOOD,Fleece Hoodie,1,2026-05-19 18:00,39.17,20232,United Kingdom
INV501384,TH-JACK,Denim Jacket,2,2025-10-08 11:00,49.03,20154,United Kingdom
INV500600,TH-CAP,Logo Cap,2,2025-11-23 10:00,17.72,20067,United Kingdom
INV500850,TH-JEAN,Slim Fit Jeans,3,2025-07-13 16:00,66.22,20094,United Kingdom
INV504062,TH-SHIRT,Oxford Shirt,2,2025-05-23 17:00,47.07,20454,United Kingdom
INV502469,TH-JEAN,Slim Fit Jeans,1,2026-07-06 19:00,57.55,20272,United Kingdom
INV503139,TH-SHOE,Canvas Sneakers,1,2025-10-07 19:00,39.54,20345,United Kingdom
INV500016,TH-HOOD,Fleece Hoodie,2,2025-05-11 17:00,37.56,20003,United Kingdom
INV501500,TH-HOOD,Fleece Hoodie,1,2026-07-03 08:00,61.52,20167,United Kingdom
INV505624,TH-CAP,Logo Cap,2,2026-04-14 15:00,26.79,20633,United Kingdom
INV505414,TH-JACK,Denim Jacket,2,2025-06-01 18:00,116.04,20610,United Kingdom
INV500008,TH-JEAN,Slim Fit Jeans,2,2025-08-03 20:00,63.03,20002,United Kingdom
INV503492,TH-JEAN,Slim Fit Jeans,3,2025-11-10 12:00,72.14,20385,United Kingdom
INV500661,TH-JACK,Denim Jacket,2,2025-12-13 11:00,68.4,20074,United Kingdom
INV505236,TH-HOOD,Fleece Hoodie,1,2025-12-25 15:00,25.31,20586,United Kingdom
INV502917,TH-CAP,Logo Cap,2,2025-10-25 12:00,15.48,20324,United Kingdom
INV506072,TH-SHOE,Canvas Sneakers,1,2025-07-30 12:00,67.01,20681,United Kingdom
INV500062,TH-DRESS,Summer Dress,2,2025-09-06 19:00,84.51,20007,United Kingdom
INV501670,TH-JACK,Denim Jacket,1,2026-04-20 16:00,104.67,20186,United Kingdom
INV500363,TH-SHIRT,Oxford Shirt,2,2025-05-18 09:00,33.23,20043,United Kingdom
INV504482,TH-CAP,Logo Cap,2,2026-04-15 12:00,21.97,20503,United Kingdom
INV504813,TH-CAP,Logo Cap,1,2026-01-13 15:00,14.06,20540,United Kingdom
INV506012,TH-JEAN,Slim Fit Jeans,2,2025-12-03 15:00,93.59,20675,United Kingdom
INV501282,TH-HOOD,Fleece Hoodie,2,2026-01-16 16:00,71.24,20143,United Kingdom
INV506241,TH-CAP,Logo Cap,1,2025-06-15 16:00,16.87,20697,United Kingdom
INV501150,TH-SHOE,Canvas Sneakers,2,2026-04-04 09:00,48.79,20127,United Kingdom
INV502916,TH-JEAN,Slim Fit Jeans,2,2025-07-13 10:00,51.08,20324,United Kingdom
INV501751,TH-CAP,Logo Cap,3,2026-06-06 15:00,30.1,20196,United Kingdom
INV506065,TH-HOOD,Fleece Hoodie,3,2025-10-21 14:00,59.4,20681,United Kingdom
INV500887,TH-JACK,Denim Jacket,2,2025-07-15 16:00,60.7,20098,United Kingdom
INV502797,TH-DRESS,Summer Dress,3,2026-04-04 15:00,68.86,20309,United Kingdom
INV501344,TH-JACK,Denim Jacket,2,2026-02-17 14:00,116.88,20150,United Kingdom
INV500569,TH-HOOD,Fleece Hoodie,2,2026-05-21 12:00,54.83,20064,United Kingdom
INV501111,TH-CAP,Logo Cap,2,2026-06-21 17:00,18.41,20123,United Kingdom
INV500626,TH-SHIRT,Oxford Shirt,2,2026-03-01 09:00,54.57,20070,United Kingdom
INV506204,TH-JEAN,Slim Fit Jeans,1,2025-10-01 08:00,69.89,20693,United Kingdom
INV503344,TH-CAP,Logo Cap,1,2026-03-04 14:00,18.34,20369,United Kingdom
INV501718,TH-SHIRT,Oxford Shirt,1,2025-11-07 09:00,56.42,20192,United Kingdom
INV503941,TH-DRESS,Summer Dress,3,2026-01-13 10:00,87.22,20442,United Kingdom
INV505544,TH-CAP,Logo Cap,1,2025-07-15 18:00,21.92,20624,United Kingdom
INV504144,TH-JEAN,Slim Fit Jeans,1,2026-06-07 10:00,67.74,20465,United Kingdom
INV501003,TH-HOOD,Fleece Hoodie,1,2025-07-07 15:00,46.88,20110,United Kingdom
INV502334,TH-TSHIRT,Cotton Crew T-Shirt,2,2025-08-24 15:00,19.65,20257,United Kingdom
INV506145,TH-JACK,Denim Jacket,2,2025-12-19 20:00,62.38,20687,United Kingdom
INV502660,TH-SHOE,Canvas Sneakers,1,2026-03-19 14:00,46.61,20293,United Kingdom
INV501879,TH-SHOE,Canvas Sneakers,1,2026-01-27 14:00,60.69,20209,United Kingdom
INV501880,TH-JACK,Denim Jacket,2,2026-03-09 10:00,92.2,20209,United Kingdom
INV501967,TH-DRESS,Summer Dress,3,2025-09-20 13:00,90.65,20219,United Kingdom
INV501833,TH-DRESS,Summer Dress,2,2025-06-18 08:00,78.78,20203,United Kingdom
INV505076,TH-SHIRT,Oxford Shirt,2,2025-08-13 13:00,39.82,20569,United Kingdom
INV505095,TH-JEAN,Slim Fit Jeans,1,2025-10-18 17:00,36.52,20571,United Kingdom
INV504020,TH-TSHIRT,Cotton Crew T-Shirt,1,2026-01-25 15:00,27.69,20448,United Kingdom
INV501554,TH-CAP,Logo Cap,3,2026-03-24 18:00,31.06,20172,United Kingdom
INV504171,TH-JEAN,Slim Fit Jeans,2,2026-07-07 12:00,57.38,20469,United Kingdom
INV504178,TH-TSHIRT,Cotton Crew T-Shirt,1,2026-03-24 08:00,23.59,20470,United Kingdom
INV504292,TH-JEAN,Slim Fit Jeans,3,2025-12-05 15:00,74.44,20484,United Kingdom
INV501896,TH-CAP,Logo Cap,2,2025-11-21 14:00,19.48,20211,United Kingdom
INV501263,TH-CAP,Logo Cap,2,2025-12-15 18:00,24.44,20142,United Kingdom
INV503311,TH-TSHIRT,Cotton Crew T-Shirt,2,2026-02-18 14:00,19.89,20366,United Kingdom
INV501578,TH-HOOD,Fleece Hoodie,2,2025-08-18 16:00,35.08,20174,United Kingdom
INV503637,TH-SHIRT,Oxford Shirt,1,2025-05-31 17:00,24.0,20404,United Kingdom
INV503836,TH-HOOD,Fleece Hoodie,1,2025-06-26 14:00,55.33,20431,United Kingdom
INV506212,TH-DRESS,Summer Dress,2,2026-01-30 08:00,76.43,20693,United Kingdom
INV504273,TH-HOOD,Fleece Hoodie,2,2025-11-25 19:00,56.2,20481,United Kingdom
INV501960,TH-JEAN,Slim Fit Jeans,3,2025-06-13 16:00,76.11,20218,United Kingdom
INV504902,TH-SHOE,Canvas Sneakers,1,2026-05-13 16:00,68.21,20548,United Kingdom
INV505250,TH-DRESS,Summer Dress,1,2025-07-24 13:00,76.25,20588,United Kingdom
INV505834,TH-CAP,Logo Cap,1,2026-02-06 14:00,25.78,20656,United Kingdom
INV503550,TH-CAP,Logo Cap,1,2026-07-02 19:00,19.44,20392,United Kingdom
INV505845,TH-TSHIRT,Cotton Crew T-Shirt,1,2026-05-21 17:00,22.09,20658,United Kingdom
INV503067,TH-HOOD,Fleece Hoodie,1,2025-08-31 15:00,49.84,20338,United Kingdom
INV503424,TH-HOOD,Fleece Hoodie,2,2026-01-02 15:00,29.13,20379,United Kingdom
INV502473,TH-SHOE,Canvas Sneakers,1,2026-01-23 14:00,50.51,20272,United Kingdom
INV505462,TH-SHOE,Canvas Sneakers,2,2025-10-30 13:00,55.24,20615,United Kingdom
INV505539,TH-CAP,Logo Cap,2,2025-10-03 17:00,20.38,20624,United Kingdom
INV505859,TH-CAP,Logo Cap,1,2025-07-19 17:00,25.14,20660,United Kingdom
INV500439,TH-JEAN,Slim Fit Jeans,3,2025-10-29 09:00,109.59,20052,United Kingdom
INV501967,TH-HOOD,Fleece Hoodie,2,2025-09-20 13:00,58.56,20219,United Kingdom
INV501529,TH-SHIRT,Oxford Shirt,1,2026-01-06 13:00,32.2,20170,United Kingdom
INV500267,TH-TSHIRT,Cotton Crew T-Shirt,1,2026-03-18 11:00,13.23,20032,United Kingdom
INV504129,TH-CAP,Logo Cap,1,2026-04-04 09:00,24.9,20464,United Kingdom
INV503389,TH-DRESS,Summer Dress,3,2025-08-13 11:00,79.24,20375,United Kingdom
INV501914,TH-SHIRT,Oxford Shirt,1,2026-03-31 16:00,42.81,20213,United Kingdom
INV500646,TH-SHIRT,Oxford Shirt,2,2025-07-15 16:00,35.3,20072,United Kingdom
INV505241,TH-DRESS,Summer Dress,1,2025-12-02 20:00,64.02,20587,United Kingdom
INV506093,TH-CAP,Logo Cap,3,2026-01-29 18:00,23.39,20683,United Kingdom
INV502125,TH-JEAN,Slim Fit Jeans,2,2025-09-15 19:00,82.89,20234,United Kingdom
INV500435,TH-HOOD,Fleece Hoodie,1,2025-12-19 14:00,78.29,20051,United Kingdom
INV501120,TH-JACK,Denim Jacket,1,2026-05-26 11:00,46.94,20124,United Kingdom
INV503997,TH-DRESS,Summer Dress,2,2025-12-21 12:00,63.82,20447,United Kingdom
INV503907,TH-CAP,Logo Cap,1,2026-01-26 19:00,12.65,20439,United Kingdom
INV503255,TH-HOOD,Fleece Hoodie,1,2025-11-10 20:00,54.7,20360,United Kingdom
INV505840,TH-CAP,Logo Cap,1,2026-06-24 20:00,15.9,20657,United Kingdom
INV500611,TH-JACK,Denim Jacket,1,2025-09-02 15:00,133.12,20069,United Kingdom
INV504535,TH-JACK,Denim Jacket,1,2026-07-12 19:00,72.71,20508,United Kingdom
INV503271,TH-HOOD,Fleece Hoodie,3,2026-04-25 18:00,68.61,20361,United Kingdom
INV503787,TH-JACK,Denim Jacket,2,2025-12-28 13:00,90.21,20425,United Kingdom
INV500991,TH-DRESS,Summer Dress,1,2026-01-05 20:00,67.73,20108,United Kingdom
INV505270,TH-TSHIRT,Cotton Crew T-Shirt,1,2025-05-13 17:00,11.51,20591,United Kingdom
INV501411,TH-SHOE,Canvas Sneakers,1,2025-12-04 12:00,67.08,20157,United Kingdom
INV504444,TH-SHOE,Canvas Sneakers,3,2025-10-16 18:00,65.28,20498,United Kingdom
INV501887,TH-DRESS,Summer Dress,1,2025-10-13 16:00,39.04,20210,United Kingdom
INV503143,TH-CAP,Logo Cap,1,2025-09-16 17:00,19.24,20346,United Kingdom
INV501729,TH-JEAN,Slim Fit Jeans,1,2026-02-25 19:00,51.51,20193,United Kingdom
INV505425,TH-SHIRT,Oxford Shirt,2,2026-04-02 10:00,60.07,20610,United Kingdom
INV505100,TH-SHOE,Canvas Sneakers,2,2025-12-27 19:00,52.01,20572,United Kingdom
INV502517,TH-CAP,Logo Cap,2,2025-12-31 16:00,17.35,20278,United Kingdom
INV502319,TH-DRESS,Summer Dress,2,2026-01-13 12:00,70.07,20256,United Kingdom
INV501441,TH-JEAN,Slim Fit Jeans,2,2026-05-26 11:00,59.57,20161,United Kingdom
INV505911,TH-JACK,Denim Jacket,2,2025-12-10 11:00,110.87,20665,United Kingdom
INV503082,TH-TSHIRT,Cotton Crew T-Shirt,1,2025-07-24 14:00,22.98,20340,United Kingdom
INV504120,TH-JEAN,Slim Fit Jeans,2,2025-09-18 17:00,86.77,20462,United Kingdom
INV503396,TH-JEAN,Slim Fit Jeans,1,2026-04-19 19:00,36.36,20376,United Kingdom
INV503767,TH-CAP,Logo Cap,1,2025-11-05 17:00,22.97,20421,United Kingdom
INV501244,TH-HOOD,Fleece Hoodie,1,2026-06-22 20:00,65.33,20141,United Kingdom
INV502860,TH-SHIRT,Oxford Shirt,3,2025-09-23 12:00,50.62,20315,United Kingdom
INV504349,TH-JEAN,Slim Fit Jeans,1,2025-09-23 17:00,82.33,20489,United Kingdom
INV501649,TH-JEAN,Slim Fit Jeans,2,2025-08-11 12:00,41.36,20183,United Kingdom
INV502873,TH-HOOD,Fleece Hoodie,2,2026-01-16 10:00,28.81,20317,United Kingdom
INV503345,TH-SHOE,Canvas Sneakers,2,2026-03-23 11:00,53.87,20369,United Kingdom
INV505952,TH-CAP,Logo Cap,1,2025-10-15 08:00,21.71,20669,United Kingdom
INV505590,TH-SHIRT,Oxford Shirt,2,2025-12-01 12:00,27.21,20630,United Kingdom
INV505199,TH-JEAN,Slim Fit Jeans,2,2026-01-28 08:00,59.61,20582,United Kingdom
INV500037,TH-HOOD,Fleece Hoodie,2,2026-06-12 10:00,45.99,20005,United Kingdom
INV505978,TH-HOOD,Fleece Hoodie,2,2025-11-18 14:00,30.07,20672,United Kingdom
INV503591,TH-SHOE,Canvas Sneakers,1,2026-01-07 14:00,35.07,20397,United Kingdom
INV503060,TH-JACK,Denim Jacket,3,2026-01-28 19:00,116.38,20337,United Kingdom
INV500344,TH-DRESS,Summer Dress,3,2025-10-30 18:00,72.82,20040,United Kingdom
INV501498,TH-CAP,Logo Cap,2,2026-05-20 13:00,26.44,20166,United Kingdom
INV504192,TH-SHOE,Canvas Sneakers,1,2025-06-27 15:00,49.82,20473,United Kingdom
INV506064,TH-CAP,Logo Cap,1,2026-05-10 08:00,21.89,20681,United Kingdom
INV503424,TH-JEAN,Slim Fit Jeans,1,2026-01-02 15:00,41.1,20379,United Kingdom
INV502223,TH-HOOD,Fleece Hoodie,2,2026-03-19 13:00,50.31,20246,United Kingdom
INV503618,TH-TSHIRT,Cotton Crew T-Shirt,2,2025-08-08 10:00,11.84,20401,United Kingdom
INV501271,TH-SHIRT,Oxford Shirt,2,2026-03-24 10:00,59.12,20143,United Kingdom
INV502325,TH-JACK,Denim Jacket,2,2025-08-17 13:00,78.62,20256,United Kingdom
INV504807,TH-DRESS,Summer Dress,1,2026-04-11 17:00,104.28,20539,United Kingdom
INV505650,TH-DRESS,Summer Dress,2,2025-08-10 17:00,60.16,20637,United Kingdom
INV503487,TH-HOOD,Fleece Hoodie,2,2025-11-06 08:00,45.72,20384,United Kingdom
INV505547,TH-CAP,Logo Cap,1,2026-02-15 14:00,20.5,20624,United Kingdom
INV504234,TH-HOOD,Fleece Hoodie,2,2025-12-06 19:00,42.71,20477,United Kingdom
INV504819,TH-DRESS,Summer Dress,1,2025-09-09 12:00,75.34,20541,United Kingdom
INV503043,TH-HOOD,Fleece Hoodie,3,2026-05-20 10:00,68.07,20337,United Kingdom
INV504134,TH-CAP,Logo Cap,2,2026-05-29 17:00,28.7,20464,United Kingdom
INV505934,TH-TSHIRT,Cotton Crew T-Shirt,2,2025-11-01 14:00,22.3,20668,United Kingdom
INV502959,TH-CAP,Logo Cap,1,2025-10-25 09:00,17.21,20329,United Kingdom
INV503569,TH-CAP,Logo Cap,2,2025-11-20 13:00,27.95,20394,United Kingdom
INV502406,TH-SHIRT,Oxford Shirt,2,2025-09-26 14:00,18.93,20264,United Kingdom
INV503339,TH-HOOD,Fleece Hoodie,2,2025-12-19 17:00,48.57,20369,United Kingdom
INV505139,TH-SHOE,Canvas Sneakers,3,2025-10-25 09:00,67.06,20576,United Kingdom
INV503175,TH-SHIRT,Oxford Shirt,2,2026-01-15 13:00,47.38,20349,United Kingdom
INV502651,TH-DRESS,Summer Dress,1,2026-05-10 10:00,68.14,20292,United Kingdom
INV504293,TH-JACK,Denim Jacket,1,2026-02-19 08:00,114.34,20484,United Kingdom
INV502390,TH-HOOD,Fleece Hoodie,2,2025-06-22 20:00,36.85,20262,United Kingdom
INV504046,TH-DRESS,Summer Dress,2,2025-11-26 14:00,33.55,20452,United Kingdom
INV501058,TH-SHIRT,Oxford Shirt,3,2026-03-01 20:00,43.58,20114,United Kingdom
INV505560,TH-HOOD,Fleece Hoodie,2,2026-02-03 19:00,57.71,20626,United Kingdom
INV501933,TH-JACK,Denim Jacket,2,2025-07-02 16:00,99.43,20214,United Kingdom
INV504678,TH-CAP,Logo Cap,1,2025-09-01 11:00,12.26,20526,United Kingdom
INV503302,TH-SHOE,Canvas Sneakers,2,2025-11-18 17:00,59.21,20365,United Kingdom
INV504465,TH-JEAN,Slim Fit Jeans,1,2025-10-21 18:00,88.97,20501,United Kingdom
INV500954,TH-HOOD,Fleece Hoodie,2,2026-05-03 13:00,73.44,20104,United Kingdom
INV504868,TH-SHIRT,Oxford Shirt,1,2025-07-13 19:00,36.85,20544,United Kingdom
INV505254,TH-TSHIRT,Cotton Crew T-Shirt,2,2026-01-11 19:00,19.43,20588,United Kingdom
INV500111,TH-CAP,Logo Cap,1,2025-08-10 15:00,21.59,20014,United Kingdom
INV500236,TH-SHOE,Canvas Sneakers,1,2025-05-11 20:00,66.0,20029,United Kingdom
INV506084,TH-CAP,Logo Cap,3,2025-05-29 18:00,29.3,20682,United Kingdom
INV502425,TH-CAP,Logo Cap,1,2025-09-19 15:00,14.49,20266,United Kingdom
INV500999,TH-CAP,Logo Cap,2,2026-06-24 10:00,20.33,20110,United Kingdom
INV504266,TH-DRESS,Summer Dress,3,2025-06-17 08:00,87.72,20480,United Kingdom
INV501038,TH-HOOD,Fleece Hoodie,1,2025-05-31 16:00,57.16,20112,United Kingdom
INV502507,TH-CAP,Logo Cap,1,2025-12-18 12:00,18.82,20277,United Kingdom
INV504631,TH-CAP,Logo Cap,1,2026-03-17 10:00,20.05,20521,United Kingdom
INV505569,TH-JACK,Denim Jacket,1,2026-06-14 12:00,84.76,20627,United Kingdom
INV502587,TH-TSHIRT,Cotton Crew T-Shirt,2,2026-05-02 17:00,21.18,20285,United Kingdom
INV502560,TH-SHIRT,Oxford Shirt,2,2026-05-06 15:00,36.15,20282,United Kingdom
INV502941,TH-TSHIRT,Cotton Crew T-Shirt,3,2025-06-14 18:00,24.21,20328,United Kingdom
INV503817,TH-HOOD,Fleece Hoodie,1,2026-05-15 09:00,46.95,20429,United Kingdom
INV500822,TH-CAP,Logo Cap,1,2026-05-16 20:00,26.26,20092,United Kingdom
INV500917,TH-SHOE,Canvas Sneakers,3,2025-09-18 15:00,74.65,20101,United Kingdom
INV501970,TH-JACK,Denim Jacket,1,2026-04-27 13:00,99.2,20219,United Kingdom
INV500078,TH-SHIRT,Oxford Shirt,1,2025-10-28 20:00,22.98,20010,United Kingdom
INV503030,TH-DRESS,Summer Dress,1,2026-03-12 17:00,85.31,20335,United Kingdom
INV505155,TH-SHOE,Canvas Sneakers,1,2025-11-20 14:00,67.87,20578,United Kingdom
INV502654,TH-SHOE,Canvas Sneakers,2,2025-09-27 12:00,52.61,20292,United Kingdom
INV504786,TH-CAP,Logo Cap,2,2025-11-20 15:00,29.01,20537,United Kingdom
INV501655,TH-SHOE,Canvas Sneakers,2,2025-06-21 17:00,50.25,20184,United Kingdom
INV503676,TH-CAP,Logo Cap,2,2026-06-19 20:00,12.53,20408,United Kingdom
INV506187,TH-SHOE,Canvas Sneakers,3,2025-12-07 08:00,57.46,20691,United Kingdom
INV502770,TH-SHIRT,Oxford Shirt,2,2025-10-15 10:00,35.22,20305,United Kingdom
INV505392,TH-DRESS,Summer Dress,1,2026-07-10 14:00,56.12,20607,United Kingdom
INV503711,TH-HOOD,Fleece Hoodie,3,2026-04-05 16:00,58.4,20414,United Kingdom
INV502104,TH-JEAN,Slim Fit Jeans,2,2026-03-16 16:00,65.65,20233,United Kingdom
INV500773,TH-JACK,Denim Jacket,3,2025-10-19 15:00,93.68,20085,United Kingdom
INV505703,TH-JACK,Denim Jacket,1,2026-03-03 17:00,90.59,20643,United Kingdom
INV504067,TH-HOOD,Fleece Hoodie,2,2026-05-12 08:00,38.72,20455,United Kingdom
INV500063,TH-JEAN,Slim Fit Jeans,2,2026-04-05 11:00,67.49,20007,United Kingdom
INV502934,TH-DRESS,Summer Dress,1,2026-02-25 09:00,56.4,20326,United Kingdom
INV502855,TH-SHOE,Canvas Sneakers,3,2025-08-08 08:00,69.28,20315,United Kingdom
INV503421,TH-SHIRT,Oxford Shirt,2,2025-12-29 16:00,27.87,20379,United Kingdom
INV504165,TH-HOOD,Fleece Hoodie,2,2026-05-10 10:00,54.95,20468,United Kingdom
INV503404,TH-SHOE,Canvas Sneakers,1,2026-07-07 10:00,64.48,20377,United Kingdom
INV504319,TH-CAP,Logo Cap,3,2026-05-30 09:00,23.06,20486,United Kingdom
INV502505,TH-SHIRT,Oxford Shirt,1,2025-10-19 14:00,35.77,20276,United Kingdom
INV500593,TH-TSHIRT,Cotton Crew T-Shirt,2,2025-08-01 09:00,16.45,20067,United Kingdom
INV501969,TH-DRESS,Summer Dress,3,2025-06-12 11:00,86.09,20219,United Kingdom
INV503960,TH-SHIRT,Oxford Shirt,2,2025-10-23 11:00,65.44,20443,United Kingdom
INV504865,TH-JACK,Denim Jacket,1,2025-11-10 16:00,84.71,20544,United Kingdom
INV502744,TH-JACK,Denim Jacket,1,2026-06-09 20:00,67.02,20302,United Kingdom
INV504440,TH-SHOE,Canvas Sneakers,1,2025-09-30 19:00,65.22,20498,United Kingdom
INV501291,TH-TSHIRT,Cotton Crew T-Shirt,3,2026-06-11 18:00,22.49,20144,United Kingdom
INV504559,TH-JEAN,Slim Fit Jeans,1,2025-12-04 14:00,56.14,20511,United Kingdom
INV505212,TH-TSHIRT,Cotton Crew T-Shirt,1,2025-05-11 11:00,18.29,20583,United Kingdom
INV505560,TH-DRESS,Summer Dress,3,2026-02-03 19:00,85.57,20626,United Kingdom
INV501200,TH-JACK,Denim Jacket,2,2025-09-01 19:00,43.99,20134,United Kingdom
INV501194,TH-JEAN,Slim Fit Jeans,2,2025-09-26 20:00,53.82,20133,United Kingdom
INV502530,TH-TSHIRT,Cotton Crew T-Shirt,1,2026-05-08 12:00,23.2,20279,United Kingdom
INV503254,TH-TSHIRT,Cotton Crew T-Shirt,2,2025-12-27 18:00,20.07,20360,United Kingdom
INV505283,TH-SHIRT,Oxford Shirt,1,2025-11-02 08:00,41.51,20594,United Kingdom
INV505048,TH-SHIRT,Oxford Shirt,3,2026-05-28 11:00,48.54,20566,United Kingdom
INV505869,TH-HOOD,Fleece Hoodie,1,2026-06-25 20:00,61.81,20660,United Kingdom
INV501020,TH-SHOE,Canvas Sneakers,3,2026-05-17 20:00,87.6,20111,United Kingdom
INV501909,TH-JACK,Denim Jacket,2,2025-08-25 19:00,69.51,20212,United Kingdom
INV502801,TH-JACK,Denim Jacket,1,2026-01-17 19:00,100.4,20309,United Kingdom
INV501809,TH-CAP,Logo Cap,1,2025-10-27 14:00,13.81,20201,United Kingdom
INV503287,TH-HOOD,Fleece Hoodie,1,2025-11-18 08:00,45.19,20364,United Kingdom
INV504151,TH-SHOE,Canvas Sneakers,2,2025-05-17 13:00,57.33,20465,United Kingdom
INV501725,TH-SHOE,Canvas Sneakers,1,2025-08-04 10:00,49.03,20193,United Kingdom
INV504637,TH-SHIRT,Oxford Shirt,2,2026-04-18 20:00,38.15,20521,United Kingdom
INV502869,TH-CAP,Logo Cap,1,2026-07-07 16:00,12.28,20317,United Kingdom
INV502147,TH-SHOE,Canvas Sneakers,3,2025-10-24 17:00,67.07,20236,United Kingdom
INV502648,TH-SHIRT,Oxford Shirt,1,2025-11-25 16:00,38.07,20292,United Kingdom
INV503172,TH-CAP,Logo Cap,1,2026-02-26 10:00,20.28,20349,United Kingdom
INV505138,TH-CAP,Logo Cap,1,2025-11-16 14:00,26.97,20576,United Kingdom
INV500440,TH-CAP,Logo Cap,3,2026-03-28 08:00,34.82,20052,United Kingdom
INV502974,TH-JEAN,Slim Fit Jeans,1,2026-03-22 08:00,58.47,20331,United Kingdom
INV501336,TH-SHOE,Canvas Sneakers,1,2025-11-05 15:00,64.98,20149,United Kingdom
INV502565,TH-JEAN,Slim Fit Jeans,1,2025-05-23 14:00,49.5,20283,United Kingdom
INV502108,TH-CAP,Logo Cap,2,2025-05-27 13:00,20.99,20233,United Kingdom
INV502769,TH-JEAN,Slim Fit Jeans,2,2025-06-24 08:00,54.64,20305,United Kingdom
INV504684,TH-JACK,Denim Jacket,1,2025-07-19 16:00,69.6,20527,United Kingdom
INV504965,TH-SHOE,Canvas Sneakers,2,2025-07-24 10:00,48.91,20556,United Kingdom
INV503517,TH-SHIRT,Oxford Shirt,1,2025-12-01 20:00,45.51,20388,United Kingdom
INV506047,TH-JEAN,Slim Fit Jeans,1,2026-03-16 13:00,93.91,20678,United Kingdom
INV506232,TH-TSHIRT,Cotton Crew T-Shirt,2,2026-07-05 10:00,18.57,20696,United Kingdom
INV503238,TH-DRESS,Summer Dress,3,2025-06-17 19:00,80.98,20358,United Kingdom
INV500447,TH-CAP,Logo Cap,1,2026-04-08 09:00,30.41,20052,United Kingdom
INV501242,TH-HOOD,Fleece Hoodie,2,2026-04-07 19:00,26.8,20140,United Kingdom
INV504969,TH-JACK,Denim Jacket,1,2026-02-02 15:00,54.92,20557,United Kingdom
INV504121,TH-SHOE,Canvas Sneakers,2,2026-02-01 16:00,52.76,20463,United Kingdom
INV503851,TH-CAP,Logo Cap,1,2026-06-02 20:00,21.44,20433,United Kingdom
INV500004,TH-SHOE,Canvas Sneakers,2,2025-06-03 16:00,38.87,20001,United Kingdom
INV502114,TH-SHIRT,Oxford Shirt,3,2025-05-11 14:00,64.39,20234,United Kingdom
INV505511,TH-SHOE,Canvas Sneakers,3,2025-06-13 15:00,62.88,20620,United Kingdom
INV502638,TH-DRESS,Summer Dress,1,2026-04-26 11:00,98.28,20290,United Kingdom
INV505427,TH-DRESS,Summer Dress,3,2026-06-06 14:00,82.83,20610,United Kingdom
INV500369,TH-JEAN,Slim Fit Jeans,2,2025-05-15 10:00,49.16,20043,United Kingdom
INV505693,TH-DRESS,Summer Dress,2,2025-09-17 13:00,64.8,20642,United Kingdom
INV505117,TH-JACK,Denim Jacket,2,2025-10-16 13:00,84.58,20573,United Kingdom
INV503814,TH-SHIRT,Oxford Shirt,2,2025-05-17 17:00,41.79,20429,United Kingdom
INV503044,TH-DRESS,Summer Dress,2,2026-02-27 12:00,94.26,20337,United Kingdom
INV501258,TH-CAP,Logo Cap,3,2025-09-22 19:00,23.26,20142,United Kingdom
INV501116,TH-JACK,Denim Jacket,2,2026-02-03 09:00,80.2,20123,United Kingdom
INV500418,TH-TSHIRT,Cotton Crew T-Shirt,1,2025-07-01 08:00,16.41,20050,United Kingdom
INV505223,TH-TSHIRT,Cotton Crew T-Shirt,1,2025-12-04 16:00,16.83,20584,United Kingdom
INV502592,TH-DRESS,Summer Dress,1,2026-07-03 16:00,71.42,20285,United Kingdom
INV505103,TH-HOOD,Fleece Hoodie,1,2025-07-27 16:00,40.95,20572,United Kingdom
INV500895,TH-JACK,Denim Jacket,2,2025-09-20 13:00,86.47,20099,United Kingdom
INV501739,TH-DRESS,Summer Dress,1,2025-10-09 09:00,77.29,20194,United Kingdom
INV504642,TH-DRESS,Summer Dress,1,2026-06-15 09:00,71.77,20521,United Kingdom
INV500171,TH-JACK,Denim Jacket,3,2026-05-29 18:00,102.73,20021,United Kingdom
INV505366,TH-JEAN,Slim Fit Jeans,2,2026-04-24 20:00,52.52,20604,United Kingdom
INV502186,TH-SHOE,Canvas Sneakers,1,2026-05-31 09:00,29.59,20242,United Kingdom
INV504770,TH-DRESS,Summer Dress,3,2025-10-08 19:00,95.58,20536,United Kingdom
INV505834,TH-DRESS,Summer Dress,1,2026-02-06 14:00,98.81,20656,United Kingdom
INV505894,TH-JACK,Denim Jacket,2,2026-05-26 10:00,47.82,20663,United Kingdom
INV505724,TH-HOOD,Fleece Hoodie,2,2026-05-11 11:00,54.06,20645,United Kingdom
INV502088,TH-DRESS,Summer Dress,2,2026-04-13 11:00,49.97,20231,United Kingdom
INV501051,TH-CAP,Logo Cap,1,2026-03-10 20:00,19.77,20113,United Kingdom
INV501288,TH-CAP,Logo Cap,1,2026-05-29 19:00,24.72,20144,United Kingdom
INV503024,TH-JEAN,Slim Fit Jeans,1,2025-09-26 17:00,85.18,20335,United Kingdom
INV502301,TH-SHIRT,Oxford Shirt,1,2025-07-14 09:00,37.91,20254,United Kingdom
INV504686,TH-SHIRT,Oxford Shirt,2,2025-10-17 11:00,33.89,20527,United Kingdom
INV500290,TH-JACK,Denim Jacket,1,2026-06-12 11:00,75.7,20035,United Kingdom
INV505382,TH-TSHIRT,Cotton Crew T-Shirt,2,2026-02-15 19:00,13.28,20606,United Kingdom
INV503118,TH-JACK,Denim Jacket,2,2025-10-04 13:00,91.19,20343,United Kingdom
INV505530,TH-SHOE,Canvas Sneakers,1,2025-10-01 14:00,31.93,20622,United Kingdom
INV504490,TH-HOOD,Fleece Hoodie,1,2026-01-13 18:00,47.99,20503,United Kingdom
INV501474,TH-SHIRT,Oxford Shirt,2,2025-05-21 14:00,39.69,20164,United Kingdom
INV505193,TH-SHIRT,Oxford Shirt,1,2025-06-29 17:00,66.18,20581,United Kingdom
INV505206,TH-DRESS,Summer Dress,1,2025-09-24 19:00,79.47,20583,United Kingdom
INV504482,TH-CAP,Logo Cap,1,2026-04-15 12:00,20.12,20503,United Kingdom
INV506017,TH-DRESS,Summer Dress,3,2025-10-06 19:00,89.6,20675,United Kingdom
INV503510,TH-TSHIRT,Cotton Crew T-Shirt,2,2026-02-01 16:00,20.88,20386,United Kingdom
INV500989,TH-HOOD,Fleece Hoodie,2,2025-05-24 16:00,44.16,20108,United Kingdom
INV503428,TH-SHIRT,Oxford Shirt,1,2026-02-28 16:00,66.01,20380,United Kingdom
INV500332,TH-TSHIRT,Cotton Crew T-Shirt,2,2025-08-17 19:00,11.35,20038,United Kingdom
INV503035,TH-SHIRT,Oxford Shirt,1,2026-01-02 08:00,43.55,20336,United Kingdom
INV503912,TH-JEAN,Slim Fit Jeans,1,2025-05-16 13:00,67.73,20440,United Kingdom
INV503881,TH-SHOE,Canvas Sneakers,3,2026-02-02 15:00,81.29,20435,United Kingdom
INV500219,TH-HOOD,Fleece Hoodie,2,2026-06-13 12:00,54.42,20027,United Kingdom
INV500771,TH-JACK,Denim Jacket,1,2026-04-27 15:00,98.92,20085,United Kingdom
INV500416,TH-SHOE,Canvas Sneakers,1,2025-11-05 08:00,49.16,20050,United Kingdom
INV503252,TH-SHIRT,Oxford Shirt,2,2026-02-05 14:00,44.85,20360,United Kingdom
INV500902,TH-JACK,Denim Jacket,1,2025-07-22 16:00,114.1,20100,United Kingdom
INV501721,TH-DRESS,Summer Dress,1,2026-05-14 12:00,88.17,20192,United Kingdom
INV504278,TH-DRESS,Summer Dress,3,2026-05-07 10:00,67.08,20482,United Kingdom
INV504126,TH-JEAN,Slim Fit Jeans,3,2025-10-11 12:00,92.14,20464,United Kingdom
INV505421,TH-SHIRT,Oxford Shirt,3,2025-09-20 13:00,60.51,20610,United Kingdom
INV503623,TH-SHIRT,Oxford Shirt,2,2026-06-14 20:00,25.49,20401,United Kingdom
INV500881,TH-DRESS,Summer Dress,2,2025-07-30 18:00,82.13,20097,United Kingdom
INV503365,TH-SHOE,Canvas Sneakers,3,2025-08-26 08:00,68.31,20372,United Kingdom
INV501773,TH-SHIRT,Oxford Shirt,1,2025-12-06 14:00,63.45,20198,United Kingdom
INV503660,TH-JACK,Denim Jacket,2,2026-04-09 18:00,70.37,20406,United Kingdom
INV500515,TH-CAP,Logo Cap,1,2026-05-25 08:00,25.23,20058,United Kingdom
INV501835,TH-CAP,Logo Cap,3,2025-06-03 12:00,22.24,20203,United Kingdom
INV501864,TH-TSHIRT,Cotton Crew T-Shirt,3,2026-06-03 12:00,21.2,20207,United Kingdom
INV502155,TH-HOOD,Fleece Hoodie,2,2026-04-28 12:00,31.99,20237,United Kingdom
INV506065,TH-CAP,Logo Cap,3,2025-10-21 14:00,24.68,20681,United Kingdom
INV503439,TH-DRESS,Summer Dress,2,2025-12-01 11:00,105.54,20380,United Kingdom
INV501828,TH-HOOD,Fleece Hoodie,3,2025-06-22 14:00,56.52,20203,United Kingdom
INV503469,TH-CAP,Logo Cap,2,2026-04-09 19:00,25.06,20382,United Kingdom
INV504018,TH-JACK,Denim Jacket,3,2026-04-08 10:00,121.63,20448,United Kingdom
INV502410,TH-SHIRT,Oxford Shirt,3,2025-05-26 14:00,47.29,20265,United Kingdom
INV500565,TH-HOOD,Fleece Hoodie,2,2025-09-15 09:00,59.71,20064,United Kingdom
INV505107,TH-JEAN,Slim Fit Jeans,1,2025-07-30 10:00,54.35,20572,United Kingdom
INV503474,TH-JACK,Denim Jacket,1,2026-05-14 12:00,70.66,20383,United Kingdom
INV505695,TH-JEAN,Slim Fit Jeans,2,2026-01-28 09:00,62.42,20642,United Kingdom
INV500981,TH-TSHIRT,Cotton Crew T-Shirt,1,2026-01-24 08:00,17.01,20107,United Kingdom
INV502336,TH-JACK,Denim Jacket,2,2025-08-17 12:00,78.41,20257,United Kingdom
INV505998,TH-JEAN,Slim Fit Jeans,3,2026-07-02 17:00,71.18,20673,United Kingdom
INV501476,TH-SHIRT,Oxford Shirt,1,2025-11-07 09:00,40.68,20165,United Kingdom
INV501683,TH-JACK,Denim Jacket,2,2026-02-07 15:00,107.21,20186,United Kingdom
INV505889,TH-JACK,Denim Jacket,1,2026-01-15 13:00,92.81,20662,United Kingdom
INV505593,TH-SHOE,Canvas Sneakers,2,2025-12-06 12:00,71.34,20631,United Kingdom
INV503988,TH-SHOE,Canvas Sneakers,2,2025-09-27 09:00,52.83,20446,United Kingdom
INV505658,TH-TSHIRT,Cotton Crew T-Shirt,1,2025-06-18 19:00,12.35,20638,United Kingdom
INV503939,TH-HOOD,Fleece Hoodie,3,2026-06-24 12:00,56.68,20442,United Kingdom
INV503433,TH-SHOE,Canvas Sneakers,2,2026-01-10 17:00,80.51,20380,United Kingdom
INV506215,TH-TSHIRT,Cotton Crew T-Shirt,2,2025-11-07 16:00,21.16,20694,United Kingdom
INV503437,TH-CAP,Logo Cap,3,2026-04-14 17:00,27.22,20380,United Kingdom
INV504207,TH-JACK,Denim Jacket,2,2025-09-21 18:00,104.89,20474,United Kingdom
INV500168,TH-SHOE,Canvas Sneakers,2,2025-07-02 11:00,69.83,20021,United Kingdom
INV503178,TH-CAP,Logo Cap,2,2025-07-22 09:00,22.24,20349,United Kingdom
INV503904,TH-JEAN,Slim Fit Jeans,2,2026-01-08 09:00,34.21,20439,United Kingdom
INV502409,TH-CAP,Logo Cap,1,2025-06-23 15:00,22.09,20265,United Kingdom
INV502024,TH-SHIRT,Oxford Shirt,3,2025-12-18 19:00,42.35,20225,United Kingdom
INV502825,TH-SHIRT,Oxford Shirt,1,2025-07-07 15:00,39.41,20312,United Kingdom
INV503126,TH-HOOD,Fleece Hoodie,3,2026-02-07 20:00,52.65,20344,United Kingdom
INV500141,TH-SHOE,Canvas Sneakers,1,2026-06-15 12:00,52.12,20018,United Kingdom
INV503370,TH-SHOE,Canvas Sneakers,2,2025-06-16 08:00,74.83,20372,United Kingdom
INV506251,TH-TSHIRT,Cotton Crew T-Shirt,1,2025-09-16 11:00,16.68,20698,United Kingdom
INV503867,TH-CAP,Logo Cap,2,2025-10-27 16:00,25.29,20434,United Kingdom
INV501810,TH-JACK,Denim Jacket,1,2025-06-28 08:00,61.26,20201,United Kingdom
INV501115,TH-TSHIRT,Cotton Crew T-Shirt,2,2026-04-23 11:00,17.66,20123,United Kingdom
INV500978,TH-TSHIRT,Cotton Crew T-Shirt,2,2026-01-08 13:00,18.7,20107,United Kingdom
INV505168,TH-HOOD,Fleece Hoodie,2,2025-08-26 16:00,38.07,20579,United Kingdom
INV504982,TH-HOOD,Fleece Hoodie,2,2025-07-21 10:00,43.31,20559,United Kingdom
INV504463,TH-TSHIRT,Cotton Crew T-Shirt,2,2026-06-13 10:00,24.39,20501,United Kingdom
INV504531,TH-JACK,Denim Jacket,2,2026-02-11 13:00,57.75,20507,United Kingdom
INV504138,TH-JEAN,Slim Fit Jeans,2,2025-08-13 18:00,93.79,20464,United Kingdom
INV505587,TH-TSHIRT,Cotton Crew T-Shirt,2,2025-12-08 18:00,13.07,20630,United Kingdom
INV504603,TH-TSHIRT,Cotton Crew T-Shirt,1,2025-12-27 15:00,13.81,20517,United Kingdom
INV501892,TH-TSHIRT,Cotton Crew T-Shirt,1,2025-07-18 12:00,17.39,20211,United Kingdom
INV505065,TH-SHOE,Canvas Sneakers,1,2025-12-11 09:00,77.23,20568,United Kingdom
INV504620,TH-HOOD,Fleece Hoodie,1,2025-06-17 17:00,35.98,20519,United Kingdom
INV504024,TH-DRESS,Summer Dress,1,2025-09-22 16:00,68.3,20449,United Kingdom
INV503588,TH-HOOD,Fleece Hoodie,2,2026-06-25 10:00,55.29,20396,United Kingdom
INV505750,TH-SHOE,Canvas Sneakers,1,2026-04-18 16:00,72.5,20647,United Kingdom
INV505216,TH-SHOE,Canvas Sneakers,2,2025-06-19 18:00,56.37,20584,United Kingdom
INV503685,TH-HOOD,Fleece Hoodie,1,2026-06-20 13:00,52.02,20409,United Kingdom
INV504904,TH-TSHIRT,Cotton Crew T-Shirt,3,2026-03-05 10:00,21.67,20548,United Kingdom
INV501852,TH-JACK,Denim Jacket,1,2026-02-08 20:00,61.77,20205,United Kingdom
INV502305,TH-DRESS,Summer Dress,1,2025-06-25 10:00,65.14,20254,United Kingdom
INV506074,TH-HOOD,Fleece Hoodie,2,2026-03-25 15:00,61.7,20681,United Kingdom
INV504080,TH-DRESS,Summer Dress,1,2025-05-26 09:00,30.61,20457,United Kingdom
INV503597,TH-JACK,Denim Jacket,2,2026-06-18 17:00,66.68,20398,United Kingdom
INV500880,TH-TSHIRT,Cotton Crew T-Shirt,3,2026-07-12 14:00,22.48,20097,United Kingdom
INV504268,TH-JACK,Denim Jacket,2,2025-11-03 19:00,80.61,20481,United Kingdom
INV505749,TH-HOOD,Fleece Hoodie,1,2025-11-12 18:00,59.46,20647,United Kingdom
INV502925,TH-JEAN,Slim Fit Jeans,1,2025-06-09 13:00,41.93,20325,United Kingdom
INV502957,TH-DRESS,Summer Dress,2,2025-09-20 20:00,58.1,20329,United Kingdom
INV501934,TH-HOOD,Fleece Hoodie,3,2026-04-25 11:00,61.46,20214,United Kingdom
INV503956,TH-SHIRT,Oxford Shirt,2,2025-11-13 10:00,65.44,20443,United Kingdom
INV502455,TH-DRESS,Summer Dress,2,2025-10-18 10:00,102.43,20271,United Kingdom
INV505749,TH-HOOD,Fleece Hoodie,2,2025-11-12 18:00,58.94,20647,United Kingdom
INV505174,TH-JACK,Denim Jacket,2,2026-01-17 09:00,95.52,20580,United Kingdom
INV505427,TH-SHIRT,Oxford Shirt,2,2026-06-06 14:00,56.7,20610,United Kingdom
INV503260,TH-HOOD,Fleece Hoodie,2,2025-12-19 18:00,72.96,20361,United Kingdom
INV501435,TH-JACK,Denim Jacket,3,2026-04-08 18:00,95.96,20160,United Kingdom
INV500588,TH-CAP,Logo Cap,3,2025-09-28 13:00,24.47,20066,United Kingdom
INV500171,TH-HOOD,Fleece Hoodie,2,2026-05-29 18:00,62.24,20021,United Kingdom
INV505919,TH-TSHIRT,Cotton Crew T-Shirt,2,2025-11-06 13:00,26.41,20666,United Kingdom
INV503106,TH-SHOE,Canvas Sneakers,1,2026-04-10 17:00,30.14,20342,United Kingdom
INV505739,TH-CAP,Logo Cap,3,2025-12-15 16:00,23.05,20646,United Kingdom
INV500260,TH-TSHIRT,Cotton Crew T-Shirt,3,2026-03-17 13:00,20.43,20031,United Kingdom
INV504072,TH-DRESS,Summer Dress,1,2025-11-27 14:00,66.19,20456,United Kingdom
INV500179,TH-SHIRT,Oxford Shirt,3,2026-04-27 12:00,58.54,20022,United Kingdom
INV505441,TH-JACK,Denim Jacket,2,2025-10-17 18:00,108.86,20612,United Kingdom
INV502063,TH-SHIRT,Oxford Shirt,1,2025-11-08 12:00,42.91,20229,United Kingdom
INV503740,TH-SHOE,Canvas Sneakers,2,2025-11-18 11:00,35.28,20418,United Kingdom
INV501296,TH-SHOE,Canvas Sneakers,2,2026-03-17 14:00,70.75,20144,United Kingdom
INV504019,TH-DRESS,Summer Dress,1,2025-06-09 10:00,119.17,20448,United Kingdom
INV502857,TH-CAP,Logo Cap,3,2025-06-09 17:00,25.89,20315,United Kingdom
INV502508,TH-SHIRT,Oxford Shirt,2,2025-07-18 09:00,40.97,20277,United Kingdom
INV501320,TH-HOOD,Fleece Hoodie,3,2025-11-05 10:00,65.11,20148,United Kingdom
INV503601,TH-TSHIRT,Cotton Crew T-Shirt,1,2025-09-05 13:00,20.76,20399,United Kingdom
INV500164,TH-JACK,Denim Jacket,2,2026-04-06 08:00,92.73,20020,United Kingdom
INV504944,TH-HOOD,Fleece Hoodie,2,2026-02-17 19:00,46.78,20553,United Kingdom
INV505568,TH-TSHIRT,Cotton Crew T-Shirt,1,2025-10-21 19:00,18.34,20627,United Kingdom
INV505431,TH-SHIRT,Oxford Shirt,1,2026-06-05 14:00,31.24,20611,United Kingdom
INV502276,TH-TSHIRT,Cotton Crew T-Shirt,2,2026-03-10 10:00,24.13,20251,United Kingdom
INV500066,TH-DRESS,Summer Dress,1,2026-01-08 08:00,46.29,20008,United Kingdom
INV505467,TH-JEAN,Slim Fit Jeans,2,2026-05-26 12:00,60.16,20615,United Kingdom
INV500831,TH-JACK,Denim Jacket,1,2026-02-05 09:00,110.65,20092,United Kingdom
INV503503,TH-TSHIRT,Cotton Crew T-Shirt,3,2026-05-27 09:00,20.06,20386,United Kingdom
INV500624,TH-JEAN,Slim Fit Jeans,1,2026-02-07 18:00,73.85,20070,United Kingdom
INV502383,TH-HOOD,Fleece Hoodie,2,2025-05-21 20:00,50.95,20261,United Kingdom
INV502137,TH-JEAN,Slim Fit Jeans,1,2025-07-02 17:00,42.72,20235,United Kingdom
INV500734,TH-DRESS,Summer Dress,2,2025-10-28 12:00,85.99,20081,United Kingdom
INV506113,TH-SHOE,Canvas Sneakers,1,2026-05-18 14:00,69.62,20685,United Kingdom
INV501018,TH-SHOE,Canvas Sneakers,2,2025-06-06 17:00,93.56,20111,United Kingdom
INV501902,TH-SHIRT,Oxford Shirt,2,2025-12-06 18:00,37.39,20212,United Kingdom
INV500947,TH-HOOD,Fleece Hoodie,3,2025-08-25 16:00,69.38,20104,United Kingdom
INV502647,TH-SHOE,Canvas Sneakers,2,2025-06-14 09:00,58.83,20292,United Kingdom
INV500647,TH-DRESS,Summer Dress,2,2025-08-13 08:00,56.04,20072,United Kingdom
INV505766,TH-SHIRT,Oxford Shirt,1,2026-05-19 08:00,40.06,20649,United Kingdom
INV500839,TH-JEAN,Slim Fit Jeans,3,2025-10-26 13:00,95.16,20093,United Kingdom
INV503066,TH-TSHIRT,Cotton Crew T-Shirt,1,2025-11-23 13:00,22.19,20338,United Kingdom
INV506160,TH-SHIRT,Oxford Shirt,3,2026-07-07 19:00,51.78,20688,United Kingdom
INV500607,TH-CAP,Logo Cap,2,2026-01-26 16:00,14.25,20068,United Kingdom
INV504636,TH-CAP,Logo Cap,2,2025-11-03 11:00,17.77,20521,United Kingdom
INV505830,TH-JACK,Denim Jacket,1,2025-06-10 14:00,124.02,20656,United Kingdom
INV506138,TH-JACK,Denim Jacket,1,2025-08-01 14:00,80.41,20686,United Kingdom
INV501845,TH-DRESS,Summer Dress,2,2025-10-06 18:00,47.96,20204,United Kingdom
INV506225,TH-HOOD,Fleece Hoodie,1,2026-02-23 12:00,60.67,20694,United Kingdom
INV500787,TH-JACK,Denim Jacket,2,2026-06-06 19:00,75.11,20087,United Kingdom
INV504368,TH-CAP,Logo Cap,2,2025-05-15 08:00,21.07,20490,United Kingdom
INV505391,TH-HOOD,Fleece Hoodie,1,2025-12-21 09:00,42.05,20607,United Kingdom
INV505487,TH-HOOD,Fleece Hoodie,2,2025-06-21 09:00,57.76,20617,United Kingdom
INV502439,TH-JEAN,Slim Fit Jeans,1,2026-04-15 11:00,79.91,20268,United Kingdom
INV504213,TH-SHIRT,Oxford Shirt,1,2026-04-26 19:00,48.77,20474,United Kingdom
INV503877,TH-SHOE,Canvas Sneakers,2,2025-10-12 11:00,82.36,20435,United Kingdom
INV502089,TH-JEAN,Slim Fit Jeans,2,2025-06-01 16:00,47.08,20231,United Kingdom
INV501616,TH-CAP,Logo Cap,1,2026-02-28 10:00,15.12,20178,United Kingdom
INV502028,TH-CAP,Logo Cap,1,2025-12-16 11:00,22.57,20225,United Kingdom
INV501041,TH-JEAN,Slim Fit Jeans,1,2025-07-14 16:00,81.26,20112,United Kingdom
INV501060,TH-HOOD,Fleece Hoodie,1,2025-08-08 12:00,59.76,20114,United Kingdom
INV503542,TH-SHIRT,Oxford Shirt,1,2025-12-05 19:00,38.4,20391,United Kingdom
INV500826,TH-SHOE,Canvas Sneakers,2,2025-07-17 11:00,79.14,20092,United Kingdom
INV500766,TH-SHOE,Canvas Sneakers,2,2025-11-27 18:00,68.77,20085,United Kingdom
INV502756,TH-CAP,Logo Cap,1,2026-01-08 09:00,18.84,20303,United Kingdom
INV500356,TH-JEAN,Slim Fit Jeans,2,2026-07-15 09:00,45.42,20042,United Kingdom
INV506011,TH-CAP,Logo Cap,3,2025-12-01 17:00,27.77,20675,United Kingdom
INV500364,TH-JACK,Denim Jacket,2,2025-05-21 12:00,76.67,20043,United Kingdom
INV501229,TH-JACK,Denim Jacket,2,2025-11-20 09:00,82.22,20139,United Kingdom
INV504613,TH-SHOE,Canvas Sneakers,1,2026-06-11 18:00,31.83,20518,United Kingdom
INV505009,TH-SHOE,Canvas Sneakers,1,2026-05-22 15:00,40.17,20562,United Kingdom
INV505960,TH-SHIRT,Oxford Shirt,2,2026-03-26 09:00,40.62,20669,United Kingdom
INV503291,TH-JEAN,Slim Fit Jeans,1,2026-02-12 09:00,51.72,20364,United Kingdom
INV505943,TH-SHIRT,Oxford Shirt,2,2025-07-21 09:00,52.71,20668,United Kingdom
INV500180,TH-SHOE,Canvas Sneakers,2,2026-04-13 13:00,69.24,20022,United Kingdom
INV500291,TH-JACK,Denim Jacket,2,2026-05-13 12:00,76.66,20035,United Kingdom
INV505579,TH-JEAN,Slim Fit Jeans,3,2026-01-30 14:00,72.77,20629,United Kingdom
INV502619,TH-SHOE,Canvas Sneakers,2,2026-06-24 17:00,69.56,20289,United Kingdom
INV501148,TH-CAP,Logo Cap,2,2026-06-10 19:00,15.57,20127,United Kingdom
INV502780,TH-TSHIRT,Cotton Crew T-Shirt,2,2025-11-04 19:00,17.24,20307,United Kingdom
INV500908,TH-CAP,Logo Cap,2,2026-02-06 13:00,27.4,20100,United Kingdom
INV506021,TH-SHOE,Canvas Sneakers,1,2026-03-17 20:00,83.32,20675,United Kingdom
INV504421,TH-TSHIRT,Cotton Crew T-Shirt,3,2026-02-02 10:00,22.83,20496,United Kingdom
INV502444,TH-HOOD,Fleece Hoodie,1,2026-04-12 11:00,35.5,20269,United Kingdom
INV500191,TH-SHOE,Canvas Sneakers,2,2026-01-18 14:00,43.42,20023,United Kingdom
INV503436,TH-HOOD,Fleece Hoodie,3,2026-04-13 12:00,76.06,20380,United Kingdom
INV504944,TH-SHIRT,Oxford Shirt,1,2026-02-17 19:00,40.12,20553,United Kingdom
INV500538,TH-SHOE,Canvas Sneakers,1,2025-06-26 09:00,90.13,20061,United Kingdom
INV506027,TH-SHOE,Canvas Sneakers,2,2026-02-06 16:00,45.13,20676,United Kingdom
INV504800,TH-CAP,Logo Cap,2,2026-04-16 18:00,27.08,20539,United Kingdom
INV502517,TH-SHOE,Canvas Sneakers,2,2025-12-31 16:00,50.21,20278,United Kingdom
INV503860,TH-DRESS,Summer Dress,1,2025-10-04 15:00,85.3,20433,United Kingdom
INV502281,TH-DRESS,Summer Dress,1,2025-05-11 10:00,67.22,20252,United Kingdom
INV501588,TH-CAP,Logo Cap,1,2026-06-29 16:00,17.24,20176,United Kingdom
INV503393,TH-HOOD,Fleece Hoodie,3,2025-10-06 18:00,57.59,20375,United Kingdom
INV502492,TH-SHIRT,Oxford Shirt,3,2026-04-16 12:00,44.9,20274,United Kingdom
INV503147,TH-DRESS,Summer Dress,1,2025-09-29 19:00,76.38,20346,United Kingdom
INV502593,TH-JACK,Denim Jacket,1,2026-01-26 17:00,67.45,20286,United Kingdom
INV500088,TH-SHIRT,Oxford Shirt,2,2026-01-21 18:00,42.09,20011,United Kingdom
INV505744,TH-SHOE,Canvas Sneakers,2,2026-03-29 11:00,74.67,20647,United Kingdom
INV500596,TH-DRESS,Summer Dress,1,2025-09-17 15:00,65.47,20067,United Kingdom
INV505146,TH-SHIRT,Oxford Shirt,1,2026-03-13 09:00,50.74,20576,United Kingdom
INV505291,TH-SHIRT,Oxford Shirt,1,2026-05-29 16:00,35.07,20595,United Kingdom
INV503846,TH-CAP,Logo Cap,1,2026-04-14 09:00,11.42,20432,United Kingdom
INV504747,TH-CAP,Logo Cap,1,2026-07-03 19:00,15.87,20534,United Kingdom
INV502910,TH-HOOD,Fleece Hoodie,1,2025-07-03 20:00,38.67,20323,United Kingdom
INV502466,TH-CAP,Logo Cap,1,2025-05-13 12:00,29.98,20271,United Kingdom
INV501334,TH-SHOE,Canvas Sneakers,3,2025-11-12 10:00,68.79,20149,United Kingdom
INV504514,TH-DRESS,Summer Dress,1,2025-05-26 11:00,83.92,20506,United Kingdom
INV502882,TH-JEAN,Slim Fit Jeans,2,2025-05-11 19:00,68.99,20318,United Kingdom
INV504703,TH-DRESS,Summer Dress,2,2025-08-03 15:00,76.26,20529,United Kingdom
INV500276,TH-TSHIRT,Cotton Crew T-Shirt,1,2025-08-06 16:00,16.68,20033,United Kingdom
INV503433,TH-TSHIRT,Cotton Crew T-Shirt,2,2026-01-10 17:00,29.28,20380,United Kingdom
INV506196,TH-SHIRT,Oxford Shirt,1,2026-02-28 15:00,30.97,20692,United Kingdom
INV504722,TH-HOOD,Fleece Hoodie,3,2026-01-08 09:00,60.31,20532,United Kingdom
INV503039,TH-JEAN,Slim Fit Jeans,3,2025-10-11 20:00,74.15,20336,United Kingdom
INV500658,TH-CAP,Logo Cap,1,2025-07-08 20:00,24.51,20073,United Kingdom
INV504913,TH-JEAN,Slim Fit Jeans,2,2025-12-05 08:00,61.96,20550,United Kingdom
INV502777,TH-HOOD,Fleece Hoodie,2,2026-07-03 08:00,39.52,20307,United Kingdom
INV504711,TH-JEAN,Slim Fit Jeans,2,2026-05-10 12:00,54.01,20530,United Kingdom
INV503604,TH-CAP,Logo Cap,3,2026-01-21 10:00,20.79,20399,United Kingdom
INV502373,TH-SHIRT,Oxford Shirt,1,2025-10-07 13:00,30.55,20260,United Kingdom
INV503549,TH-SHOE,Canvas Sneakers,1,2026-06-30 14:00,57.44,20392,United Kingdom
INV502533,TH-JEAN,Slim Fit Jeans,3,2026-05-05 13:00,77.86,20279,United Kingdom
INV500897,TH-JACK,Denim Jacket,1,2025-10-16 19:00,103.72,20099,United Kingdom
INV503759,TH-SHIRT,Oxford Shirt,2,2026-05-31 19:00,47.99,20420,United Kingdom
INV504423,TH-TSHIRT,Cotton Crew T-Shirt,2,2026-06-15 10:00,26.93,20496,United Kingdom
INV506157,TH-HOOD,Fleece Hoodie,1,2025-07-26 20:00,52.41,20688,United Kingdom
INV505914,TH-DRESS,Summer Dress,1,2025-09-22 09:00,97.95,20665,United Kingdom
INV503234,TH-CAP,Logo Cap,1,2026-01-16 19:00,14.16,20357,United Kingdom
INV500573,TH-HOOD,Fleece Hoodie,2,2026-02-14 20:00,42.76,20065,United Kingdom
INV503048,TH-HOOD,Fleece Hoodie,3,2026-02-17 15:00,65.96,20337,United Kingdom
INV503061,TH-CAP,Logo Cap,3,2025-12-23 08:00,21.8,20338,United Kingdom
INV504677,TH-DRESS,Summer Dress,2,2025-08-28 08:00,41.63,20526,United Kingdom
INV502231,TH-HOOD,Fleece Hoodie,3,2026-04-13 12:00,61.09,20247,United Kingdom
INV502621,TH-SHOE,Canvas Sneakers,2,2025-08-31 18:00,69.35,20289,United Kingdom
INV500886,TH-TSHIRT,Cotton Crew T-Shirt,2,2025-09-03 10:00,12.92,20098,United Kingdom
INV500614,TH-HOOD,Fleece Hoodie,3,2026-04-25 08:00,68.23,20069,United Kingdom
INV502526,TH-DRESS,Summer Dress,1,2026-05-17 08:00,82.57,20279,United Kingdom
INV503311,TH-JACK,Denim Jacket,1,2026-02-18 14:00,85.21,20366,United Kingdom
INV502146,TH-SHIRT,Oxford Shirt,1,2025-08-13 18:00,55.65,20236,United Kingdom
INV501707,TH-DRESS,Summer Dress,2,2025-08-28 20:00,83.0,20191,United Kingdom
INV504670,TH-JEAN,Slim Fit Jeans,2,2026-03-25 13:00,63.0,20524,United Kingdom
INV503246,TH-SHOE,Canvas Sneakers,2,2026-02-16 19:00,43.98,20359,United Kingdom
INV502624,TH-DRESS,Summer Dress,2,2025-07-21 18:00,89.54,20290,United Kingdom
INV501615,TH-JACK,Denim Jacket,1,2025-11-29 10:00,55.16,20178,United Kingdom
INV505698,TH-CAP,Logo Cap,1,2026-02-12 20:00,20.9,20643,United Kingdom
INV502334,TH-TSHIRT,Cotton Crew T-Shirt,2,2025-08-24 15:00,18.72,20257,United Kingdom
INV500254,TH-JEAN,Slim Fit Jeans,2,2025-07-25 15:00,76.67,20031,United Kingdom
INV502559,TH-JACK,Denim Jacket,2,2025-10-03 14:00,78.12,20282,United Kingdom
INV504469,TH-CAP,Logo Cap,3,2026-06-08 08:00,28.97,20501,United Kingdom
INV502275,TH-SHOE,Canvas Sneakers,1,2025-10-11 16:00,84.51,20251,United Kingdom
INV506030,TH-CAP,Logo Cap,2,2026-06-08 11:00,16.55,20676,United Kingdom
INV501872,TH-JEAN,Slim Fit Jeans,2,2025-05-28 17:00,51.99,20208,United Kingdom
INV501333,TH-JEAN,Slim Fit Jeans,3,2025-05-19 11:00,72.78,20149,United Kingdom
INV501950,TH-SHOE,Canvas Sneakers,2,2025-07-21 20:00,44.77,20217,United Kingdom
INV500508,TH-DRESS,Summer Dress,1,2026-01-07 15:00,88.63,20058,United Kingdom
INV501567,TH-JEAN,Slim Fit Jeans,3,2026-02-11 08:00,70.1,20173,United Kingdom
INV502513,TH-SHIRT,Oxford Shirt,2,2026-01-31 14:00,37.99,20278,United Kingdom
INV503000,TH-SHOE,Canvas Sneakers,2,2025-11-30 17:00,66.0,20334,United Kingdom
INV500279,TH-JACK,Denim Jacket,1,2025-06-02 15:00,70.18,20033,United Kingdom
INV502086,TH-DRESS,Summer Dress,2,2026-04-29 15:00,58.78,20231,United Kingdom
INV500973,TH-SHOE,Canvas Sneakers,1,2026-04-17 16:00,51.25,20107,United Kingdom
INV502550,TH-JEAN,Slim Fit Jeans,1,2025-12-03 12:00,65.44,20281,United Kingdom
INV502350,TH-DRESS,Summer Dress,3,2025-08-11 14:00,72.85,20258,United Kingdom
INV504167,TH-CAP,Logo Cap,2,2025-06-01 20:00,19.07,20469,United Kingdom
INV504798,TH-TSHIRT,Cotton Crew T-Shirt,1,2026-05-24 12:00,26.49,20539,United Kingdom
INV502464,TH-JACK,Denim Jacket,3,2025-10-11 12:00,114.28,20271,United Kingdom
INV502461,TH-DRESS,Summer Dress,1,2025-11-12 14:00,96.3,20271,United Kingdom
INV501996,TH-HOOD,Fleece Hoodie,1,2025-12-18 15:00,37.34,20222,United Kingdom
INV500422,TH-JEAN,Slim Fit Jeans,2,2026-04-06 15:00,83.88,20051,United Kingdom
INV502482,TH-SHIRT,Oxford Shirt,2,2026-06-26 08:00,36.23,20273,United Kingdom
INV503572,TH-JACK,Denim Jacket,3,2025-10-09 09:00,110.58,20394,United Kingdom
INV501717,TH-JEAN,Slim Fit Jeans,2,2025-09-20 16:00,89.42,20192,United Kingdom
INV503961,TH-SHIRT,Oxford Shirt,1,2025-09-13 14:00,73.4,20443,United Kingdom
INV501989,TH-DRESS,Summer Dress,1,2026-04-21 15:00,69.76,20220,United Kingdom
INV502752,TH-SHOE,Canvas Sneakers,1,2025-08-17 15:00,51.56,20303,United Kingdom
INV504377,TH-JEAN,Slim Fit Jeans,3,2025-09-06 20:00,88.96,20491,United Kingdom
INV500503,TH-TSHIRT,Cotton Crew T-Shirt,1,2025-06-25 17:00,22.97,20058,United Kingdom
INV501219,TH-SHIRT,Oxford Shirt,2,2025-05-28 18:00,50.62,20138,United Kingdom
INV500126,TH-DRESS,Summer Dress,1,2026-04-13 13:00,44.31,20016,United Kingdom
INV500011,TH-JACK,Denim Jacket,2,2025-07-09 15:00,80.83,20002,United Kingdom
INV504081,TH-HOOD,Fleece Hoodie,1,2025-12-23 16:00,23.13,20457,United Kingdom
INV506094,TH-JACK,Denim Jacket,1,2026-01-27 12:00,110.86,20683,United Kingdom
INV503304,TH-DRESS,Summer Dress,2,2025-09-10 13:00,69.58,20366,United Kingdom
INV503177,TH-SHOE,Canvas Sneakers,1,2026-04-09 08:00,55.28,20349,United Kingdom
INV504857,TH-DRESS,Summer Dress,2,2025-11-04 08:00,93.72,20543,United Kingdom
INV505924,TH-SHIRT,Oxford Shirt,1,2026-06-23 20:00,61.72,20666,United Kingdom
INV501226,TH-TSHIRT,Cotton Crew T-Shirt,1,2026-05-11 12:00,21.96,20138,United Kingdom
INV504696,TH-SHOE,Canvas Sneakers,2,2025-08-28 08:00,45.71,20528,United Kingdom
INV504555,TH-SHOE,Canvas Sneakers,1,2025-12-05 20:00,48.95,20511,United Kingdom
INV500197,TH-CAP,Logo Cap,1,2025-08-13 14:00,11.63,20024,United Kingdom
INV505097,TH-SHOE,Canvas Sneakers,2,2025-09-17 12:00,34.69,20571,United Kingdom
INV503004,TH-HOOD,Fleece Hoodie,3,2025-08-09 09:00,65.56,20334,United Kingdom
INV502066,TH-JACK,Denim Jacket,1,2025-07-27 10:00,87.52,20229,United Kingdom
INV502930,TH-JEAN,Slim Fit Jeans,2,2026-02-26 16:00,56.16,20326,United Kingdom
INV505119,TH-SHOE,Canvas Sneakers,1,2025-12-05 12:00,58.84,20573,United Kingdom
INV500866,TH-SHIRT,Oxford Shirt,2,2026-06-01 08:00,46.58,20095,United Kingdom
INV505445,TH-SHOE,Canvas Sneakers,1,2026-04-27 09:00,66.82,20612,United Kingdom
INV500872,TH-JEAN,Slim Fit Jeans,1,2026-01-23 15:00,68.76,20097,United Kingdom
INV502192,TH-SHOE,Canvas Sneakers,1,2025-12-18 18:00,73.82,20243,United Kingdom
INV500508,TH-JACK,Denim Jacket,2,2026-01-07 15:00,109.29,20058,United Kingdom
INV503567,TH-CAP,Logo Cap,1,2026-06-27 14:00,28.11,20394,United Kingdom
INV504679,TH-CAP,Logo Cap,1,2025-08-29 16:00,13.87,20526,United Kingdom
INV504816,TH-SHIRT,Oxford Shirt,3,2025-09-06 16:00,44.31,20541,United Kingdom
INV505212,TH-CAP,Logo Cap,2,2025-05-11 11:00,21.67,20583,United Kingdom
INV503751,TH-SHIRT,Oxford Shirt,1,2025-06-30 14:00,49.72,20419,United Kingdom
INV505467,TH-SHOE,Canvas Sneakers,2,2026-05-26 12:00,53.12,20615,United Kingdom
INV502265,TH-SHIRT,Oxford Shirt,3,2025-10-18 15:00,53.2,20251,United Kingdom
INV500685,TH-DRESS,Summer Dress,1,2025-07-28 14:00,66.82,20077,United Kingdom
INV502635,TH-CAP,Logo Cap,1,2026-05-12 16:00,25.72,20290,United Kingdom
INV504663,TH-JEAN,Slim Fit Jeans,1,2026-02-25 08:00,69.93,20524,United Kingdom
INV503208,TH-HOOD,Fleece Hoodie,3,2025-09-09 13:00,51.85,20354,United Kingdom
INV503880,TH-HOOD,Fleece Hoodie,2,2026-06-04 14:00,77.72,20435,United Kingdom
INV503990,TH-JACK,Denim Jacket,1,2026-04-22 16:00,70.01,20446,United Kingdom
INV501556,TH-SHIRT,Oxford Shirt,1,2025-12-26 15:00,48.57,20173,United Kingdom
INV503136,TH-SHOE,Canvas Sneakers,2,2026-02-07 11:00,35.58,20345,United Kingdom
INV502881,TH-TSHIRT,Cotton Crew T-Shirt,1,2026-06-29 20:00,23.08,20318,United Kingdom
INV504748,TH-HOOD,Fleece Hoodie,1,2025-08-19 20:00,38.85,20534,United Kingdom
INV500247,TH-TSHIRT,Cotton Crew T-Shirt,2,2026-02-28 15:00,18.87,20030,United Kingdom
INV502648,TH-CAP,Logo Cap,1,2025-11-25 16:00,19.85,20292,United Kingdom
INV505906,TH-DRESS,Summer Dress,3,2025-09-10 15:00,97.42,20665,United Kingdom
INV501586,TH-SHOE,Canvas Sneakers,1,2025-12-02 17:00,50.27,20176,United Kingdom
INV505225,TH-JACK,Denim Jacket,1,2025-12-07 19:00,75.46,20584,United Kingdom
INV501192,TH-JACK,Denim Jacket,2,2025-07-15 18:00,54.28,20132,United Kingdom
INV505556,TH-JACK,Denim Jacket,3,2026-02-11 20:00,95.89,20626,United Kingdom
INV504667,TH-SHOE,Canvas Sneakers,1,2025-09-22 18:00,53.49,20524,United Kingdom
INV500845,TH-SHIRT,Oxford Shirt,3,2026-05-16 11:00,64.18,20093,United Kingdom
INV505789,TH-HOOD,Fleece Hoodie,3,2025-09-30 16:00,57.38,20652,United Kingdom
INV505495,TH-TSHIRT,Cotton Crew T-Shirt,1,2026-04-06 20:00,19.0,20617,United Kingdom
INV501364,TH-HOOD,Fleece Hoodie,1,2025-09-19 08:00,45.9,20152,United Kingdom
INV502832,TH-HOOD,Fleece Hoodie,1,2025-09-22 17:00,47.0,20312,United Kingdom
INV501124,TH-SHIRT,Oxford Shirt,2,2025-11-17 09:00,27.62,20125,United Kingdom
INV500297,TH-TSHIRT,Cotton Crew T-Shirt,1,2026-04-11 12:00,24.25,20036,United Kingdom
INV501329,TH-DRESS,Summer Dress,3,2025-08-24 17:00,94.15,20148,United Kingdom
INV504485,TH-DRESS,Summer Dress,2,2026-04-17 14:00,73.2,20503,United Kingdom
INV503070,TH-DRESS,Summer Dress,2,2026-02-18 11:00,72.16,20338,United Kingdom
INV503130,TH-DRESS,Summer Dress,1,2025-08-24 18:00,85.46,20344,United Kingdom
INV501835,TH-SHOE,Canvas Sneakers,1,2025-06-03 12:00,68.82,20203,United Kingdom
INV505972,TH-TSHIRT,Cotton Crew T-Shirt,1,2025-09-28 09:00,19.13,20671,United Kingdom
INV505770,TH-JACK,Denim Jacket,1,2026-04-22 09:00,89.52,20650,United Kingdom
INV502235,TH-JEAN,Slim Fit Jeans,1,2025-07-09 14:00,66.62,20247,United Kingdom
INV500855,TH-HOOD,Fleece Hoodie,2,2025-11-16 19:00,50.95,20094,United Kingdom
INV502914,TH-JACK,Denim Jacket,2,2026-07-05 19:00,69.92,20323,United Kingdom
INV502338,TH-DRESS,Summer Dress,1,2025-06-05 08:00,67.17,20257,United Kingdom
INV504125,TH-JACK,Denim Jacket,2,2025-09-04 09:00,125.83,20464,United Kingdom
INV502519,TH-HOOD,Fleece Hoodie,1,2025-09-15 20:00,44.87,20278,United Kingdom
INV502307,TH-JACK,Denim Jacket,1,2026-01-13 12:00,70.84,20254,United Kingdom
INV505038,TH-HOOD,Fleece Hoodie,3,2025-09-19 11:00,52.63,20566,United Kingdom
INV501297,TH-HOOD,Fleece Hoodie,2,2026-01-02 15:00,57.6,20144,United Kingdom
INV500568,TH-SHIRT,Oxford Shirt,2,2025-10-17 20:00,49.52,20064,United Kingdom
INV503442,TH-SHIRT,Oxford Shirt,2,2025-07-24 09:00,39.6,20381,United Kingdom
INV501885,TH-SHOE,Canvas Sneakers,2,2026-01-08 11:00,35.41,20210,United Kingdom
INV503495,TH-SHIRT,Oxford Shirt,3,2025-11-11 16:00,52.63,20385,United Kingdom
INV505540,TH-JACK,Denim Jacket,1,2025-09-05 15:00,99.14,20624,United Kingdom
INV503063,TH-SHOE,Canvas Sneakers,3,2026-04-08 12:00,59.8,20338,United Kingdom
INV502402,TH-HOOD,Fleece Hoodie,2,2026-05-27 09:00,64.28,20263,United Kingdom
INV501709,TH-JEAN,Slim Fit Jeans,3,2026-04-21 17:00,93.21,20192,United Kingdom
INV503111,TH-CAP,Logo Cap,3,2025-09-23 09:00,22.45,20343,United Kingdom
INV500147,TH-SHIRT,Oxford Shirt,2,2025-05-30 09:00,41.14,20018,United Kingdom
INV502923,TH-HOOD,Fleece Hoodie,2,2025-12-17 20:00,31.33,20325,United Kingdom
INV504091,TH-SHOE,Canvas Sneakers,3,2025-12-26 16:00,68.88,20459,United Kingdom
INV504848,TH-JEAN,Slim Fit Jeans,3,2026-02-01 17:00,72.77,20543,United Kingdom
INV505987,TH-SHIRT,Oxford Shirt,3,2025-08-21 18:00,48.4,20673,United Kingdom
INV503612,TH-CAP,Logo Cap,2,2026-06-26 19:00,21.28,20399,United Kingdom
INV504932,TH-DRESS,Summer Dress,2,2025-07-11 20:00,67.49,20552,United Kingdom
INV501737,TH-CAP,Logo Cap,1,2026-01-19 12:00,24.95,20194,United Kingdom
INV500910,TH-TSHIRT,Cotton Crew T-Shirt,3,2025-07-16 17:00,26.86,20100,United Kingdom
INV504942,TH-JEAN,Slim Fit Jeans,1,2025-12-13 11:00,60.32,20553,United Kingdom
INV501501,TH-SHOE,Canvas Sneakers,3,2025-06-28 11:00,64.98,20167,United Kingdom
INV505670,TH-JACK,Denim Jacket,2,2025-06-26 09:00,81.14,20639,United Kingdom
INV503363,TH-CAP,Logo Cap,2,2026-02-16 20:00,26.39,20372,United Kingdom
INV501288,TH-SHOE,Canvas Sneakers,3,2026-05-29 19:00,76.89,20144,United Kingdom
INV504676,TH-SHIRT,Oxford Shirt,1,2026-04-29 10:00,33.49,20525,United Kingdom
INV500185,TH-SHIRT,Oxford Shirt,1,2026-02-19 09:00,60.7,20022,United Kingdom
INV502751,TH-HOOD,Fleece Hoodie,1,2025-08-28 08:00,46.03,20303,United Kingdom
INV504474,TH-TSHIRT,Cotton Crew T-Shirt,1,2025-10-22 17:00,25.67,20501,United Kingdom
INV506186,TH-JACK,Denim Jacket,1,2026-06-19 12:00,85.31,20691,United Kingdom
INV504204,TH-DRESS,Summer Dress,3,2026-02-16 14:00,76.36,20474,United Kingdom
INV504659,TH-DRESS,Summer Dress,2,2026-06-11 20:00,64.67,20523,United Kingdom
INV501630,TH-SHOE,Canvas Sneakers,3,2025-06-03 08:00,60.4,20180,United Kingdom
INV505872,TH-CAP,Logo Cap,3,2025-10-25 17:00,26.4,20660,United Kingdom
INV505374,TH-DRESS,Summer Dress,1,2026-03-04 11:00,67.11,20605,United Kingdom
INV505825,TH-JACK,Denim Jacket,1,2026-02-27 20:00,116.8,20656,United Kingdom
INV501256,TH-JEAN,Slim Fit Jeans,1,2026-03-10 12:00,82.3,20142,United Kingdom
INV500111,TH-SHOE,Canvas Sneakers,3,2025-08-10 15:00,74.02,20014,United Kingdom
INV502791,TH-SHIRT,Oxford Shirt,1,2025-06-11 19:00,24.11,20308,United Kingdom
INV502010,TH-JEAN,Slim Fit Jeans,2,2025-09-01 10:00,75.03,20223,United Kingdom
INV504293,TH-TSHIRT,Cotton Crew T-Shirt,2,2026-02-19 08:00,25.06,20484,United Kingdom
INV506157,TH-JEAN,Slim Fit Jeans,3,2025-07-26 20:00,75.82,20688,United Kingdom
INV500798,TH-DRESS,Summer Dress,2,2026-01-11 13:00,57.41,20088,United Kingdom
INV505653,TH-JACK,Denim Jacket,1,2025-12-03 17:00,74.23,20637,United Kingdom
INV504803,TH-SHOE,Canvas Sneakers,3,2026-06-18 11:00,87.77,20539,United Kingdom
INV503605,TH-SHOE,Canvas Sneakers,1,2025-08-22 08:00,64.21,20399,United Kingdom
INV500879,TH-TSHIRT,Cotton Crew T-Shirt,2,2026-03-19 19:00,23.5,20097,United Kingdom
INV500670,TH-JEAN,Slim Fit Jeans,2,2026-04-15 11:00,40.29,20075,United Kingdom
INV503533,TH-JACK,Denim Jacket,1,2025-11-16 08:00,70.53,20389,United Kingdom
INV500436,TH-SHIRT,Oxford Shirt,3,2026-01-18 17:00,65.76,20051,United Kingdom
INV500837,TH-JACK,Denim Jacket,2,2025-11-24 10:00,116.2,20093,United Kingdom
INV501481,TH-JACK,Denim Jacket,2,2026-06-22 17:00,80.61,20165,United Kingdom
INV500964,TH-SHIRT,Oxford Shirt,1,2025-07-24 12:00,45.85,20106,United Kingdom
INV506038,TH-JACK,Denim Jacket,1,2026-05-18 15:00,115.27,20678,United Kingdom
INV504365,TH-HOOD,Fleece Hoodie,1,2025-10-24 14:00,63.59,20489,United Kingdom
INV501581,TH-DRESS,Summer Dress,2,2025-10-22 18:00,39.43,20175,United Kingdom
INV503756,TH-HOOD,Fleece Hoodie,2,2025-05-12 11:00,52.93,20420,United Kingdom
INV502747,TH-SHOE,Canvas Sneakers,2,2026-07-08 19:00,43.63,20302,United Kingdom
INV500502,TH-DRESS,Summer Dress,1,2026-04-14 17:00,96.44,20058,United Kingdom
INV500086,TH-TSHIRT,Cotton Crew T-Shirt,2,2026-06-19 17:00,21.2,20011,United Kingdom
INV503935,TH-SHIRT,Oxford Shirt,1,2025-12-03 09:00,56.43,20442,United Kingdom
INV501586,TH-HOOD,Fleece Hoodie,1,2025-12-02 17:00,49.27,20176,United Kingdom
INV503732,TH-DRESS,Summer Dress,1,2025-11-20 10:00,43.67,20416,United Kingdom
INV505039,TH-HOOD,Fleece Hoodie,1,2026-02-28 10:00,48.67,20566,United Kingdom
INV504308,TH-DRESS,Summer Dress,3,2025-09-18 16:00,70.14,20485,United Kingdom
INV500037,TH-JEAN,Slim Fit Jeans,2,2026-06-12 10:00,51.41,20005,United Kingdom
INV503164,TH-DRESS,Summer Dress,3,2025-11-07 13:00,96.04,20348,United Kingdom
INV502507,TH-SHIRT,Oxford Shirt,2,2025-12-18 12:00,43.63,20277,United Kingdom
INV504562,TH-TSHIRT,Cotton Crew T-Shirt,1,2025-07-20 20:00,15.0,20511,United Kingdom
INV502447,TH-JACK,Denim Jacket,1,2025-06-20 13:00,59.4,20269,United Kingdom
INV506055,TH-CAP,Logo Cap,2,2026-06-04 09:00,18.91,20680,United Kingdom
INV504491,TH-SHIRT,Oxford Shirt,1,2025-07-04 10:00,44.2,20503,United Kingdom
INV501251,TH-CAP,Logo Cap,3,2026-04-30 08:00,24.92,20141,United Kingdom
INV504315,TH-SHIRT,Oxford Shirt,2,2025-12-23 10:00,47.8,20485,United Kingdom
INV504065,TH-TSHIRT,Cotton Crew T-Shirt,1,2025-10-26 10:00,14.92,20455,United Kingdom
INV500007,TH-HOOD,Fleece Hoodie,1,2025-09-12 09:00,50.32,20002,United Kingdom
INV500956,TH-CAP,Logo Cap,3,2026-04-30 18:00,29.95,20104,United Kingdom
INV502143,TH-TSHIRT,Cotton Crew T-Shirt,3,2025-08-01 20:00,23.57,20236,United Kingdom
INV502462,TH-TSHIRT,Cotton Crew T-Shirt,2,2026-04-17 20:00,28.63,20271,United Kingdom
INV502317,TH-SHOE,Canvas Sneakers,1,2026-06-12 11:00,42.28,20255,United Kingdom
INV503500,TH-JACK,Denim Jacket,3,2025-10-10 12:00,106.78,20385,United Kingdom
INV505640,TH-JEAN,Slim Fit Jeans,1,2025-11-27 13:00,45.74,20636,United Kingdom
INV500510,TH-HOOD,Fleece Hoodie,3,2025-09-10 13:00,60.08,20058,United Kingdom
INV506032,TH-DRESS,Summer Dress,1,2026-02-22 16:00,56.38,20677,United Kingdom
INV503273,TH-TSHIRT,Cotton Crew T-Shirt,1,2025-12-01 10:00,17.36,20362,United Kingdom
INV500028,TH-JEAN,Slim Fit Jeans,1,2026-03-09 15:00,48.35,20004,United Kingdom
INV506195,TH-DRESS,Summer Dress,2,2025-07-14 19:00,48.84,20692,United Kingdom
INV505485,TH-TSHIRT,Cotton Crew T-Shirt,1,2025-12-28 08:00,21.47,20616,United Kingdom
INV503898,TH-TSHIRT,Cotton Crew T-Shirt,1,2025-11-10 20:00,22.96,20438,United Kingdom
INV503451,TH-HOOD,Fleece Hoodie,1,2026-04-01 18:00,49.89,20381,United Kingdom
INV505483,TH-SHIRT,Oxford Shirt,1,2025-05-11 15:00,50.81,20616,United Kingdom
INV502002,TH-HOOD,Fleece Hoodie,2,2025-07-11 18:00,57.39,20223,United Kingdom
INV500175,TH-JEAN,Slim Fit Jeans,2,2026-05-25 15:00,80.69,20021,United Kingdom
INV504919,TH-CAP,Logo Cap,2,2025-12-06 09:00,20.63,20550,United Kingdom
INV501533,TH-SHOE,Canvas Sneakers,1,2025-10-15 16:00,43.17,20170,United Kingdom
INV501436,TH-JACK,Denim Jacket,2,2026-04-11 13:00,99.45,20160,United Kingdom
INV505883,TH-SHIRT,Oxford Shirt,1,2025-08-09 09:00,40.77,20662,United Kingdom
INV504471,TH-DRESS,Summer Dress,3,2025-10-19 16:00,93.67,20501,United Kingdom
INV500993,TH-SHIRT,Oxford Shirt,2,2025-12-01 11:00,37.61,20108,United Kingdom
INV506121,TH-TSHIRT,Cotton Crew T-Shirt,3,2026-03-11 14:00,25.36,20685,United Kingdom
INV505575,TH-SHOE,Canvas Sneakers,1,2026-03-04 08:00,36.73,20628,United Kingdom
INV500224,TH-TSHIRT,Cotton Crew T-Shirt,1,2025-09-19 13:00,18.51,20027,United Kingdom
INV503888,TH-JEAN,Slim Fit Jeans,2,2026-02-16 12:00,35.73,20436,United Kingdom
INV500822,TH-DRESS,Summer Dress,3,2026-05-16 20:00,83.88,20092,United Kingdom
INV504016,TH-TSHIRT,Cotton Crew T-Shirt,2,2026-04-05 14:00,31.25,20448,United Kingdom
INV501597,TH-CAP,Logo Cap,3,2025-12-25 13:00,21.82,20177,United Kingdom
INV505525,TH-HOOD,Fleece Hoodie,1,2026-07-03 18:00,52.32,20621,United Kingdom
INV502125,TH-HOOD,Fleece Hoodie,1,2025-09-15 19:00,68.31,20234,United Kingdom
INV504133,TH-CAP,Logo Cap,2,2026-06-27 20:00,25.27,20464,United Kingdom
INV504513,TH-CAP,Logo Cap,3,2026-03-30 13:00,29.02,20506,United Kingdom
INV500489,TH-JACK,Denim Jacket,3,2025-06-18 08:00,94.13,20056,United Kingdom
INV505745,TH-CAP,Logo Cap,1,2025-06-23 20:00,26.28,20647,United Kingdom
INV502238,TH-SHOE,Canvas Sneakers,3,2025-11-17 17:00,64.78,20247,United Kingdom
INV501170,TH-TSHIRT,Cotton Crew T-Shirt,1,2026-02-26 17:00,12.86,20130,United Kingdom
INV504090,TH-SHIRT,Oxford Shirt,1,2026-02-24 12:00,50.05,20459,United Kingdom
INV505743,TH-DRESS,Summer Dress,3,2025-08-19 16:00,87.78,20647,United Kingdom
INV502981,TH-JACK,Denim Jacket,2,2026-01-13 17:00,88.52,20332,United Kingdom
INV501916,TH-TSHIRT,Cotton Crew T-Shirt,2,2026-07-04 16:00,16.12,20213,United Kingdom
INV502491,TH-CAP,Logo Cap,1,2026-01-30 13:00,22.27,20274,United Kingdom
INV501679,TH-SHOE,Canvas Sneakers,3,2025-10-23 15:00,73.65,20186,United Kingdom
INV503492,TH-JACK,Denim Jacket,1,2025-11-10 12:00,94.78,20385,United Kingdom
INV505409,TH-SHOE,Canvas Sneakers,3,2025-11-05 11:00,64.93,20609,United Kingdom
INV503193,TH-SHOE,Canvas Sneakers,1,2025-09-15 16:00,62.04,20353,United Kingdom
INV501036,TH-HOOD,Fleece Hoodie,1,2025-06-21 12:00,63.98,20112,United Kingdom
INV506037,TH-TSHIRT,Cotton Crew T-Shirt,3,2026-02-21 09:00,24.03,20678,United Kingdom
INV503900,TH-TSHIRT,Cotton Crew T-Shirt,3,2025-08-07 08:00,20.58,20438,United Kingdom
INV501369,TH-SHOE,Canvas Sneakers,1,2026-02-26 12:00,55.18,20152,United Kingdom
INV505337,TH-TSHIRT,Cotton Crew T-Shirt,1,2025-10-12 09:00,12.82,20601,United Kingdom
INV501364,TH-JACK,Denim Jacket,1,2025-09-19 08:00,72.59,20152,United Kingdom
INV504582,TH-SHIRT,Oxford Shirt,1,2026-04-15 11:00,31.06,20513,United Kingdom
INV500444,TH-DRESS,Summer Dress,2,2025-06-10 18:00,117.56,20052,United Kingdom
INV500381,TH-CAP,Logo Cap,1,2026-06-20 19:00,11.77,20045,United Kingdom
INV502400,TH-HOOD,Fleece Hoodie,1,2025-10-30 08:00,71.2,20263,United Kingdom
INV505696,TH-JEAN,Slim Fit Jeans,1,2025-12-28 09:00,57.59,20642,United Kingdom
INV501715,TH-HOOD,Fleece Hoodie,1,2025-12-01 16:00,70.88,20192,United Kingdom
INV501002,TH-CAP,Logo Cap,1,2025-07-13 11:00,18.8,20110,United Kingdom
INV504667,TH-CAP,Logo Cap,1,2025-09-22 18:00,21.88,20524,United Kingdom
INV501624,TH-TSHIRT,Cotton Crew T-Shirt,2,2025-06-22 13:00,20.01,20180,United Kingdom
INV504187,TH-HOOD,Fleece Hoodie,2,2026-05-30 09:00,35.48,20471,United Kingdom
INV502573,TH-JEAN,Slim Fit Jeans,2,2025-09-29 16:00,50.5,20283,United Kingdom
INV502202,TH-JEAN,Slim Fit Jeans,3,2026-01-03 09:00,76.56,20243,United Kingdom
INV501345,TH-JACK,Denim Jacket,2,2025-11-17 20:00,129.58,20150,United Kingdom
INV505053,TH-SHIRT,Oxford Shirt,2,2025-07-16 09:00,31.61,20567,United Kingdom
INV505750,TH-TSHIRT,Cotton Crew T-Shirt,2,2026-04-18 16:00,25.58,20647,United Kingdom
INV500873,TH-DRESS,Summer Dress,3,2025-07-10 15:00,88.55,20097,United Kingdom
INV502407,TH-SHOE,Canvas Sneakers,2,2026-02-27 09:00,25.83,20264,United Kingdom
INV501122,TH-TSHIRT,Cotton Crew T-Shirt,1,2025-12-06 17:00,9.82,20124,United Kingdom
INV500746,TH-JACK,Denim Jacket,3,2026-04-18 08:00,118.52,20083,United Kingdom
INV503492,TH-SHIRT,Oxford Shirt,1,2025-11-10 12:00,55.12,20385,United Kingdom
INV500924,TH-DRESS,Summer Dress,1,2025-09-08 12:00,86.79,20101,United Kingdom
INV503520,TH-JACK,Denim Jacket,2,2025-10-08 13:00,85.06,20388,United Kingdom
INV501090,TH-TSHIRT,Cotton Crew T-Shirt,2,2025-09-01 20:00,19.38,20119,United Kingdom
INV504798,TH-JEAN,Slim Fit Jeans,3,2026-05-24 12:00,84.95,20539,United Kingdom
INV500750,TH-JACK,Denim Jacket,3,2026-04-07 10:00,125.9,20083,United Kingdom
INV504955,TH-SHOE,Canvas Sneakers,1,2025-05-31 12:00,35.15,20554,United Kingdom
INV501703,TH-SHIRT,Oxford Shirt,3,2025-07-07 19:00,46.99,20191,United Kingdom
INV502822,TH-SHIRT,Oxford Shirt,2,2025-11-22 18:00,39.06,20311,United Kingdom
INV501680,TH-SHOE,Canvas Sneakers,2,2026-05-10 14:00,67.05,20186,United Kingdom
INV501567,TH-DRESS,Summer Dress,3,2026-02-11 08:00,88.3,20173,United Kingdom
INV505353,TH-TSHIRT,Cotton Crew T-Shirt,1,2026-04-21 11:00,18.45,20602,United Kingdom
INV504572,TH-SHOE,Canvas Sneakers,3,2025-07-18 14:00,76.11,20512,United Kingdom
INV505565,TH-HOOD,Fleece Hoodie,2,2026-02-09 16:00,47.36,20627,United Kingdom
INV503991,TH-HOOD,Fleece Hoodie,2,2026-04-03 20:00,46.0,20446,United Kingdom
INV505994,TH-DRESS,Summer Dress,2,2026-07-15 14:00,89.03,20673,United Kingdom
INV504905,TH-JACK,Denim Jacket,3,2026-03-01 10:00,94.26,20548,United Kingdom
INV500263,TH-HOOD,Fleece Hoodie,2,2026-05-08 18:00,54.36,20031,United Kingdom
INV504993,TH-DRESS,Summer Dress,1,2026-06-15 12:00,57.82,20560,United Kingdom
INV504166,TH-SHIRT,Oxford Shirt,2,2025-11-10 10:00,40.38,20469,United Kingdom
INV503963,TH-SHOE,Canvas Sneakers,1,2025-10-25 15:00,87.58,20443,United Kingdom
INV503852,TH-DRESS,Summer Dress,3,2025-06-20 09:00,81.94,20433,United Kingdom
INV505221,TH-CAP,Logo Cap,1,2025-10-18 17:00,17.82,20584,United Kingdom
INV500168,TH-HOOD,Fleece Hoodie,3,2025-07-02 11:00,68.29,20021,United Kingdom
INV503962,TH-JEAN,Slim Fit Jeans,3,2025-12-22 08:00,99.97,20443,United Kingdom
INV505992,TH-SHIRT,Oxford Shirt,2,2025-10-09 14:00,56.77,20673,United Kingdom
INV503347,TH-DRESS,Summer Dress,1,2026-05-31 18:00,53.54,20370,United Kingdom
INV506115,TH-CAP,Logo Cap,1,2026-06-21 12:00,26.07,20685,United Kingdom
INV500679,TH-HOOD,Fleece Hoodie,1,2025-06-16 08:00,60.76,20076,United Kingdom
INV505810,TH-DRESS,Summer Dress,2,2026-05-13 19:00,50.43,20654,United Kingdom
INV505297,TH-SHOE,Canvas Sneakers,2,2026-01-24 19:00,48.65,20596,United Kingdom
INV506029,TH-DRESS,Summer Dress,2,2025-12-11 10:00,64.61,20676,United Kingdom
INV505192,TH-HOOD,Fleece Hoodie,2,2026-06-27 14:00,72.37,20581,United Kingdom
INV500155,TH-SHIRT,Oxford Shirt,2,2026-06-20 20:00,44.0,20020,United Kingdom
INV503530,TH-TSHIRT,Cotton Crew T-Shirt,1,2025-07-09 09:00,15.76,20389,United Kingdom
INV501424,TH-SHIRT,Oxford Shirt,3,2026-04-21 12:00,48.49,20159,United Kingdom
INV501753,TH-SHIRT,Oxford Shirt,2,2025-07-08 15:00,64.68,20196,United Kingdom
INV504272,TH-SHIRT,Oxford Shirt,1,2025-11-10 13:00,43.97,20481,United Kingdom
INV504297,TH-HOOD,Fleece Hoodie,1,2026-05-28 15:00,57.5,20484,United Kingdom
INV506176,TH-SHOE,Canvas Sneakers,1,2026-02-09 14:00,50.35,20690,United Kingdom
INV503862,TH-JACK,Denim Jacket,1,2026-01-25 12:00,97.11,20434,United Kingdom
INV505260,TH-DRESS,Summer Dress,2,2025-09-01 17:00,42.04,20589,United Kingdom
INV505018,TH-SHOE,Canvas Sneakers,3,2025-07-27 09:00,79.45,20564,United Kingdom
INV501057,TH-HOOD,Fleece Hoodie,2,2025-06-26 14:00,59.1,20114,United Kingdom
INV502172,TH-SHOE,Canvas Sneakers,1,2026-03-30 14:00,51.97,20240,United Kingdom
INV502738,TH-DRESS,Summer Dress,1,2025-11-02 08:00,80.55,20301,United Kingdom
INV506236,TH-CAP,Logo Cap,1,2026-02-25 11:00,20.42,20696,United Kingdom
INV506188,TH-SHOE,Canvas Sneakers,2,2025-08-14 11:00,64.28,20691,United Kingdom
INV505747,TH-SHOE,Canvas Sneakers,3,2025-08-31 10:00,75.13,20647,United Kingdom
INV500617,TH-JEAN,Slim Fit Jeans,2,2026-02-23 20:00,84.67,20069,United Kingdom
INV504317,TH-JEAN,Slim Fit Jeans,3,2025-12-04 09:00,67.52,20485,United Kingdom
INV506081,TH-TSHIRT,Cotton Crew T-Shirt,2,2026-06-08 12:00,23.09,20682,United Kingdom
INV501184,TH-JEAN,Slim Fit Jeans,2,2026-05-10 15:00,80.93,20131,United Kingdom
INV502568,TH-SHOE,Canvas Sneakers,1,2026-05-24 19:00,47.74,20283,United Kingdom
INV500784,TH-JEAN,Slim Fit Jeans,2,2026-06-13 08:00,64.6,20086,United Kingdom
INV500753,TH-HOOD,Fleece Hoodie,2,2025-09-26 20:00,67.18,20083,United Kingdom
INV503383,TH-HOOD,Fleece Hoodie,3,2025-08-12 13:00,54.84,20375,United Kingdom
INV503420,TH-JACK,Denim Jacket,1,2026-03-17 14:00,57.21,20379,United Kingdom
INV503659,TH-SHOE,Canvas Sneakers,2,2025-12-06 14:00,50.64,20406,United Kingdom
INV504118,TH-SHIRT,Oxford Shirt,2,2025-10-22 18:00,56.19,20462,United Kingdom
INV504167,TH-CAP,Logo Cap,1,2025-06-01 20:00,17.29,20469,United Kingdom
INV501351,TH-TSHIRT,Cotton Crew T-Shirt,2,2026-07-14 18:00,25.69,20150,United Kingdom
INV502590,TH-TSHIRT,Cotton Crew T-Shirt,2,2025-10-24 11:00,19.55,20285,United Kingdom
INV504169,TH-DRESS,Summer Dress,1,2025-10-26 08:00,57.14,20469,United Kingdom
INV503717,TH-JEAN,Slim Fit Jeans,1,2025-08-12 14:00,77.95,20414,United Kingdom
INV505874,TH-DRESS,Summer Dress,1,2025-08-04 16:00,95.81,20660,United Kingdom
INV504780,TH-TSHIRT,Cotton Crew T-Shirt,3,2026-01-02 10:00,23.49,20537,United Kingdom
INV503054,TH-JACK,Denim Jacket,1,2025-08-04 08:00,119.33,20337,United Kingdom
INV501585,TH-SHOE,Canvas Sneakers,1,2026-03-02 15:00,50.73,20176,United Kingdom
INV501014,TH-CAP,Logo Cap,3,2025-12-19 13:00,27.08,20111,United Kingdom
INV505709,TH-DRESS,Summer Dress,3,2025-10-03 20:00,81.2,20644,United Kingdom
INV505007,TH-HOOD,Fleece Hoodie,2,2025-05-18 17:00,37.75,20562,United Kingdom
INV503247,TH-DRESS,Summer Dress,2,2026-03-22 09:00,54.45,20359,United Kingdom
INV501314,TH-HOOD,Fleece Hoodie,1,2025-10-04 16:00,51.01,20147,United Kingdom
INV500383,TH-CAP,Logo Cap,1,2025-09-01 10:00,17.97,20046,United Kingdom
INV506171,TH-DRESS,Summer Dress,2,2025-12-26 19:00,76.96,20689,United Kingdom
INV504006,TH-CAP,Logo Cap,2,2026-06-18 20:00,30.98,20448,United Kingdom
INV500492,TH-JEAN,Slim Fit Jeans,2,2025-06-28 10:00,68.3,20057,United Kingdom
INV505656,TH-CAP,Logo Cap,2,2025-11-11 11:00,19.71,20637,United Kingdom
INV503627,TH-CAP,Logo Cap,1,2026-03-18 13:00,17.86,20402,United Kingdom
INV500816,TH-JEAN,Slim Fit Jeans,2,2025-12-12 09:00,39.93,20091,United Kingdom
INV500558,TH-DRESS,Summer Dress,1,2026-07-01 16:00,71.55,20063,United Kingdom
INV505844,TH-TSHIRT,Cotton Crew T-Shirt,2,2026-03-27 18:00,22.11,20658,United Kingdom
INV500561,TH-SHIRT,Oxford Shirt,2,2025-10-20 12:00,38.26,20063,United Kingdom
INV504790,TH-HOOD,Fleece Hoodie,2,2025-10-11 18:00,43.08,20538,United Kingdom
INV504021,TH-SHIRT,Oxford Shirt,2,2025-10-24 16:00,37.5,20449,United Kingdom
INV503217,TH-SHIRT,Oxford Shirt,2,2025-12-23 08:00,35.93,20355,United Kingdom
INV504426,TH-JEAN,Slim Fit Jeans,3,2025-06-07 10:00,84.27,20496,United Kingdom
INV500983,TH-DRESS,Summer Dress,1,2025-12-04 20:00,61.72,20107,United Kingdom
INV503874,TH-TSHIRT,Cotton Crew T-Shirt,2,2025-08-17 08:00,26.88,20435,United Kingdom
INV501640,TH-JACK,Denim Jacket,1,2025-07-16 15:00,88.06,20182,United Kingdom
INV502616,TH-HOOD,Fleece Hoodie,3,2026-03-17 12:00,66.65,20289,United Kingdom
INV502138,TH-JACK,Denim Jacket,1,2026-03-12 09:00,63.68,20235,United Kingdom
INV503378,TH-CAP,Logo Cap,2,2026-01-30 17:00,10.49,20374,United Kingdom
INV500733,TH-CAP,Logo Cap,1,2025-08-18 20:00,25.35,20081,United Kingdom
INV502789,TH-TSHIRT,Cotton Crew T-Shirt,1,2026-05-04 15:00,11.03,20308,United Kingdom
INV505460,TH-SHOE,Canvas Sneakers,2,2026-07-10 17:00,36.17,20614,United Kingdom
INV503957,TH-TSHIRT,Cotton Crew T-Shirt,1,2025-11-02 14:00,30.28,20443,United Kingdom
INV500042,TH-JEAN,Slim Fit Jeans,2,2026-01-19 19:00,82.25,20006,United Kingdom
INV505477,TH-DRESS,Summer Dress,3,2026-06-22 18:00,81.85,20616,United Kingdom
INV502735,TH-JACK,Denim Jacket,3,2026-03-02 11:00,116.07,20301,United Kingdom
INV500306,TH-SHOE,Canvas Sneakers,1,2025-11-11 15:00,66.42,20036,United Kingdom
INV500931,TH-JACK,Denim Jacket,2,2026-01-21 15:00,104.48,20102,United Kingdom
INV505464,TH-SHIRT,Oxford Shirt,1,2025-08-08 20:00,37.29,20615,United Kingdom
INV501486,TH-JACK,Denim Jacket,3,2025-11-13 18:00,110.52,20166,United Kingdom
INV504361,TH-TSHIRT,Cotton Crew T-Shirt,2,2025-05-27 17:00,24.32,20489,United Kingdom
INV500606,TH-JACK,Denim Jacket,1,2026-01-18 19:00,60.73,20068,United Kingdom
INV503703,TH-JEAN,Slim Fit Jeans,1,2025-05-21 13:00,66.1,20412,United Kingdom
INV506233,TH-TSHIRT,Cotton Crew T-Shirt,1,2025-05-31 15:00,17.8,20696,United Kingdom
INV502628,TH-SHOE,Canvas Sneakers,3,2025-09-23 09:00,86.19,20290,United Kingdom
INV501071,TH-JEAN,Slim Fit Jeans,3,2025-07-03 19:00,81.9,20115,United Kingdom
INV504245,TH-SHOE,Canvas Sneakers,2,2026-04-27 16:00,64.79,20478,United Kingdom
INV503787,TH-TSHIRT,Cotton Crew T-Shirt,2,2025-12-28 13:00,20.52,20425,United Kingdom
INV500249,TH-SHIRT,Oxford Shirt,1,2026-02-23 20:00,38.42,20030,United Kingdom
INV501405,TH-CAP,Logo Cap,2,2026-04-23 19:00,22.26,20157,United Kingdom
INV505556,TH-DRESS,Summer Dress,2,2026-02-11 20:00,87.34,20626,United Kingdom
INV503840,TH-SHOE,Canvas Sneakers,2,2025-09-12 09:00,63.08,20431,United Kingdom
INV502526,TH-HOOD,Fleece Hoodie,3,2026-05-17 08:00,65.28,20279,United Kingdom
INV503891,TH-JACK,Denim Jacket,2,2025-10-07 17:00,97.73,20438,United Kingdom
INV504205,TH-JEAN,Slim Fit Jeans,2,2025-07-10 10:00,70.77,20474,United Kingdom
INV505224,TH-SHOE,Canvas Sneakers,2,2026-02-23 18:00,51.54,20584,United Kingdom
INV503282,TH-SHIRT,Oxford Shirt,1,2026-02-17 17:00,37.96,20363,United Kingdom
INV502441,TH-HOOD,Fleece Hoodie,1,2025-05-20 18:00,55.17,20268,United Kingdom
INV502118,TH-JACK,Denim Jacket,2,2026-02-07 15:00,108.4,20234,United Kingdom
INV500839,TH-JEAN,Slim Fit Jeans,3,2025-10-26 13:00,92.08,20093,United Kingdom
INV503555,TH-JEAN,Slim Fit Jeans,1,2025-10-14 09:00,46.45,20393,United Kingdom
INV501353,TH-SHIRT,Oxford Shirt,1,2026-03-04 12:00,58.43,20150,United Kingdom
INV503841,TH-JEAN,Slim Fit Jeans,2,2025-08-30 10:00,72.86,20431,United Kingdom
INV505029,TH-CAP,Logo Cap,1,2026-06-18 15:00,27.9,20564,United Kingdom
INV505856,TH-CAP,Logo Cap,2,2026-06-29 09:00,13.74,20659,United Kingdom
INV505798,TH-HOOD,Fleece Hoodie,2,2026-05-31 09:00,51.07,20652,United Kingdom
INV504351,TH-DRESS,Summer Dress,3,2026-02-11 20:00,103.09,20489,United Kingdom
INV504776,TH-DRESS,Summer Dress,3,2025-11-24 15:00,103.49,20537,United Kingdom
INV505119,TH-JACK,Denim Jacket,1,2025-12-05 12:00,85.29,20573,United Kingdom
INV501674,TH-SHOE,Canvas Sneakers,1,2026-06-05 08:00,72.03,20186,United Kingdom
INV503019,TH-JACK,Denim Jacket,1,2025-07-14 20:00,105.44,20335,United Kingdom
INV505232,TH-SHOE,Canvas Sneakers,2,2025-08-16 10:00,54.11,20585,United Kingdom
INV502205,TH-SHOE,Canvas Sneakers,1,2026-07-03 08:00,29.29,20244,United Kingdom
INV501589,TH-JEAN,Slim Fit Jeans,2,2026-07-05 09:00,56.57,20176,United Kingdom
INV503121,TH-JACK,Denim Jacket,3,2026-05-10 08:00,99.93,20343,United Kingdom
INV501473,TH-HOOD,Fleece Hoodie,1,2025-07-09 16:00,49.34,20164,United Kingdom
INV505179,TH-JEAN,Slim Fit Jeans,2,2026-06-06 15:00,62.32,20580,United Kingdom
INV501878,TH-SHOE,Canvas Sneakers,2,2025-05-17 16:00,57.3,20209,United Kingdom
INV505449,TH-HOOD,Fleece Hoodie,1,2026-04-16 19:00,53.49,20613,United Kingdom
INV506075,TH-SHOE,Canvas Sneakers,1,2025-06-05 14:00,61.77,20681,United Kingdom
INV502212,TH-SHIRT,Oxford Shirt,3,2026-06-28 09:00,54.11,20245,United Kingdom
INV503002,TH-DRESS,Summer Dress,3,2025-07-11 16:00,86.69,20334,United Kingdom
INV504182,TH-SHOE,Canvas Sneakers,1,2026-01-25 12:00,68.51,20470,United Kingdom
INV503355,TH-JACK,Denim Jacket,1,2026-05-13 18:00,78.12,20370,United Kingdom
INV500526,TH-HOOD,Fleece Hoodie,2,2025-08-08 10:00,41.42,20060,United Kingdom
INV504111,TH-SHIRT,Oxford Shirt,1,2025-05-16 11:00,56.65,20462,United Kingdom
INV506206,TH-DRESS,Summer Dress,1,2026-04-05 17:00,66.91,20693,United Kingdom
INV500713,TH-HOOD,Fleece Hoodie,3,2025-09-11 13:00,61.46,20080,United Kingdom
INV503370,TH-JACK,Denim Jacket,3,2025-06-16 08:00,104.47,20372,United Kingdom
INV502815,TH-HOOD,Fleece Hoodie,2,2025-12-21 08:00,62.93,20310,United Kingdom
INV503885,TH-TSHIRT,Cotton Crew T-Shirt,2,2026-05-12 13:00,27.06,20435,United Kingdom
INV503783,TH-HOOD,Fleece Hoodie,2,2025-08-28 08:00,32.24,20424,United Kingdom
INV501175,TH-JACK,Denim Jacket,1,2025-06-12 14:00,100.91,20131,United Kingdom
INV502494,TH-DRESS,Summer Dress,3,2025-06-16 19:00,80.06,20274,United Kingdom
INV506033,TH-DRESS,Summer Dress,2,2025-11-08 08:00,63.83,20677,United Kingdom
INV502403,TH-HOOD,Fleece Hoodie,3,2025-08-22 16:00,69.54,20263,United Kingdom
INV500802,TH-HOOD,Fleece Hoodie,1,2026-04-22 17:00,42.14,20089,United Kingdom
INV501988,TH-JACK,Denim Jacket,2,2026-07-05 20:00,93.7,20220,United Kingdom
INV503184,TH-JACK,Denim Jacket,2,2025-09-11 17:00,95.24,20351,United Kingdom
INV501352,TH-CAP,Logo Cap,2,2025-09-10 19:00,26.66,20150,United Kingdom
INV500800,TH-HOOD,Fleece Hoodie,1,2026-04-26 09:00,39.59,20089,United Kingdom
INV505871,TH-JEAN,Slim Fit Jeans,2,2026-04-15 17:00,84.71,20660,United Kingdom
INV503961,TH-SHOE,Canvas Sneakers,2,2025-09-13 14:00,93.86,20443,United Kingdom
INV503201,TH-CAP,Logo Cap,2,2026-03-30 10:00,22.05,20353,United Kingdom
INV503116,TH-CAP,Logo Cap,1,2026-04-12 19:00,24.87,20343,United Kingdom
INV503863,TH-JACK,Denim Jacket,1,2026-06-29 14:00,99.77,20434,United Kingdom
INV501820,TH-SHOE,Canvas Sneakers,2,2026-04-09 08:00,69.12,20202,United Kingdom
INV500994,TH-HOOD,Fleece Hoodie,1,2025-11-05 12:00,41.88,20108,United Kingdom
INV506092,TH-SHIRT,Oxford Shirt,1,2025-09-17 09:00,62.36,20682,United Kingdom
INV502849,TH-TSHIRT,Cotton Crew T-Shirt,1,2025-10-27 08:00,19.46,20314,United Kingdom
INV505495,TH-HOOD,Fleece Hoodie,2,2026-04-06 20:00,54.13,20617,United Kingdom
INV505157,TH-DRESS,Summer Dress,1,2026-05-21 09:00,86.26,20578,United Kingdom
INV500609,TH-DRESS,Summer Dress,3,2025-05-28 15:00,92.12,20069,United Kingdom
INV500801,TH-TSHIRT,Cotton Crew T-Shirt,1,2026-06-30 13:00,15.5,20089,United Kingdom
INV506270,TH-TSHIRT,Cotton Crew T-Shirt,1,2026-02-05 11:00,19.78,20700,United Kingdom
INV502890,TH-DRESS,Summer Dress,1,2025-12-29 14:00,29.69,20319,United Kingdom
INV504208,TH-JACK,Denim Jacket,3,2025-12-26 17:00,107.8,20474,United Kingdom
INV502915,TH-HOOD,Fleece Hoodie,1,2026-03-21 12:00,39.04,20324,United Kingdom
INV506143,TH-TSHIRT,Cotton Crew T-Shirt,1,2026-01-27 20:00,11.58,20687,United Kingdom
INV502673,TH-JEAN,Slim Fit Jeans,2,2025-10-25 10:00,82.0,20294,United Kingdom
INV501723,TH-HOOD,Fleece Hoodie,3,2025-12-24 09:00,66.12,20192,United Kingdom
INV504002,TH-SHIRT,Oxford Shirt,1,2026-02-28 10:00,41.52,20447,United Kingdom
INV504616,TH-CAP,Logo Cap,2,2025-10-24 11:00,12.37,20518,United Kingdom
INV502695,TH-DRESS,Summer Dress,1,2026-03-10 17:00,59.4,20297,United Kingdom
INV504501,TH-SHOE,Canvas Sneakers,2,2025-08-21 13:00,88.2,20504,United Kingdom
INV504874,TH-TSHIRT,Cotton Crew T-Shirt,2,2025-08-15 11:00,19.72,20545,United Kingdom
INV503853,TH-JACK,Denim Jacket,2,2026-06-09 10:00,98.75,20433,United Kingdom
INV503309,TH-JEAN,Slim Fit Jeans,2,2025-12-26 12:00,63.23,20366,United Kingdom
INV500840,TH-DRESS,Summer Dress,2,2026-04-30 09:00,100.42,20093,United Kingdom
INV501893,TH-DRESS,Summer Dress,1,2026-03-06 16:00,65.08,20211,United Kingdom
INV500121,TH-SHOE,Canvas Sneakers,1,2026-06-27 20:00,42.67,20016,United Kingdom
INV505023,TH-SHIRT,Oxford Shirt,3,2025-12-01 20:00,55.37,20564,United Kingdom
INV505374,TH-HOOD,Fleece Hoodie,2,2026-03-04 11:00,49.63,20605,United Kingdom
INV501998,TH-JACK,Denim Jacket,2,2025-09-12 19:00,66.09,20222,United Kingdom
INV503980,TH-JACK,Denim Jacket,1,2025-08-08 09:00,60.35,20445,United Kingdom
INV504502,TH-TSHIRT,Cotton Crew T-Shirt,1,2025-09-30 18:00,26.52,20504,United Kingdom
INV502148,TH-SHOE,Canvas Sneakers,1,2025-10-05 14:00,74.64,20236,United Kingdom
INV500684,TH-CAP,Logo Cap,2,2026-06-07 19:00,17.01,20077,United Kingdom
INV502457,TH-DRESS,Summer Dress,2,2025-05-25 09:00,107.44,20271,United Kingdom
INV504852,TH-SHIRT,Oxford Shirt,1,2025-07-11 10:00,50.23,20543,United Kingdom
INV504698,TH-TSHIRT,Cotton Crew T-Shirt,2,2026-02-12 20:00,17.88,20529,United Kingdom
INV503561,TH-JEAN,Slim Fit Jeans,1,2025-12-21 20:00,49.83,20393,United Kingdom
INV500346,TH-JEAN,Slim Fit Jeans,2,2025-12-25 14:00,70.13,20040,United Kingdom
INV502590,TH-SHOE,Canvas Sneakers,1,2025-10-24 11:00,64.4,20285,United Kingdom
INV501759,TH-SHIRT,Oxford Shirt,1,2026-02-28 16:00,61.47,20196,United Kingdom
INV503506,TH-TSHIRT,Cotton Crew T-Shirt,1,2025-07-26 11:00,21.84,20386,United Kingdom
INV501463,TH-TSHIRT,Cotton Crew T-Shirt,2,2026-01-13 16:00,16.71,20163,United Kingdom
INV502583,TH-SHOE,Canvas Sneakers,1,2025-10-17 15:00,60.01,20285,United Kingdom
INV503837,TH-TSHIRT,Cotton Crew T-Shirt,3,2025-10-08 08:00,19.47,20431,United Kingdom
INV502140,TH-JEAN,Slim Fit Jeans,3,2026-02-21 10:00,69.1,20236,United Kingdom
INV502794,TH-DRESS,Summer Dress,2,2026-06-03 16:00,79.93,20309,United Kingdom
INV503827,TH-DRESS,Summer Dress,1,2025-12-30 13:00,71.85,20430,United Kingdom
INV504192,TH-CAP,Logo Cap,1,2025-06-27 15:00,18.42,20473,United Kingdom
INV504973,TH-JEAN,Slim Fit Jeans,2,2025-12-11 12:00,48.37,20557,United Kingdom
INV503966,TH-SHIRT,Oxford Shirt,3,2025-05-23 08:00,68.98,20443,United Kingdom
INV505051,TH-SHIRT,Oxford Shirt,1,2026-03-23 14:00,30.86,20567,United Kingdom
INV504112,TH-JACK,Denim Jacket,2,2025-10-18 12:00,125.46,20462,United Kingdom
INV503694,TH-TSHIRT,Cotton Crew T-Shirt,1,2026-04-19 18:00,17.89,20411,United Kingdom
INV503504,TH-HOOD,Fleece Hoodie,3,2025-11-26 12:00,54.4,20386,United Kingdom
INV505815,TH-SHOE,Canvas Sneakers,1,2026-05-09 11:00,46.31,20655,United Kingdom
INV502932,TH-HOOD,Fleece Hoodie,2,2026-02-09 13:00,43.91,20326,United Kingdom
INV503100,TH-SHIRT,Oxford Shirt,2,2026-05-13 15:00,44.03,20341,United Kingdom
INV505074,TH-JACK,Denim Jacket,2,2026-01-13 09:00,85.82,20569,United Kingdom
INV505797,TH-JACK,Denim Jacket,2,2025-05-15 12:00,85.19,20652,United Kingdom
INV500104,TH-DRESS,Summer Dress,3,2026-01-21 19:00,89.79,20014,United Kingdom
INV503936,TH-HOOD,Fleece Hoodie,3,2026-04-20 13:00,62.58,20442,United Kingdom
INV503334,TH-JEAN,Slim Fit Jeans,1,2025-11-24 11:00,53.32,20368,United Kingdom
INV500300,TH-TSHIRT,Cotton Crew T-Shirt,3,2025-11-01 19:00,24.33,20036,United Kingdom
INV504913,TH-SHIRT,Oxford Shirt,2,2025-12-05 08:00,39.41,20550,United Kingdom
INV503937,TH-DRESS,Summer Dress,3,2026-02-27 14:00,90.79,20442,United Kingdom
INV500938,TH-HOOD,Fleece Hoodie,1,2025-05-29 14:00,40.79,20103,United Kingdom
INV502248,TH-DRESS,Summer Dress,1,2026-06-18 11:00,61.92,20249,United Kingdom
INV501167,TH-HOOD,Fleece Hoodie,2,2026-05-22 20:00,32.15,20130,United Kingdom
INV505064,TH-CAP,Logo Cap,3,2025-10-04 19:00,25.7,20568,United Kingdom
INV504803,TH-JEAN,Slim Fit Jeans,1,2026-06-18 11:00,95.64,20539,United Kingdom
INV506164,TH-DRESS,Summer Dress,2,2025-09-05 16:00,76.65,20689,United Kingdom
INV500527,TH-SHOE,Canvas Sneakers,2,2026-04-12 16:00,47.38,20060,United Kingdom
INV501762,TH-CAP,Logo Cap,3,2025-05-12 18:00,28.74,20196,United Kingdom
INV504586,TH-HOOD,Fleece Hoodie,1,2026-05-12 15:00,37.01,20513,United Kingdom
INV503584,TH-HOOD,Fleece Hoodie,2,2026-06-24 20:00,55.54,20396,United Kingdom
INV500173,TH-JACK,Denim Jacket,1,2025-05-16 14:00,114.46,20021,United Kingdom
INV503250,TH-TSHIRT,Cotton Crew T-Shirt,2,2026-01-22 17:00,18.46,20360,United Kingdom
INV504086,TH-CAP,Logo Cap,2,2026-01-11 08:00,24.99,20459,United Kingdom
INV506161,TH-DRESS,Summer Dress,2,2026-03-18 14:00,82.93,20688,United Kingdom
INV502314,TH-TSHIRT,Cotton Crew T-Shirt,1,2025-07-26 17:00,15.32,20255,United Kingdom
INV501778,TH-TSHIRT,Cotton Crew T-Shirt,1,2026-05-16 08:00,27.25,20198,United Kingdom
INV503796,TH-DRESS,Summer Dress,2,2025-10-11 14:00,52.31,20426,United Kingdom
INV501787,TH-SHIRT,Oxford Shirt,2,2025-10-03 12:00,49.39,20199,United Kingdom
INV505117,TH-DRESS,Summer Dress,1,2025-10-16 13:00,63.13,20573,United Kingdom
INV504960,TH-JACK,Denim Jacket,2,2025-10-15 14:00,73.37,20556,United Kingdom
INV502326,TH-DRESS,Summer Dress,1,2025-08-02 17:00,61.88,20256,United Kingdom
INV505237,TH-CAP,Logo Cap,2,2025-05-12 19:00,10.66,20586,United Kingdom
INV500085,TH-SHOE,Canvas Sneakers,2,2025-10-13 10:00,61.72,20011,United Kingdom
INV503305,TH-TSHIRT,Cotton Crew T-Shirt,2,2025-05-30 13:00,18.79,20366,United Kingdom
INV501729,TH-JEAN,Slim Fit Jeans,1,2026-02-25 19:00,60.34,20193,United Kingdom
INV500749,TH-TSHIRT,Cotton Crew T-Shirt,1,2026-04-17 08:00,23.73,20083,United Kingdom
INV500582,TH-HOOD,Fleece Hoodie,2,2026-01-07 17:00,57.67,20066,United Kingdom
INV503706,TH-HOOD,Fleece Hoodie,3,2026-03-06 18:00,51.82,20412,United Kingdom
INV504546,TH-DRESS,Summer Dress,2,2026-05-13 12:00,81.88,20509,United Kingdom
INV505934,TH-JEAN,Slim Fit Jeans,3,2025-11-01 14:00,73.86,20668,United Kingdom
INV502269,TH-SHIRT,Oxford Shirt,1,2026-02-22 20:00,53.69,20251,United Kingdom
INV502964,TH-JACK,Denim Jacket,2,2026-05-24 16:00,94.6,20330,United Kingdom
INV502975,TH-SHIRT,Oxford Shirt,2,2026-02-16 11:00,39.77,20331,United Kingdom
INV503411,TH-JACK,Denim Jacket,1,2025-12-02 18:00,93.59,20377,United Kingdom
INV500470,TH-DRESS,Summer Dress,2,2025-12-12 08:00,76.16,20054,United Kingdom
INV504391,TH-JACK,Denim Jacket,2,2025-09-04 12:00,120.7,20491,United Kingdom
INV501656,TH-HOOD,Fleece Hoodie,1,2025-07-13 11:00,43.5,20184,United Kingdom
INV505134,TH-HOOD,Fleece Hoodie,1,2025-08-15 17:00,57.75,20576,United Kingdom
INV506128,TH-TSHIRT,Cotton Crew T-Shirt,3,2026-05-06 13:00,22.91,20685,United Kingdom
INV505417,TH-JEAN,Slim Fit Jeans,3,2026-03-17 08:00,84.8,20610,United Kingdom
INV503366,TH-DRESS,Summer Dress,3,2025-11-05 18:00,89.56,20372,United Kingdom
INV504209,TH-DRESS,Summer Dress,3,2025-07-16 20:00,82.29,20474,United Kingdom
INV505454,TH-CAP,Logo Cap,1,2025-07-01 15:00,21.89,20613,United Kingdom
INV502580,TH-SHIRT,Oxford Shirt,1,2026-02-08 16:00,46.0,20285,United Kingdom
INV503446,TH-SHIRT,Oxford Shirt,1,2025-10-19 11:00,40.39,20381,United Kingdom
INV501131,TH-DRESS,Summer Dress,3,2026-05-15 11:00,96.02,20126,United Kingdom
INV501842,TH-JEAN,Slim Fit Jeans,2,2025-05-31 19:00,47.85,20204,United Kingdom
INV502749,TH-TSHIRT,Cotton Crew T-Shirt,1,2025-08-16 11:00,19.09,20303,United Kingdom
INV502094,TH-JEAN,Slim Fit Jeans,2,2026-05-15 12:00,44.81,20232,United Kingdom
INV502125,TH-SHOE,Canvas Sneakers,1,2025-09-15 19:00,81.66,20234,United Kingdom
INV501299,TH-CAP,Logo Cap,3,2026-02-11 18:00,25.15,20144,United Kingdom
INV505617,TH-SHOE,Canvas Sneakers,1,2025-06-28 11:00,74.71,20633,United Kingdom
INV504562,TH-DRESS,Summer Dress,2,2025-07-20 20:00,57.45,20511,United Kingdom
INV501733,TH-JEAN,Slim Fit Jeans,2,2025-10-01 10:00,58.28,20193,United Kingdom
INV505067,TH-JACK,Denim Jacket,3,2026-04-02 16:00,108.99,20568,United Kingdom
INV505468,TH-SHIRT,Oxford Shirt,2,2026-06-10 10:00,36.94,20615,United Kingdom
INV504450,TH-JEAN,Slim Fit Jeans,2,2026-07-15 16:00,32.86,20499,United Kingdom
INV502311,TH-SHIRT,Oxford Shirt,2,2026-03-24 12:00,32.04,20255,United Kingdom
INV505479,TH-JACK,Denim Jacket,2,2025-10-05 13:00,103.14,20616,United Kingdom
INV501290,TH-DRESS,Summer Dress,3,2025-12-29 19:00,97.36,20144,United Kingdom
INV501029,TH-CAP,Logo Cap,2,2026-05-27 12:00,24.02,20112,United Kingdom
INV503551,TH-JACK,Denim Jacket,1,2025-06-21 17:00,58.1,20393,United Kingdom
INV500018,TH-HOOD,Fleece Hoodie,2,2026-01-15 15:00,38.49,20003,United Kingdom
INV502555,TH-JEAN,Slim Fit Jeans,1,2025-12-08 09:00,62.85,20281,United Kingdom
INV503624,TH-TSHIRT,Cotton Crew T-Shirt,1,2026-03-20 10:00,11.32,20401,United Kingdom
INV504532,TH-JEAN,Slim Fit Jeans,1,2025-10-11 18:00,42.4,20507,United Kingdom
INV505145,TH-SHIRT,Oxford Shirt,3,2025-10-29 12:00,47.93,20576,United Kingdom
INV502398,TH-SHIRT,Oxford Shirt,1,2026-05-31 17:00,57.66,20263,United Kingdom
INV505103,TH-DRESS,Summer Dress,1,2025-07-27 16:00,56.11,20572,United Kingdom
INV503663,TH-SHOE,Canvas Sneakers,1,2026-01-14 19:00,74.31,20407,United Kingdom
INV504952,TH-HOOD,Fleece Hoodie,1,2025-06-14 10:00,28.68,20554,United Kingdom
INV505004,TH-HOOD,Fleece Hoodie,3,2025-11-22 13:00,61.83,20561,United Kingdom
INV505564,TH-HOOD,Fleece Hoodie,2,2026-02-28 18:00,42.71,20627,United Kingdom
INV503465,TH-CAP,Logo Cap,3,2025-05-22 08:00,29.22,20382,United Kingdom
INV503689,TH-JACK,Denim Jacket,1,2025-12-24 09:00,85.56,20411,United Kingdom
INV502436,TH-SHOE,Canvas Sneakers,2,2026-03-20 19:00,70.94,20268,United Kingdom
INV505360,TH-HOOD,Fleece Hoodie,1,2025-12-17 18:00,52.39,20603,United Kingdom
INV500769,TH-DRESS,Summer Dress,2,2026-07-04 15:00,87.85,20085,United Kingdom
INV501341,TH-JACK,Denim Jacket,1,2025-10-01 16:00,129.41,20150,United Kingdom
INV502962,TH-CAP,Logo Cap,2,2025-05-15 16:00,19.87,20330,United Kingdom
INV503012,TH-SHIRT,Oxford Shirt,2,2026-02-11 20:00,56.08,20334,United Kingdom
INV505616,TH-SHIRT,Oxford Shirt,3,2026-06-16 20:00,52.11,20633,United Kingdom
INV504571,TH-TSHIRT,Cotton Crew T-Shirt,1,2025-09-27 13:00,23.58,20512,United Kingdom
INV503745,TH-JACK,Denim Jacket,1,2026-01-26 09:00,100.65,20419,United Kingdom
INV505650,TH-JEAN,Slim Fit Jeans,1,2025-08-10 17:00,57.69,20637,United Kingdom
INV501141,TH-SHIRT,Oxford Shirt,1,2025-06-23 10:00,54.03,20126,United Kingdom
INV502356,TH-JACK,Denim Jacket,2,2026-06-28 15:00,64.8,20259,United Kingdom
INV500571,TH-JEAN,Slim Fit Jeans,2,2025-12-18 08:00,77.74,20064,United Kingdom
INV504727,TH-JEAN,Slim Fit Jeans,1,2026-05-22 12:00,78.65,20532,United Kingdom
INV502562,TH-SHIRT,Oxford Shirt,1,2025-09-13 15:00,34.09,20282,United Kingdom
INV502632,TH-JACK,Denim Jacket,2,2026-01-03 15:00,127.05,20290,United Kingdom
INV503018,TH-CAP,Logo Cap,1,2025-09-14 13:00,24.56,20335,United Kingdom
INV503819,TH-HOOD,Fleece Hoodie,2,2026-03-11 10:00,54.64,20429,United Kingdom
INV504402,TH-HOOD,Fleece Hoodie,2,2025-09-23 15:00,40.31,20493,United Kingdom
INV503229,TH-JACK,Denim Jacket,2,2026-04-02 09:00,49.34,20356,United Kingdom
INV506231,TH-DRESS,Summer Dress,1,2025-09-10 15:00,65.19,20696,United Kingdom
INV502501,TH-SHIRT,Oxford Shirt,2,2025-09-25 08:00,35.57,20276,United Kingdom
INV503804,TH-JEAN,Slim Fit Jeans,1,2026-03-09 13:00,41.2,20427,United Kingdom
INV500676,TH-JEAN,Slim Fit Jeans,2,2025-08-03 08:00,74.9,20076,United Kingdom
INV501257,TH-DRESS,Summer Dress,3,2025-10-05 08:00,87.99,20142,United Kingdom
INV500641,TH-CAP,Logo Cap,2,2025-09-01 17:00,14.37,20071,United Kingdom
INV502215,TH-DRESS,Summer Dress,1,2026-06-19 15:00,86.83,20245,United Kingdom
INV503898,TH-CAP,Logo Cap,3,2025-11-10 20:00,22.37,20438,United Kingdom
INV504476,TH-CAP,Logo Cap,2,2026-03-04 16:00,14.51,20502,United Kingdom
INV504853,TH-DRESS,Summer Dress,1,2026-01-05 19:00,98.33,20543,United Kingdom
INV506036,TH-TSHIRT,Cotton Crew T-Shirt,3,2025-07-02 14:00,27.38,20678,United Kingdom
INV504800,TH-CAP,Logo Cap,2,2026-04-16 18:00,27.96,20539,United Kingdom
INV500131,TH-JEAN,Slim Fit Jeans,2,2026-03-19 20:00,78.56,20017,United Kingdom
INV505642,TH-CAP,Logo Cap,1,2025-07-01 16:00,13.6,20636,United Kingdom
INV503698,TH-HOOD,Fleece Hoodie,1,2026-07-02 13:00,46.79,20411,United Kingdom
INV502998,TH-CAP,Logo Cap,2,2026-05-08 12:00,25.36,20333,United Kingdom
INV503317,TH-SHOE,Canvas Sneakers,2,2025-09-19 20:00,68.86,20367,United Kingdom
INV502371,TH-TSHIRT,Cotton Crew T-Shirt,1,2026-01-09 19:00,13.13,20260,United Kingdom
INV505047,TH-CAP,Logo Cap,1,2025-08-01 10:00,19.32,20566,United Kingdom
INV505484,TH-CAP,Logo Cap,1,2025-11-30 12:00,24.92,20616,United Kingdom
INV502977,TH-JACK,Denim Jacket,1,2026-06-24 13:00,70.18,20331,United Kingdom
INV503317,TH-SHOE,Canvas Sneakers,1,2025-09-19 20:00,63.24,20367,United Kingdom
INV503306,TH-SHIRT,Oxford Shirt,1,2025-11-27 09:00,41.51,20366,United Kingdom
INV504509,TH-SHIRT,Oxford Shirt,3,2025-12-22 17:00,56.54,20506,United Kingdom
INV501949,TH-SHOE,Canvas Sneakers,1,2025-06-28 11:00,50.34,20217,United Kingdom
INV500145,TH-TSHIRT,Cotton Crew T-Shirt,2,2026-05-16 20:00,19.86,20018,United Kingdom
INV501969,TH-JEAN,Slim Fit Jeans,1,2025-06-12 11:00,77.34,20219,United Kingdom
INV503133,TH-CAP,Logo Cap,1,2026-07-04 12:00,20.65,20344,United Kingdom
INV506179,TH-JEAN,Slim Fit Jeans,1,2025-11-11 14:00,52.65,20690,United Kingdom
INV502493,TH-SHOE,Canvas Sneakers,2,2026-05-29 12:00,66.57,20274,United Kingdom
INV501255,TH-CAP,Logo Cap,2,2026-04-22 15:00,23.44,20141,United Kingdom
INV503264,TH-SHIRT,Oxford Shirt,1,2025-08-07 10:00,61.71,20361,United Kingdom
INV504708,TH-HOOD,Fleece Hoodie,2,2026-03-07 08:00,38.12,20530,United Kingdom
INV500975,TH-TSHIRT,Cotton Crew T-Shirt,1,2025-07-29 16:00,16.77,20107,United Kingdom
INV506226,TH-JEAN,Slim Fit Jeans,2,2025-09-01 09:00,43.37,20695,United Kingdom
INV504028,TH-SHOE,Canvas Sneakers,3,2025-07-14 20:00,67.76,20450,United Kingdom
INV502638,TH-DRESS,Summer Dress,2,2026-04-26 11:00,87.84,20290,United Kingdom
INV502970,TH-JACK,Denim Jacket,2,2025-08-03 11:00,77.43,20331,United Kingdom
INV506075,TH-SHOE,Canvas Sneakers,3,2025-06-05 14:00,67.39,20681,United Kingdom
INV501879,TH-DRESS,Summer Dress,1,2026-01-27 14:00,62.7,20209,United Kingdom
INV502093,TH-SHOE,Canvas Sneakers,1,2026-03-12 08:00,40.21,20232,United Kingdom
INV504209,TH-HOOD,Fleece Hoodie,2,2025-07-16 20:00,59.63,20474,United Kingdom
INV501874,TH-HOOD,Fleece Hoodie,2,2025-11-17 13:00,43.07,20208,United Kingdom
INV504222,TH-SHOE,Canvas Sneakers,2,2026-07-08 08:00,47.44,20475,United Kingdom
INV501243,TH-TSHIRT,Cotton Crew T-Shirt,1,2025-05-31 12:00,9.64,20140,United Kingdom
INV504300,TH-SHOE,Canvas Sneakers,3,2025-12-05 15:00,71.29,20484,United Kingdom
INV504814,TH-JEAN,Slim Fit Jeans,1,2026-07-12 18:00,42.55,20540,United Kingdom
INV500905,TH-HOOD,Fleece Hoodie,2,2025-08-29 10:00,74.04,20100,United Kingdom
INV500819,TH-SHOE,Canvas Sneakers,2,2025-05-18 10:00,39.43,20091,United Kingdom
INV506227,TH-DRESS,Summer Dress,1,2025-05-16 11:00,45.25,20695,United Kingdom
INV506220,TH-HOOD,Fleece Hoodie,3,2025-11-27 13:00,56.27,20694,United Kingdom
INV500774,TH-JACK,Denim Jacket,2,2026-06-15 09:00,108.63,20085,United Kingdom
INV504148,TH-SHIRT,Oxford Shirt,2,2026-03-07 18:00,43.71,20465,United Kingdom
INV506046,TH-TSHIRT,Cotton Crew T-Shirt,2,2025-05-26 18:00,27.6,20678,United Kingdom
INV502474,TH-JACK,Denim Jacket,1,2025-08-07 13:00,62.53,20273,United Kingdom
INV500053,TH-SHOE,Canvas Sneakers,1,2025-09-22 13:00,67.29,20006,United Kingdom
INV504946,TH-JACK,Denim Jacket,1,2026-04-17 09:00,74.85,20553,United Kingdom
INV501617,TH-TSHIRT,Cotton Crew T-Shirt,1,2025-11-16 13:00,14.71,20179,United Kingdom
INV505557,TH-JEAN,Slim Fit Jeans,3,2026-06-26 17:00,75.51,20626,United Kingdom
INV503864,TH-JACK,Denim Jacket,3,2025-08-28 10:00,102.4,20434,United Kingdom
INV502856,TH-CAP,Logo Cap,2,2026-05-14 13:00,26.61,20315,United Kingdom
INV503879,TH-SHOE,Canvas Sneakers,3,2026-05-18 11:00,83.95,20435,United Kingdom
INV505140,TH-JEAN,Slim Fit Jeans,3,2025-09-19 11:00,78.03,20576,United Kingdom
INV502703,TH-HOOD,Fleece Hoodie,3,2025-06-10 09:00,57.99,20298,United Kingdom
INV503750,TH-JACK,Denim Jacket,3,2025-05-23 14:00,117.37,20419,United Kingdom
INV502632,TH-DRESS,Summer Dress,3,2026-01-03 15:00,105.41,20290,United Kingdom
INV503990,TH-JEAN,Slim Fit Jeans,1,2026-04-22 16:00,57.14,20446,United Kingdom
INV501013,TH-TSHIRT,Cotton Crew T-Shirt,2,2025-06-11 09:00,29.52,20111,United Kingdom
INV501027,TH-JACK,Denim Jacket,3,2026-07-04 19:00,106.18,20112,United Kingdom
INV501880,TH-JEAN,Slim Fit Jeans,1,2026-03-09 10:00,67.97,20209,United Kingdom
INV502796,TH-DRESS,Summer Dress,1,2026-01-28 20:00,80.22,20309,United Kingdom
INV500957,TH-HOOD,Fleece Hoodie,1,2026-03-04 09:00,53.59,20105,United Kingdom
INV503688,TH-SHOE,Canvas Sneakers,2,2025-06-15 10:00,44.64,20410,United Kingdom
INV504215,TH-SHOE,Canvas Sneakers,3,2026-04-17 08:00,68.25,20474,United Kingdom
INV503978,TH-SHOE,Canvas Sneakers,1,2026-06-23 08:00,56.21,20444,United Kingdom
INV505085,TH-DRESS,Summer Dress,3,2025-09-27 08:00,90.79,20570,United Kingdom
INV503681,TH-JEAN,Slim Fit Jeans,1,2025-05-15 09:00,71.4,20409,United Kingdom
INV503479,TH-TSHIRT,Cotton Crew T-Shirt,1,2025-12-23 15:00,14.01,20383,United Kingdom
INV504554,TH-DRESS,Summer Dress,1,2025-09-27 13:00,39.51,20510,United Kingdom
INV504730,TH-TSHIRT,Cotton Crew T-Shirt,3,2026-02-14 19:00,22.19,20532,United Kingdom
INV505522,TH-JEAN,Slim Fit Jeans,2,2026-03-23 10:00,58.54,20621,United Kingdom
INV504037,TH-HOOD,Fleece Hoodie,1,2025-10-06 10:00,55.91,20450,United Kingdom
INV506231,TH-JEAN,Slim Fit Jeans,1,2025-09-10 15:00,60.36,20696,United Kingdom
INV504347,TH-SHIRT,Oxford Shirt,2,2025-10-18 17:00,32.52,20488,United Kingdom
INV500597,TH-JEAN,Slim Fit Jeans,1,2026-05-07 10:00,56.63,20067,United Kingdom
INV504430,TH-SHIRT,Oxford Shirt,1,2025-10-04 13:00,55.04,20496,United Kingdom
INV501745,TH-SHIRT,Oxford Shirt,1,2026-05-31 20:00,35.68,20195,United Kingdom
INV505021,TH-SHOE,Canvas Sneakers,1,2025-12-20 20:00,71.7,20564,United Kingdom
INV500088,TH-SHIRT,Oxford Shirt,1,2026-01-21 18:00,42.36,20011,United Kingdom
INV503589,TH-HOOD,Fleece Hoodie,2,2026-02-13 17:00,51.64,20396,United Kingdom
INV500694,TH-HOOD,Fleece Hoodie,2,2025-06-23 12:00,57.24,20078,United Kingdom
INV500262,TH-DRESS,Summer Dress,2,2025-11-07 10:00,83.32,20031,United Kingdom
INV501693,TH-SHIRT,Oxford Shirt,2,2026-05-18 18:00,21.37,20189,United Kingdom
INV501818,TH-JEAN,Slim Fit Jeans,2,2025-07-05 19:00,75.6,20202,United Kingdom
INV502695,TH-JEAN,Slim Fit Jeans,1,2026-03-10 17:00,59.18,20297,United Kingdom
INV500227,TH-TSHIRT,Cotton Crew T-Shirt,2,2025-12-22 11:00,15.21,20028,United Kingdom
INV502796,TH-SHOE,Canvas Sneakers,1,2026-01-28 20:00,62.93,20309,United Kingdom
INV502381,TH-SHOE,Canvas Sneakers,2,2025-10-02 12:00,55.78,20261,United Kingdom
INV502643,TH-CAP,Logo Cap,2,2026-01-21 19:00,13.04,20291,United Kingdom
INV501195,TH-JACK,Denim Jacket,2,2026-02-25 14:00,73.8,20133,United Kingdom
INV504203,TH-SHOE,Canvas Sneakers,3,2025-12-03 10:00,65.2,20474,United Kingdom
INV504328,TH-TSHIRT,Cotton Crew T-Shirt,1,2026-04-01 17:00,22.52,20486,United Kingdom
INV500076,TH-SHIRT,Oxford Shirt,1,2025-10-10 12:00,21.25,20010,United Kingdom
INV505940,TH-DRESS,Summer Dress,1,2026-06-19 17:00,79.71,20668,United Kingdom
INV505180,TH-SHOE,Canvas Sneakers,2,2025-06-02 13:00,78.36,20581,United Kingdom
INV503094,TH-DRESS,Summer Dress,2,2025-10-10 19:00,80.11,20341,United Kingdom
INV501788,TH-CAP,Logo Cap,1,2026-02-24 15:00,20.61,20199,United Kingdom
INV505714,TH-HOOD,Fleece Hoodie,1,2025-11-01 20:00,63.65,20644,United Kingdom
INV504509,TH-HOOD,Fleece Hoodie,1,2025-12-22 17:00,63.65,20506,United Kingdom
INV501049,TH-SHOE,Canvas Sneakers,2,2026-05-17 20:00,57.58,20113,United Kingdom
INV503252,TH-CAP,Logo Cap,2,2026-02-05 14:00,21.69,20360,United Kingdom
INV500834,TH-DRESS,Summer Dress,1,2025-07-06 16:00,91.55,20092,United Kingdom
INV504608,TH-JEAN,Slim Fit Jeans,1,2025-05-16 18:00,49.24,20517,United Kingdom
INV503759,TH-SHIRT,Oxford Shirt,1,2026-05-31 19:00,44.03,20420,United Kingdom
INV503101,TH-TSHIRT,Cotton Crew T-Shirt,2,2026-03-01 19:00,21.52,20341,United Kingdom
INV502797,TH-DRESS,Summer Dress,2,2026-04-04 15:00,81.68,20309,United Kingdom
INV502282,TH-SHIRT,Oxford Shirt,1,2026-05-07 13:00,42.23,20252,United Kingdom
INV505914,TH-SHIRT,Oxford Shirt,3,2025-09-22 09:00,50.57,20665,United Kingdom
INV500272,TH-JACK,Denim Jacket,2,2026-07-02 16:00,69.58,20033,United Kingdom
INV504832,TH-HOOD,Fleece Hoodie,1,2025-09-06 16:00,63.8,20542,United Kingdom
INV506235,TH-SHIRT,Oxford Shirt,1,2025-11-04 09:00,44.1,20696,United Kingdom
INV502482,TH-CAP,Logo Cap,1,2026-06-26 08:00,17.1,20273,United Kingdom
INV502377,TH-SHIRT,Oxford Shirt,2,2025-06-02 08:00,45.21,20261,United Kingdom
INV505458,TH-JACK,Denim Jacket,1,2025-12-28 12:00,50.6,20614,United Kingdom
INV505637,TH-HOOD,Fleece Hoodie,2,2025-11-23 18:00,34.18,20635,United Kingdom
INV503093,TH-SHIRT,Oxford Shirt,3,2025-09-15 08:00,51.02,20340,United Kingdom
INV503677,TH-CAP,Logo Cap,1,2025-05-26 09:00,20.5,20409,United Kingdom
INV502309,TH-TSHIRT,Cotton Crew T-Shirt,1,2026-06-21 11:00,16.14,20255,United Kingdom
INV503890,TH-SHIRT,Oxford Shirt,1,2025-11-25 18:00,23.17,20437,United Kingdom
INV504036,TH-HOOD,Fleece Hoodie,1,2025-12-23 11:00,55.89,20450,United Kingdom
INV506034,TH-TSHIRT,Cotton Crew T-Shirt,1,2025-09-30 15:00,16.11,20677,United Kingdom
INV505213,TH-SHIRT,Oxford Shirt,1,2025-06-15 19:00,43.68,20583,United Kingdom
INV503527,TH-SHOE,Canvas Sneakers,1,2026-06-04 19:00,48.91,20389,United Kingdom
INV504369,TH-HOOD,Fleece Hoodie,2,2025-09-27 09:00,48.78,20490,United Kingdom
INV505413,TH-DRESS,Summer Dress,3,2026-05-18 12:00,89.8,20610,United Kingdom
INV501776,TH-JEAN,Slim Fit Jeans,1,2026-07-04 14:00,92.22,20198,United Kingdom
INV502435,TH-SHIRT,Oxford Shirt,3,2025-06-05 15:00,53.61,20268,United Kingdom
INV502622,TH-JEAN,Slim Fit Jeans,2,2025-05-24 11:00,79.81,20289,United Kingdom
INV504029,TH-HOOD,Fleece Hoodie,2,2025-09-26 18:00,51.16,20450,United Kingdom
INV501778,TH-CAP,Logo Cap,3,2026-05-16 08:00,28.2,20198,United Kingdom
INV504828,TH-DRESS,Summer Dress,3,2026-04-14 14:00,79.16,20542,United Kingdom
INV504293,TH-SHOE,Canvas Sneakers,2,2026-02-19 08:00,67.56,20484,United Kingdom
INV503343,TH-SHOE,Canvas Sneakers,2,2026-06-28 08:00,52.51,20369,United Kingdom
INV505776,TH-TSHIRT,Cotton Crew T-Shirt,2,2025-06-09 16:00,20.75,20650,United Kingdom
INV501700,TH-SHOE,Canvas Sneakers,3,2026-01-06 14:00,69.76,20191,United Kingdom
INV501005,TH-SHOE,Canvas Sneakers,1,2025-10-04 16:00,50.69,20110,United Kingdom
INV502453,TH-TSHIRT,Cotton Crew T-Shirt,3,2025-10-17 08:00,25.5,20271,United Kingdom
INV504447,TH-DRESS,Summer Dress,1,2026-06-06 13:00,82.1,20498,United Kingdom
INV500978,TH-TSHIRT,Cotton Crew T-Shirt,2,2026-01-08 13:00,19.39,20107,United Kingdom
INV505196,TH-CAP,Logo Cap,2,2026-03-09 20:00,20.29,20582,United Kingdom
INV505593,TH-JACK,Denim Jacket,2,2025-12-06 12:00,108.63,20631,United Kingdom
INV500843,TH-JEAN,Slim Fit Jeans,2,2025-05-31 08:00,94.74,20093,United Kingdom
INV504746,TH-SHOE,Canvas Sneakers,2,2026-06-27 11:00,49.83,20534,United Kingdom
INV504996,TH-HOOD,Fleece Hoodie,1,2025-11-23 19:00,65.49,20561,United Kingdom
INV506049,TH-DRESS,Summer Dress,2,2025-06-27 15:00,48.29,20679,United Kingdom
INV500167,TH-CAP,Logo Cap,1,2025-09-14 19:00,24.25,20021,United Kingdom
INV501898,TH-JEAN,Slim Fit Jeans,1,2025-06-09 19:00,55.39,20211,United Kingdom
INV502847,TH-DRESS,Summer Dress,2,2026-05-24 13:00,66.81,20314,United Kingdom
INV501746,TH-SHOE,Canvas Sneakers,1,2025-11-22 15:00,52.09,20195,United Kingdom
INV501737,TH-TSHIRT,Cotton Crew T-Shirt,2,2026-01-19 12:00,20.86,20194,United Kingdom
INV505886,TH-DRESS,Summer Dress,1,2025-06-12 20:00,73.47,20662,United Kingdom
INV505223,TH-HOOD,Fleece Hoodie,1,2025-12-04 16:00,43.28,20584,United Kingdom
INV505432,TH-SHOE,Canvas Sneakers,1,2026-01-26 19:00,45.2,20611,United Kingdom
INV502947,TH-DRESS,Summer Dress,1,2026-01-07 19:00,78.94,20328,United Kingdom
INV505624,TH-HOOD,Fleece Hoodie,2,2026-04-14 15:00,61.3,20633,United Kingdom
INV505563,TH-JACK,Denim Jacket,2,2026-01-09 09:00,83.41,20627,United Kingdom
INV502100,TH-DRESS,Summer Dress,2,2025-08-31 15:00,72.86,20233,United Kingdom
INV502597,TH-SHIRT,Oxford Shirt,2,2025-11-22 15:00,32.76,20286,United Kingdom
INV501265,TH-SHIRT,Oxford Shirt,2,2025-10-10 09:00,55.61,20142,United Kingdom
INV501595,TH-CAP,Logo Cap,1,2026-04-16 11:00,18.19,20176,United Kingdom
INV501915,TH-JACK,Denim Jacket,1,2026-01-15 08:00,79.15,20213,United Kingdom
INV500808,TH-SHIRT,Oxford Shirt,2,2025-12-03 20:00,33.34,20090,United Kingdom
INV502837,TH-TSHIRT,Cotton Crew T-Shirt,1,2025-07-01 16:00,23.77,20313,United Kingdom
INV502026,TH-DRESS,Summer Dress,1,2026-05-20 13:00,73.35,20225,United Kingdom
INV500703,TH-JEAN,Slim Fit Jeans,1,2026-06-19 12:00,58.82,20079,United Kingdom
INV503498,TH-SHOE,Canvas Sneakers,1,2025-07-02 16:00,72.39,20385,United Kingdom
INV502957,TH-HOOD,Fleece Hoodie,1,2025-09-20 20:00,40.14,20329,United Kingdom
INV500312,TH-TSHIRT,Cotton Crew T-Shirt,1,2026-07-07 13:00,23.71,20036,United Kingdom
INV505118,TH-DRESS,Summer Dress,2,2025-05-16 09:00,70.44,20573,United Kingdom
INV504802,TH-CAP,Logo Cap,3,2025-05-28 15:00,30.22,20539,United Kingdom
INV504640,TH-JACK,Denim Jacket,1,2026-06-24 14:00,76.07,20521,United Kingdom
INV506178,TH-CAP,Logo Cap,2,2026-06-26 12:00,16.31,20690,United Kingdom
INV506152,TH-SHOE,Canvas Sneakers,1,2025-06-25 13:00,63.49,20688,United Kingdom
INV503099,TH-JACK,Denim Jacket,3,2025-10-11 20:00,89.75,20341,United Kingdom
INV506123,TH-JEAN,Slim Fit Jeans,1,2026-04-28 09:00,90.22,20685,United Kingdom
INV504642,TH-DRESS,Summer Dress,1,2026-06-15 09:00,73.95,20521,United Kingdom
INV505864,TH-HOOD,Fleece Hoodie,1,2025-09-11 12:00,70.9,20660,United Kingdom
INV502124,TH-SHIRT,Oxford Shirt,3,2026-06-18 09:00,64.56,20234,United Kingdom
INV503212,TH-HOOD,Fleece Hoodie,3,2025-08-18 12:00,50.04,20354,United Kingdom
INV502511,TH-CAP,Logo Cap,2,2025-12-11 12:00,17.54,20277,United Kingdom
INV506014,TH-JEAN,Slim Fit Jeans,3,2025-12-18 18:00,89.17,20675,United Kingdom
INV502986,TH-SHIRT,Oxford Shirt,3,2026-05-12 08:00,48.38,20333,United Kingdom
INV500835,TH-JEAN,Slim Fit Jeans,1,2026-05-18 14:00,83.0,20092,United Kingdom
INV503080,TH-SHIRT,Oxford Shirt,1,2025-08-21 18:00,55.84,20340,United Kingdom
INV504360,TH-CAP,Logo Cap,1,2026-02-11 09:00,27.9,20489,United Kingdom
INV504292,TH-SHOE,Canvas Sneakers,3,2025-12-05 15:00,69.53,20484,United Kingdom
INV503147,TH-CAP,Logo Cap,2,2025-09-29 19:00,20.3,20346,United Kingdom
INV504739,TH-HOOD,Fleece Hoodie,1,2026-04-21 17:00,46.81,20533,United Kingdom
INV505488,TH-TSHIRT,Cotton Crew T-Shirt,1,2026-03-28 11:00,21.83,20617,United Kingdom
INV505062,TH-HOOD,Fleece Hoodie,3,2025-05-20 08:00,70.48,20568,United Kingdom
INV506104,TH-HOOD,Fleece Hoodie,3,2026-02-27 10:00,65.39,20683,United Kingdom
INV500302,TH-DRESS,Summer Dress,3,2025-08-05 13:00,87.96,20036,United Kingdom
INV504067,TH-JEAN,Slim Fit Jeans,1,2026-05-12 08:00,45.91,20455,United Kingdom
INV500203,TH-HOOD,Fleece Hoodie,2,2026-06-11 19:00,27.52,20025,United Kingdom
INV500243,TH-JEAN,Slim Fit Jeans,1,2025-05-24 16:00,56.22,20030,United Kingdom
INV503438,TH-HOOD,Fleece Hoodie,1,2025-05-25 13:00,68.75,20380,United Kingdom
INV503884,TH-JACK,Denim Jacket,2,2025-07-15 19:00,132.36,20435,United Kingdom
INV500704,TH-JEAN,Slim Fit Jeans,2,2026-05-16 13:00,65.8,20079,United Kingdom
INV505080,TH-TSHIRT,Cotton Crew T-Shirt,2,2025-11-24 11:00,16.14,20569,United Kingdom
INV505600,TH-DRESS,Summer Dress,1,2026-05-11 10:00,89.72,20631,United Kingdom
INV502071,TH-SHIRT,Oxford Shirt,1,2025-07-31 16:00,40.1,20229,United Kingdom
INV501919,TH-TSHIRT,Cotton Crew T-Shirt,1,2026-05-02 14:00,16.79,20213,United Kingdom
INV502101,TH-DRESS,Summer Dress,1,2025-07-05 10:00,79.68,20233,United Kingdom
INV501086,TH-TSHIRT,Cotton Crew T-Shirt,1,2026-05-01 09:00,19.31,20119,United Kingdom
INV504412,TH-TSHIRT,Cotton Crew T-Shirt,2,2026-06-10 10:00,17.11,20494,United Kingdom
INV503488,TH-SHOE,Canvas Sneakers,1,2025-09-19 14:00,55.49,20384,United Kingdom
INV503958,TH-JACK,Denim Jacket,2,2025-08-13 13:00,128.1,20443,United Kingdom
INV503641,TH-SHIRT,Oxford Shirt,2,2025-08-20 16:00,26.35,20404,United Kingdom
INV506237,TH-SHOE,Canvas Sneakers,2,2026-05-12 09:00,54.53,20696,United Kingdom
INV504916,TH-SHIRT,Oxford Shirt,1,2026-04-12 08:00,43.27,20550,United Kingdom
INV505995,TH-TSHIRT,Cotton Crew T-Shirt,1,2025-07-06 11:00,21.71,20673,United Kingdom
INV503275,TH-TSHIRT,Cotton Crew T-Shirt,1,2026-04-27 18:00,17.3,20362,United Kingdom
INV501408,TH-TSHIRT,Cotton Crew T-Shirt,3,2025-08-06 20:00,21.0,20157,United Kingdom
INV503517,TH-SHOE,Canvas Sneakers,1,2025-12-01 20:00,67.61,20388,United Kingdom
INV502131,TH-JACK,Denim Jacket,2,2026-03-27 09:00,62.24,20235,United Kingdom
INV500069,TH-SHIRT,Oxford Shirt,2,2025-05-12 15:00,25.97,20008,United Kingdom
INV504261,TH-SHOE,Canvas Sneakers,1,2026-06-23 17:00,67.58,20480,United Kingdom
INV504060,TH-JEAN,Slim Fit Jeans,1,2025-05-26 11:00,58.59,20454,United Kingdom
INV501229,TH-JACK,Denim Jacket,2,2025-11-20 09:00,81.27,20139,United Kingdom
INV504666,TH-DRESS,Summer Dress,2,2026-05-24 13:00,78.77,20524,United Kingdom
INV500537,TH-HOOD,Fleece Hoodie,2,2025-10-29 09:00,68.51,20061,United Kingdom
INV505178,TH-SHIRT,Oxford Shirt,2,2026-03-15 09:00,44.86,20580,United Kingdom
INV500128,TH-HOOD,Fleece Hoodie,1,2025-06-22 19:00,59.95,20017,United Kingdom
INV504312,TH-JACK,Denim Jacket,3,2026-04-30 14:00,93.83,20485,United Kingdom
INV502844,TH-HOOD,Fleece Hoodie,2,2026-04-05 10:00,63.02,20313,United Kingdom
INV505182,TH-TSHIRT,Cotton Crew T-Shirt,2,2025-07-20 17:00,24.46,20581,United Kingdom
INV503431,TH-SHOE,Canvas Sneakers,2,2026-06-10 10:00,80.1,20380,United Kingdom
INV501207,TH-JEAN,Slim Fit Jeans,2,2026-05-03 11:00,45.48,20136,United Kingdom
INV500273,TH-TSHIRT,Cotton Crew T-Shirt,2,2026-03-29 17:00,14.51,20033,United Kingdom
INV502551,TH-TSHIRT,Cotton Crew T-Shirt,2,2025-12-26 13:00,19.24,20281,United Kingdom
INV503867,TH-TSHIRT,Cotton Crew T-Shirt,3,2025-10-27 16:00,22.77,20434,United Kingdom
INV500382,TH-SHOE,Canvas Sneakers,2,2026-06-23 16:00,37.16,20045,United Kingdom
INV500805,TH-JACK,Denim Jacket,1,2025-08-25 19:00,64.97,20089,United Kingdom
INV503705,TH-JACK,Denim Jacket,1,2026-04-23 08:00,100.03,20412,United Kingdom
INV504705,TH-JACK,Denim Jacket,1,2025-05-18 15:00,88.13,20529,United Kingdom
INV505744,TH-CAP,Logo Cap,3,2026-03-29 11:00,25.17,20647,United Kingdom
INV504023,TH-DRESS,Summer Dress,2,2026-01-13 17:00,60.61,20449,United Kingdom
INV501881,TH-TSHIRT,Cotton Crew T-Shirt,1,2025-09-06 12:00,19.29,20209,United Kingdom
INV504165,TH-DRESS,Summer Dress,1,2026-05-10 10:00,65.07,20468,United Kingdom
INV504741,TH-TSHIRT,Cotton Crew T-Shirt,2,2026-03-30 12:00,20.89,20533,United Kingdom
INV505200,TH-DRESS,Summer Dress,2,2025-10-27 15:00,72.25,20582,United Kingdom
INV504124,TH-JACK,Denim Jacket,2,2025-08-18 09:00,78.71,20463,United Kingdom
INV501493,TH-TSHIRT,Cotton Crew T-Shirt,2,2026-04-18 11:00,23.05,20166,United Kingdom
INV502604,TH-SHOE,Canvas Sneakers,2,2025-08-17 11:00,35.63,20288,United Kingdom
INV505075,TH-JACK,Denim Jacket,2,2026-01-27 12:00,79.41,20569,United Kingdom
INV502818,TH-JEAN,Slim Fit Jeans,1,2025-05-26 12:00,52.98,20311,United Kingdom
INV503502,TH-SHOE,Canvas Sneakers,2,2025-07-08 20:00,56.65,20386,United Kingdom
INV506165,TH-CAP,Logo Cap,3,2026-06-15 19:00,21.69,20689,United Kingdom
INV502568,TH-CAP,Logo Cap,2,2026-05-24 19:00,17.35,20283,United Kingdom
INV501742,TH-JACK,Denim Jacket,1,2026-04-29 15:00,76.2,20195,United Kingdom
INV504958,TH-DRESS,Summer Dress,2,2025-12-24 08:00,60.24,20555,United Kingdom
INV506190,TH-DRESS,Summer Dress,2,2026-01-02 09:00,71.27,20691,United Kingdom
INV505195,TH-JEAN,Slim Fit Jeans,1,2025-08-25 13:00,83.72,20581,United Kingdom
INV505634,TH-SHIRT,Oxford Shirt,1,2025-08-07 18:00,28.32,20635,United Kingdom
INV501968,TH-TSHIRT,Cotton Crew T-Shirt,2,2025-09-28 09:00,22.63,20219,United Kingdom
INV501781,TH-JACK,Denim Jacket,3,2025-09-22 13:00,136.91,20198,United Kingdom
INV503379,TH-HOOD,Fleece Hoodie,1,2025-07-20 13:00,23.95,20374,United Kingdom
INV501800,TH-SHOE,Canvas Sneakers,2,2025-10-18 18:00,35.72,20200,United Kingdom
INV504495,TH-HOOD,Fleece Hoodie,2,2026-03-21 16:00,67.97,20504,United Kingdom
INV500876,TH-SHIRT,Oxford Shirt,2,2025-07-14 11:00,54.12,20097,United Kingdom
INV500601,TH-JEAN,Slim Fit Jeans,2,2025-12-06 13:00,57.72,20067,United Kingdom
INV503122,TH-JEAN,Slim Fit Jeans,3,2026-01-14 08:00,73.37,20344,United Kingdom
INV505835,TH-SHIRT,Oxford Shirt,2,2026-02-09 16:00,35.81,20657,United Kingdom
INV504597,TH-CAP,Logo Cap,2,2026-01-11 08:00,12.37,20515,United Kingdom
INV505420,TH-CAP,Logo Cap,1,2025-10-02 15:00,25.05,20610,United Kingdom
INV502906,TH-HOOD,Fleece Hoodie,2,2025-09-06 18:00,32.28,20322,United Kingdom
INV505979,TH-JEAN,Slim Fit Jeans,1,2025-12-23 15:00,32.73,20672,United Kingdom
INV501764,TH-HOOD,Fleece Hoodie,2,2026-02-21 19:00,70.05,20196,United Kingdom
INV502035,TH-JEAN,Slim Fit Jeans,3,2026-03-18 09:00,77.21,20226,United Kingdom
INV502996,TH-CAP,Logo Cap,3,2026-05-15 09:00,24.27,20333,United Kingdom
INV503873,TH-JEAN,Slim Fit Jeans,2,2026-02-13 09:00,101.12,20435,United Kingdom
INV500310,TH-JEAN,Slim Fit Jeans,3,2025-06-26 18:00,71.77,20036,United Kingdom
INV502297,TH-SHIRT,Oxford Shirt,2,2025-06-30 20:00,46.66,20253,United Kingdom
INV505802,TH-SHIRT,Oxford Shirt,1,2026-02-09 16:00,21.36,20653,United Kingdom
INV505327,TH-JACK,Denim Jacket,2,2026-05-11 17:00,68.85,20599,United Kingdom
INV500634,TH-JACK,Denim Jacket,2,2026-05-26 19:00,103.01,20070,United Kingdom
INV502988,TH-JEAN,Slim Fit Jeans,2,2026-01-30 18:00,74.31,20333,United Kingdom
INV501477,TH-SHIRT,Oxford Shirt,1,2026-06-29 10:00,36.01,20165,United Kingdom
INV506114,TH-SHOE,Canvas Sneakers,3,2026-06-26 19:00,76.91,20685,United Kingdom
INV505770,TH-JACK,Denim Jacket,2,2026-04-22 09:00,96.89,20650,United Kingdom
INV504910,TH-SHOE,Canvas Sneakers,1,2026-03-20 13:00,26.41,20549,United Kingdom
INV504987,TH-SHOE,Canvas Sneakers,2,2025-06-18 15:00,49.59,20559,United Kingdom
INV501633,TH-SHOE,Canvas Sneakers,2,2026-02-13 18:00,48.39,20181,United Kingdom
INV501697,TH-JEAN,Slim Fit Jeans,3,2026-06-03 15:00,67.37,20191,United Kingdom
INV501609,TH-SHOE,Canvas Sneakers,2,2025-10-16 17:00,37.96,20178,United Kingdom
INV500164,TH-JEAN,Slim Fit Jeans,2,2026-04-06 08:00,78.28,20020,United Kingdom
INV502330,TH-TSHIRT,Cotton Crew T-Shirt,2,2025-08-07 12:00,16.46,20256,United Kingdom
INV505144,TH-JEAN,Slim Fit Jeans,1,2026-03-01 10:00,72.87,20576,United Kingdom
INV500300,TH-SHIRT,Oxford Shirt,3,2025-11-01 19:00,54.15,20036,United Kingdom
INV505313,TH-SHIRT,Oxford Shirt,1,2026-03-17 20:00,28.32,20597,United Kingdom
INV500365,TH-SHOE,Canvas Sneakers,1,2026-01-21 11:00,46.95,20043,United Kingdom
INV501796,TH-HOOD,Fleece Hoodie,3,2026-04-08 20:00,55.88,20199,United Kingdom
INV505619,TH-SHIRT,Oxford Shirt,1,2025-10-16 10:00,56.99,20633,United Kingdom
INV502120,TH-SHOE,Canvas Sneakers,1,2026-04-06 19:00,76.62,20234,United Kingdom
INV504564,TH-JACK,Denim Jacket,2,2025-11-03 09:00,124.47,20512,United Kingdom
INV502189,TH-SHIRT,Oxford Shirt,3,2026-04-21 08:00,57.12,20243,United Kingdom
INV501756,TH-TSHIRT,Cotton Crew T-Shirt,2,2025-12-22 18:00,27.86,20196,United Kingdom
INV504653,TH-DRESS,Summer Dress,2,2025-11-20 18:00,98.6,20522,United Kingdom
INV502243,TH-TSHIRT,Cotton Crew T-Shirt,1,2025-07-12 19:00,16.57,20248,United Kingdom
INV500127,TH-TSHIRT,Cotton Crew T-Shirt,1,2025-07-15 13:00,22.07,20017,United Kingdom
INV503152,TH-SHIRT,Oxford Shirt,2,2025-10-01 16:00,33.03,20347,United Kingdom
INV504375,TH-DRESS,Summer Dress,1,2026-02-25 20:00,75.44,20490,United Kingdom
INV505696,TH-JEAN,Slim Fit Jeans,2,2025-12-28 09:00,59.17,20642,United Kingdom
INV501980,TH-TSHIRT,Cotton Crew T-Shirt,1,2025-10-06 12:00,19.88,20220,United Kingdom
INV500643,TH-TSHIRT,Cotton Crew T-Shirt,1,2025-11-21 09:00,13.45,20072,United Kingdom
INV505203,TH-JACK,Denim Jacket,1,2026-07-07 10:00,76.34,20582,United Kingdom
INV502089,TH-DRESS,Summer Dress,1,2025-06-01 16:00,56.17,20231,United Kingdom
INV505646,TH-CAP,Logo Cap,1,2026-05-14 10:00,15.36,20636,United Kingdom
INV504568,TH-TSHIRT,Cotton Crew T-Shirt,3,2026-06-25 14:00,26.44,20512,United Kingdom
INV504950,TH-CAP,Logo Cap,1,2025-08-26 13:00,16.37,20553,United Kingdom
INV502824,TH-JEAN,Slim Fit Jeans,1,2025-06-05 15:00,53.25,20311,United Kingdom
INV504019,TH-SHIRT,Oxford Shirt,1,2025-06-09 10:00,69.01,20448,United Kingdom
INV501536,TH-DRESS,Summer Dress,1,2026-06-15 12:00,45.56,20171,United Kingdom
INV503640,TH-TSHIRT,Cotton Crew T-Shirt,2,2026-03-04 16:00,10.64,20404,United Kingdom
INV502790,TH-DRESS,Summer Dress,1,2025-08-23 08:00,41.21,20308,United Kingdom
INV503861,TH-CAP,Logo Cap,3,2026-07-04 13:00,21.5,20433,United Kingdom
INV505830,TH-CAP,Logo Cap,3,2025-06-10 14:00,25.93,20656,United Kingdom
INV501278,TH-JACK,Denim Jacket,1,2026-06-09 08:00,114.66,20143,United Kingdom
INV505428,TH-HOOD,Fleece Hoodie,1,2025-09-15 09:00,64.91,20610,United Kingdom
INV502349,TH-HOOD,Fleece Hoodie,3,2026-02-13 10:00,52.44,20258,United Kingdom
INV500506,TH-JACK,Denim Jacket,3,2025-11-21 20:00,103.84,20058,United Kingdom
INV506254,TH-JACK,Denim Jacket,1,2026-06-11 08:00,90.14,20699,United Kingdom
INV501150,TH-DRESS,Summer Dress,1,2026-04-04 09:00,57.6,20127,United Kingdom
INV505551,TH-CAP,Logo Cap,1,2026-01-01 20:00,24.33,20626,United Kingdom
INV502418,TH-JEAN,Slim Fit Jeans,3,2026-03-19 14:00,74.07,20265,United Kingdom
INV502065,TH-HOOD,Fleece Hoodie,1,2025-12-24 13:00,50.11,20229,United Kingdom
INV501650,TH-JEAN,Slim Fit Jeans,2,2025-06-13 20:00,44.73,20183,United Kingdom
INV501174,TH-SHOE,Canvas Sneakers,1,2026-03-22 14:00,66.07,20131,United Kingdom
INV503069,TH-JEAN,Slim Fit Jeans,1,2026-04-29 19:00,67.72,20338,United Kingdom
INV505006,TH-JEAN,Slim Fit Jeans,3,2026-07-13 08:00,73.71,20561,United Kingdom
INV501506,TH-TSHIRT,Cotton Crew T-Shirt,1,2026-02-10 16:00,21.13,20167,United Kingdom
INV503674,TH-JACK,Denim Jacket,3,2026-07-09 12:00,112.25,20407,United Kingdom
INV500275,TH-SHIRT,Oxford Shirt,1,2026-06-08 16:00,34.51,20033,United Kingdom
INV500889,TH-TSHIRT,Cotton Crew T-Shirt,1,2026-02-12 09:00,18.87,20099,United Kingdom
INV501202,TH-TSHIRT,Cotton Crew T-Shirt,2,2026-01-06 10:00,10.64,20134,United Kingdom
INV505897,TH-JACK,Denim Jacket,2,2026-01-03 14:00,62.06,20664,United Kingdom
INV504135,TH-SHIRT,Oxford Shirt,2,2025-05-19 14:00,58.67,20464,United Kingdom
INV505521,TH-TSHIRT,Cotton Crew T-Shirt,1,2025-09-22 15:00,19.35,20620,United Kingdom
INV500420,TH-CAP,Logo Cap,1,2026-06-18 10:00,28.32,20051,United Kingdom
INV503757,TH-TSHIRT,Cotton Crew T-Shirt,3,2026-07-03 16:00,20.45,20420,United Kingdom
INV502458,TH-SHOE,Canvas Sneakers,3,2025-08-17 13:00,78.3,20271,United Kingdom
INV505654,TH-JEAN,Slim Fit Jeans,2,2025-07-29 17:00,57.49,20637,United Kingdom
INV504376,TH-JEAN,Slim Fit Jeans,3,2026-05-04 10:00,90.36,20491,United Kingdom
INV501151,TH-SHOE,Canvas Sneakers,1,2026-05-16 15:00,51.37,20127,United Kingdom
INV503536,TH-SHIRT,Oxford Shirt,1,2026-06-09 17:00,27.4,20390,United Kingdom
INV501755,TH-SHOE,Canvas Sneakers,2,2025-05-21 14:00,80.67,20196,United Kingdom
INV500090,TH-JEAN,Slim Fit Jeans,1,2025-10-09 09:00,52.1,20012,United Kingdom
INV505926,TH-TSHIRT,Cotton Crew T-Shirt,3,2026-02-26 12:00,30.11,20666,United Kingdom
INV503124,TH-HOOD,Fleece Hoodie,1,2026-01-28 13:00,58.66,20344,United Kingdom
INV501948,TH-CAP,Logo Cap,2,2026-04-22 14:00,17.08,20217,United Kingdom
INV502441,TH-SHOE,Canvas Sneakers,3,2025-05-20 18:00,64.74,20268,United Kingdom
INV501174,TH-HOOD,Fleece Hoodie,1,2026-03-22 14:00,59.37,20131,United Kingdom
INV503094,TH-SHOE,Canvas Sneakers,1,2025-10-10 19:00,68.82,20341,United Kingdom
INV501553,TH-SHOE,Canvas Sneakers,1,2025-09-02 14:00,77.42,20172,United Kingdom
INV502740,TH-DRESS,Summer Dress,1,2025-10-24 08:00,91.86,20301,United Kingdom
INV504565,TH-CAP,Logo Cap,1,2025-06-11 14:00,27.48,20512,United Kingdom
INV500992,TH-JACK,Denim Jacket,2,2025-08-14 11:00,76.06,20108,United Kingdom
INV503509,TH-JACK,Denim Jacket,2,2025-08-19 20:00,87.51,20386,United Kingdom
INV502214,TH-TSHIRT,Cotton Crew T-Shirt,1,2026-03-29 17:00,19.63,20245,United Kingdom
INV504287,TH-HOOD,Fleece Hoodie,2,2025-07-23 11:00,30.11,20483,United Kingdom
INV505586,TH-SHOE,Canvas Sneakers,2,2025-12-30 19:00,36.6,20630,United Kingdom
INV502389,TH-SHOE,Canvas Sneakers,1,2025-11-14 16:00,45.74,20262,United Kingdom
INV501646,TH-SHOE,Canvas Sneakers,1,2026-01-19 12:00,44.88,20183,United Kingdom
INV500422,TH-JACK,Denim Jacket,1,2026-04-06 15:00,115.84,20051,United Kingdom
INV504010,TH-SHIRT,Oxford Shirt,3,2025-09-25 13:00,63.24,20448,United Kingdom
INV501858,TH-HOOD,Fleece Hoodie,1,2026-07-05 17:00,61.38,20207,United Kingdom
INV504144,TH-SHOE,Canvas Sneakers,1,2026-06-07 10:00,67.96,20465,United Kingdom
INV500034,TH-JACK,Denim Jacket,2,2025-06-12 15:00,73.55,20005,United Kingdom
INV505216,TH-HOOD,Fleece Hoodie,2,2025-06-19 18:00,41.05,20584,United Kingdom
INV506255,TH-DRESS,Summer Dress,3,2025-10-04 16:00,72.34,20699,United Kingdom
INV506001,TH-JACK,Denim Jacket,2,2025-08-11 09:00,68.5,20674,United Kingdom
INV502103,TH-CAP,Logo Cap,1,2025-05-27 13:00,22.13,20233,United Kingdom
INV504556,TH-DRESS,Summer Dress,1,2025-08-22 15:00,55.54,20511,United Kingdom
INV502735,TH-JACK,Denim Jacket,3,2026-03-02 11:00,104.31,20301,United Kingdom
INV501843,TH-JEAN,Slim Fit Jeans,2,2026-06-20 14:00,49.32,20204,United Kingdom
INV504105,TH-DRESS,Summer Dress,2,2026-07-07 10:00,54.75,20461,United Kingdom
INV506180,TH-CAP,Logo Cap,2,2025-07-23 14:00,16.96,20690,United Kingdom
INV500163,TH-SHIRT,Oxford Shirt,3,2025-07-03 18:00,44.63,20020,United Kingdom
INV500300,TH-TSHIRT,Cotton Crew T-Shirt,3,2025-11-01 19:00,24.92,20036,United Kingdom
INV500105,TH-SHOE,Canvas Sneakers,1,2025-09-08 19:00,67.13,20014,United Kingdom
INV501369,TH-TSHIRT,Cotton Crew T-Shirt,1,2026-02-26 12:00,16.5,20152,United Kingdom
INV505355,TH-CAP,Logo Cap,3,2025-09-26 14:00,20.92,20603,United Kingdom
INV501092,TH-JEAN,Slim Fit Jeans,2,2026-03-22 18:00,70.9,20119,United Kingdom
INV502734,TH-JEAN,Slim Fit Jeans,3,2026-05-10 19:00,80.55,20301,United Kingdom
INV500755,TH-JACK,Denim Jacket,1,2025-07-23 15:00,128.45,20083,United Kingdom
INV502120,TH-DRESS,Summer Dress,2,2026-04-06 19:00,94.1,20234,United Kingdom
INV500507,TH-TSHIRT,Cotton Crew T-Shirt,1,2025-08-31 20:00,24.74,20058,United Kingdom
INV501551,TH-DRESS,Summer Dress,3,2025-08-14 12:00,94.65,20172,United Kingdom
INV505110,TH-TSHIRT,Cotton Crew T-Shirt,1,2025-06-22 20:00,14.31,20572,United Kingdom
INV503920,TH-JACK,Denim Jacket,1,2026-03-18 18:00,88.58,20440,United Kingdom
INV503508,TH-HOOD,Fleece Hoodie,2,2026-06-12 15:00,51.27,20386,United Kingdom
INV506234,TH-TSHIRT,Cotton Crew T-Shirt,2,2026-03-07 13:00,16.84,20696,United Kingdom
INV505834,TH-DRESS,Summer Dress,2,2026-02-06 14:00,100.61,20656,United Kingdom
INV502841,TH-CAP,Logo Cap,3,2025-06-30 09:00,26.65,20313,United Kingdom
INV501634,TH-SHOE,Canvas Sneakers,2,2025-06-11 14:00,51.31,20181,United Kingdom
INV500134,TH-SHOE,Canvas Sneakers,1,2026-04-01 12:00,69.7,20017,United Kingdom
INV501261,TH-SHIRT,Oxford Shirt,3,2026-02-13 11:00,50.85,20142,United Kingdom
INV501075,TH-JEAN,Slim Fit Jeans,1,2025-08-11 09:00,72.9,20115,United Kingdom
INV502585,TH-SHIRT,Oxford Shirt,1,2025-05-30 14:00,49.98,20285,United Kingdom
INV503781,TH-SHIRT,Oxford Shirt,2,2026-01-11 14:00,28.55,20424,United Kingdom
INV503441,TH-JACK,Denim Jacket,2,2025-10-11 18:00,88.63,20381,United Kingdom
INV504517,TH-HOOD,Fleece Hoodie,2,2025-09-26 08:00,59.36,20506,United Kingdom
INV500858,TH-SHOE,Canvas Sneakers,2,2025-06-17 17:00,59.22,20095,United Kingdom
INV505112,TH-HOOD,Fleece Hoodie,1,2025-09-08 20:00,48.26,20573,United Kingdom
INV500684,TH-CAP,Logo Cap,2,2026-06-07 19:00,18.89,20077,United Kingdom
INV503595,TH-SHIRT,Oxford Shirt,2,2025-08-12 19:00,25.39,20397,United Kingdom
INV500486,TH-DRESS,Summer Dress,1,2025-05-23 10:00,72.74,20056,United Kingdom
INV505797,TH-SHIRT,Oxford Shirt,2,2025-05-15 12:00,50.19,20652,United Kingdom
INV500014,TH-JEAN,Slim Fit Jeans,2,2025-09-07 08:00,64.47,20002,United Kingdom
INV504581,TH-SHIRT,Oxford Shirt,2,2026-04-21 10:00,30.35,20513,United Kingdom
INV500915,TH-JEAN,Slim Fit Jeans,3,2025-08-03 11:00,76.61,20101,United Kingdom
INV501097,TH-TSHIRT,Cotton Crew T-Shirt,2,2025-09-26 14:00,13.72,20120,United Kingdom
INV501760,TH-SHIRT,Oxford Shirt,3,2025-07-25 08:00,58.29,20196,United Kingdom
INV503090,TH-TSHIRT,Cotton Crew T-Shirt,3,2025-06-15 08:00,24.05,20340,United Kingdom
INV504393,TH-TSHIRT,Cotton Crew T-Shirt,2,2025-08-18 15:00,16.77,20492,United Kingdom
INV502981,TH-SHOE,Canvas Sneakers,2,2026-01-13 17:00,59.32,20332,United Kingdom
INV501914,TH-HOOD,Fleece Hoodie,1,2026-03-31 16:00,43.22,20213,United Kingdom
INV503865,TH-JACK,Denim Jacket,2,2025-11-11 08:00,94.89,20434,United Kingdom
INV501691,TH-JEAN,Slim Fit Jeans,2,2025-06-05 15:00,40.73,20188,United Kingdom
INV503875,TH-SHOE,Canvas Sneakers,2,2026-03-04 16:00,86.14,20435,United Kingdom
INV505597,TH-JACK,Denim Jacket,3,2026-01-29 08:00,106.92,20631,United Kingdom
INV505477,TH-JEAN,Slim Fit Jeans,2,2026-06-22 18:00,78.02,20616,United Kingdom
INV502525,TH-JEAN,Slim Fit Jeans,2,2025-06-01 15:00,82.03,20279,United Kingdom
INV505885,TH-SHOE,Canvas Sneakers,1,2026-01-03 17:00,53.44,20662,United Kingdom
INV506058,TH-DRESS,Summer Dress,2,2025-06-02 08:00,63.81,20680,United Kingdom
INV504866,TH-CAP,Logo Cap,2,2026-03-18 10:00,17.3,20544,United Kingdom
INV503115,TH-TSHIRT,Cotton Crew T-Shirt,3,2026-05-06 09:00,23.71,20343,United Kingdom
INV506019,TH-SHIRT,Oxford Shirt,3,2026-05-23 10:00,62.82,20675,United Kingdom
INV500321,TH-DRESS,Summer Dress,2,2026-02-19 17:00,71.55,20037,United Kingdom
INV501984,TH-HOOD,Fleece Hoodie,2,2025-09-08 08:00,56.02,20220,United Kingdom
INV503547,TH-JEAN,Slim Fit Jeans,2,2025-10-19 13:00,57.16,20392,United Kingdom
INV503918,TH-CAP,Logo Cap,2,2025-11-26 13:00,22.14,20440,United Kingdom
INV503059,TH-SHOE,Canvas Sneakers,3,2026-02-08 12:00,75.47,20337,United Kingdom
INV500262,TH-SHOE,Canvas Sneakers,3,2025-11-07 10:00,59.12,20031,United Kingdom
INV504384,TH-HOOD,Fleece Hoodie,1,2025-08-28 09:00,70.0,20491,United Kingdom
INV506235,TH-TSHIRT,Cotton Crew T-Shirt,2,2025-11-04 09:00,17.54,20696,United Kingdom
INV501478,TH-TSHIRT,Cotton Crew T-Shirt,1,2026-07-03 18:00,16.36,20165,United Kingdom
INV502348,TH-CAP,Logo Cap,3,2026-06-15 10:00,20.31,20258,United Kingdom
INV503480,TH-SHIRT,Oxford Shirt,1,2026-01-06 15:00,45.27,20384,United Kingdom
INV502863,TH-SHOE,Canvas Sneakers,1,2025-12-03 17:00,66.15,20315,United Kingdom
INV503609,TH-TSHIRT,Cotton Crew T-Shirt,3,2025-08-08 14:00,19.84,20399,United Kingdom
INV503200,TH-CAP,Logo Cap,3,2025-09-09 13:00,24.79,20353,United Kingdom
INV502627,TH-CAP,Logo Cap,3,2026-03-24 10:00,27.59,20290,United Kingdom
INV500913,TH-JEAN,Slim Fit Jeans,2,2025-07-01 13:00,82.64,20100,United Kingdom
INV501468,TH-JACK,Denim Jacket,1,2025-12-27 18:00,81.06,20164,United Kingdom
INV502102,TH-SHIRT,Oxford Shirt,1,2025-12-22 18:00,49.57,20233,United Kingdom
INV500459,TH-HOOD,Fleece Hoodie,1,2025-10-16 09:00,49.4,20053,United Kingdom
INV501388,TH-HOOD,Fleece Hoodie,1,2026-04-05 14:00,32.69,20155,United Kingdom
INV505552,TH-JEAN,Slim Fit Jeans,1,2025-10-09 16:00,72.4,20626,United Kingdom
INV503113,TH-SHIRT,Oxford Shirt,3,2025-06-01 10:00,49.55,20343,United Kingdom
INV505490,TH-JEAN,Slim Fit Jeans,1,2025-12-07 17:00,65.24,20617,United Kingdom
INV503707,TH-TSHIRT,Cotton Crew T-Shirt,1,2026-05-10 15:00,19.63,20412,United Kingdom
INV501269,TH-JACK,Denim Jacket,2,2025-07-11 16:00,100.34,20142,United Kingdom
INV500976,TH-JACK,Denim Jacket,1,2025-10-14 11:00,85.4,20107,United Kingdom
INV503244,TH-SHOE,Canvas Sneakers,1,2026-03-05 18:00,62.41,20358,United Kingdom
INV505010,TH-JACK,Denim Jacket,2,2026-05-04 12:00,58.09,20562,United Kingdom
INV503115,TH-SHOE,Canvas Sneakers,3,2026-05-06 09:00,63.65,20343,United Kingdom
INV504967,TH-DRESS,Summer Dress,1,2025-06-17 14:00,63.3,20556,United Kingdom
INV505789,TH-TSHIRT,Cotton Crew T-Shirt,3,2025-09-30 16:00,21.67,20652,United Kingdom
INV502576,TH-HOOD,Fleece Hoodie,1,2025-10-29 11:00,33.99,20284,United Kingdom
INV503117,TH-CAP,Logo Cap,3,2026-02-03 14:00,21.24,20343,United Kingdom
INV505937,TH-JEAN,Slim Fit Jeans,1,2025-10-05 20:00,72.45,20668,United Kingdom
INV505663,TH-CAP,Logo Cap,2,2025-06-05 18:00,12.98,20638,United Kingdom
INV504253,TH-SHOE,Canvas Sneakers,1,2025-09-21 10:00,73.44,20479,United Kingdom
INV504987,TH-HOOD,Fleece Hoodie,2,2025-06-18 15:00,43.03,20559,United Kingdom
INV503405,TH-CAP,Logo Cap,3,2026-03-20 13:00,24.94,20377,United Kingdom
INV504528,TH-JACK,Denim Jacket,2,2026-04-09 13:00,67.52,20507,United Kingdom
INV505063,TH-JEAN,Slim Fit Jeans,2,2025-12-20 17:00,94.61,20568,United Kingdom
INV506226,TH-SHOE,Canvas Sneakers,1,2025-09-01 09:00,36.73,20695,United Kingdom
INV501242,TH-JACK,Denim Jacket,2,2026-04-07 19:00,49.74,20140,United Kingdom
INV505439,TH-DRESS,Summer Dress,2,2025-07-07 14:00,80.62,20612,United Kingdom
INV502749,TH-JACK,Denim Jacket,2,2025-08-16 11:00,83.85,20303,United Kingdom
INV500647,TH-SHOE,Canvas Sneakers,1,2025-08-13 08:00,48.04,20072,United Kingdom
INV503794,TH-SHOE,Canvas Sneakers,2,2025-09-17 16:00,45.03,20426,United Kingdom
INV505706,TH-HOOD,Fleece Hoodie,1,2026-05-30 13:00,57.75,20643,United Kingdom
INV505939,TH-TSHIRT,Cotton Crew T-Shirt,3,2026-06-18 18:00,23.88,20668,United Kingdom
INV500791,TH-DRESS,Summer Dress,2,2025-09-22 16:00,58.99,20088,United Kingdom
INV505345,TH-CAP,Logo Cap,2,2025-12-31 18:00,19.86,20602,United Kingdom
INV502658,TH-SHOE,Canvas Sneakers,1,2025-11-04 14:00,58.38,20292,United Kingdom
INV500947,TH-SHOE,Canvas Sneakers,2,2025-08-25 16:00,86.57,20104,United Kingdom
INV501120,TH-HOOD,Fleece Hoodie,2,2026-05-26 11:00,27.53,20124,United Kingdom
INV502788,TH-HOOD,Fleece Hoodie,1,2026-07-07 10:00,29.14,20308,United Kingdom
INV503204,TH-SHOE,Canvas Sneakers,3,2025-12-31 09:00,65.98,20353,United Kingdom
INV501452,TH-TSHIRT,Cotton Crew T-Shirt,2,2026-04-07 12:00,14.09,20162,United Kingdom
INV503864,TH-JEAN,Slim Fit Jeans,2,2025-08-28 10:00,76.3,20434,United Kingdom
INV506207,TH-SHIRT,Oxford Shirt,1,2026-05-11 08:00,40.5,20693,United Kingdom
INV500250,TH-JEAN,Slim Fit Jeans,1,2025-12-13 18:00,56.37,20030,United Kingdom
INV503965,TH-SHIRT,Oxford Shirt,2,2025-07-28 19:00,68.52,20443,United Kingdom
INV506182,TH-JACK,Denim Jacket,3,2026-07-15 16:00,91.45,20691,United Kingdom
INV506066,TH-HOOD,Fleece Hoodie,2,2025-08-17 17:00,56.94,20681,United Kingdom
INV504106,TH-SHIRT,Oxford Shirt,2,2026-01-07 08:00,35.78,20461,United Kingdom
INV505309,TH-JACK,Denim Jacket,2,2026-05-19 20:00,57.59,20597,United Kingdom
INV502545,TH-TSHIRT,Cotton Crew T-Shirt,2,2025-07-05 18:00,20.98,20281,United Kingdom
INV502674,TH-SHIRT,Oxford Shirt,2,2025-08-31 17:00,64.84,20294,United Kingdom
INV501289,TH-SHOE,Canvas Sneakers,3,2026-06-29 10:00,69.25,20144,United Kingdom
INV503057,TH-SHOE,Canvas Sneakers,1,2026-04-18 18:00,77.09,20337,United Kingdom
INV505279,TH-TSHIRT,Cotton Crew T-Shirt,1,2026-07-12 18:00,10.02,20593,United Kingdom
INV505988,TH-SHIRT,Oxford Shirt,1,2025-12-11 19:00,53.47,20673,United Kingdom
INV506132,TH-TSHIRT,Cotton Crew T-Shirt,1,2026-06-02 13:00,17.36,20686,United Kingdom
INV504255,TH-TSHIRT,Cotton Crew T-Shirt,3,2025-06-03 14:00,22.77,20479,United Kingdom
INV501260,TH-TSHIRT,Cotton Crew T-Shirt,3,2025-08-17 15:00,23.83,20142,United Kingdom
INV502328,TH-DRESS,Summer Dress,2,2025-12-17 10:00,72.94,20256,United Kingdom
INV503406,TH-HOOD,Fleece Hoodie,2,2025-07-22 14:00,57.47,20377,United Kingdom
INV505313,TH-JEAN,Slim Fit Jeans,2,2026-03-17 20:00,44.58,20597,United Kingdom
INV503382,TH-CAP,Logo Cap,2,2026-01-11 18:00,25.42,20375,United Kingdom
INV501570,TH-JEAN,Slim Fit Jeans,2,2026-05-19 11:00,80.74,20173,United Kingdom
INV502585,TH-SHIRT,Oxford Shirt,2,2025-05-30 14:00,50.61,20285,United Kingdom
INV501163,TH-SHOE,Canvas Sneakers,1,2025-10-31 20:00,64.36,20129,United Kingdom
INV505047,TH-TSHIRT,Cotton Crew T-Shirt,1,2025-08-01 10:00,17.95,20566,United Kingdom
INV501447,TH-JACK,Denim Jacket,2,2026-01-15 20:00,85.7,20161,United Kingdom
INV501677,TH-CAP,Logo Cap,1,2026-02-18 16:00,23.86,20186,United Kingdom
INV501135,TH-TSHIRT,Cotton Crew T-Shirt,1,2026-04-12 12:00,24.81,20126,United Kingdom
INV500185,TH-DRESS,Summer Dress,2,2026-02-19 09:00,94.15,20022,United Kingdom
INV503666,TH-JACK,Denim Jacket,3,2026-06-27 20:00,128.94,20407,United Kingdom
INV500715,TH-TSHIRT,Cotton Crew T-Shirt,2,2025-08-14 17:00,21.07,20080,United Kingdom
INV503872,TH-CAP,Logo Cap,3,2026-06-11 12:00,30.38,20435,United Kingdom
INV505545,TH-DRESS,Summer Dress,2,2026-05-09 13:00,73.99,20624,United Kingdom
INV501141,TH-HOOD,Fleece Hoodie,2,2025-06-23 10:00,66.34,20126,United Kingdom
INV506103,TH-JACK,Denim Jacket,3,2025-12-09 09:00,104.21,20683,United Kingdom
INV506033,TH-DRESS,Summer Dress,1,2025-11-08 08:00,65.49,20677,United Kingdom
INV505455,TH-JACK,Denim Jacket,1,2025-07-30 12:00,86.1,20613,United Kingdom
INV503456,TH-CAP,Logo Cap,1,2026-04-03 17:00,27.03,20382,United Kingdom
INV505675,TH-CAP,Logo Cap,3,2026-05-25 15:00,23.72,20640,United Kingdom
INV505184,TH-JACK,Denim Jacket,2,2026-06-21 18:00,132.56,20581,United Kingdom
INV505827,TH-SHOE,Canvas Sneakers,2,2026-02-20 08:00,70.05,20656,United Kingdom
INV504355,TH-CAP,Logo Cap,3,2025-09-18 16:00,27.08,20489,United Kingdom
INV504211,TH-HOOD,Fleece Hoodie,2,2025-10-19 16:00,57.65,20474,United Kingdom
INV503190,TH-JEAN,Slim Fit Jeans,2,2026-02-01 10:00,45.8,20352,United Kingdom
INV504669,TH-DRESS,Summer Dress,2,2026-01-25 13:00,67.01,20524,United Kingdom
INV503987,TH-SHIRT,Oxford Shirt,1,2025-10-12 08:00,34.56,20445,United Kingdom
INV503423,TH-HOOD,Fleece Hoodie,2,2026-06-04 12:00,33.25,20379,United Kingdom
INV500550,TH-CAP,Logo Cap,2,2026-01-10 19:00,16.68,20062,United Kingdom
INV500072,TH-SHIRT,Oxford Shirt,1,2025-09-24 14:00,24.19,20010,United Kingdom
INV506246,TH-HOOD,Fleece Hoodie,1,2026-05-13 15:00,42.67,20697,United Kingdom
INV505096,TH-SHOE,Canvas Sneakers,1,2026-02-26 14:00,33.77,20571,United Kingdom
INV504310,TH-CAP,Logo Cap,2,2025-06-09 11:00,20.75,20485,United Kingdom
INV502950,TH-DRESS,Summer Dress,1,2026-03-21 14:00,88.54,20328,United Kingdom
INV503598,TH-JACK,Denim Jacket,1,2026-04-28 14:00,61.52,20398,United Kingdom
INV502136,TH-SHIRT,Oxford Shirt,1,2026-01-07 13:00,32.83,20235,United Kingdom
INV504798,TH-CAP,Logo Cap,3,2026-05-24 12:00,25.79,20539,United Kingdom
INV500119,TH-JEAN,Slim Fit Jeans,2,2025-11-16 19:00,42.07,20016,United Kingdom
INV504820,TH-SHOE,Canvas Sneakers,2,2025-12-14 10:00,70.88,20541,United Kingdom
INV501498,TH-SHIRT,Oxford Shirt,2,2026-05-20 13:00,60.06,20166,United Kingdom
INV501393,TH-DRESS,Summer Dress,2,2025-06-07 15:00,51.5,20155,United Kingdom
INV502865,TH-SHOE,Canvas Sneakers,2,2026-05-02 11:00,50.43,20316,United Kingdom
INV501927,TH-SHOE,Canvas Sneakers,1,2026-05-02 13:00,63.92,20214,United Kingdom
INV504912,TH-TSHIRT,Cotton Crew T-Shirt,1,2026-01-22 13:00,16.74,20550,United Kingdom
INV501963,TH-JACK,Denim Jacket,1,2026-05-13 13:00,97.91,20218,United Kingdom
INV501688,TH-TSHIRT,Cotton Crew T-Shirt,1,2026-02-10 11:00,12.2,20188,United Kingdom
INV501640,TH-JACK,Denim Jacket,2,2025-07-16 15:00,81.09,20182,United Kingdom
INV504050,TH-SHOE,Canvas Sneakers,2,2025-11-23 13:00,62.24,20453,United Kingdom
INV503464,TH-HOOD,Fleece Hoodie,1,2026-02-19 09:00,73.03,20382,United Kingdom
INV501900,TH-JACK,Denim Jacket,2,2025-10-23 08:00,68.2,20212,United Kingdom
INV501896,TH-JEAN,Slim Fit Jeans,2,2025-11-21 14:00,50.42,20211,United Kingdom
INV505842,TH-TSHIRT,Cotton Crew T-Shirt,2,2025-10-25 17:00,14.81,20657,United Kingdom
INV500842,TH-HOOD,Fleece Hoodie,2,2026-05-01 16:00,70.38,20093,United Kingdom
INV505043,TH-TSHIRT,Cotton Crew T-Shirt,1,2026-04-23 08:00,21.09,20566,United Kingdom
INV505310,TH-CAP,Logo Cap,1,2026-07-15 10:00,12.72,20597,United Kingdom
INV504781,TH-DRESS,Summer Dress,1,2026-01-20 19:00,95.57,20537,United Kingdom
INV501936,TH-JEAN,Slim Fit Jeans,1,2025-07-25 13:00,45.47,20215,United Kingdom
INV500944,TH-JACK,Denim Jacket,2,2025-09-18 18:00,122.89,20104,United Kingdom
INV500432,TH-TSHIRT,Cotton Crew T-Shirt,2,2026-04-01 09:00,28.5,20051,United Kingdom
INV504841,TH-HOOD,Fleece Hoodie,3,2025-09-16 08:00,63.74,20542,United Kingdom
INV500230,TH-JEAN,Slim Fit Jeans,2,2025-07-09 18:00,70.54,20029,United Kingdom
INV500176,TH-SHOE,Canvas Sneakers,2,2025-11-09 18:00,71.41,20021,United Kingdom
INV500499,TH-SHOE,Canvas Sneakers,2,2026-05-19 09:00,55.18,20057,United Kingdom
INV505041,TH-JACK,Denim Jacket,3,2025-09-30 11:00,89.64,20566,United Kingdom
INV506214,TH-TSHIRT,Cotton Crew T-Shirt,1,2025-10-23 09:00,20.89,20694,United Kingdom
INV505987,TH-JEAN,Slim Fit Jeans,2,2025-08-21 18:00,79.46,20673,United Kingdom
INV502784,TH-CAP,Logo Cap,1,2026-01-04 19:00,18.28,20307,United Kingdom
INV501696,TH-JACK,Denim Jacket,1,2025-09-02 12:00,37.91,20190,United Kingdom
INV505909,TH-JACK,Denim Jacket,2,2026-01-13 17:00,113.91,20665,United Kingdom
INV502276,TH-SHIRT,Oxford Shirt,1,2026-03-10 10:00,57.23,20251,United Kingdom
INV505982,TH-SHOE,Canvas Sneakers,1,2025-08-25 18:00,33.08,20672,United Kingdom
INV505388,TH-SHIRT,Oxford Shirt,1,2025-07-03 20:00,38.63,20607,United Kingdom
INV500105,TH-SHOE,Canvas Sneakers,2,2025-09-08 19:00,64.62,20014,United Kingdom
INV501039,TH-TSHIRT,Cotton Crew T-Shirt,3,2025-06-14 10:00,21.98,20112,United Kingdom
INV501128,TH-CAP,Logo Cap,2,2026-02-08 13:00,13.26,20125,United Kingdom
INV504180,TH-CAP,Logo Cap,1,2025-11-26 14:00,23.57,20470,United Kingdom
INV504093,TH-CAP,Logo Cap,3,2025-06-05 14:00,26.37,20459,United Kingdom
INV502171,TH-JEAN,Slim Fit Jeans,1,2026-05-15 10:00,55.72,20240,United Kingdom
INV501030,TH-CAP,Logo Cap,1,2025-09-13 19:00,26.08,20112,United Kingdom
INV502538,TH-JACK,Denim Jacket,2,2025-07-29 20:00,109.19,20279,United Kingdom
INV503981,TH-JEAN,Slim Fit Jeans,2,2025-12-01 12:00,43.94,20445,United Kingdom
INV501183,TH-SHOE,Canvas Sneakers,2,2025-07-06 18:00,66.68,20131,United Kingdom
INV500837,TH-DRESS,Summer Dress,3,2025-11-24 10:00,105.65,20093,United Kingdom
INV502002,TH-CAP,Logo Cap,2,2025-07-11 18:00,25.71,20223,United Kingdom
INV504424,TH-SHIRT,Oxford Shirt,3,2025-08-20 12:00,60.82,20496,United Kingdom
INV500118,TH-JEAN,Slim Fit Jeans,1,2025-11-13 15:00,47.95,20015,United Kingdom
INV504971,TH-DRESS,Summer Dress,1,2025-12-16 16:00,49.01,20557,United Kingdom
INV500335,TH-SHIRT,Oxford Shirt,2,2025-05-29 09:00,26.13,20039,United Kingdom
INV502854,TH-SHIRT,Oxford Shirt,3,2026-05-04 17:00,51.17,20315,United Kingdom
INV500420,TH-DRESS,Summer Dress,1,2026-06-18 10:00,92.19,20051,United Kingdom
INV505613,TH-TSHIRT,Cotton Crew T-Shirt,1,2025-05-25 19:00,25.52,20633,United Kingdom
INV503245,TH-JACK,Denim Jacket,2,2025-08-16 11:00,76.94,20359,United Kingdom
INV504578,TH-DRESS,Summer Dress,3,2026-07-01 14:00,87.08,20512,United Kingdom
INV501629,TH-JEAN,Slim Fit Jeans,1,2025-12-27 20:00,64.57,20180,United Kingdom
INV501039,TH-SHOE,Canvas Sneakers,1,2025-06-14 10:00,75.55,20112,United Kingdom
INV505950,TH-DRESS,Summer Dress,2,2026-03-19 15:00,84.6,20668,United Kingdom
INV503508,TH-CAP,Logo Cap,2,2026-06-12 15:00,23.15,20386,United Kingdom
INV505352,TH-JACK,Denim Jacket,1,2025-09-12 20:00,90.84,20602,United Kingdom
INV501731,TH-JACK,Denim Jacket,1,2025-09-08 16:00,70.34,20193,United Kingdom
INV503187,TH-SHIRT,Oxford Shirt,1,2025-11-09 10:00,35.38,20352,United Kingdom
INV501523,TH-SHIRT,Oxford Shirt,1,2026-06-13 09:00,28.61,20169,United Kingdom
INV500763,TH-SHIRT,Oxford Shirt,2,2025-12-29 16:00,57.95,20083,United Kingdom
INV502627,TH-DRESS,Summer Dress,3,2026-03-24 10:00,101.93,20290,United Kingdom
INV502627,TH-HOOD,Fleece Hoodie,3,2026-03-24 10:00,73.08,20290,United Kingdom
INV501785,TH-CAP,Logo Cap,3,2025-10-29 19:00,31.53,20198,United Kingdom
INV504316,TH-HOOD,Fleece Hoodie,2,2025-10-21 15:00,55.86,20485,United Kingdom
INV501552,TH-DRESS,Summer Dress,3,2026-07-13 14:00,93.31,20172,United Kingdom
INV503336,TH-SHIRT,Oxford Shirt,1,2026-02-17 19:00,42.55,20369,United Kingdom
INV504738,TH-JACK,Denim Jacket,2,2026-04-09 10:00,92.95,20533,United Kingdom
INV502152,TH-JEAN,Slim Fit Jeans,2,2025-07-21 12:00,39.34,20237,United Kingdom
INV505323,TH-DRESS,Summer Dress,1,2025-12-13 09:00,55.39,20599,United Kingdom
INV500622,TH-JEAN,Slim Fit Jeans,1,2026-03-08 16:00,83.1,20069,United Kingdom
INV500782,TH-TSHIRT,Cotton Crew T-Shirt,1,2026-03-31 13:00,18.31,20086,United Kingdom
INV500912,TH-DRESS,Summer Dress,1,2026-02-15 09:00,109.22,20100,United Kingdom
INV500809,TH-CAP,Logo Cap,1,2025-09-10 09:00,17.6,20090,United Kingdom
INV505576,TH-SHOE,Canvas Sneakers,1,2026-05-22 15:00,36.6,20628,United Kingdom
INV500921,TH-HOOD,Fleece Hoodie,1,2025-08-01 11:00,56.75,20101,United Kingdom
INV501295,TH-JEAN,Slim Fit Jeans,2,2025-08-28 18:00,75.39,20144,United Kingdom
INV503166,TH-DRESS,Summer Dress,2,2025-05-18 14:00,86.68,20348,United Kingdom
INV502007,TH-SHOE,Canvas Sneakers,1,2025-08-11 14:00,76.9,20223,United Kingdom
INV500445,TH-TSHIRT,Cotton Crew T-Shirt,2,2026-05-19 17:00,27.88,20052,United Kingdom
INV503802,TH-JEAN,Slim Fit Jeans,1,2025-08-20 15:00,38.29,20427,United Kingdom
INV502121,TH-HOOD,Fleece Hoodie,2,2026-05-24 09:00,72.45,20234,United Kingdom
INV501423,TH-SHIRT,Oxford Shirt,3,2026-06-16 08:00,48.17,20159,United Kingdom
INV503055,TH-CAP,Logo Cap,2,2026-05-12 14:00,25.56,20337,United Kingdom
INV504008,TH-CAP,Logo Cap,3,2025-08-10 17:00,30.51,20448,United Kingdom
INV505414,TH-SHOE,Canvas Sneakers,1,2025-06-01 18:00,76.98,20610,United Kingdom
INV505030,TH-JACK,Denim Jacket,1,2025-07-05 11:00,120.48,20564,United Kingdom
INV503816,TH-SHIRT,Oxford Shirt,1,2025-07-20 20:00,39.88,20429,United Kingdom
INV505577,TH-SHOE,Canvas Sneakers,1,2025-06-15 14:00,64.38,20629,United Kingdom
INV503491,TH-SHOE,Canvas Sneakers,1,2026-03-03 20:00,69.87,20385,United Kingdom
INV505973,TH-SHOE,Canvas Sneakers,1,2025-05-15 10:00,55.33,20671,United Kingdom
INV504180,TH-JACK,Denim Jacket,3,2025-11-26 14:00,112.5,20470,United Kingdom
INV500186,TH-TSHIRT,Cotton Crew T-Shirt,1,2026-05-04 15:00,26.36,20022,United Kingdom
INV500577,TH-JACK,Denim Jacket,2,2025-08-08 11:00,87.13,20065,United Kingdom
INV504792,TH-JACK,Denim Jacket,2,2025-05-15 12:00,81.22,20538,United Kingdom
INV502380,TH-JACK,Denim Jacket,2,2026-07-03 10:00,88.26,20261,United Kingdom
INV505942,TH-DRESS,Summer Dress,2,2025-09-04 20:00,80.34,20668,United Kingdom
INV503634,TH-HOOD,Fleece Hoodie,1,2025-06-04 13:00,28.6,20403,United Kingdom
INV505264,TH-SHIRT,Oxford Shirt,2,2025-12-20 12:00,22.65,20590,United Kingdom
INV500503,TH-SHOE,Canvas Sneakers,1,2025-06-25 17:00,80.17,20058,United Kingdom
INV500198,TH-DRESS,Summer Dress,1,2026-04-04 17:00,43.96,20024,United Kingdom
INV505973,TH-JACK,Denim Jacket,1,2025-05-15 10:00,86.88,20671,United Kingdom
INV506115,TH-SHOE,Canvas Sneakers,2,2026-06-21 12:00,78.62,20685,United Kingdom
INV501836,TH-JEAN,Slim Fit Jeans,3,2025-08-31 14:00,72.76,20203,United Kingdom
INV505272,TH-SHOE,Canvas Sneakers,2,2026-06-30 15:00,36.53,20591,United Kingdom
INV502667,TH-TSHIRT,Cotton Crew T-Shirt,2,2025-06-09 09:00,23.96,20294,United Kingdom
INV504778,TH-JACK,Denim Jacket,2,2026-02-08 12:00,106.06,20537,United Kingdom
INV504050,TH-CAP,Logo Cap,1,2025-11-23 13:00,19.89,20453,United Kingdom
INV500563,TH-SHOE,Canvas Sneakers,1,2025-10-24 14:00,50.54,20063,United Kingdom
INV502255,TH-TSHIRT,Cotton Crew T-Shirt,1,2026-04-26 14:00,14.99,20249,United Kingdom
INV502973,TH-CAP,Logo Cap,2,2026-01-16 10:00,16.95,20331,United Kingdom
INV500491,TH-JEAN,Slim Fit Jeans,3,2025-12-17 20:00,76.91,20056,United Kingdom
INV502212,TH-TSHIRT,Cotton Crew T-Shirt,1,2026-06-28 09:00,20.03,20245,United Kingdom
INV500617,TH-JACK,Denim Jacket,2,2026-02-23 20:00,118.01,20069,United Kingdom
INV502156,TH-SHOE,Canvas Sneakers,1,2025-08-01 17:00,43.25,20238,United Kingdom
INV503258,TH-JEAN,Slim Fit Jeans,2,2025-09-06 11:00,60.29,20360,United Kingdom
INV502178,TH-JEAN,Slim Fit Jeans,1,2026-02-02 10:00,55.17,20241,United Kingdom
INV504410,TH-CAP,Logo Cap,2,2025-10-28 09:00,20.0,20494,United Kingdom
INV500278,TH-JACK,Denim Jacket,2,2025-05-27 12:00,75.53,20033,United Kingdom
INV501036,TH-JEAN,Slim Fit Jeans,3,2025-06-21 12:00,79.18,20112,United Kingdom
INV500024,TH-CAP,Logo Cap,1,2025-09-04 15:00,16.98,20004,United Kingdom
INV501998,TH-JEAN,Slim Fit Jeans,1,2025-09-12 19:00,51.37,20222,United Kingdom
INV502804,TH-DRESS,Summer Dress,1,2026-07-13 17:00,84.94,20310,United Kingdom
INV505703,TH-CAP,Logo Cap,1,2026-03-03 17:00,23.19,20643,United Kingdom
INV500367,TH-CAP,Logo Cap,1,2025-06-06 20:00,17.96,20043,United Kingdom
INV505623,TH-SHOE,Canvas Sneakers,1,2025-09-27 18:00,75.92,20633,United Kingdom
INV505233,TH-JEAN,Slim Fit Jeans,2,2026-02-20 12:00,54.33,20585,United Kingdom
INV500425,TH-JACK,Denim Jacket,1,2025-06-07 15:00,130.7,20051,United Kingdom
INV503579,TH-JEAN,Slim Fit Jeans,2,2025-08-03 13:00,52.05,20395,United Kingdom
INV503768,TH-SHOE,Canvas Sneakers,2,2026-06-16 10:00,62.8,20421,United Kingdom
INV501029,TH-DRESS,Summer Dress,2,2026-05-27 12:00,85.96,20112,United Kingdom
INV503519,TH-SHOE,Canvas Sneakers,3,2025-11-02 11:00,64.45,20388,United Kingdom
INV501941,TH-SHOE,Canvas Sneakers,1,2025-09-22 12:00,44.26,20215,United Kingdom
INV502718,TH-HOOD,Fleece Hoodie,2,2025-11-22 15:00,39.84,20299,United Kingdom
INV501187,TH-DRESS,Summer Dress,2,2025-09-26 16:00,42.38,20132,United Kingdom
INV504989,TH-CAP,Logo Cap,2,2026-06-21 20:00,16.58,20560,United Kingdom
INV505513,TH-JACK,Denim Jacket,3,2026-04-16 13:00,105.89,20620,United Kingdom
INV505490,TH-JEAN,Slim Fit Jeans,2,2025-12-07 17:00,61.64,20617,United Kingdom
INV502313,TH-SHIRT,Oxford Shirt,1,2025-08-29 09:00,32.1,20255,United Kingdom
INV501755,TH-JEAN,Slim Fit Jeans,2,2025-05-21 14:00,84.64,20196,United Kingdom
INV504049,TH-CAP,Logo Cap,2,2025-08-16 13:00,22.49,20453,United Kingdom
INV505971,TH-HOOD,Fleece Hoodie,1,2026-06-10 19:00,45.03,20671,United Kingdom
INV502101,TH-JEAN,Slim Fit Jeans,2,2025-07-05 10:00,71.3,20233,United Kingdom
INV501506,TH-CAP,Logo Cap,2,2026-02-10 16:00,23.57,20167,United Kingdom
INV502960,TH-CAP,Logo Cap,1,2026-02-22 17:00,16.03,20329,United Kingdom
INV505916,TH-SHOE,Canvas Sneakers,1,2026-03-15 12:00,90.39,20666,United Kingdom
INV503140,TH-DRESS,Summer Dress,2,2026-02-20 19:00,47.0,20345,United Kingdom
INV504802,TH-CAP,Logo Cap,3,2025-05-28 15:00,27.07,20539,United Kingdom
INV502532,TH-TSHIRT,Cotton Crew T-Shirt,1,2025-09-25 20:00,21.3,20279,United Kingdom
INV504861,TH-HOOD,Fleece Hoodie,2,2025-08-26 18:00,43.46,20544,United Kingdom
INV500600,TH-TSHIRT,Cotton Crew T-Shirt,1,2025-11-23 10:00,16.88,20067,United Kingdom
INV503493,TH-JEAN,Slim Fit Jeans,2,2026-04-29 13:00,74.57,20385,United Kingdom
INV506007,TH-CAP,Logo Cap,1,2025-07-03 18:00,17.16,20674,United Kingdom
INV503363,TH-SHOE,Canvas Sneakers,2,2026-02-16 20:00,61.78,20372,United Kingdom
INV505779,TH-SHIRT,Oxford Shirt,3,2025-09-17 13:00,42.48,20650,United Kingdom
INV500375,TH-SHOE,Canvas Sneakers,1,2025-08-09 08:00,39.3,20044,United Kingdom
INV503679,TH-DRESS,Summer Dress,1,2025-08-19 18:00,68.78,20409,United Kingdom
INV502353,TH-HOOD,Fleece Hoodie,2,2025-10-13 17:00,51.34,20258,United Kingdom
INV501564,TH-JACK,Denim Jacket,3,2025-09-18 15:00,100.15,20173,United Kingdom
INV501434,TH-JEAN,Slim Fit Jeans,3,2026-01-01 16:00,70.38,20160,United Kingdom
INV505428,TH-DRESS,Summer Dress,3,2025-09-15 09:00,90.67,20610,United Kingdom
INV505946,TH-SHOE,Canvas Sneakers,2,2025-05-19 19:00,68.14,20668,United Kingdom
INV505629,TH-TSHIRT,Cotton Crew T-Shirt,2,2025-09-13 17:00,11.02,20634,United Kingdom
INV500126,TH-DRESS,Summer Dress,2,2026-04-13 13:00,46.38,20016,United Kingdom
INV502547,TH-TSHIRT,Cotton Crew T-Shirt,3,2025-06-27 19:00,18.7,20281,United Kingdom
INV504851,TH-DRESS,Summer Dress,1,2025-05-29 17:00,88.1,20543,United Kingdom
INV500454,TH-SHIRT,Oxford Shirt,2,2026-05-16 18:00,74.03,20052,United Kingdom
INV501191,TH-HOOD,Fleece Hoodie,1,2025-11-10 11:00,32.18,20132,United Kingdom
INV503122,TH-JEAN,Slim Fit Jeans,3,2026-01-14 08:00,65.77,20344,United Kingdom
INV500900,TH-SHOE,Canvas Sneakers,2,2026-07-04 14:00,79.73,20100,United Kingdom
INV500390,TH-DRESS,Summer Dress,1,2025-09-18 11:00,58.83,20046,United Kingdom
INV504348,TH-CAP,Logo Cap,2,2026-04-24 12:00,18.05,20488,United Kingdom
INV505064,TH-HOOD,Fleece Hoodie,2,2025-10-04 19:00,70.27,20568,United Kingdom
INV502764,TH-SHOE,Canvas Sneakers,1,2026-03-02 10:00,46.93,20305,United Kingdom
INV503046,TH-JEAN,Slim Fit Jeans,3,2025-06-19 16:00,82.28,20337,United Kingdom
INV503407,TH-CAP,Logo Cap,1,2026-02-09 19:00,24.15,20377,United Kingdom
INV504171,TH-CAP,Logo Cap,1,2026-07-07 12:00,18.06,20469,United Kingdom
INV501823,TH-CAP,Logo Cap,2,2026-03-26 19:00,23.44,20202,United Kingdom
INV504156,TH-SHIRT,Oxford Shirt,2,2025-10-16 11:00,24.35,20467,United Kingdom
INV503251,TH-CAP,Logo Cap,2,2026-03-08 11:00,19.91,20360,United Kingdom
INV500439,TH-SHIRT,Oxford Shirt,3,2025-10-29 09:00,69.82,20052,United Kingdom
INV500345,TH-TSHIRT,Cotton Crew T-Shirt,3,2025-07-27 10:00,19.65,20040,United Kingdom
INV502500,TH-JEAN,Slim Fit Jeans,1,2025-11-25 14:00,49.98,20276,United Kingdom
INV500268,TH-SHOE,Canvas Sneakers,2,2026-02-24 15:00,44.94,20032,United Kingdom
INV502527,TH-SHOE,Canvas Sneakers,2,2026-03-03 09:00,75.46,20279,United Kingdom
INV502161,TH-CAP,Logo Cap,1,2025-05-28 08:00,15.36,20238,United Kingdom
INV501457,TH-SHOE,Canvas Sneakers,1,2026-04-20 18:00,42.25,20162,United Kingdom
INV506172,TH-SHIRT,Oxford Shirt,3,2026-03-09 14:00,50.68,20689,United Kingdom
INV500384,TH-JEAN,Slim Fit Jeans,1,2026-07-01 13:00,59.79,20046,United Kingdom
INV502064,TH-SHOE,Canvas Sneakers,1,2026-07-01 13:00,54.99,20229,United Kingdom
INV502662,TH-TSHIRT,Cotton Crew T-Shirt,2,2025-11-10 17:00,14.95,20293,United Kingdom
INV500840,TH-TSHIRT,Cotton Crew T-Shirt,2,2026-04-30 09:00,24.82,20093,United Kingdom
INV503139,TH-CAP,Logo Cap,1,2025-10-07 19:00,13.18,20345,United Kingdom
INV501310,TH-SHOE,Canvas Sneakers,1,2026-04-15 09:00,60.7,20147,United Kingdom
INV500832,TH-HOOD,Fleece Hoodie,1,2025-11-09 20:00,69.96,20092,United Kingdom
INV503628,TH-JEAN,Slim Fit Jeans,1,2026-02-20 10:00,57.74,20402,United Kingdom
INV505733,TH-SHOE,Canvas Sneakers,2,2025-10-31 17:00,59.26,20646,United Kingdom
INV505508,TH-JEAN,Slim Fit Jeans,1,2026-03-26 11:00,38.44,20619,United Kingdom
INV505982,TH-JEAN,Slim Fit Jeans,1,2025-08-25 18:00,38.71,20672,United Kingdom
INV503088,TH-SHOE,Canvas Sneakers,2,2025-06-14 09:00,68.35,20340,United Kingdom
INV501875,TH-HOOD,Fleece Hoodie,2,2025-05-13 13:00,51.52,20209,United Kingdom
INV503161,TH-SHOE,Canvas Sneakers,2,2026-05-08 12:00,68.94,20348,United Kingdom
INV505580,TH-SHOE,Canvas Sneakers,2,2026-06-01 14:00,65.4,20629,United Kingdom
INV504177,TH-JEAN,Slim Fit Jeans,3,2025-11-30 12:00,75.78,20470,United Kingdom
INV502548,TH-JACK,Denim Jacket,3,2025-12-24 08:00,86.28,20281,United Kingdom
INV501089,TH-SHIRT,Oxford Shirt,2,2026-07-15 20:00,40.18,20119,United Kingdom
INV500180,TH-CAP,Logo Cap,1,2026-04-13 13:00,26.76,20022,United Kingdom
INV500423,TH-SHOE,Canvas Sneakers,2,2025-10-24 15:00,90.43,20051,United Kingdom
INV505700,TH-JACK,Denim Jacket,3,2025-08-22 12:00,94.13,20643,United Kingdom
INV502262,TH-CAP,Logo Cap,1,2025-08-21 15:00,15.83,20250,United Kingdom
INV500362,TH-TSHIRT,Cotton Crew T-Shirt,1,2026-06-24 14:00,16.29,20043,United Kingdom
INV501846,TH-TSHIRT,Cotton Crew T-Shirt,1,2025-07-24 19:00,13.2,20204,United Kingdom
INV501383,TH-DRESS,Summer Dress,1,2025-05-18 17:00,38.24,20154,United Kingdom
INV504117,TH-SHOE,Canvas Sneakers,3,2026-06-29 12:00,70.18,20462,United Kingdom
INV501097,TH-DRESS,Summer Dress,2,2025-09-26 14:00,46.47,20120,United Kingdom
INV503164,TH-SHOE,Canvas Sneakers,1,2025-11-07 13:00,73.21,20348,United Kingdom
INV504305,TH-TSHIRT,Cotton Crew T-Shirt,1,2026-02-03 20:00,23.4,20484,United Kingdom
INV500120,TH-HOOD,Fleece Hoodie,2,2026-02-01 10:00,34.42,20016,United Kingdom
INV504520,TH-SHIRT,Oxford Shirt,1,2026-01-28 14:00,53.71,20506,United Kingdom
INV502672,TH-TSHIRT,Cotton Crew T-Shirt,3,2026-03-08 16:00,26.8,20294,United Kingdom
INV504318,TH-TSHIRT,Cotton Crew T-Shirt,1,2026-05-31 18:00,21.49,20486,United Kingdom
INV503317,TH-JACK,Denim Jacket,3,2025-09-19 20:00,102.78,20367,United Kingdom
INV501717,TH-SHOE,Canvas Sneakers,1,2025-09-20 16:00,74.2,20192,United Kingdom
INV502288,TH-TSHIRT,Cotton Crew T-Shirt,1,2025-10-01 19:00,15.94,20252,United Kingdom
INV505860,TH-JACK,Denim Jacket,1,2025-06-07 20:00,115.98,20660,United Kingdom
INV504429,TH-SHIRT,Oxford Shirt,3,2026-01-08 11:00,53.76,20496,United Kingdom
INV501981,TH-SHIRT,Oxford Shirt,2,2026-06-06 20:00,47.34,20220,United Kingdom
INV505724,TH-TSHIRT,Cotton Crew T-Shirt,2,2026-05-11 11:00,20.49,20645,United Kingdom
INV502725,TH-HOOD,Fleece Hoodie,2,2025-09-27 17:00,69.21,20300,United Kingdom
INV506205,TH-HOOD,Fleece Hoodie,2,2025-06-28 15:00,49.65,20693,United Kingdom
INV502040,TH-JACK,Denim Jacket,1,2026-03-22 19:00,112.82,20226,United Kingdom
INV501653,TH-JACK,Denim Jacket,2,2026-02-10 17:00,78.11,20184,United Kingdom
INV504765,TH-JACK,Denim Jacket,1,2026-03-10 12:00,128.84,20536,United Kingdom
INV501805,TH-DRESS,Summer Dress,1,2025-10-01 11:00,55.28,20201,United Kingdom
INV500584,TH-SHIRT,Oxford Shirt,2,2026-07-12 17:00,49.34,20066,United Kingdom
INV503891,TH-HOOD,Fleece Hoodie,2,2025-10-07 17:00,54.84,20438,United Kingdom
INV502800,TH-SHIRT,Oxford Shirt,2,2025-06-06 10:00,43.67,20309,United Kingdom
INV502776,TH-SHIRT,Oxford Shirt,1,2025-09-30 09:00,39.26,20307,United Kingdom
INV504599,TH-DRESS,Summer Dress,1,2025-07-23 17:00,33.85,20516,United Kingdom
INV505903,TH-CAP,Logo Cap,1,2025-09-19 09:00,25.62,20665,United Kingdom
INV502704,TH-SHOE,Canvas Sneakers,3,2026-01-29 20:00,66.32,20298,United Kingdom
INV502674,TH-SHIRT,Oxford Shirt,2,2025-08-31 17:00,62.3,20294,United Kingdom
INV503151,TH-DRESS,Summer Dress,2,2025-07-13 18:00,59.18,20347,United Kingdom
INV505428,TH-TSHIRT,Cotton Crew T-Shirt,3,2025-09-15 09:00,24.45,20610,United Kingdom
INV500960,TH-TSHIRT,Cotton Crew T-Shirt,2,2026-02-10 08:00,18.04,20105,United Kingdom
INV500827,TH-JACK,Denim Jacket,2,2025-06-04 14:00,121.56,20092,United Kingdom
INV503088,TH-SHOE,Canvas Sneakers,3,2025-06-14 09:00,68.82,20340,United Kingdom
INV504520,TH-HOOD,Fleece Hoodie,1,2026-01-28 14:00,66.43,20506,United Kingdom
INV503429,TH-SHOE,Canvas Sneakers,3,2026-01-10 13:00,86.17,20380,United Kingdom
INV501590,TH-SHIRT,Oxford Shirt,1,2025-06-27 17:00,40.37,20176,United Kingdom
INV504422,TH-TSHIRT,Cotton Crew T-Shirt,3,2026-02-22 17:00,22.93,20496,United Kingdom
INV500543,TH-TSHIRT,Cotton Crew T-Shirt,1,2026-02-07 13:00,28.9,20061,United Kingdom
INV501539,TH-JACK,Denim Jacket,2,2026-06-11 16:00,119.36,20172,United Kingdom
INV504752,TH-CAP,Logo Cap,1,2025-09-03 12:00,9.5,20535,United Kingdom
INV503680,TH-HOOD,Fleece Hoodie,2,2026-05-14 14:00,52.39,20409,United Kingdom
INV505896,TH-JEAN,Slim Fit Jeans,2,2026-06-01 09:00,48.67,20664,United Kingdom
INV505871,TH-CAP,Logo Cap,2,2026-04-15 17:00,25.7,20660,United Kingdom
INV504429,TH-HOOD,Fleece Hoodie,2,2026-01-08 11:00,66.0,20496,United Kingdom
INV504285,TH-TSHIRT,Cotton Crew T-Shirt,1,2026-05-19 16:00,20.9,20482,United Kingdom
INV505051,TH-SHOE,Canvas Sneakers,2,2026-03-23 14:00,38.06,20567,United Kingdom
INV504758,TH-DRESS,Summer Dress,3,2026-03-15 12:00,106.39,20536,United Kingdom
INV501222,TH-DRESS,Summer Dress,3,2026-05-13 16:00,76.47,20138,United Kingdom
INV502792,TH-SHOE,Canvas Sneakers,2,2025-06-06 12:00,31.75,20308,United Kingdom
INV501014,TH-SHIRT,Oxford Shirt,1,2025-12-19 13:00,58.88,20111,United Kingdom
INV502459,TH-TSHIRT,Cotton Crew T-Shirt,3,2025-11-29 09:00,23.75,20271,United Kingdom
INV503726,TH-CAP,Logo Cap,1,2025-08-13 15:00,18.96,20415,United Kingdom
INV504564,TH-TSHIRT,Cotton Crew T-Shirt,2,2025-11-03 09:00,26.51,20512,United Kingdom
INV502355,TH-JACK,Denim Jacket,3,2026-05-18 08:00,94.38,20258,United Kingdom
INV502245,TH-SHIRT,Oxford Shirt,1,2025-10-15 09:00,38.71,20248,United Kingdom
INV500948,TH-TSHIRT,Cotton Crew T-Shirt,3,2026-02-25 16:00,25.49,20104,United Kingdom
INV500115,TH-SHOE,Canvas Sneakers,2,2025-09-26 14:00,52.21,20015,United Kingdom
INV502031,TH-CAP,Logo Cap,1,2025-09-17 12:00,20.42,20225,United Kingdom
INV503223,TH-SHIRT,Oxford Shirt,2,2026-03-09 18:00,23.13,20356,United Kingdom
INV504146,TH-DRESS,Summer Dress,2,2026-04-10 11:00,70.19,20465,United Kingdom
INV500785,TH-TSHIRT,Cotton Crew T-Shirt,1,2026-03-13 10:00,17.26,20086,United Kingdom
INV502799,TH-SHIRT,Oxford Shirt,1,2026-04-02 15:00,45.93,20309,United Kingdom
INV506117,TH-TSHIRT,Cotton Crew T-Shirt,1,2025-08-20 18:00,23.44,20685,United Kingdom
INV503093,TH-SHOE,Canvas Sneakers,2,2025-09-15 08:00,76.93,20340,United Kingdom
INV505601,TH-HOOD,Fleece Hoodie,1,2026-05-09 12:00,60.08,20631,United Kingdom
INV505515,TH-SHIRT,Oxford Shirt,3,2026-05-21 09:00,48.49,20620,United Kingdom
INV504477,TH-TSHIRT,Cotton Crew T-Shirt,1,2025-09-04 10:00,11.9,20502,United Kingdom
INV503811,TH-JEAN,Slim Fit Jeans,2,2025-07-06 11:00,45.13,20428,United Kingdom
INV506156,TH-JEAN,Slim Fit Jeans,2,2026-05-04 11:00,64.94,20688,United Kingdom
INV504729,TH-DRESS,Summer Dress,2,2025-05-23 12:00,80.57,20532,United Kingdom
INV502589,TH-CAP,Logo Cap,3,2025-09-11 09:00,19.88,20285,United Kingdom
INV505935,TH-SHIRT,Oxford Shirt,2,2025-09-19 09:00,53.24,20668,United Kingdom
INV500031,TH-SHIRT,Oxford Shirt,1,2025-11-08 15:00,37.36,20005,United Kingdom
INV505489,TH-JACK,Denim Jacket,3,2025-07-03 20:00,98.6,20617,United Kingdom
INV504471,TH-DRESS,Summer Dress,1,2025-10-19 16:00,92.42,20501,United Kingdom
INV500990,TH-DRESS,Summer Dress,1,2025-07-07 20:00,63.75,20108,United Kingdom
INV501554,TH-SHIRT,Oxford Shirt,2,2026-03-24 18:00,61.15,20172,United Kingdom
INV500954,TH-JACK,Denim Jacket,1,2026-05-03 13:00,111.61,20104,United Kingdom
INV503321,TH-SHIRT,Oxford Shirt,1,2025-12-02 20:00,55.02,20367,United Kingdom
INV502010,TH-SHIRT,Oxford Shirt,1,2025-09-01 10:00,51.6,20223,United Kingdom
INV501874,TH-TSHIRT,Cotton Crew T-Shirt,1,2025-11-17 13:00,15.88,20208,United Kingdom
INV502409,TH-JACK,Denim Jacket,1,2025-06-23 15:00,96.95,20265,United Kingdom
INV505449,TH-JACK,Denim Jacket,1,2026-04-16 19:00,99.68,20613,United Kingdom
INV501693,TH-HOOD,Fleece Hoodie,1,2026-05-18 18:00,21.12,20189,United Kingdom
INV501292,TH-SHIRT,Oxford Shirt,1,2025-10-27 14:00,49.45,20144,United Kingdom
INV503933,TH-JACK,Denim Jacket,2,2025-09-10 10:00,73.38,20441,United Kingdom
INV500092,TH-HOOD,Fleece Hoodie,1,2025-06-10 10:00,39.58,20012,United Kingdom
INV500582,TH-HOOD,Fleece Hoodie,2,2026-01-07 17:00,51.0,20066,United Kingdom
INV502273,TH-HOOD,Fleece Hoodie,3,2026-02-13 13:00,69.57,20251,United Kingdom
INV503057,TH-JACK,Denim Jacket,1,2026-04-18 18:00,104.13,20337,United Kingdom
INV504655,TH-HOOD,Fleece Hoodie,1,2025-12-09 20:00,62.75,20522,United Kingdom
INV501771,TH-SHOE,Canvas Sneakers,2,2025-06-14 13:00,92.42,20198,United Kingdom
INV503381,TH-HOOD,Fleece Hoodie,3,2025-12-20 12:00,60.09,20375,United Kingdom
INV504621,TH-SHIRT,Oxford Shirt,1,2025-08-19 11:00,29.62,20519,United Kingdom
INV501956,TH-CAP,Logo Cap,3,2025-11-19 12:00,23.27,20218,United Kingdom
INV500966,TH-HOOD,Fleece Hoodie,2,2025-05-31 13:00,54.15,20106,United Kingdom
INV500404,TH-JEAN,Slim Fit Jeans,2,2025-11-18 15:00,44.88,20048,United Kingdom
INV500535,TH-TSHIRT,Cotton Crew T-Shirt,1,2025-12-08 19:00,26.17,20061,United Kingdom
INV503022,TH-JACK,Denim Jacket,1,2025-07-28 13:00,116.7,20335,United Kingdom
INV505422,TH-CAP,Logo Cap,3,2025-08-04 10:00,24.56,20610,United Kingdom
INV500226,TH-CAP,Logo Cap,2,2025-07-03 15:00,15.37,20028,United Kingdom
INV504831,TH-JACK,Denim Jacket,2,2025-11-13 10:00,106.7,20542,United Kingdom
INV500639,TH-TSHIRT,Cotton Crew T-Shirt,1,2026-01-13 14:00,12.99,20071,United Kingdom
INV506136,TH-DRESS,Summer Dress,1,2025-08-01 10:00,59.35,20686,United Kingdom
INV505887,TH-JEAN,Slim Fit Jeans,1,2025-11-17 15:00,59.31,20662,United Kingdom
INV504128,TH-TSHIRT,Cotton Crew T-Shirt,3,2026-01-11 10:00,25.62,20464,United Kingdom
INV503493,TH-HOOD,Fleece Hoodie,3,2026-04-29 13:00,55.43,20385,United Kingdom
INV500723,TH-CAP,Logo Cap,2,2026-05-12 16:00,25.19,20081,United Kingdom
INV502418,TH-HOOD,Fleece Hoodie,2,2026-03-19 14:00,59.3,20265,United Kingdom
INV502690,TH-JACK,Denim Jacket,1,2025-12-16 17:00,47.72,20296,United Kingdom
INV502450,TH-SHIRT,Oxford Shirt,2,2025-10-14 13:00,25.9,20270,United Kingdom
INV500081,TH-TSHIRT,Cotton Crew T-Shirt,2,2026-07-01 08:00,20.09,20011,United Kingdom
INV503442,TH-TSHIRT,Cotton Crew T-Shirt,2,2025-07-24 09:00,18.27,20381,United Kingdom
INV505213,TH-CAP,Logo Cap,2,2025-06-15 19:00,22.05,20583,United Kingdom
INV505913,TH-SHIRT,Oxford Shirt,1,2025-05-31 15:00,51.81,20665,United Kingdom
INV502112,TH-SHIRT,Oxford Shirt,1,2025-09-16 18:00,63.61,20234,United Kingdom
INV502269,TH-DRESS,Summer Dress,2,2026-02-22 20:00,91.72,20251,United Kingdom
INV501090,TH-CAP,Logo Cap,2,2025-09-01 20:00,19.76,20119,United Kingdom
INV501269,TH-JEAN,Slim Fit Jeans,3,2025-07-11 16:00,79.34,20142,United Kingdom
INV501491,TH-DRESS,Summer Dress,1,2026-05-11 16:00,100.96,20166,United Kingdom
INV506110,TH-SHIRT,Oxford Shirt,2,2025-08-02 18:00,28.85,20684,United Kingdom
INV506095,TH-JEAN,Slim Fit Jeans,1,2025-08-19 15:00,82.46,20683,United Kingdom
INV504069,TH-SHOE,Canvas Sneakers,1,2025-10-23 11:00,45.6,20455,United Kingdom
INV500649,TH-DRESS,Summer Dress,2,2026-05-20 18:00,58.18,20072,United Kingdom
INV502859,TH-HOOD,Fleece Hoodie,2,2026-04-02 12:00,57.71,20315,United Kingdom
INV505759,TH-DRESS,Summer Dress,2,2025-06-17 09:00,70.06,20649,United Kingdom
INV504860,TH-SHOE,Canvas Sneakers,1,2025-07-16 17:00,50.19,20544,United Kingdom
INV501807,TH-SHOE,Canvas Sneakers,1,2026-07-02 12:00,41.16,20201,United Kingdom
INV500322,TH-HOOD,Fleece Hoodie,1,2025-09-04 10:00,56.74,20037,United Kingdom
INV501952,TH-JEAN,Slim Fit Jeans,2,2025-10-19 18:00,74.1,20218,United Kingdom
INV505741,TH-JACK,Denim Jacket,2,2026-04-08 08:00,99.85,20647,United Kingdom
INV502803,TH-JACK,Denim Jacket,1,2026-05-30 16:00,85.78,20309,United Kingdom
INV501606,TH-JACK,Denim Jacket,2,2025-08-13 17:00,89.32,20177,United Kingdom
INV501253,TH-JACK,Denim Jacket,3,2025-09-29 16:00,104.15,20141,United Kingdom
INV500839,TH-SHIRT,Oxford Shirt,2,2025-10-26 13:00,57.46,20093,United Kingdom
INV502210,TH-SHOE,Canvas Sneakers,2,2025-09-08 09:00,70.35,20245,United Kingdom
INV503816,TH-JEAN,Slim Fit Jeans,1,2025-07-20 20:00,70.34,20429,United Kingdom
INV506272,TH-CAP,Logo Cap,2,2025-08-24 08:00,19.55,20700,United Kingdom
INV503782,TH-SHOE,Canvas Sneakers,1,2026-01-03 20:00,38.42,20424,United Kingdom
INV500390,TH-DRESS,Summer Dress,1,2025-09-18 11:00,62.88,20046,United Kingdom
INV504732,TH-JEAN,Slim Fit Jeans,2,2026-04-01 15:00,83.63,20532,United Kingdom
INV503415,TH-SHIRT,Oxford Shirt,2,2025-12-08 15:00,24.94,20378,United Kingdom
INV500903,TH-CAP,Logo Cap,3,2025-11-27 09:00,30.62,20100,United Kingdom
INV502399,TH-DRESS,Summer Dress,3,2026-01-30 10:00,98.97,20263,United Kingdom
INV503997,TH-TSHIRT,Cotton Crew T-Shirt,2,2025-12-21 12:00,18.41,20447,United Kingdom
INV505506,TH-TSHIRT,Cotton Crew T-Shirt,2,2025-07-04 15:00,10.79,20619,United Kingdom
INV503628,TH-SHIRT,Oxford Shirt,2,2026-02-20 10:00,38.57,20402,United Kingdom
INV506252,TH-SHIRT,Oxford Shirt,2,2026-06-10 16:00,34.57,20698,United Kingdom
INV501262,TH-CAP,Logo Cap,3,2026-01-31 11:00,25.1,20142,United Kingdom
INV500386,TH-SHOE,Canvas Sneakers,2,2025-11-09 18:00,52.71,20046,United Kingdom
INV503063,TH-SHIRT,Oxford Shirt,3,2026-04-08 12:00,42.64,20338,United Kingdom
INV503413,TH-SHOE,Canvas Sneakers,2,2025-08-30 10:00,35.38,20378,United Kingdom
INV504930,TH-DRESS,Summer Dress,2,2025-08-15 09:00,61.91,20552,United Kingdom
INV504654,TH-CAP,Logo Cap,2,2026-03-10 10:00,26.27,20522,United Kingdom
INV504878,TH-JACK,Denim Jacket,2,2025-05-27 18:00,82.02,20545,United Kingdom
INV504651,TH-DRESS,Summer Dress,3,2025-06-14 16:00,95.38,20522,United Kingdom
INV505709,TH-JEAN,Slim Fit Jeans,3,2025-10-03 20:00,78.43,20644,United Kingdom
INV505698,TH-SHOE,Canvas Sneakers,1,2026-02-12 20:00,67.5,20643,United Kingdom
INV501085,TH-SHIRT,Oxford Shirt,2,2026-05-14 19:00,26.86,20118,United Kingdom
INV505209,TH-TSHIRT,Cotton Crew T-Shirt,2,2026-02-12 15:00,17.8,20583,United Kingdom
INV501544,TH-DRESS,Summer Dress,1,2026-05-11 16:00,103.8,20172,United Kingdom
INV503460,TH-SHOE,Canvas Sneakers,1,2026-05-15 15:00,84.25,20382,United Kingdom
INV501969,TH-CAP,Logo Cap,1,2025-06-12 11:00,27.23,20219,United Kingdom
INV502716,TH-SHOE,Canvas Sneakers,1,2026-01-19 08:00,46.25,20299,United Kingdom
INV504350,TH-JEAN,Slim Fit Jeans,3,2026-02-27 17:00,81.09,20489,United Kingdom
INV504577,TH-DRESS,Summer Dress,1,2025-10-01 18:00,91.98,20512,United Kingdom
INV501849,TH-DRESS,Summer Dress,2,2026-01-01 12:00,46.14,20205,United Kingdom
INV505792,TH-CAP,Logo Cap,2,2026-04-09 08:00,21.72,20652,United Kingdom
INV503389,TH-TSHIRT,Cotton Crew T-Shirt,3,2025-08-13 11:00,19.47,20375,United Kingdom
INV505312,TH-TSHIRT,Cotton Crew T-Shirt,2,2025-10-31 11:00,13.41,20597,United Kingdom
INV504226,TH-CAP,Logo Cap,1,2026-03-18 11:00,13.61,20476,United Kingdom
INV504998,TH-DRESS,Summer Dress,2,2026-03-27 17:00,81.53,20561,United Kingdom
INV505333,TH-CAP,Logo Cap,2,2026-05-21 19:00,20.61,20600,United Kingdom
INV505321,TH-SHOE,Canvas Sneakers,1,2025-07-11 20:00,45.57,20599,United Kingdom
INV500579,TH-SHIRT,Oxford Shirt,2,2026-01-01 10:00,41.78,20065,United Kingdom
INV506035,TH-DRESS,Summer Dress,1,2026-04-01 13:00,63.91,20677,United Kingdom
INV503965,TH-JACK,Denim Jacket,3,2025-07-28 19:00,136.77,20443,United Kingdom
INV504541,TH-TSHIRT,Cotton Crew T-Shirt,3,2025-12-19 11:00,20.26,20509,United Kingdom
INV503523,TH-TSHIRT,Cotton Crew T-Shirt,1,2025-12-10 18:00,21.02,20388,United Kingdom
INV501992,TH-HOOD,Fleece Hoodie,1,2025-10-31 08:00,40.66,20222,United Kingdom
INV501999,TH-JEAN,Slim Fit Jeans,2,2026-06-13 18:00,78.42,20223,United Kingdom
INV506130,TH-SHIRT,Oxford Shirt,2,2026-06-12 08:00,54.25,20685,United Kingdom
INV505631,TH-SHIRT,Oxford Shirt,2,2026-06-15 11:00,25.81,20634,United Kingdom
INV506119,TH-CAP,Logo Cap,1,2025-08-04 14:00,24.7,20685,United Kingdom
INV504553,TH-SHIRT,Oxford Shirt,2,2025-09-19 16:00,27.05,20510,United Kingdom
INV500276,TH-DRESS,Summer Dress,2,2025-08-06 16:00,64.41,20033,United Kingdom
INV502090,TH-CAP,Logo Cap,2,2026-01-02 08:00,16.07,20232,United Kingdom
INV503167,TH-CAP,Logo Cap,1,2026-05-11 16:00,26.53,20348,United Kingdom
INV501216,TH-DRESS,Summer Dress,1,2025-07-31 15:00,45.07,20137,United Kingdom
INV506268,TH-HOOD,Fleece Hoodie,1,2025-10-22 15:00,46.55,20700,United Kingdom
INV503101,TH-TSHIRT,Cotton Crew T-Shirt,2,2026-03-01 19:00,20.04,20341,United Kingdom
INV500866,TH-CAP,Logo Cap,2,2026-06-01 08:00,20.74,20095,United Kingdom
INV504519,TH-CAP,Logo Cap,2,2025-05-13 16:00,27.3,20506,United Kingdom
INV502697,TH-TSHIRT,Cotton Crew T-Shirt,1,2026-05-14 17:00,17.58,20297,United Kingdom
INV502692,TH-DRESS,Summer Dress,1,2026-06-18 19:00,58.87,20297,United Kingdom
INV505406,TH-JACK,Denim Jacket,3,2025-10-08 08:00,85.0,20609,United Kingdom
INV503240,TH-DRESS,Summer Dress,3,2026-03-26 09:00,73.2,20358,United Kingdom
INV502352,TH-JACK,Denim Jacket,1,2026-05-05 09:00,92.48,20258,United Kingdom
INV501139,TH-TSHIRT,Cotton Crew T-Shirt,1,2026-01-25 08:00,21.72,20126,United Kingdom
INV505742,TH-TSHIRT,Cotton Crew T-Shirt,3,2025-06-08 11:00,21.63,20647,United Kingdom
INV500825,TH-SHOE,Canvas Sneakers,3,2026-03-06 18:00,73.02,20092,United Kingdom
INV502398,TH-HOOD,Fleece Hoodie,1,2026-05-31 17:00,68.79,20263,United Kingdom
INV501322,TH-CAP,Logo Cap,1,2026-05-14 10:00,22.46,20148,United Kingdom
INV505584,TH-CAP,Logo Cap,1,2026-02-15 16:00,20.96,20629,United Kingdom
INV502509,TH-SHOE,Canvas Sneakers,2,2025-10-13 19:00,51.42,20277,United Kingdom
INV503712,TH-CAP,Logo Cap,3,2026-03-03 17:00,25.9,20414,United Kingdom
INV500740,TH-SHIRT,Oxford Shirt,1,2026-03-29 15:00,32.76,20082,United Kingdom
INV504580,TH-SHOE,Canvas Sneakers,2,2026-07-05 13:00,40.25,20513,United Kingdom
INV500767,TH-DRESS,Summer Dress,2,2025-10-05 13:00,90.94,20085,United Kingdom
INV504035,TH-JACK,Denim Jacket,3,2025-09-17 08:00,84.85,20450,United Kingdom
INV505331,TH-SHIRT,Oxford Shirt,1,2026-06-08 15:00,48.33,20600,United Kingdom
INV502727,TH-JEAN,Slim Fit Jeans,2,2025-10-25 20:00,75.08,20300,United Kingdom
INV502741,TH-HOOD,Fleece Hoodie,3,2026-05-12 18:00,63.86,20301,United Kingdom
INV503095,TH-JACK,Denim Jacket,1,2025-12-21 19:00,102.77,20341,United Kingdom
INV502974,TH-TSHIRT,Cotton Crew T-Shirt,1,2026-03-22 08:00,16.37,20331,United Kingdom
INV505462,TH-JEAN,Slim Fit Jeans,2,2025-10-30 13:00,55.61,20615,United Kingdom
INV500101,TH-CAP,Logo Cap,2,2025-08-12 08:00,14.8,20013,United Kingdom
INV506042,TH-TSHIRT,Cotton Crew T-Shirt,2,2026-05-11 08:00,23.47,20678,United Kingdom
INV504365,TH-CAP,Logo Cap,3,2025-10-24 14:00,29.55,20489,United Kingdom
INV500670,TH-CAP,Logo Cap,2,2026-04-15 11:00,13.08,20075,United Kingdom
INV503009,TH-JACK,Denim Jacket,2,2025-11-30 17:00,99.3,20334,United Kingdom
INV501093,TH-DRESS,Summer Dress,2,2025-05-24 12:00,65.27,20119,United Kingdom
INV501596,TH-CAP,Logo Cap,1,2026-07-12 15:00,23.64,20177,United Kingdom
INV504134,TH-SHOE,Canvas Sneakers,3,2026-05-29 17:00,81.15,20464,United Kingdom
INV502547,TH-SHIRT,Oxford Shirt,3,2025-06-27 19:00,47.16,20281,United Kingdom
INV504867,TH-TSHIRT,Cotton Crew T-Shirt,2,2026-02-17 19:00,18.86,20544,United Kingdom
INV504436,TH-HOOD,Fleece Hoodie,1,2026-07-13 16:00,27.22,20497,United Kingdom
INV504915,TH-JEAN,Slim Fit Jeans,2,2025-12-03 17:00,64.04,20550,United Kingdom
INV505082,TH-SHOE,Canvas Sneakers,1,2025-09-08 10:00,75.07,20570,United Kingdom
INV500709,TH-DRESS,Summer Dress,2,2025-12-10 09:00,77.19,20079,United Kingdom
INV505082,TH-JEAN,Slim Fit Jeans,2,2025-09-08 10:00,76.32,20570,United Kingdom
INV505879,TH-SHOE,Canvas Sneakers,2,2025-07-08 17:00,29.72,20661,United Kingdom
INV505512,TH-DRESS,Summer Dress,2,2026-03-23 14:00,74.75,20620,United Kingdom
INV503566,TH-CAP,Logo Cap,1,2025-07-07 12:00,24.37,20394,United Kingdom
INV504596,TH-DRESS,Summer Dress,2,2025-11-19 12:00,43.16,20515,United Kingdom
INV501400,TH-JACK,Denim Jacket,1,2025-08-12 19:00,77.21,20156,United Kingdom
INV504132,TH-HOOD,Fleece Hoodie,1,2026-01-15 17:00,71.52,20464,United Kingdom
INV501819,TH-JEAN,Slim Fit Jeans,2,2025-10-09 08:00,77.86,20202,United Kingdom
INV503265,TH-SHIRT,Oxford Shirt,2,2026-05-21 13:00,58.83,20361,United Kingdom
INV500321,TH-CAP,Logo Cap,3,2026-02-19 17:00,20.35,20037,United Kingdom
INV502613,TH-SHIRT,Oxford Shirt,1,2026-04-07 16:00,60.16,20289,United Kingdom
INV500237,TH-JEAN,Slim Fit Jeans,1,2026-02-02 20:00,76.21,20029,United Kingdom
INV500415,TH-CAP,Logo Cap,1,2025-12-17 13:00,18.88,20050,United Kingdom
INV504092,TH-TSHIRT,Cotton Crew T-Shirt,3,2025-07-20 10:00,21.31,20459,United Kingdom
INV501073,TH-CAP,Logo Cap,1,2025-10-19 13:00,22.76,20115,United Kingdom
INV505806,TH-TSHIRT,Cotton Crew T-Shirt,1,2026-03-28 10:00,12.79,20654,United Kingdom
INV501582,TH-DRESS,Summer Dress,1,2025-08-16 14:00,39.64,20175,United Kingdom
INV500245,TH-JEAN,Slim Fit Jeans,1,2026-07-13 17:00,55.77,20030,United Kingdom
INV500523,TH-JEAN,Slim Fit Jeans,2,2025-07-26 10:00,59.98,20060,United Kingdom
INV501091,TH-JEAN,Slim Fit Jeans,2,2026-04-28 08:00,63.17,20119,United Kingdom
INV502739,TH-SHIRT,Oxford Shirt,1,2026-05-12 11:00,49.92,20301,United Kingdom
INV503034,TH-CAP,Logo Cap,2,2025-11-22 10:00,21.72,20336,United Kingdom
INV504269,TH-HOOD,Fleece Hoodie,2,2025-07-21 09:00,47.95,20481,United Kingdom
INV500906,TH-DRESS,Summer Dress,2,2025-10-12 14:00,96.63,20100,United Kingdom
INV503659,TH-DRESS,Summer Dress,1,2025-12-06 14:00,63.9,20406,United Kingdom
INV504994,TH-SHOE,Canvas Sneakers,2,2025-11-18 11:00,44.0,20560,United Kingdom
INV503919,TH-SHIRT,Oxford Shirt,2,2025-05-12 19:00,47.7,20440,United Kingdom
INV502218,TH-TSHIRT,Cotton Crew T-Shirt,3,2025-09-03 16:00,22.12,20245,United Kingdom
INV503138,TH-SHIRT,Oxford Shirt,2,2026-04-08 18:00,25.56,20345,United Kingdom
INV504464,TH-SHIRT,Oxford Shirt,1,2026-05-08 14:00,56.68,20501,United Kingdom
INV501478,TH-SHIRT,Oxford Shirt,1,2026-07-03 18:00,37.85,20165,United Kingdom
INV502499,TH-SHIRT,Oxford Shirt,1,2025-08-31 15:00,35.54,20276,United Kingdom
INV503969,TH-TSHIRT,Cotton Crew T-Shirt,1,2025-11-09 12:00,18.48,20444,United Kingdom
INV501839,TH-SHIRT,Oxford Shirt,1,2025-12-11 17:00,30.24,20204,United Kingdom
INV501894,TH-SHIRT,Oxford Shirt,1,2026-06-17 17:00,37.96,20211,United Kingdom
INV500085,TH-JACK,Denim Jacket,2,2025-10-13 10:00,84.79,20011,United Kingdom
INV502118,TH-HOOD,Fleece Hoodie,2,2026-02-07 15:00,70.11,20234,United Kingdom
INV503394,TH-JACK,Denim Jacket,3,2026-03-28 18:00,107.11,20375,United Kingdom
INV502257,TH-TSHIRT,Cotton Crew T-Shirt,1,2026-01-06 14:00,16.64,20249,United Kingdom
INV503854,TH-SHOE,Canvas Sneakers,3,2025-10-03 14:00,70.95,20433,United Kingdom
INV504671,TH-JACK,Denim Jacket,2,2026-04-17 08:00,65.15,20525,United Kingdom
INV502963,TH-CAP,Logo Cap,1,2026-01-26 13:00,20.45,20330,United Kingdom
INV501769,TH-JEAN,Slim Fit Jeans,1,2025-11-25 15:00,28.74,20197,United Kingdom
INV505829,TH-DRESS,Summer Dress,1,2025-10-06 10:00,97.3,20656,United Kingdom
INV501312,TH-HOOD,Fleece Hoodie,2,2026-02-09 08:00,50.3,20147,United Kingdom
INV501143,TH-JEAN,Slim Fit Jeans,2,2025-08-23 16:00,74.49,20126,United Kingdom
INV503662,TH-CAP,Logo Cap,2,2026-01-13 19:00,26.37,20407,United Kingdom
INV502678,TH-HOOD,Fleece Hoodie,3,2025-10-20 17:00,76.28,20294,United Kingdom
INV505153,TH-JACK,Denim Jacket,2,2026-04-14 20:00,43.96,20577,United Kingdom
INV505518,TH-TSHIRT,Cotton Crew T-Shirt,1,2025-05-18 19:00,21.33,20620,United Kingdom
INV502249,TH-SHIRT,Oxford Shirt,2,2026-02-02 11:00,37.06,20249,United Kingdom
INV504808,TH-JACK,Denim Jacket,3,2025-08-26 09:00,120.9,20539,United Kingdom
INV502711,TH-JEAN,Slim Fit Jeans,2,2025-05-28 10:00,67.76,20298,United Kingdom
INV503149,TH-JACK,Denim Jacket,1,2025-07-06 13:00,97.74,20346,United Kingdom
INV505723,TH-JEAN,Slim Fit Jeans,3,2025-09-08 19:00,60.39,20645,United Kingdom
INV500402,TH-SHOE,Canvas Sneakers,2,2025-12-12 18:00,35.67,20048,United Kingdom
INV501319,TH-JEAN,Slim Fit Jeans,1,2026-05-29 13:00,75.55,20148,United Kingdom
INV504004,TH-DRESS,Summer Dress,3,2025-05-29 12:00,100.6,20448,United Kingdom
INV500927,TH-HOOD,Fleece Hoodie,2,2026-03-21 14:00,54.22,20102,United Kingdom
INV504132,TH-DRESS,Summer Dress,1,2026-01-15 17:00,99.78,20464,United Kingdom
INV505919,TH-SHIRT,Oxford Shirt,3,2025-11-06 13:00,63.94,20666,United Kingdom
INV503523,TH-JEAN,Slim Fit Jeans,2,2025-12-10 18:00,72.23,20388,United Kingdom
INV500298,TH-HOOD,Fleece Hoodie,2,2025-05-30 20:00,64.56,20036,United Kingdom
INV503450,TH-CAP,Logo Cap,1,2025-08-07 10:00,21.41,20381,United Kingdom
INV501395,TH-SHIRT,Oxford Shirt,2,2025-06-18 15:00,44.0,20156,United Kingdom
INV501460,TH-SHIRT,Oxford Shirt,2,2025-08-06 17:00,45.2,20163,United Kingdom
INV503258,TH-JEAN,Slim Fit Jeans,1,2025-09-06 11:00,58.28,20360,United Kingdom
INV502751,TH-CAP,Logo Cap,1,2025-08-28 08:00,18.36,20303,United Kingdom
INV502662,TH-SHOE,Canvas Sneakers,2,2025-11-10 17:00,47.39,20293,United Kingdom
INV505820,TH-TSHIRT,Cotton Crew T-Shirt,2,2026-01-16 18:00,14.37,20655,United Kingdom
INV505278,TH-CAP,Logo Cap,1,2026-04-12 09:00,12.74,20592,United Kingdom
INV500876,TH-CAP,Logo Cap,3,2025-07-14 11:00,23.69,20097,United Kingdom
INV500396,TH-JACK,Denim Jacket,1,2026-01-28 20:00,68.12,20047,United Kingdom
INV500062,TH-SHOE,Canvas Sneakers,1,2025-09-06 19:00,66.02,20007,United Kingdom
INV500640,TH-HOOD,Fleece Hoodie,2,2026-05-14 08:00,32.2,20071,United Kingdom
INV502840,TH-DRESS,Summer Dress,3,2026-07-13 08:00,91.87,20313,United Kingdom
INV501324,TH-JEAN,Slim Fit Jeans,2,2026-04-11 12:00,78.18,20148,United Kingdom
INV505581,TH-SHIRT,Oxford Shirt,2,2025-08-09 18:00,47.27,20629,United Kingdom
INV502773,TH-SHOE,Canvas Sneakers,1,2025-09-12 17:00,57.32,20306,United Kingdom
INV504883,TH-TSHIRT,Cotton Crew T-Shirt,2,2026-05-26 15:00,14.94,20546,United Kingdom
INV504824,TH-DRESS,Summer Dress,2,2026-03-18 14:00,77.79,20541,United Kingdom
INV503085,TH-SHOE,Canvas Sneakers,2,2026-02-08 15:00,78.65,20340,United Kingdom
INV504894,TH-CAP,Logo Cap,2,2026-05-08 17:00,17.56,20547,United Kingdom
INV500757,TH-CAP,Logo Cap,1,2025-08-12 20:00,30.6,20083,United Kingdom
INV504258,TH-DRESS,Summer Dress,2,2025-08-24 12:00,83.34,20480,United Kingdom
INV500757,TH-JEAN,Slim Fit Jeans,3,2025-08-12 20:00,89.9,20083,United Kingdom
INV503238,TH-JACK,Denim Jacket,3,2025-06-17 19:00,91.3,20358,United Kingdom
INV506068,TH-HOOD,Fleece Hoodie,1,2025-12-23 08:00,57.42,20681,United Kingdom
INV506008,TH-DRESS,Summer Dress,1,2025-08-16 12:00,55.46,20674,United Kingdom
INV502668,TH-DRESS,Summer Dress,1,2025-09-01 12:00,100.74,20294,United Kingdom
INV505482,TH-DRESS,Summer Dress,3,2025-09-16 09:00,86.03,20616,United Kingdom
INV502206,TH-SHOE,Canvas Sneakers,2,2025-11-25 08:00,26.32,20244,United Kingdom
INV504349,TH-CAP,Logo Cap,3,2025-09-23 17:00,30.33,20489,United Kingdom
INV503849,TH-TSHIRT,Cotton Crew T-Shirt,3,2025-07-21 18:00,19.51,20433,United Kingdom
INV500508,TH-HOOD,Fleece Hoodie,1,2026-01-07 15:00,63.1,20058,United Kingdom
INV504306,TH-JACK,Denim Jacket,3,2026-05-31 12:00,106.87,20484,United Kingdom
INV502808,TH-TSHIRT,Cotton Crew T-Shirt,3,2025-05-18 19:00,25.32,20310,United Kingdom
INV505751,TH-DRESS,Summer Dress,2,2025-09-05 19:00,81.87,20647,United Kingdom
INV503121,TH-CAP,Logo Cap,1,2026-05-10 08:00,24.2,20343,United Kingdom
INV502457,TH-TSHIRT,Cotton Crew T-Shirt,1,2025-05-25 09:00,28.84,20271,United Kingdom
INV504439,TH-HOOD,Fleece Hoodie,2,2025-07-04 19:00,54.62,20498,United Kingdom
INV505022,TH-HOOD,Fleece Hoodie,1,2026-07-14 16:00,63.54,20564,United Kingdom
INV500838,TH-SHOE,Canvas Sneakers,3,2026-06-06 20:00,73.13,20093,United Kingdom
INV503119,TH-JACK,Denim Jacket,1,2026-04-16 11:00,99.95,20343,United Kingdom
INV505860,TH-HOOD,Fleece Hoodie,1,2025-06-07 20:00,65.24,20660,United Kingdom
INV501619,TH-TSHIRT,Cotton Crew T-Shirt,1,2025-07-15 13:00,14.02,20179,United Kingdom
INV505549,TH-TSHIRT,Cotton Crew T-Shirt,1,2025-10-08 19:00,12.42,20625,United Kingdom
INV500911,TH-SHOE,Canvas Sneakers,2,2025-12-10 18:00,87.97,20100,United Kingdom
INV505272,TH-SHIRT,Oxford Shirt,1,2026-06-30 15:00,25.66,20591,United Kingdom
INV500952,TH-DRESS,Summer Dress,3,2025-07-24 16:00,94.33,20104,United Kingdom
INV502515,TH-SHIRT,Oxford Shirt,2,2025-06-18 13:00,36.72,20278,United Kingdom
INV501673,TH-DRESS,Summer Dress,3,2026-06-21 08:00,92.46,20186,United Kingdom
INV503857,TH-JACK,Denim Jacket,2,2025-06-07 14:00,104.15,20433,United Kingdom
INV503768,TH-CAP,Logo Cap,1,2026-06-16 10:00,23.64,20421,United Kingdom
INV503829,TH-HOOD,Fleece Hoodie,1,2026-06-21 18:00,49.77,20430,United Kingdom
INV501541,TH-JEAN,Slim Fit Jeans,3,2026-04-24 09:00,82.33,20172,United Kingdom
INV504790,TH-JEAN,Slim Fit Jeans,2,2025-10-11 18:00,50.89,20538,United Kingdom
INV502483,TH-SHOE,Canvas Sneakers,2,2025-07-19 08:00,44.48,20273,United Kingdom
INV501371,TH-HOOD,Fleece Hoodie,1,2026-06-28 13:00,44.36,20152,United Kingdom
INV500750,TH-JACK,Denim Jacket,3,2026-04-07 10:00,118.07,20083,United Kingdom
INV505568,TH-HOOD,Fleece Hoodie,1,2025-10-21 19:00,41.86,20627,United Kingdom
INV503171,TH-TSHIRT,Cotton Crew T-Shirt,1,2026-03-09 14:00,19.42,20349,United Kingdom
INV501415,TH-SHIRT,Oxford Shirt,2,2026-04-22 16:00,30.91,20158,United Kingdom
INV506126,TH-JACK,Denim Jacket,3,2026-04-25 12:00,113.37,20685,United Kingdom
INV502053,TH-SHOE,Canvas Sneakers,2,2026-06-24 08:00,48.69,20227,United Kingdom
INV503428,TH-SHIRT,Oxford Shirt,3,2026-02-28 16:00,67.81,20380,United Kingdom
INV505591,TH-JEAN,Slim Fit Jeans,1,2026-03-10 19:00,80.62,20631,United Kingdom
INV504394,TH-SHIRT,Oxford Shirt,1,2025-10-30 18:00,35.28,20492,United Kingdom
INV505469,TH-CAP,Logo Cap,1,2026-03-11 08:00,19.0,20615,United Kingdom
INV503830,TH-CAP,Logo Cap,1,2026-05-25 10:00,18.71,20430,United Kingdom
INV504197,TH-SHOE,Canvas Sneakers,1,2026-04-23 10:00,53.73,20473,United Kingdom
INV504077,TH-JACK,Denim Jacket,1,2025-08-16 12:00,69.4,20456,United Kingdom
INV501479,TH-JACK,Denim Jacket,1,2026-02-04 09:00,84.8,20165,United Kingdom
INV504290,TH-SHOE,Canvas Sneakers,1,2026-03-20 12:00,36.36,20483,United Kingdom
INV505867,TH-HOOD,Fleece Hoodie,1,2025-06-07 14:00,63.7,20660,United Kingdom
INV504470,TH-JACK,Denim Jacket,1,2025-06-21 16:00,127.06,20501,United Kingdom
INV503055,TH-CAP,Logo Cap,3,2026-05-12 14:00,26.18,20337,United Kingdom
INV500484,TH-TSHIRT,Cotton Crew T-Shirt,3,2025-11-22 08:00,21.48,20056,United Kingdom
INV505352,TH-JACK,Denim Jacket,1,2025-09-12 20:00,95.19,20602,United Kingdom
INV500975,TH-JACK,Denim Jacket,2,2025-07-29 16:00,77.93,20107,United Kingdom
INV501676,TH-HOOD,Fleece Hoodie,1,2025-06-24 14:00,58.58,20186,United Kingdom
INV501577,TH-SHIRT,Oxford Shirt,2,2026-04-29 13:00,33.75,20174,United Kingdom
INV503415,TH-CAP,Logo Cap,2,2025-12-08 15:00,13.49,20378,United Kingdom
INV505894,TH-TSHIRT,Cotton Crew T-Shirt,2,2026-05-26 10:00,11.16,20663,United Kingdom
INV502592,TH-SHIRT,Oxford Shirt,1,2026-07-03 16:00,51.64,20285,United Kingdom
INV503246,TH-JEAN,Slim Fit Jeans,2,2026-02-16 19:00,49.62,20359,United Kingdom
INV503282,TH-TSHIRT,Cotton Crew T-Shirt,2,2026-02-17 17:00,14.36,20363,United Kingdom
INV502436,TH-TSHIRT,Cotton Crew T-Shirt,3,2026-03-20 19:00,24.24,20268,United Kingdom
INV504888,TH-CAP,Logo Cap,2,2025-12-26 20:00,17.5,20547,United Kingdom
INV502193,TH-HOOD,Fleece Hoodie,2,2026-05-08 18:00,60.1,20243,United Kingdom
INV502344,TH-JEAN,Slim Fit Jeans,1,2026-07-05 10:00,63.6,20258,United Kingdom
INV502030,TH-JEAN,Slim Fit Jeans,2,2025-12-28 16:00,72.56,20225,United Kingdom
INV502675,TH-SHIRT,Oxford Shirt,3,2026-03-08 09:00,60.7,20294,United Kingdom
INV502549,TH-DRESS,Summer Dress,1,2025-09-16 19:00,74.5,20281,United Kingdom
INV501167,TH-CAP,Logo Cap,2,2026-05-22 20:00,14.54,20130,United Kingdom
INV502173,TH-DRESS,Summer Dress,2,2025-09-01 15:00,56.19,20240,United Kingdom
INV503074,TH-JACK,Denim Jacket,2,2025-07-03 20:00,53.51,20339,United Kingdom
INV505768,TH-SHIRT,Oxford Shirt,1,2025-08-23 20:00,37.95,20649,United Kingdom
INV505001,TH-SHOE,Canvas Sneakers,3,2025-09-17 11:00,73.28,20561,United Kingdom
INV505579,TH-TSHIRT,Cotton Crew T-Shirt,3,2026-01-30 14:00,18.6,20629,United Kingdom
INV504447,TH-SHIRT,Oxford Shirt,1,2026-06-06 13:00,48.38,20498,United Kingdom
INV505583,TH-TSHIRT,Cotton Crew T-Shirt,3,2026-07-12 13:00,20.69,20629,United Kingdom
INV500149,TH-SHIRT,Oxford Shirt,1,2026-03-29 19:00,32.29,20019,United Kingdom
INV500875,TH-TSHIRT,Cotton Crew T-Shirt,3,2026-02-01 14:00,23.36,20097,United Kingdom
INV503953,TH-HOOD,Fleece Hoodie,3,2025-05-28 12:00,70.72,20443,United Kingdom
INV500363,TH-SHIRT,Oxford Shirt,2,2025-05-18 09:00,39.41,20043,United Kingdom
INV505385,TH-SHIRT,Oxford Shirt,1,2025-11-07 17:00,32.84,20607,United Kingdom
INV502073,TH-SHOE,Canvas Sneakers,1,2025-10-30 18:00,53.68,20229,United Kingdom
INV500568,TH-DRESS,Summer Dress,2,2025-10-17 20:00,85.01,20064,United Kingdom
INV501982,TH-HOOD,Fleece Hoodie,3,2025-12-01 10:00,54.09,20220,United Kingdom
INV500928,TH-HOOD,Fleece Hoodie,3,2026-06-22 14:00,56.5,20102,United Kingdom
INV501483,TH-HOOD,Fleece Hoodie,3,2025-07-28 14:00,66.34,20166,United Kingdom
INV506063,TH-CAP,Logo Cap,2,2026-05-08 18:00,24.54,20681,United Kingdom
INV503263,TH-DRESS,Summer Dress,3,2025-08-10 12:00,89.94,20361,United Kingdom
INV503990,TH-SHOE,Canvas Sneakers,1,2026-04-22 16:00,51.48,20446,United Kingdom
INV500657,TH-SHIRT,Oxford Shirt,1,2025-11-30 17:00,53.07,20073,United Kingdom
INV502484,TH-DRESS,Summer Dress,1,2025-12-03 11:00,59.62,20273,United Kingdom
INV503926,TH-SHOE,Canvas Sneakers,1,2025-11-23 19:00,49.01,20441,United Kingdom
INV506055,TH-TSHIRT,Cotton Crew T-Shirt,2,2026-06-04 09:00,18.0,20680,United Kingdom
INV504189,TH-JEAN,Slim Fit Jeans,1,2025-07-08 09:00,40.84,20472,United Kingdom
INV504276,TH-JACK,Denim Jacket,2,2025-12-13 18:00,94.49,20481,United Kingdom
INV505959,TH-JACK,Denim Jacket,1,2025-08-13 09:00,81.83,20669,United Kingdom
INV505525,TH-JACK,Denim Jacket,1,2026-07-03 18:00,87.89,20621,United Kingdom
INV503937,TH-JACK,Denim Jacket,1,2026-02-27 14:00,110.23,20442,United Kingdom
INV502708,TH-CAP,Logo Cap,3,2026-01-18 20:00,21.83,20298,United Kingdom
INV500940,TH-JEAN,Slim Fit Jeans,2,2025-12-07 13:00,46.48,20103,United Kingdom
INV503912,TH-HOOD,Fleece Hoodie,2,2025-05-16 13:00,55.47,20440,United Kingdom
INV500453,TH-SHOE,Canvas Sneakers,1,2025-12-08 20:00,95.08,20052,United Kingdom
INV502216,TH-TSHIRT,Cotton Crew T-Shirt,2,2026-01-18 17:00,21.32,20245,United Kingdom
INV500483,TH-HOOD,Fleece Hoodie,3,2025-07-03 20:00,58.58,20056,United Kingdom
INV501442,TH-CAP,Logo Cap,1,2025-12-04 12:00,19.72,20161,United Kingdom
INV502698,TH-DRESS,Summer Dress,2,2025-11-12 14:00,58.65,20297,United Kingdom
INV506162,TH-HOOD,Fleece Hoodie,3,2026-05-05 11:00,54.36,20689,United Kingdom
INV506269,TH-HOOD,Fleece Hoodie,1,2025-05-15 08:00,49.9,20700,United Kingdom
INV504737,TH-SHOE,Canvas Sneakers,2,2026-05-10 18:00,59.62,20533,United Kingdom
INV503565,TH-SHOE,Canvas Sneakers,1,2026-07-02 16:00,70.67,20394,United Kingdom
INV502054,TH-HOOD,Fleece Hoodie,2,2026-06-15 12:00,45.38,20227,United Kingdom
INV505657,TH-JEAN,Slim Fit Jeans,2,2026-01-20 08:00,36.18,20638,United Kingdom
INV503613,TH-SHIRT,Oxford Shirt,2,2026-06-11 19:00,32.57,20400,United Kingdom
INV504005,TH-SHOE,Canvas Sneakers,1,2026-06-10 19:00,93.73,20448,United Kingdom
INV501566,TH-JEAN,Slim Fit Jeans,1,2025-10-11 10:00,80.49,20173,United Kingdom
INV506250,TH-SHIRT,Oxford Shirt,1,2026-04-27 17:00,34.89,20698,United Kingdom
INV501225,TH-HOOD,Fleece Hoodie,3,2026-02-10 15:00,55.33,20138,United Kingdom
INV502477,TH-SHIRT,Oxford Shirt,1,2025-11-03 14:00,31.23,20273,United Kingdom
INV503497,TH-SHIRT,Oxford Shirt,1,2026-02-24 17:00,47.36,20385,United Kingdom
INV501116,TH-SHIRT,Oxford Shirt,2,2026-02-03 09:00,37.37,20123,United Kingdom
INV504109,TH-DRESS,Summer Dress,3,2025-09-23 13:00,91.58,20462,United Kingdom
INV501071,TH-TSHIRT,Cotton Crew T-Shirt,2,2025-07-03 19:00,21.1,20115,United Kingdom
INV505971,TH-HOOD,Fleece Hoodie,1,2026-06-10 19:00,47.2,20671,United Kingdom
INV500165,TH-CAP,Logo Cap,1,2025-05-28 13:00,25.42,20021,United Kingdom
INV502768,TH-JEAN,Slim Fit Jeans,2,2025-09-17 15:00,52.25,20305,United Kingdom
INV504290,TH-JEAN,Slim Fit Jeans,1,2026-03-20 12:00,39.78,20483,United Kingdom
INV504241,TH-DRESS,Summer Dress,1,2025-11-30 17:00,78.99,20478,United Kingdom
INV503149,TH-CAP,Logo Cap,2,2025-07-06 13:00,19.21,20346,United Kingdom
INV500716,TH-HOOD,Fleece Hoodie,1,2026-04-02 18:00,59.85,20080,United Kingdom
INV502080,TH-SHOE,Canvas Sneakers,1,2025-07-24 11:00,42.77,20231,United Kingdom
INV505746,TH-TSHIRT,Cotton Crew T-Shirt,3,2025-05-15 17:00,26.24,20647,United Kingdom
INV501707,TH-SHOE,Canvas Sneakers,1,2025-08-28 20:00,59.75,20191,United Kingdom
INV501782,TH-JEAN,Slim Fit Jeans,2,2025-10-23 19:00,99.81,20198,United Kingdom
INV501953,TH-JACK,Denim Jacket,3,2025-10-03 16:00,99.42,20218,United Kingdom
INV501472,TH-SHOE,Canvas Sneakers,1,2026-04-23 19:00,53.31,20164,United Kingdom
INV501073,TH-CAP,Logo Cap,1,2025-10-19 13:00,26.58,20115,United Kingdom
INV502405,TH-JEAN,Slim Fit Jeans,1,2026-04-20 20:00,27.42,20264,United Kingdom
INV502129,TH-DRESS,Summer Dress,3,2026-02-11 13:00,94.2,20234,United Kingdom
INV503540,TH-HOOD,Fleece Hoodie,2,2025-07-27 12:00,45.55,20391,United Kingdom
INV505646,TH-SHOE,Canvas Sneakers,1,2026-05-14 10:00,42.69,20636,United Kingdom
INV506059,TH-HOOD,Fleece Hoodie,1,2026-02-02 16:00,42.81,20680,United Kingdom
INV502763,TH-CAP,Logo Cap,2,2025-05-17 16:00,15.39,20304,United Kingdom
INV506175,TH-TSHIRT,Cotton Crew T-Shirt,1,2025-06-13 10:00,15.33,20690,United Kingdom
INV506093,TH-SHIRT,Oxford Shirt,2,2026-01-29 18:00,54.68,20683,United Kingdom
INV501595,TH-DRESS,Summer Dress,1,2026-04-16 11:00,61.29,20176,United Kingdom
INV501802,TH-SHIRT,Oxford Shirt,2,2025-08-08 19:00,30.98,20201,United Kingdom
INV502970,TH-CAP,Logo Cap,1,2025-08-03 11:00,18.62,20331,United Kingdom
INV505553,TH-SHOE,Canvas Sneakers,3,2026-01-09 20:00,72.55,20626,United Kingdom
INV500630,TH-CAP,Logo Cap,3,2026-06-11 13:00,23.13,20070,United Kingdom
INV501574,TH-CAP,Logo Cap,1,2026-03-04 11:00,14.35,20174,United Kingdom
INV505329,TH-SHOE,Canvas Sneakers,1,2026-02-16 16:00,46.58,20599,United Kingdom
INV505641,TH-SHIRT,Oxford Shirt,2,2026-03-19 11:00,32.11,20636,United Kingdom
INV504700,TH-SHIRT,Oxford Shirt,1,2025-10-11 11:00,45.99,20529,United Kingdom
INV502224,TH-CAP,Logo Cap,1,2026-01-17 13:00,18.97,20246,United Kingdom
INV504362,TH-CAP,Logo Cap,3,2026-06-18 12:00,30.74,20489,United Kingdom
INV504720,TH-TSHIRT,Cotton Crew T-Shirt,1,2026-07-04 20:00,10.75,20531,United Kingdom
INV501011,TH-JEAN,Slim Fit Jeans,2,2026-04-27 11:00,98.07,20111,United Kingdom
INV505610,TH-SHOE,Canvas Sneakers,1,2025-06-25 11:00,78.85,20633,United Kingdom
INV503167,TH-TSHIRT,Cotton Crew T-Shirt,3,2026-05-11 16:00,24.87,20348,United Kingdom
INV502424,TH-JEAN,Slim Fit Jeans,1,2025-08-31 10:00,44.47,20266,United Kingdom
INV502824,TH-SHIRT,Oxford Shirt,1,2025-06-05 15:00,39.52,20311,United Kingdom
INV504761,TH-JEAN,Slim Fit Jeans,2,2026-01-04 14:00,94.25,20536,United Kingdom
INV505070,TH-JACK,Denim Jacket,3,2026-03-09 11:00,110.59,20568,United Kingdom
INV502175,TH-JEAN,Slim Fit Jeans,2,2026-06-08 13:00,56.39,20240,United Kingdom
INV500344,TH-JACK,Denim Jacket,1,2025-10-30 18:00,100.68,20040,United Kingdom
INV505369,TH-JACK,Denim Jacket,1,2025-07-26 14:00,59.15,20604,United Kingdom
INV500470,TH-JEAN,Slim Fit Jeans,2,2025-12-12 08:00,65.74,20054,United Kingdom
INV505438,TH-CAP,Logo Cap,2,2025-05-18 14:00,25.61,20612,United Kingdom
INV501588,TH-HOOD,Fleece Hoodie,1,2026-06-29 16:00,40.95,20176,United Kingdom
INV501651,TH-DRESS,Summer Dress,1,2026-06-18 10:00,55.3,20183,United Kingdom
INV505850,TH-CAP,Logo Cap,3,2026-05-26 20:00,24.79,20658,United Kingdom
INV501067,TH-JACK,Denim Jacket,1,2026-03-17 12:00,106.68,20115,United Kingdom
INV505575,TH-TSHIRT,Cotton Crew T-Shirt,1,2026-03-04 08:00,11.44,20628,United Kingdom
INV505630,TH-TSHIRT,Cotton Crew T-Shirt,1,2026-02-22 11:00,10.76,20634,United Kingdom
INV506013,TH-DRESS,Summer Dress,1,2025-12-18 16:00,99.2,20675,United Kingdom
INV500727,TH-SHIRT,Oxford Shirt,1,2026-06-30 13:00,54.52,20081,United Kingdom
INV501300,TH-SHIRT,Oxford Shirt,2,2026-04-18 17:00,32.34,20145,United Kingdom
INV503200,TH-SHIRT,Oxford Shirt,3,2025-09-09 13:00,47.24,20353,United Kingdom
INV501088,TH-SHIRT,Oxford Shirt,2,2026-01-14 17:00,44.44,20119,United Kingdom
INV504063,TH-SHOE,Canvas Sneakers,1,2026-04-28 10:00,62.66,20454,United Kingdom
INV501811,TH-SHIRT,Oxford Shirt,3,2025-07-28 19:00,59.0,20202,United Kingdom
INV500931,TH-JEAN,Slim Fit Jeans,3,2026-01-21 15:00,65.92,20102,United Kingdom
INV504599,TH-DRESS,Summer Dress,2,2025-07-23 17:00,34.41,20516,United Kingdom
INV500904,TH-TSHIRT,Cotton Crew T-Shirt,2,2025-09-11 17:00,27.74,20100,United Kingdom
INV500842,TH-JACK,Denim Jacket,3,2026-05-01 16:00,130.38,20093,United Kingdom
INV501779,TH-HOOD,Fleece Hoodie,1,2026-03-14 12:00,69.48,20198,United Kingdom
INV503247,TH-SHOE,Canvas Sneakers,2,2026-03-22 09:00,47.02,20359,United Kingdom
INV502459,TH-HOOD,Fleece Hoodie,3,2025-11-29 09:00,67.61,20271,United Kingdom
INV501528,TH-TSHIRT,Cotton Crew T-Shirt,1,2025-07-06 09:00,13.86,20170,United Kingdom
INV502571,TH-SHOE,Canvas Sneakers,1,2025-07-12 12:00,43.4,20283,United Kingdom
INV505453,TH-JEAN,Slim Fit Jeans,3,2026-07-08 10:00,64.15,20613,United Kingdom
INV503058,TH-HOOD,Fleece Hoodie,1,2026-04-20 10:00,64.97,20337,United Kingdom
INV503951,TH-SHIRT,Oxford Shirt,3,2025-05-17 15:00,62.67,20443,United Kingdom
INV503608,TH-DRESS,Summer Dress,2,2026-05-02 08:00,76.57,20399,United Kingdom
INV505188,TH-CAP,Logo Cap,2,2026-07-14 10:00,27.86,20581,United Kingdom
INV500559,TH-JEAN,Slim Fit Jeans,2,2026-03-22 13:00,60.8,20063,United Kingdom
INV500099,TH-SHOE,Canvas Sneakers,1,2026-04-29 13:00,45.4,20013,United Kingdom
INV503366,TH-CAP,Logo Cap,3,2025-11-05 18:00,26.17,20372,United Kingdom
INV503698,TH-CAP,Logo Cap,2,2026-07-02 13:00,19.43,20411,United Kingdom
INV500429,TH-HOOD,Fleece Hoodie,2,2025-08-08 12:00,72.9,20051,United Kingdom
INV502834,TH-HOOD,Fleece Hoodie,2,2025-09-16 15:00,50.65,20312,United Kingdom
INV503816,TH-TSHIRT,Cotton Crew T-Shirt,1,2025-07-20 20:00,20.63,20429,United Kingdom
INV502188,TH-CAP,Logo Cap,1,2025-07-31 15:00,9.7,20242,United Kingdom
INV505287,TH-TSHIRT,Cotton Crew T-Shirt,1,2026-06-13 19:00,19.06,20594,United Kingdom
INV505046,TH-DRESS,Summer Dress,3,2025-06-29 09:00,78.2,20566,United Kingdom
INV503537,TH-HOOD,Fleece Hoodie,2,2025-09-04 18:00,33.61,20390,United Kingdom
INV506101,TH-SHIRT,Oxford Shirt,3,2026-06-09 08:00,52.46,20683,United Kingdom
INV504602,TH-CAP,Logo Cap,2,2025-06-11 15:00,15.15,20517,United Kingdom
INV500846,TH-DRESS,Summer Dress,2,2026-06-03 19:00,87.8,20093,United Kingdom
INV502007,TH-DRESS,Summer Dress,3,2025-08-11 14:00,85.7,20223,United Kingdom
INV501428,TH-DRESS,Summer Dress,3,2025-10-29 13:00,76.21,20159,United Kingdom
INV500554,TH-JEAN,Slim Fit Jeans,2,2025-12-05 10:00,61.77,20063,United Kingdom
INV504250,TH-TSHIRT,Cotton Crew T-Shirt,2,2026-03-23 10:00,23.16,20479,United Kingdom
INV500326,TH-SHIRT,Oxford Shirt,1,2025-07-20 13:00,25.85,20038,United Kingdom
INV502971,TH-JACK,Denim Jacket,1,2025-08-06 11:00,74.67,20331,United Kingdom
INV506079,TH-DRESS,Summer Dress,1,2025-09-06 12:00,90.5,20682,United Kingdom
INV501625,TH-SHIRT,Oxford Shirt,1,2025-11-08 13:00,48.77,20180,United Kingdom
INV501488,TH-DRESS,Summer Dress,3,2026-01-16 08:00,91.03,20166,United Kingdom
INV502726,TH-JACK,Denim Jacket,1,2025-12-24 08:00,116.13,20300,United Kingdom
INV504109,TH-HOOD,Fleece Hoodie,1,2025-09-23 13:00,69.31,20462,United Kingdom
INV501907,TH-HOOD,Fleece Hoodie,2,2025-08-24 08:00,38.11,20212,United Kingdom
INV502549,TH-SHOE,Canvas Sneakers,3,2025-09-16 19:00,63.04,20281,United Kingdom
INV505565,TH-SHOE,Canvas Sneakers,1,2026-02-09 16:00,50.4,20627,United Kingdom
INV500584,TH-DRESS,Summer Dress,2,2026-07-12 17:00,78.87,20066,United Kingdom
INV505092,TH-JEAN,Slim Fit Jeans,1,2026-06-23 20:00,80.05,20570,United Kingdom
INV500438,TH-DRESS,Summer Dress,3,2025-05-19 09:00,102.63,20052,United Kingdom
INV501881,TH-DRESS,Summer Dress,1,2025-09-06 12:00,73.25,20209,United Kingdom
INV503703,TH-DRESS,Summer Dress,1,2025-05-21 13:00,79.71,20412,United Kingdom
INV501189,TH-SHOE,Canvas Sneakers,2,2026-05-26 15:00,31.97,20132,United Kingdom
INV505676,TH-HOOD,Fleece Hoodie,3,2025-10-31 09:00,63.57,20640,United Kingdom
INV506048,TH-HOOD,Fleece Hoodie,1,2026-05-16 08:00,62.13,20678,United Kingdom
INV504774,TH-HOOD,Fleece Hoodie,3,2025-10-25 10:00,71.36,20537,United Kingdom
INV506218,TH-JEAN,Slim Fit Jeans,3,2026-06-01 11:00,75.83,20694,United Kingdom
INV504122,TH-DRESS,Summer Dress,2,2026-04-29 17:00,58.58,20463,United Kingdom
INV500830,TH-JEAN,Slim Fit Jeans,3,2025-10-07 12:00,77.4,20092,United Kingdom
INV506098,TH-SHIRT,Oxford Shirt,2,2026-02-05 12:00,58.63,20683,United Kingdom
INV502339,TH-HOOD,Fleece Hoodie,1,2026-04-29 08:00,45.99,20257,United Kingdom
INV503005,TH-JEAN,Slim Fit Jeans,3,2025-11-28 20:00,77.62,20334,United Kingdom
INV503355,TH-CAP,Logo Cap,1,2026-05-13 18:00,17.72,20370,United Kingdom
INV505586,TH-HOOD,Fleece Hoodie,2,2025-12-30 19:00,33.3,20630,United Kingdom
INV504605,TH-HOOD,Fleece Hoodie,1,2026-03-04 14:00,42.74,20517,United Kingdom
INV502979,TH-CAP,Logo Cap,2,2025-06-09 15:00,19.56,20332,United Kingdom
INV506220,TH-CAP,Logo Cap,1,2025-11-27 13:00,20.81,20694,United Kingdom
INV500933,TH-TSHIRT,Cotton Crew T-Shirt,1,2025-09-14 12:00,23.02,20102,United Kingdom
INV505624,TH-HOOD,Fleece Hoodie,3,2026-04-14 15:00,58.48,20633,United Kingdom
INV500048,TH-SHIRT,Oxford Shirt,3,2025-08-16 16:00,51.9,20006,United Kingdom
INV505740,TH-CAP,Logo Cap,3,2026-01-16 19:00,22.12,20646,United Kingdom
INV503747,TH-CAP,Logo Cap,1,2026-02-24 09:00,27.89,20419,United Kingdom
INV500625,TH-JEAN,Slim Fit Jeans,2,2025-07-06 17:00,79.42,20070,United Kingdom
INV502383,TH-HOOD,Fleece Hoodie,2,2025-05-21 20:00,45.38,20261,United Kingdom
INV500677,TH-JACK,Denim Jacket,2,2025-06-15 10:00,88.28,20076,United Kingdom
INV501657,TH-TSHIRT,Cotton Crew T-Shirt,2,2025-06-20 09:00,15.15,20184,United Kingdom
INV502737,TH-CAP,Logo Cap,3,2025-09-15 14:00,27.33,20301,United Kingdom
INV504523,TH-HOOD,Fleece Hoodie,1,2025-08-25 17:00,63.68,20506,United Kingdom
INV502007,TH-SHOE,Canvas Sneakers,2,2025-08-11 14:00,76.59,20223,United Kingdom
INV501068,TH-CAP,Logo Cap,1,2026-06-21 08:00,25.2,20115,United Kingdom
INV500343,TH-JACK,Denim Jacket,2,2026-06-05 13:00,98.42,20040,United Kingdom
INV503909,TH-HOOD,Fleece Hoodie,2,2026-03-18 20:00,29.07,20439,United Kingdom
INV505589,TH-DRESS,Summer Dress,1,2025-05-26 18:00,43.08,20630,United Kingdom
INV505207,TH-HOOD,Fleece Hoodie,1,2026-02-01 15:00,50.05,20583,United Kingdom
INV500741,TH-JACK,Denim Jacket,2,2026-06-18 14:00,69.87,20082,United Kingdom
INV500925,TH-JEAN,Slim Fit Jeans,1,2025-07-10 11:00,78.11,20101,United Kingdom
INV504053,TH-SHIRT,Oxford Shirt,2,2026-02-21 12:00,40.22,20453,United Kingdom
INV501355,TH-CAP,Logo Cap,1,2025-05-25 18:00,26.36,20150,United Kingdom
INV503088,TH-TSHIRT,Cotton Crew T-Shirt,2,2025-06-14 09:00,23.82,20340,United Kingdom
INV500364,TH-SHIRT,Oxford Shirt,1,2025-05-21 12:00,34.48,20043,United Kingdom
INV504137,TH-CAP,Logo Cap,3,2026-02-07 09:00,29.82,20464,United Kingdom
INV500571,TH-JEAN,Slim Fit Jeans,3,2025-12-18 08:00,67.73,20064,United Kingdom
INV503484,TH-SHIRT,Oxford Shirt,2,2025-12-28 12:00,41.27,20384,United Kingdom
INV506011,TH-CAP,Logo Cap,1,2025-12-01 17:00,28.43,20675,United Kingdom
INV500255,TH-SHOE,Canvas Sneakers,2,2026-03-02 12:00,65.75,20031,United Kingdom
INV504461,TH-CAP,Logo Cap,1,2026-01-24 10:00,19.52,20500,United Kingdom
INV504576,TH-SHOE,Canvas Sneakers,2,2026-03-22 12:00,77.09,20512,United Kingdom
INV504231,TH-JACK,Denim Jacket,2,2026-05-13 15:00,70.31,20477,United Kingdom
INV504859,TH-TSHIRT,Cotton Crew T-Shirt,1,2026-03-06 10:00,19.05,20544,United Kingdom
INV500706,TH-SHIRT,Oxford Shirt,2,2025-08-21 13:00,43.82,20079,United Kingdom
INV504140,TH-DRESS,Summer Dress,2,2025-07-04 18:00,82.72,20465,United Kingdom
INV506218,TH-JEAN,Slim Fit Jeans,2,2026-06-01 11:00,66.38,20694,United Kingdom
INV503500,TH-TSHIRT,Cotton Crew T-Shirt,3,2025-10-10 12:00,22.26,20385,United Kingdom
INV505261,TH-SHOE,Canvas Sneakers,2,2026-02-23 16:00,37.58,20589,United Kingdom
INV500980,TH-TSHIRT,Cotton Crew T-Shirt,1,2026-04-12 20:00,18.15,20107,United Kingdom
INV503684,TH-JEAN,Slim Fit Jeans,2,2025-11-07 17:00,62.3,20409,United Kingdom
INV502050,TH-TSHIRT,Cotton Crew T-Shirt,2,2026-02-01 17:00,14.35,20227,United Kingdom
INV500712,TH-JEAN,Slim Fit Jeans,2,2025-06-21 09:00,76.61,20080,United Kingdom
INV500085,TH-HOOD,Fleece Hoodie,1,2025-10-13 10:00,46.81,20011,United Kingdom
INV505194,TH-SHOE,Canvas Sneakers,1,2026-02-26 15:00,91.49,20581,United Kingdom
INV505056,TH-CAP,Logo Cap,1,2025-12-20 12:00,14.24,20567,United Kingdom
INV503090,TH-SHOE,Canvas Sneakers,3,2025-06-15 08:00,66.98,20340,United Kingdom
INV500009,TH-DRESS,Summer Dress,1,2025-11-06 17:00,76.15,20002,United Kingdom
INV502230,TH-TSHIRT,Cotton Crew T-Shirt,2,2025-05-31 16:00,20.4,20247,United Kingdom
INV501503,TH-CAP,Logo Cap,3,2026-05-17 13:00,24.34,20167,United Kingdom
INV506053,TH-TSHIRT,Cotton Crew T-Shirt,1,2026-04-06 10:00,12.79,20679,United Kingdom
INV501917,TH-CAP,Logo Cap,2,2025-07-29 18:00,18.36,20213,United Kingdom
INV500945,TH-DRESS,Summer Dress,1,2026-01-13 13:00,106.44,20104,United Kingdom
INV504697,TH-DRESS,Summer Dress,1,2026-04-02 09:00,72.78,20529,United Kingdom
INV500653,TH-JEAN,Slim Fit Jeans,2,2025-09-26 15:00,79.55,20073,United Kingdom
INV500380,TH-DRESS,Summer Dress,2,2026-03-02 08:00,42.87,20045,United Kingdom
INV502434,TH-SHOE,Canvas Sneakers,1,2026-03-31 08:00,51.69,20267,United Kingdom
INV505191,TH-JACK,Denim Jacket,3,2026-05-30 13:00,122.17,20581,United Kingdom
INV504843,TH-DRESS,Summer Dress,2,2025-10-05 09:00,87.51,20543,United Kingdom
INV501480,TH-SHIRT,Oxford Shirt,2,2025-11-21 16:00,36.39,20165,United Kingdom
INV501017,TH-SHOE,Canvas Sneakers,3,2025-06-27 11:00,79.38,20111,United Kingdom
INV502760,TH-JACK,Denim Jacket,2,2025-10-03 18:00,65.8,20304,United Kingdom
INV503256,TH-JEAN,Slim Fit Jeans,1,2025-06-24 10:00,61.72,20360,United Kingdom
INV506128,TH-HOOD,Fleece Hoodie,2,2026-05-06 13:00,63.42,20685,United Kingdom
INV502702,TH-SHIRT,Oxford Shirt,2,2025-12-09 20:00,49.38,20298,United Kingdom
INV504281,TH-CAP,Logo Cap,3,2025-05-28 11:00,22.2,20482,United Kingdom
INV502961,TH-JACK,Denim Jacket,1,2025-06-28 15:00,63.17,20329,United Kingdom
INV505555,TH-HOOD,Fleece Hoodie,2,2026-06-07 15:00,57.34,20626,United Kingdom
INV501609,TH-SHOE,Canvas Sneakers,1,2025-10-16 17:00,40.8,20178,United Kingdom
INV504479,TH-JEAN,Slim Fit Jeans,2,2026-01-27 12:00,41.27,20502,United Kingdom
INV505984,TH-JACK,Denim Jacket,2,2025-10-14 08:00,95.9,20673,United Kingdom
INV501577,TH-DRESS,Summer Dress,2,2026-04-29 13:00,49.45,20174,United Kingdom
INV504546,TH-JEAN,Slim Fit Jeans,2,2026-05-13 12:00,70.06,20509,United Kingdom
INV503324,TH-JACK,Denim Jacket,1,2026-03-13 08:00,100.06,20367,United Kingdom
INV501974,TH-DRESS,Summer Dress,3,2025-05-21 16:00,86.79,20219,United Kingdom
INV503636,TH-DRESS,Summer Dress,1,2026-03-02 11:00,46.56,20403,United Kingdom
INV505620,TH-JEAN,Slim Fit Jeans,1,2025-11-27 08:00,77.11,20633,United Kingdom
INV505230,TH-SHIRT,Oxford Shirt,2,2025-06-26 15:00,37.72,20585,United Kingdom
INV500431,TH-HOOD,Fleece Hoodie,1,2025-08-31 18:00,75.76,20051,United Kingdom
INV500314,TH-SHIRT,Oxford Shirt,1,2025-05-12 08:00,44.0,20037,United Kingdom
INV506163,TH-CAP,Logo Cap,3,2026-05-12 14:00,21.59,20689,United Kingdom
INV503371,TH-JACK,Denim Jacket,1,2026-02-01 17:00,98.65,20372,United Kingdom
INV501584,TH-HOOD,Fleece Hoodie,1,2026-01-15 10:00,49.34,20176,United Kingdom
INV500456,TH-TSHIRT,Cotton Crew T-Shirt,3,2025-12-08 18:00,31.02,20052,United Kingdom
INV501146,TH-HOOD,Fleece Hoodie,2,2025-11-19 16:00,43.52,20127,United Kingdom
INV502722,TH-CAP,Logo Cap,2,2026-06-12 09:00,26.78,20300,United Kingdom
INV500097,TH-HOOD,Fleece Hoodie,1,2026-03-27 20:00,35.68,20013,United Kingdom
INV506054,TH-HOOD,Fleece Hoodie,2,2026-03-16 19:00,47.34,20680,United Kingdom
INV502397,TH-TSHIRT,Cotton Crew T-Shirt,3,2025-06-09 12:00,25.02,20263,United Kingdom
INV500644,TH-CAP,Logo Cap,2,2025-11-08 09:00,17.45,20072,United Kingdom
INV504475,TH-JEAN,Slim Fit Jeans,2,2026-01-24 11:00,46.98,20502,United Kingdom
INV504886,TH-TSHIRT,Cotton Crew T-Shirt,1,2025-09-20 19:00,15.13,20546,United Kingdom
INV500184,TH-DRESS,Summer Dress,3,2025-08-28 16:00,100.21,20022,United Kingdom
INV502654,TH-SHOE,Canvas Sneakers,1,2025-09-27 12:00,57.48,20292,United Kingdom
INV505472,TH-JEAN,Slim Fit Jeans,2,2025-10-13 12:00,73.11,20616,United Kingdom
INV500896,TH-SHOE,Canvas Sneakers,2,2025-10-24 10:00,61.8,20099,United Kingdom
INV505017,TH-TSHIRT,Cotton Crew T-Shirt,2,2026-04-25 20:00,10.1,20563,United Kingdom
INV504623,TH-SHOE,Canvas Sneakers,1,2025-09-07 14:00,45.35,20519,United Kingdom
INV500728,TH-TSHIRT,Cotton Crew T-Shirt,2,2025-08-31 14:00,23.24,20081,United Kingdom
INV504284,TH-SHIRT,Oxford Shirt,3,2025-10-14 20:00,43.12,20482,United Kingdom
INV503468,TH-CAP,Logo Cap,2,2026-03-07 10:00,26.05,20382,United Kingdom
INV504245,TH-SHOE,Canvas Sneakers,1,2026-04-27 16:00,62.53,20478,United Kingdom
INV502296,TH-JACK,Denim Jacket,3,2026-05-29 12:00,89.14,20253,United Kingdom
INV504311,TH-SHIRT,Oxford Shirt,3,2026-07-01 08:00,48.16,20485,United Kingdom
INV500104,TH-JEAN,Slim Fit Jeans,1,2026-01-21 19:00,69.28,20014,United Kingdom
INV500032,TH-DRESS,Summer Dress,1,2026-01-08 17:00,65.3,20005,United Kingdom
INV501281,TH-SHIRT,Oxford Shirt,3,2026-06-24 09:00,54.94,20143,United Kingdom
INV506260,TH-HOOD,Fleece Hoodie,1,2025-12-09 11:00,57.94,20699,United Kingdom
INV505764,TH-JEAN,Slim Fit Jeans,2,2025-07-25 17:00,65.19,20649,United Kingdom
INV506133,TH-TSHIRT,Cotton Crew T-Shirt,1,2025-11-16 15:00,16.14,20686,United Kingdom
INV505257,TH-SHIRT,Oxford Shirt,1,2025-10-22 09:00,24.42,20589,United Kingdom
INV503186,TH-JACK,Denim Jacket,1,2026-03-06 17:00,67.03,20352,United Kingdom
INV505740,TH-TSHIRT,Cotton Crew T-Shirt,1,2026-01-16 19:00,19.17,20646,United Kingdom
INV500969,TH-SHIRT,Oxford Shirt,2,2026-05-28 17:00,45.71,20106,United Kingdom
INV502933,TH-SHOE,Canvas Sneakers,1,2026-07-05 12:00,50.97,20326,United Kingdom
INV503042,TH-JEAN,Slim Fit Jeans,2,2026-04-22 15:00,84.1,20337,United Kingdom
INV501257,TH-HOOD,Fleece Hoodie,2,2025-10-05 08:00,59.6,20142,United Kingdom
INV501871,TH-JACK,Denim Jacket,1,2026-03-21 10:00,69.42,20208,United Kingdom
INV500399,TH-DRESS,Summer Dress,1,2026-05-31 11:00,57.33,20047,United Kingdom
INV506111,TH-TSHIRT,Cotton Crew T-Shirt,1,2026-01-15 16:00,12.24,20684,United Kingdom
INV502002,TH-SHOE,Canvas Sneakers,2,2025-07-11 18:00,79.13,20223,United Kingdom
INV502885,TH-CAP,Logo Cap,3,2026-04-30 17:00,24.5,20318,United Kingdom
INV505994,TH-SHOE,Canvas Sneakers,3,2026-07-15 14:00,74.08,20673,United Kingdom
INV502455,TH-JEAN,Slim Fit Jeans,2,2025-10-18 10:00,84.88,20271,United Kingdom
INV501886,TH-JEAN,Slim Fit Jeans,2,2025-07-29 17:00,40.59,20210,United Kingdom
INV500455,TH-SHIRT,Oxford Shirt,2,2026-06-19 19:00,69.29,20052,United Kingdom
INV503932,TH-TSHIRT,Cotton Crew T-Shirt,2,2025-11-24 13:00,17.64,20441,United Kingdom
INV506021,TH-HOOD,Fleece Hoodie,2,2026-03-17 20:00,67.98,20675,United Kingdom
INV504349,TH-TSHIRT,Cotton Crew T-Shirt,2,2025-09-23 17:00,25.3,20489,United Kingdom
INV504639,TH-CAP,Logo Cap,2,2026-01-09 12:00,18.39,20521,United Kingdom
INV505066,TH-HOOD,Fleece Hoodie,1,2026-01-13 14:00,64.3,20568,United Kingdom
INV505967,TH-DRESS,Summer Dress,2,2025-11-05 08:00,35.85,20670,United Kingdom
INV503760,TH-JACK,Denim Jacket,1,2026-04-29 11:00,95.51,20420,United Kingdom
INV503443,TH-DRESS,Summer Dress,1,2026-06-19 12:00,69.12,20381,United Kingdom
INV506099,TH-TSHIRT,Cotton Crew T-Shirt,2,2025-11-07 12:00,22.01,20683,United Kingdom
INV500720,TH-SHOE,Canvas Sneakers,3,2026-05-11 18:00,69.37,20080,United Kingdom
INV500717,TH-SHOE,Canvas Sneakers,2,2026-01-23 12:00,62.12,20080,United Kingdom
INV503596,TH-DRESS,Summer Dress,1,2025-08-23 15:00,50.92,20398,United Kingdom
INV501904,TH-CAP,Logo Cap,2,2025-10-09 17:00,16.94,20212,United Kingdom
INV501371,TH-HOOD,Fleece Hoodie,1,2026-06-28 13:00,39.89,20152,United Kingdom
INV501080,TH-TSHIRT,Cotton Crew T-Shirt,2,2026-05-08 08:00,11.88,20117,United Kingdom
INV502035,TH-JEAN,Slim Fit Jeans,2,2026-03-18 09:00,73.55,20226,United Kingdom
INV504858,TH-JACK,Denim Jacket,1,2026-04-03 15:00,74.37,20544,United Kingdom
INV500437,TH-CAP,Logo Cap,3,2026-06-21 18:00,29.6,20051,United Kingdom
INV501931,TH-TSHIRT,Cotton Crew T-Shirt,3,2026-05-29 12:00,23.66,20214,United Kingdom
INV503605,TH-CAP,Logo Cap,2,2025-08-22 08:00,22.1,20399,United Kingdom
INV502857,TH-TSHIRT,Cotton Crew T-Shirt,3,2025-06-09 17:00,24.76,20315,United Kingdom
INV500757,TH-CAP,Logo Cap,3,2025-08-12 20:00,29.26,20083,United Kingdom
INV503134,TH-JACK,Denim Jacket,1,2025-05-26 10:00,54.82,20345,United Kingdom
INV500785,TH-JACK,Denim Jacket,1,2026-03-13 10:00,77.63,20086,United Kingdom
INV506203,TH-SHOE,Canvas Sneakers,1,2026-02-12 20:00,59.69,20693,United Kingdom
INV503902,TH-SHOE,Canvas Sneakers,2,2026-06-30 18:00,69.12,20438,United Kingdom
INV500097,TH-TSHIRT,Cotton Crew T-Shirt,2,2026-03-27 20:00,12.81,20013,United Kingdom
INV503182,TH-JEAN,Slim Fit Jeans,2,2026-02-12 11:00,62.95,20351,United Kingdom
INV502451,TH-HOOD,Fleece Hoodie,1,2025-11-21 08:00,72.36,20271,United Kingdom
INV503403,TH-DRESS,Summer Dress,2,2026-03-12 12:00,82.38,20377,United Kingdom
INV500093,TH-SHIRT,Oxford Shirt,2,2025-08-13 18:00,39.07,20012,United Kingdom
INV505280,TH-CAP,Logo Cap,1,2026-05-02 10:00,11.48,20593,United Kingdom
INV503309,TH-TSHIRT,Cotton Crew T-Shirt,1,2025-12-26 12:00,17.83,20366,United Kingdom
INV505673,TH-JACK,Denim Jacket,1,2025-06-25 20:00,110.46,20640,United Kingdom
INV500570,TH-HOOD,Fleece Hoodie,3,2025-08-25 13:00,60.02,20064,United Kingdom
INV500408,TH-JEAN,Slim Fit Jeans,2,2025-06-16 17:00,40.03,20049,United Kingdom
INV500299,TH-CAP,Logo Cap,2,2025-09-01 12:00,24.93,20036,United Kingdom
INV502334,TH-SHIRT,Oxford Shirt,1,2025-08-24 15:00,43.15,20257,United Kingdom
INV504126,TH-CAP,Logo Cap,2,2025-10-11 12:00,27.83,20464,United Kingdom
INV501978,TH-JEAN,Slim Fit Jeans,2,2026-01-14 20:00,81.16,20219,United Kingdom
INV502477,TH-DRESS,Summer Dress,1,2025-11-03 14:00,51.83,20273,United Kingdom
INV501005,TH-JACK,Denim Jacket,2,2025-10-04 16:00,81.95,20110,United Kingdom
INV502304,TH-TSHIRT,Cotton Crew T-Shirt,1,2026-02-06 18:00,18.7,20254,United Kingdom
INV503706,TH-TSHIRT,Cotton Crew T-Shirt,2,2026-03-06 18:00,20.59,20412,United Kingdom
INV504294,TH-JEAN,Slim Fit Jeans,2,2025-11-01 13:00,81.61,20484,United Kingdom
INV505538,TH-SHOE,Canvas Sneakers,3,2025-12-08 17:00,61.38,20624,United Kingdom
INV504692,TH-JACK,Denim Jacket,2,2025-08-25 12:00,61.4,20528,United Kingdom
INV503913,TH-JEAN,Slim Fit Jeans,3,2025-12-11 15:00,71.44,20440,United Kingdom
INV504336,TH-HOOD,Fleece Hoodie,2,2026-03-31 19:00,26.43,20487,United Kingdom
INV506014,TH-SHOE,Canvas Sneakers,2,2025-12-18 18:00,74.53,20675,United Kingdom
INV501018,TH-SHOE,Canvas Sneakers,3,2025-06-06 17:00,84.4,20111,United Kingdom
INV501049,TH-HOOD,Fleece Hoodie,2,2026-05-17 20:00,48.44,20113,United Kingdom
INV503954,TH-HOOD,Fleece Hoodie,3,2025-11-11 09:00,80.64,20443,United Kingdom
INV504145,TH-HOOD,Fleece Hoodie,3,2025-10-25 14:00,58.22,20465,United Kingdom
INV503220,TH-JACK,Denim Jacket,2,2025-08-23 20:00,76.96,20355,United Kingdom
INV504612,TH-CAP,Logo Cap,1,2025-10-17 11:00,11.46,20518,United Kingdom
INV504701,TH-DRESS,Summer Dress,1,2025-05-17 15:00,75.16,20529,United Kingdom
INV502820,TH-SHIRT,Oxford Shirt,2,2025-08-12 18:00,35.61,20311,United Kingdom
INV504692,TH-SHIRT,Oxford Shirt,2,2025-08-25 12:00,31.8,20528,United Kingdom
INV505674,TH-TSHIRT,Cotton Crew T-Shirt,1,2026-05-28 14:00,20.05,20640,United Kingdom
INV504964,TH-HOOD,Fleece Hoodie,2,2026-05-30 08:00,40.31,20556,United Kingdom
INV503272,TH-JACK,Denim Jacket,3,2026-04-10 10:00,128.33,20361,United Kingdom
INV501294,TH-HOOD,Fleece Hoodie,2,2026-02-13 20:00,57.74,20144,United Kingdom
INV500248,TH-CAP,Logo Cap,2,2025-06-06 20:00,19.86,20030,United Kingdom
INV504323,TH-TSHIRT,Cotton Crew T-Shirt,2,2025-12-06 11:00,21.18,20486,United Kingdom
INV504558,TH-JACK,Denim Jacket,1,2025-06-05 16:00,72.9,20511,United Kingdom
INV502955,TH-DRESS,Summer Dress,1,2026-04-16 12:00,57.69,20329,United Kingdom
INV504805,TH-CAP,Logo Cap,2,2026-02-04 10:00,27.91,20539,United Kingdom
INV505029,TH-DRESS,Summer Dress,3,2026-06-18 15:00,86.32,20564,United Kingdom
INV500794,TH-JACK,Denim Jacket,1,2025-11-18 18:00,73.65,20088,United Kingdom
INV500062,TH-HOOD,Fleece Hoodie,2,2025-09-06 19:00,60.23,20007,United Kingdom
INV504895,TH-SHIRT,Oxford Shirt,1,2025-07-02 19:00,49.46,20548,United Kingdom
INV501531,TH-DRESS,Summer Dress,1,2025-09-19 19:00,45.2,20170,United Kingdom
INV504940,TH-SHOE,Canvas Sneakers,2,2025-09-28 17:00,52.7,20553,United Kingdom
INV500732,TH-JEAN,Slim Fit Jeans,1,2025-12-01 10:00,67.38,20081,United Kingdom
INV502745,TH-TSHIRT,Cotton Crew T-Shirt,2,2025-11-15 18:00,14.95,20302,United Kingdom
INV505742,TH-DRESS,Summer Dress,1,2025-06-08 11:00,97.34,20647,United Kingdom
INV500194,TH-TSHIRT,Cotton Crew T-Shirt,2,2025-06-03 11:00,13.18,20023,United Kingdom
INV506204,TH-HOOD,Fleece Hoodie,2,2025-10-01 08:00,55.68,20693,United Kingdom
INV501589,TH-CAP,Logo Cap,2,2026-07-05 09:00,19.22,20176,United Kingdom
INV504235,TH-SHOE,Canvas Sneakers,2,2026-01-22 15:00,45.32,20477,United Kingdom
INV501772,TH-JEAN,Slim Fit Jeans,3,2025-12-09 15:00,100.26,20198,United Kingdom
INV505026,TH-HOOD,Fleece Hoodie,2,2026-02-18 20:00,65.31,20564,United Kingdom
INV502872,TH-DRESS,Summer Dress,2,2025-12-18 17:00,43.76,20317,United Kingdom
INV504236,TH-TSHIRT,Cotton Crew T-Shirt,2,2025-06-11 09:00,16.68,20477,United Kingdom
INV505408,TH-JEAN,Slim Fit Jeans,1,2026-01-13 08:00,60.77,20609,United Kingdom
INV503661,TH-SHOE,Canvas Sneakers,1,2025-08-06 18:00,85.48,20407,United Kingdom
INV501542,TH-TSHIRT,Cotton Crew T-Shirt,1,2025-05-19 17:00,26.65,20172,United Kingdom
INV506193,TH-DRESS,Summer Dress,3,2025-06-28 16:00,77.38,20691,United Kingdom
INV503760,TH-HOOD,Fleece Hoodie,1,2026-04-29 11:00,52.23,20420,United Kingdom
INV502289,TH-JACK,Denim Jacket,1,2025-09-28 18:00,84.14,20252,United Kingdom
INV505907,TH-SHOE,Canvas Sneakers,3,2025-11-04 14:00,78.17,20665,United Kingdom
INV504645,TH-TSHIRT,Cotton Crew T-Shirt,3,2025-12-10 15:00,22.37,20522,United Kingdom
INV503742,TH-DRESS,Summer Dress,3,2025-06-13 17:00,90.31,20419,United Kingdom
INV502064,TH-DRESS,Summer Dress,2,2026-07-01 13:00,64.02,20229,United Kingdom
INV500271,TH-SHOE,Canvas Sneakers,2,2025-06-18 12:00,52.7,20033,United Kingdom
INV502826,TH-SHIRT,Oxford Shirt,2,2025-10-23 17:00,41.01,20312,United Kingdom
INV501290,TH-SHOE,Canvas Sneakers,1,2025-12-29 19:00,69.6,20144,United Kingdom
INV505611,TH-CAP,Logo Cap,1,2026-04-10 11:00,23.59,20633,United Kingdom
INV502345,TH-JACK,Denim Jacket,2,2026-02-27 12:00,90.03,20258,United Kingdom
INV505957,TH-TSHIRT,Cotton Crew T-Shirt,1,2026-04-09 08:00,19.67,20669,United Kingdom
INV500248,TH-CAP,Logo Cap,2,2025-06-06 20:00,17.62,20030,United Kingdom
INV503716,TH-JEAN,Slim Fit Jeans,1,2025-11-29 19:00,73.66,20414,United Kingdom
INV500754,TH-HOOD,Fleece Hoodie,2,2025-10-13 16:00,69.66,20083,United Kingdom
INV506067,TH-CAP,Logo Cap,1,2026-01-31 09:00,23.16,20681,United Kingdom
INV503055,TH-JEAN,Slim Fit Jeans,2,2026-05-12 14:00,87.25,20337,United Kingdom
INV503147,TH-SHOE,Canvas Sneakers,1,2025-09-29 19:00,62.51,20346,United Kingdom
INV502634,TH-HOOD,Fleece Hoodie,3,2025-12-11 18:00,64.51,20290,United Kingdom
INV501391,TH-JEAN,Slim Fit Jeans,1,2026-06-04 11:00,43.26,20155,United Kingdom
INV505342,TH-SHOE,Canvas Sneakers,2,2026-02-26 10:00,65.84,20602,United Kingdom
INV503161,TH-JEAN,Slim Fit Jeans,1,2026-05-08 12:00,89.0,20348,United Kingdom
INV505804,TH-SHOE,Canvas Sneakers,1,2025-05-15 11:00,28.13,20653,United Kingdom
INV504363,TH-JEAN,Slim Fit Jeans,3,2026-05-17 14:00,97.3,20489,United Kingdom
INV501340,TH-DRESS,Summer Dress,3,2026-01-12 13:00,84.88,20149,United Kingdom
INV502198,TH-HOOD,Fleece Hoodie,3,2025-11-10 08:00,58.29,20243,United Kingdom
INV500377,TH-SHIRT,Oxford Shirt,2,2026-04-29 14:00,29.51,20044,United Kingdom
INV504480,TH-JACK,Denim Jacket,1,2026-01-20 19:00,63.22,20502,United Kingdom
INV505636,TH-HOOD,Fleece Hoodie,1,2026-02-05 17:00,31.6,20635,United Kingdom
INV500966,TH-SHOE,Canvas Sneakers,2,2025-05-31 13:00,54.85,20106,United Kingdom
INV505348,TH-JACK,Denim Jacket,3,2026-04-07 14:00,85.92,20602,United Kingdom
INV503118,TH-JACK,Denim Jacket,2,2025-10-04 13:00,103.17,20343,United Kingdom
INV502185,TH-CAP,Logo Cap,2,2025-07-07 20:00,9.97,20242,United Kingdom
INV503377,TH-DRESS,Summer Dress,1,2025-06-23 17:00,36.03,20374,United Kingdom
INV504002,TH-DRESS,Summer Dress,2,2026-02-28 10:00,63.22,20447,United Kingdom
INV502790,TH-CAP,Logo Cap,1,2025-08-23 08:00,10.29,20308,United Kingdom
INV505336,TH-SHIRT,Oxford Shirt,1,2026-01-15 12:00,30.82,20601,United Kingdom
INV502376,TH-SHIRT,Oxford Shirt,1,2025-06-30 13:00,38.55,20261,United Kingdom
INV504501,TH-JACK,Denim Jacket,3,2025-08-21 13:00,117.94,20504,United Kingdom
INV500908,TH-JEAN,Slim Fit Jeans,2,2026-02-06 13:00,80.71,20100,United Kingdom
INV501593,TH-SHOE,Canvas Sneakers,2,2025-08-12 19:00,54.43,20176,United Kingdom
INV504734,TH-JACK,Denim Jacket,1,2025-12-10 17:00,89.93,20533,United Kingdom
INV505136,TH-DRESS,Summer Dress,2,2025-10-09 20:00,88.29,20576,United Kingdom
INV501725,TH-JEAN,Slim Fit Jeans,1,2025-08-04 10:00,54.93,20193,United Kingdom
INV503878,TH-TSHIRT,Cotton Crew T-Shirt,3,2026-01-13 11:00,26.83,20435,United Kingdom
INV502505,TH-TSHIRT,Cotton Crew T-Shirt,2,2025-10-19 14:00,16.76,20276,United Kingdom
INV500790,TH-SHIRT,Oxford Shirt,2,2025-11-02 09:00,32.62,20087,United Kingdom
INV500152,TH-TSHIRT,Cotton Crew T-Shirt,1,2025-08-01 13:00,12.53,20019,United Kingdom
INV501025,TH-TSHIRT,Cotton Crew T-Shirt,3,2025-10-11 09:00,25.59,20111,United Kingdom
INV502460,TH-JACK,Denim Jacket,2,2026-02-12 16:00,123.37,20271,United Kingdom
INV501311,TH-SHOE,Canvas Sneakers,2,2025-09-29 10:00,56.94,20147,United Kingdom
INV505714,TH-CAP,Logo Cap,3,2025-11-01 20:00,26.36,20644,United Kingdom
INV505135,TH-SHOE,Canvas Sneakers,1,2025-08-18 10:00,71.99,20576,United Kingdom
INV505980,TH-HOOD,Fleece Hoodie,1,2026-04-13 19:00,28.7,20672,United Kingdom
INV504726,TH-TSHIRT,Cotton Crew T-Shirt,2,2025-06-05 11:00,21.44,20532,United Kingdom
INV504898,TH-TSHIRT,Cotton Crew T-Shirt,3,2026-06-09 14:00,22.2,20548,United Kingdom
INV500923,TH-CAP,Logo Cap,3,2026-01-08 17:00,22.3,20101,United Kingdom
INV502190,TH-CAP,Logo Cap,3,2025-07-10 20:00,24.77,20243,United Kingdom
INV500476,TH-HOOD,Fleece Hoodie,1,2025-11-08 14:00,28.96,20055,United Kingdom
INV503546,TH-SHOE,Canvas Sneakers,1,2025-05-18 12:00,52.96,20392,United Kingdom
INV504174,TH-CAP,Logo Cap,1,2026-02-03 16:00,22.71,20470,United Kingdom
INV503719,TH-HOOD,Fleece Hoodie,3,2026-07-15 14:00,61.43,20414,United Kingdom
INV501028,TH-DRESS,Summer Dress,1,2026-03-05 19:00,86.86,20112,United Kingdom
INV500450,TH-DRESS,Summer Dress,2,2025-09-21 13:00,104.44,20052,United Kingdom
INV505190,TH-HOOD,Fleece Hoodie,2,2025-11-24 10:00,69.02,20581,United Kingdom
INV505146,TH-HOOD,Fleece Hoodie,1,2026-03-13 09:00,57.02,20576,United Kingdom
INV501876,TH-JEAN,Slim Fit Jeans,2,2025-05-24 11:00,57.36,20209,United Kingdom
INV504942,TH-JEAN,Slim Fit Jeans,2,2025-12-13 11:00,61.74,20553,United Kingdom
INV500783,TH-JACK,Denim Jacket,2,2026-04-30 14:00,91.08,20086,United Kingdom
INV503414,TH-HOOD,Fleece Hoodie,2,2026-03-02 12:00,30.18,20378,United Kingdom
INV500521,TH-JACK,Denim Jacket,1,2025-11-02 14:00,70.67,20060,United Kingdom
INV500652,TH-DRESS,Summer Dress,1,2026-05-23 19:00,80.64,20073,United Kingdom
INV500772,TH-SHIRT,Oxford Shirt,2,2026-06-04 14:00,48.85,20085,United Kingdom
INV502229,TH-TSHIRT,Cotton Crew T-Shirt,3,2025-11-12 11:00,21.19,20247,United Kingdom
INV501239,TH-HOOD,Fleece Hoodie,1,2025-08-10 20:00,25.79,20140,United Kingdom
INV500188,TH-DRESS,Summer Dress,2,2026-05-23 13:00,97.87,20022,United Kingdom
INV506065,TH-SHOE,Canvas Sneakers,3,2025-10-21 14:00,70.49,20681,United Kingdom
INV505255,TH-TSHIRT,Cotton Crew T-Shirt,3,2026-04-25 19:00,19.04,20588,United Kingdom
INV500145,TH-DRESS,Summer Dress,1,2026-05-16 20:00,73.47,20018,United Kingdom
INV501529,TH-SHOE,Canvas Sneakers,1,2026-01-06 13:00,36.27,20170,United Kingdom
INV504252,TH-TSHIRT,Cotton Crew T-Shirt,1,2025-12-21 18:00,23.9,20479,United Kingdom
INV505100,TH-JACK,Denim Jacket,1,2025-12-27 19:00,73.73,20572,United Kingdom
INV505209,TH-SHIRT,Oxford Shirt,2,2026-02-12 15:00,44.42,20583,United Kingdom
INV503582,TH-SHIRT,Oxford Shirt,2,2025-10-05 12:00,33.13,20395,United Kingdom
INV502729,TH-TSHIRT,Cotton Crew T-Shirt,1,2026-07-01 09:00,26.11,20300,United Kingdom
INV504407,TH-CAP,Logo Cap,2,2025-08-15 19:00,19.84,20494,United Kingdom
INV501361,TH-TSHIRT,Cotton Crew T-Shirt,1,2026-03-12 18:00,14.47,20151,United Kingdom
INV505732,TH-JEAN,Slim Fit Jeans,3,2026-02-07 08:00,68.44,20646,United Kingdom
INV505105,TH-TSHIRT,Cotton Crew T-Shirt,1,2026-06-11 11:00,14.84,20572,United Kingdom
INV504985,TH-JACK,Denim Jacket,2,2025-11-30 12:00,66.9,20559,United Kingdom
INV502103,TH-SHOE,Canvas Sneakers,3,2025-05-27 13:00,65.7,20233,United Kingdom
INV503019,TH-JEAN,Slim Fit Jeans,3,2025-07-14 20:00,91.25,20335,United Kingdom
INV502034,TH-SHOE,Canvas Sneakers,2,2025-11-11 16:00,65.93,20226,United Kingdom
INV504069,TH-SHIRT,Oxford Shirt,1,2025-10-23 11:00,33.26,20455,United Kingdom
INV500792,TH-HOOD,Fleece Hoodie,1,2025-07-18 11:00,46.66,20088,United Kingdom
INV502091,TH-DRESS,Summer Dress,1,2025-09-21 17:00,55.14,20232,United Kingdom
INV505518,TH-SHOE,Canvas Sneakers,2,2025-05-18 19:00,63.04,20620,United Kingdom
INV502963,TH-CAP,Logo Cap,1,2026-01-26 13:00,18.33,20330,United Kingdom
INV500694,TH-SHOE,Canvas Sneakers,1,2025-06-23 12:00,63.83,20078,United Kingdom
INV504787,TH-CAP,Logo Cap,2,2026-03-30 15:00,16.86,20538,United Kingdom
INV500231,TH-JEAN,Slim Fit Jeans,2,2026-02-18 10:00,73.48,20029,United Kingdom
INV505123,TH-CAP,Logo Cap,1,2026-04-19 12:00,21.9,20574,United Kingdom
INV503952,TH-DRESS,Summer Dress,1,2025-12-12 18:00,108.47,20443,United Kingdom
INV503892,TH-JACK,Denim Jacket,3,2026-02-02 11:00,112.17,20438,United Kingdom
INV502897,TH-DRESS,Summer Dress,2,2026-02-08 20:00,50.39,20321,United Kingdom
INV501510,TH-JACK,Denim Jacket,3,2025-06-03 18:00,109.65,20167,United Kingdom
INV503951,TH-DRESS,Summer Dress,1,2025-05-17 15:00,101.86,20443,United Kingdom
INV506023,TH-HOOD,Fleece Hoodie,3,2025-05-11 10:00,74.02,20675,United Kingdom
INV501701,TH-JEAN,Slim Fit Jeans,2,2025-10-02 10:00,69.94,20191,United Kingdom
INV505744,TH-TSHIRT,Cotton Crew T-Shirt,1,2026-03-29 11:00,24.83,20647,United Kingdom
INV500836,TH-SHIRT,Oxford Shirt,1,2025-10-09 13:00,55.19,20093,United Kingdom
INV500800,TH-SHIRT,Oxford Shirt,2,2026-04-26 09:00,35.66,20089,United Kingdom
INV500678,TH-CAP,Logo Cap,3,2025-08-12 11:00,20.33,20076,United Kingdom
INV500166,TH-JEAN,Slim Fit Jeans,3,2025-10-29 15:00,74.93,20021,United Kingdom
INV502938,TH-HOOD,Fleece Hoodie,1,2026-02-03 16:00,27.39,20327,United Kingdom
INV500336,TH-JACK,Denim Jacket,1,2026-04-30 15:00,46.47,20039,United Kingdom
INV500665,TH-HOOD,Fleece Hoodie,1,2026-04-30 08:00,35.89,20074,United Kingdom
INV502584,TH-JEAN,Slim Fit Jeans,1,2025-07-04 08:00,70.79,20285,United Kingdom
INV502591,TH-SHIRT,Oxford Shirt,2,2026-02-21 17:00,46.09,20285,United Kingdom
INV502014,TH-HOOD,Fleece Hoodie,2,2026-02-07 16:00,45.28,20224,United Kingdom
INV502547,TH-SHIRT,Oxford Shirt,2,2025-06-27 19:00,44.95,20281,United Kingdom
INV502339,TH-HOOD,Fleece Hoodie,2,2026-04-29 08:00,44.64,20257,United Kingdom
INV504056,TH-DRESS,Summer Dress,2,2026-01-12 14:00,74.39,20454,United Kingdom
INV500556,TH-SHOE,Canvas Sneakers,2,2026-05-25 19:00,52.18,20063,United Kingdom
INV500973,TH-SHIRT,Oxford Shirt,2,2026-04-17 16:00,44.3,20107,United Kingdom
INV505895,TH-SHOE,Canvas Sneakers,2,2026-06-30 15:00,41.58,20664,United Kingdom
INV501549,TH-TSHIRT,Cotton Crew T-Shirt,1,2026-03-02 14:00,26.61,20172,United Kingdom
INV503940,TH-JACK,Denim Jacket,2,2026-05-29 09:00,103.51,20442,United Kingdom
INV505496,TH-SHIRT,Oxford Shirt,1,2026-06-01 10:00,44.13,20617,United Kingdom
INV503505,TH-TSHIRT,Cotton Crew T-Shirt,1,2025-07-08 10:00,19.96,20386,United Kingdom
INV500760,TH-DRESS,Summer Dress,1,2026-07-02 16:00,90.75,20083,United Kingdom
INV500295,TH-SHOE,Canvas Sneakers,1,2025-08-01 14:00,53.92,20035,United Kingdom
INV500379,TH-HOOD,Fleece Hoodie,1,2025-09-18 19:00,33.55,20044,United Kingdom
INV503221,TH-TSHIRT,Cotton Crew T-Shirt,2,2026-01-10 17:00,16.21,20355,United Kingdom
INV505808,TH-SHIRT,Oxford Shirt,1,2026-06-12 08:00,31.06,20654,United Kingdom
INV503500,TH-SHIRT,Oxford Shirt,1,2025-10-10 12:00,47.41,20385,United Kingdom
INV504164,TH-SHOE,Canvas Sneakers,2,2026-06-16 14:00,58.48,20468,United Kingdom
INV503597,TH-JACK,Denim Jacket,2,2026-06-18 17:00,59.04,20398,United Kingdom
INV501758,TH-TSHIRT,Cotton Crew T-Shirt,3,2026-06-10 08:00,25.51,20196,United Kingdom
INV500622,TH-TSHIRT,Cotton Crew T-Shirt,3,2026-03-08 16:00,25.07,20069,United Kingdom
INV503761,TH-HOOD,Fleece Hoodie,3,2026-04-25 13:00,60.01,20421,United Kingdom
INV500348,TH-CAP,Logo Cap,2,2026-03-06 10:00,20.76,20040,United Kingdom
INV504764,TH-JEAN,Slim Fit Jeans,2,2026-04-19 18:00,90.83,20536,United Kingdom
INV500316,TH-SHIRT,Oxford Shirt,3,2025-10-23 16:00,49.75,20037,United Kingdom
INV500155,TH-SHOE,Canvas Sneakers,2,2026-06-20 20:00,59.03,20020,United Kingdom
INV505599,TH-SHOE,Canvas Sneakers,3,2025-09-26 09:00,72.59,20631,United Kingdom
INV500884,TH-HOOD,Fleece Hoodie,3,2025-06-27 16:00,55.02,20097,United Kingdom
INV501055,TH-HOOD,Fleece Hoodie,1,2025-05-24 20:00,56.0,20114,United Kingdom
INV503860,TH-DRESS,Summer Dress,3,2025-10-04 15:00,75.88,20433,United Kingdom
INV501456,TH-HOOD,Fleece Hoodie,1,2026-06-04 13:00,40.86,20162,United Kingdom
INV502530,TH-SHOE,Canvas Sneakers,3,2026-05-08 12:00,63.67,20279,United Kingdom
INV505565,TH-JEAN,Slim Fit Jeans,2,2026-02-09 16:00,60.76,20627,United Kingdom
INV502342,TH-SHIRT,Oxford Shirt,2,2026-05-31 11:00,45.88,20257,United Kingdom
INV503614,TH-DRESS,Summer Dress,1,2026-03-03 10:00,53.8,20400,United Kingdom
INV501652,TH-JACK,Denim Jacket,1,2026-04-10 09:00,57.28,20183,United Kingdom
INV504589,TH-JEAN,Slim Fit Jeans,2,2025-08-09 09:00,44.72,20514,United Kingdom
INV501062,TH-SHOE,Canvas Sneakers,1,2026-07-04 13:00,75.12,20115,United Kingdom
INV504686,TH-JEAN,Slim Fit Jeans,1,2025-10-17 11:00,57.86,20527,United Kingdom
INV502546,TH-DRESS,Summer Dress,1,2025-07-28 10:00,81.18,20281,United Kingdom
INV506179,TH-DRESS,Summer Dress,2,2025-11-11 14:00,63.0,20690,United Kingdom
INV503098,TH-TSHIRT,Cotton Crew T-Shirt,1,2026-03-11 09:00,19.46,20341,United Kingdom
INV506191,TH-DRESS,Summer Dress,1,2026-01-10 08:00,79.0,20691,United Kingdom
INV505748,TH-CAP,Logo Cap,3,2026-03-08 09:00,24.93,20647,United Kingdom
INV503217,TH-SHIRT,Oxford Shirt,1,2025-12-23 08:00,33.73,20355,United Kingdom
INV503008,TH-SHOE,Canvas Sneakers,3,2026-01-16 09:00,75.48,20334,United Kingdom
INV505513,TH-DRESS,Summer Dress,2,2026-04-16 13:00,77.06,20620,United Kingdom
INV505015,TH-SHOE,Canvas Sneakers,2,2025-12-30 14:00,29.9,20563,United Kingdom
INV501780,TH-JACK,Denim Jacket,3,2025-07-21 12:00,131.18,20198,United Kingdom
INV501287,TH-DRESS,Summer Dress,3,2026-06-10 12:00,92.93,20144,United Kingdom
INV502815,TH-DRESS,Summer Dress,1,2025-12-21 08:00,85.07,20310,United Kingdom
INV506187,TH-JACK,Denim Jacket,3,2025-12-07 08:00,96.39,20691,United Kingdom
INV503107,TH-TSHIRT,Cotton Crew T-Shirt,1,2025-06-21 20:00,10.61,20342,United Kingdom
INV500715,TH-CAP,Logo Cap,2,2025-08-14 17:00,23.14,20080,United Kingdom
INV503237,TH-DRESS,Summer Dress,2,2025-09-26 11:00,77.86,20358,United Kingdom
INV504099,TH-HOOD,Fleece Hoodie,1,2026-04-24 11:00,45.02,20460,United Kingdom
INV501321,TH-SHIRT,Oxford Shirt,2,2026-03-12 16:00,47.75,20148,United Kingdom
INV500642,TH-SHOE,Canvas Sneakers,1,2025-06-26 16:00,42.07,20072,United Kingdom
INV501965,TH-CAP,Logo Cap,3,2026-07-08 18:00,24.67,20219,United Kingdom
INV502351,TH-JACK,Denim Jacket,3,2026-05-18 08:00,98.42,20258,United Kingdom
INV502855,TH-TSHIRT,Cotton Crew T-Shirt,1,2025-08-08 08:00,24.69,20315,United Kingdom
INV506018,TH-HOOD,Fleece Hoodie,2,2025-07-05 19:00,67.62,20675,United Kingdom
INV501971,TH-CAP,Logo Cap,1,2025-05-18 19:00,25.36,20219,United Kingdom
INV500897,TH-DRESS,Summer Dress,3,2025-10-16 19:00,73.81,20099,United Kingdom
INV504098,TH-TSHIRT,Cotton Crew T-Shirt,1,2026-01-08 19:00,14.03,20460,United Kingdom
INV504282,TH-JACK,Denim Jacket,1,2025-10-23 08:00,84.7,20482,United Kingdom
INV502082,TH-JEAN,Slim Fit Jeans,2,2025-12-17 10:00,53.62,20231,United Kingdom
INV502164,TH-DRESS,Summer Dress,1,2025-11-23 19:00,52.08,20238,United Kingdom
INV500201,TH-SHIRT,Oxford Shirt,1,2025-07-27 18:00,22.78,20024,United Kingdom
INV502291,TH-JEAN,Slim Fit Jeans,3,2026-03-08 14:00,66.26,20253,United Kingdom
INV504644,TH-HOOD,Fleece Hoodie,2,2025-05-27 17:00,66.1,20522,United Kingdom
INV505832,TH-DRESS,Summer Dress,1,2026-01-30 20:00,98.54,20656,United Kingdom
INV503610,TH-JACK,Denim Jacket,2,2025-12-20 08:00,88.07,20399,United Kingdom
INV501096,TH-CAP,Logo Cap,1,2025-12-29 19:00,13.74,20120,United Kingdom
INV500910,TH-JEAN,Slim Fit Jeans,3,2025-07-16 17:00,98.24,20100,United Kingdom
INV503572,TH-CAP,Logo Cap,3,2025-10-09 09:00,27.94,20394,United Kingdom
INV502991,TH-SHOE,Canvas Sneakers,3,2025-10-01 16:00,65.42,20333,United Kingdom
INV505305,TH-CAP,Logo Cap,2,2026-03-15 09:00,19.05,20596,United Kingdom
INV501981,TH-TSHIRT,Cotton Crew T-Shirt,1,2026-06-06 20:00,20.47,20220,United Kingdom
INV504242,TH-JEAN,Slim Fit Jeans,2,2025-07-09 19:00,65.18,20478,United Kingdom
INV500574,TH-DRESS,Summer Dress,1,2025-06-08 11:00,65.67,20065,United Kingdom
INV500040,TH-TSHIRT,Cotton Crew T-Shirt,2,2025-12-31 15:00,15.54,20005,United Kingdom
INV503243,TH-JACK,Denim Jacket,3,2025-08-25 13:00,96.59,20358,United Kingdom
INV502247,TH-JACK,Denim Jacket,1,2026-04-03 19:00,70.35,20249,United Kingdom
INV505585,TH-CAP,Logo Cap,2,2026-01-11 08:00,14.47,20630,United Kingdom
INV504887,TH-JEAN,Slim Fit Jeans,2,2026-03-09 18:00,56.93,20546,United Kingdom
INV505632,TH-SHOE,Canvas Sneakers,1,2026-01-13 20:00,40.81,20635,United Kingdom
INV505518,TH-SHOE,Canvas Sneakers,3,2025-05-18 19:00,64.38,20620,United Kingdom
INV504661,TH-SHOE,Canvas Sneakers,1,2025-11-25 12:00,61.83,20524,United Kingdom
INV501929,TH-SHIRT,Oxford Shirt,1,2026-06-05 18:00,46.96,20214,United Kingdom
INV501817,TH-TSHIRT,Cotton Crew T-Shirt,1,2026-06-23 08:00,24.04,20202,United Kingdom
INV500797,TH-CAP,Logo Cap,2,2025-07-14 12:00,15.98,20088,United Kingdom
INV500578,TH-HOOD,Fleece Hoodie,2,2025-05-11 15:00,43.59,20065,United Kingdom
INV502163,TH-JEAN,Slim Fit Jeans,2,2026-03-12 09:00,47.91,20238,United Kingdom
INV501750,TH-SHOE,Canvas Sneakers,1,2026-01-06 18:00,47.39,20195,United Kingdom
INV504356,TH-HOOD,Fleece Hoodie,2,2026-06-30 11:00,69.0,20489,United Kingdom
INV500310,TH-SHOE,Canvas Sneakers,3,2025-06-26 18:00,68.37,20036,United Kingdom
INV502884,TH-JACK,Denim Jacket,3,2025-06-07 20:00,113.28,20318,United Kingdom
INV506218,TH-SHIRT,Oxford Shirt,3,2026-06-01 11:00,48.11,20694,United Kingdom
INV502853,TH-SHIRT,Oxford Shirt,1,2026-02-08 13:00,46.44,20314,United Kingdom
INV505288,TH-DRESS,Summer Dress,1,2025-05-13 15:00,63.4,20594,United Kingdom
INV503035,TH-HOOD,Fleece Hoodie,1,2026-01-02 08:00,48.87,20336,United Kingdom
INV505362,TH-JACK,Denim Jacket,2,2026-05-01 17:00,84.67,20603,United Kingdom
INV500655,TH-JACK,Denim Jacket,2,2025-10-01 08:00,91.99,20073,United Kingdom
INV504265,TH-JACK,Denim Jacket,2,2025-09-06 12:00,103.39,20480,United Kingdom
INV506018,TH-CAP,Logo Cap,2,2025-07-05 19:00,27.9,20675,United Kingdom
INV504055,TH-DRESS,Summer Dress,1,2025-12-22 17:00,71.94,20453,United Kingdom
INV502010,TH-TSHIRT,Cotton Crew T-Shirt,3,2025-09-01 10:00,25.97,20223,United Kingdom
INV504520,TH-CAP,Logo Cap,2,2026-01-28 14:00,28.82,20506,United Kingdom
INV501407,TH-DRESS,Summer Dress,1,2026-01-07 11:00,69.96,20157,United Kingdom
INV505349,TH-JACK,Denim Jacket,1,2026-06-16 11:00,92.15,20602,United Kingdom
INV501153,TH-JACK,Denim Jacket,2,2026-05-22 09:00,54.69,20128,United Kingdom
INV500133,TH-JACK,Denim Jacket,1,2025-10-21 13:00,97.32,20017,United Kingdom
INV503669,TH-HOOD,Fleece Hoodie,1,2025-12-10 10:00,71.01,20407,United Kingdom
INV502197,TH-DRESS,Summer Dress,3,2026-02-17 18:00,88.4,20243,United Kingdom
INV500880,TH-DRESS,Summer Dress,2,2026-07-12 14:00,88.93,20097,United Kingdom
INV502399,TH-JEAN,Slim Fit Jeans,3,2026-01-30 10:00,80.29,20263,United Kingdom
INV504625,TH-CAP,Logo Cap,1,2026-02-05 08:00,13.19,20520,United Kingdom
INV501430,TH-JEAN,Slim Fit Jeans,1,2025-06-30 15:00,62.64,20159,United Kingdom
INV503098,TH-SHOE,Canvas Sneakers,2,2026-03-11 09:00,63.13,20341,United Kingdom
INV506188,TH-JEAN,Slim Fit Jeans,3,2025-08-14 11:00,67.83,20691,United Kingdom
INV503532,TH-JEAN,Slim Fit Jeans,2,2025-09-20 14:00,51.28,20389,United Kingdom
INV500604,TH-SHIRT,Oxford Shirt,1,2026-02-28 14:00,27.02,20068,United Kingdom
INV500778,TH-SHIRT,Oxford Shirt,1,2025-07-31 20:00,38.96,20086,United Kingdom
INV503055,TH-JACK,Denim Jacket,2,2026-05-12 14:00,103.48,20337,United Kingdom
INV502157,TH-HOOD,Fleece Hoodie,2,2025-08-17 14:00,34.32,20238,United Kingdom
INV505825,TH-SHOE,Canvas Sneakers,1,2026-02-27 20:00,81.75,20656,United Kingdom
INV503784,TH-DRESS,Summer Dress,1,2025-10-04 19:00,41.18,20424,United Kingdom
INV503259,TH-SHOE,Canvas Sneakers,2,2025-10-10 16:00,63.23,20360,United Kingdom
INV504202,TH-JACK,Denim Jacket,2,2026-05-10 12:00,105.32,20474,United Kingdom
INV504568,TH-SHOE,Canvas Sneakers,2,2026-06-25 14:00,80.61,20512,United Kingdom
INV505266,TH-JACK,Denim Jacket,2,2026-03-26 13:00,47.24,20590,United Kingdom
INV501736,TH-SHIRT,Oxford Shirt,3,2026-01-07 14:00,55.93,20194,United Kingdom
INV504872,TH-JEAN,Slim Fit Jeans,2,2025-10-18 18:00,61.11,20545,United Kingdom
INV501989,TH-SHIRT,Oxford Shirt,3,2026-04-21 15:00,42.44,20220,United Kingdom
INV505404,TH-SHIRT,Oxford Shirt,1,2025-08-07 15:00,44.43,20609,United Kingdom
INV501749,TH-HOOD,Fleece Hoodie,1,2026-06-23 11:00,40.58,20195,United Kingdom
INV500236,TH-TSHIRT,Cotton Crew T-Shirt,2,2025-05-11 20:00,20.81,20029,United Kingdom
INV503571,TH-SHOE,Canvas Sneakers,2,2025-08-05 20:00,69.65,20394,United Kingdom
INV504385,TH-TSHIRT,Cotton Crew T-Shirt,2,2025-09-24 10:00,25.68,20491,United Kingdom
INV505652,TH-DRESS,Summer Dress,1,2025-09-23 12:00,64.64,20637,United Kingdom
INV505685,TH-CAP,Logo Cap,2,2026-04-15 19:00,9.91,20641,United Kingdom
INV503211,TH-CAP,Logo Cap,2,2025-05-18 12:00,21.76,20354,United Kingdom
INV505665,TH-JEAN,Slim Fit Jeans,1,2025-12-24 15:00,62.99,20639,United Kingdom
INV503788,TH-CAP,Logo Cap,2,2026-04-11 16:00,21.14,20425,United Kingdom
INV505633,TH-TSHIRT,Cotton Crew T-Shirt,1,2026-05-13 17:00,13.13,20635,United Kingdom
INV500319,TH-JACK,Denim Jacket,1,2026-02-06 18:00,95.28,20037,United Kingdom
INV500527,TH-CAP,Logo Cap,1,2026-04-12 16:00,17.49,20060,United Kingdom
INV501050,TH-HOOD,Fleece Hoodie,2,2025-05-17 18:00,45.17,20113,United Kingdom
INV505373,TH-SHOE,Canvas Sneakers,1,2026-06-28 08:00,55.51,20605,United Kingdom
INV500928,TH-TSHIRT,Cotton Crew T-Shirt,3,2026-06-22 14:00,23.25,20102,United Kingdom
INV501606,TH-DRESS,Summer Dress,1,2025-08-13 17:00,78.28,20177,United Kingdom
INV506202,TH-JACK,Denim Jacket,2,2026-06-07 09:00,81.1,20693,United Kingdom
INV504508,TH-HOOD,Fleece Hoodie,1,2026-05-01 11:00,68.76,20506,United Kingdom
INV504697,TH-SHIRT,Oxford Shirt,2,2026-04-02 09:00,45.77,20529,United Kingdom
INV500544,TH-JACK,Denim Jacket,3,2025-09-01 16:00,133.31,20061,United Kingdom
INV500178,TH-SHIRT,Oxford Shirt,2,2026-03-31 11:00,62.62,20022,United Kingdom
INV502226,TH-SHIRT,Oxford Shirt,2,2025-12-07 17:00,37.39,20246,United Kingdom
INV500374,TH-JACK,Denim Jacket,1,2025-06-19 13:00,51.48,20044,United Kingdom
INV502720,TH-CAP,Logo Cap,2,2025-11-10 18:00,25.66,20300,United Kingdom
INV501323,TH-JEAN,Slim Fit Jeans,1,2025-07-21 13:00,74.5,20148,United Kingdom
INV500868,TH-DRESS,Summer Dress,3,2026-01-09 10:00,74.83,20095,United Kingdom
INV501999,TH-SHOE,Canvas Sneakers,1,2026-06-13 18:00,75.72,20223,United Kingdom
INV502747,TH-SHIRT,Oxford Shirt,2,2026-07-08 19:00,35.66,20302,United Kingdom
INV501274,TH-SHOE,Canvas Sneakers,1,2025-11-13 15:00,80.21,20143,United Kingdom
INV504724,TH-JACK,Denim Jacket,1,2025-09-14 13:00,103.47,20532,United Kingdom
INV502096,TH-SHIRT,Oxford Shirt,2,2025-06-02 09:00,35.38,20232,United Kingdom
INV500418,TH-JACK,Denim Jacket,1,2025-07-01 08:00,80.88,20050,United Kingdom
INV502178,TH-SHOE,Canvas Sneakers,2,2026-02-02 10:00,52.18,20241,United Kingdom
INV502200,TH-JEAN,Slim Fit Jeans,2,2025-12-16 13:00,69.97,20243,United Kingdom
INV502893,TH-SHIRT,Oxford Shirt,1,2026-02-28 12:00,31.2,20320,United Kingdom
INV503536,TH-JEAN,Slim Fit Jeans,1,2026-06-09 17:00,40.99,20390,United Kingdom
INV502337,TH-JACK,Denim Jacket,2,2025-10-22 17:00,78.53,20257,United Kingdom
INV504302,TH-JACK,Denim Jacket,2,2026-01-27 11:00,106.3,20484,United Kingdom
INV501063,TH-DRESS,Summer Dress,3,2026-01-10 13:00,88.37,20115,United Kingdom
INV504426,TH-HOOD,Fleece Hoodie,1,2025-06-07 10:00,68.5,20496,United Kingdom
INV504423,TH-CAP,Logo Cap,3,2026-06-15 10:00,25.17,20496,United Kingdom
INV504442,TH-TSHIRT,Cotton Crew T-Shirt,2,2026-04-12 13:00,22.03,20498,United Kingdom
INV503705,TH-JEAN,Slim Fit Jeans,2,2026-04-23 08:00,71.41,20412,United Kingdom
INV505737,TH-DRESS,Summer Dress,1,2026-01-11 17:00,84.68,20646,United Kingdom
INV500977,TH-DRESS,Summer Dress,2,2025-05-27 16:00,62.67,20107,United Kingdom
INV504957,TH-CAP,Logo Cap,2,2026-04-07 14:00,15.51,20555,United Kingdom
INV500608,TH-JACK,Denim Jacket,2,2026-03-15 16:00,130.86,20069,United Kingdom
INV506163,TH-JEAN,Slim Fit Jeans,2,2026-05-12 14:00,73.51,20689,United Kingdom
INV502634,TH-SHOE,Canvas Sneakers,2,2025-12-11 18:00,74.37,20290,United Kingdom
INV503066,TH-SHOE,Canvas Sneakers,2,2025-11-23 13:00,65.01,20338,United Kingdom
INV505672,TH-SHOE,Canvas Sneakers,2,2025-10-15 10:00,71.74,20640,United Kingdom
INV500442,TH-CAP,Logo Cap,3,2025-09-13 15:00,29.77,20052,United Kingdom
INV501666,TH-TSHIRT,Cotton Crew T-Shirt,1,2025-10-01 14:00,13.42,20185,United Kingdom
INV504959,TH-SHIRT,Oxford Shirt,2,2025-10-24 09:00,34.49,20555,United Kingdom
INV503191,TH-SHOE,Canvas Sneakers,2,2025-08-29 08:00,40.13,20352,United Kingdom
INV506097,TH-HOOD,Fleece Hoodie,3,2025-12-26 19:00,64.71,20683,United Kingdom
INV500686,TH-HOOD,Fleece Hoodie,2,2025-08-20 18:00,42.5,20077,United Kingdom
INV505564,TH-DRESS,Summer Dress,2,2026-02-28 18:00,57.73,20627,United Kingdom
INV500650,TH-CAP,Logo Cap,1,2025-12-29 13:00,17.0,20072,United Kingdom
INV502739,TH-JACK,Denim Jacket,2,2026-05-12 11:00,113.32,20301,United Kingdom
INV502203,TH-JEAN,Slim Fit Jeans,2,2026-05-24 18:00,28.39,20244,United Kingdom
INV502980,TH-HOOD,Fleece Hoodie,1,2025-11-27 13:00,44.92,20332,United Kingdom
INV506024,TH-JEAN,Slim Fit Jeans,2,2026-06-27 15:00,86.95,20675,United Kingdom
INV502127,TH-TSHIRT,Cotton Crew T-Shirt,1,2026-01-16 08:00,23.77,20234,United Kingdom
INV500485,TH-TSHIRT,Cotton Crew T-Shirt,3,2025-06-23 16:00,21.88,20056,United Kingdom
INV506119,TH-JEAN,Slim Fit Jeans,1,2025-08-04 14:00,76.01,20685,United Kingdom
INV503131,TH-SHOE,Canvas Sneakers,1,2025-06-16 16:00,62.25,20344,United Kingdom
INV504199,TH-SHOE,Canvas Sneakers,1,2025-11-23 12:00,57.92,20473,United Kingdom
INV506128,TH-CAP,Logo Cap,1,2026-05-06 13:00,26.01,20685,United Kingdom
INV500171,TH-JACK,Denim Jacket,3,2026-05-29 18:00,114.59,20021,United Kingdom
INV504743,TH-HOOD,Fleece Hoodie,1,2026-02-09 20:00,51.1,20533,United Kingdom
INV504544,TH-JEAN,Slim Fit Jeans,2,2025-08-02 09:00,64.45,20509,United Kingdom
INV502481,TH-JEAN,Slim Fit Jeans,2,2025-12-21 19:00,45.52,20273,United Kingdom
INV505350,TH-JEAN,Slim Fit Jeans,1,2026-01-21 19:00,63.54,20602,United Kingdom
INV501947,TH-JACK,Denim Jacket,2,2026-04-26 09:00,67.11,20217,United Kingdom
INV505040,TH-CAP,Logo Cap,1,2026-01-27 10:00,22.89,20566,United Kingdom
INV505837,TH-JACK,Denim Jacket,2,2026-05-02 18:00,74.48,20657,United Kingdom
INV502138,TH-DRESS,Summer Dress,1,2026-03-12 09:00,54.97,20235,United Kingdom
INV505317,TH-HOOD,Fleece Hoodie,1,2026-02-24 09:00,27.87,20598,United Kingdom
INV503883,TH-JACK,Denim Jacket,3,2025-10-20 15:00,118.58,20435,United Kingdom
INV505346,TH-SHOE,Canvas Sneakers,3,2025-09-23 10:00,59.51,20602,United Kingdom
INV503604,TH-SHOE,Canvas Sneakers,1,2026-01-21 10:00,58.29,20399,United Kingdom
INV503129,TH-JEAN,Slim Fit Jeans,3,2025-05-29 18:00,73.11,20344,United Kingdom
INV500309,TH-SHIRT,Oxford Shirt,2,2025-10-27 19:00,50.67,20036,United Kingdom
INV505651,TH-SHOE,Canvas Sneakers,1,2026-04-19 11:00,53.04,20637,United Kingdom
INV505866,TH-TSHIRT,Cotton Crew T-Shirt,1,2025-09-02 20:00,24.96,20660,United Kingdom
INV501869,TH-SHIRT,Oxford Shirt,1,2025-12-22 12:00,34.1,20208,United Kingdom
INV505055,TH-TSHIRT,Cotton Crew T-Shirt,2,2025-12-09 20:00,13.15,20567,United Kingdom
INV504788,TH-JACK,Denim Jacket,2,2026-03-03 10:00,68.55,20538,United Kingdom
INV503188,TH-TSHIRT,Cotton Crew T-Shirt,1,2026-03-05 09:00,13.1,20352,United Kingdom
INV501092,TH-HOOD,Fleece Hoodie,1,2026-03-22 18:00,49.85,20119,United Kingdom
INV505610,TH-CAP,Logo Cap,1,2025-06-25 11:00,27.62,20633,United Kingdom
INV504115,TH-JACK,Denim Jacket,2,2025-11-08 14:00,119.6,20462,United Kingdom
INV503667,TH-CAP,Logo Cap,2,2025-10-09 20:00,26.08,20407,United Kingdom
INV501625,TH-DRESS,Summer Dress,2,2025-11-08 13:00,72.93,20180,United Kingdom
INV500629,TH-TSHIRT,Cotton Crew T-Shirt,3,2025-06-05 15:00,25.43,20070,United Kingdom
INV503957,TH-JEAN,Slim Fit Jeans,3,2025-11-02 14:00,107.22,20443,United Kingdom
INV505166,TH-CAP,Logo Cap,2,2025-07-19 19:00,16.97,20579,United Kingdom
INV500263,TH-TSHIRT,Cotton Crew T-Shirt,2,2026-05-08 18:00,22.01,20031,United Kingdom
INV500904,TH-CAP,Logo Cap,2,2025-09-11 17:00,30.96,20100,United Kingdom
INV502174,TH-TSHIRT,Cotton Crew T-Shirt,2,2025-07-28 15:00,16.29,20240,United Kingdom
INV500220,TH-SHIRT,Oxford Shirt,1,2025-10-31 11:00,40.67,20027,United Kingdom
INV501629,TH-SHIRT,Oxford Shirt,3,2025-12-27 20:00,42.88,20180,United Kingdom
INV506245,TH-TSHIRT,Cotton Crew T-Shirt,2,2025-07-18 17:00,16.05,20697,United Kingdom
INV500551,TH-JEAN,Slim Fit Jeans,1,2025-12-30 09:00,49.3,20062,United Kingdom
INV503045,TH-DRESS,Summer Dress,1,2025-09-26 13:00,94.06,20337,United Kingdom
INV506212,TH-HOOD,Fleece Hoodie,1,2026-01-30 08:00,52.5,20693,United Kingdom
INV502936,TH-HOOD,Fleece Hoodie,2,2026-01-05 08:00,43.78,20326,United Kingdom
INV503403,TH-CAP,Logo Cap,3,2026-03-12 12:00,22.36,20377,United Kingdom
INV501297,TH-CAP,Logo Cap,2,2026-01-02 15:00,26.19,20144,United Kingdom
INV504162,TH-DRESS,Summer Dress,2,2026-03-14 08:00,65.71,20468,United Kingdom
INV505892,TH-HOOD,Fleece Hoodie,2,2025-08-28 16:00,29.47,20663,United Kingdom
INV500906,TH-TSHIRT,Cotton Crew T-Shirt,3,2025-10-12 14:00,26.21,20100,United Kingdom
INV503084,TH-HOOD,Fleece Hoodie,3,2026-02-23 19:00,58.24,20340,United Kingdom
INV503072,TH-SHIRT,Oxford Shirt,2,2026-03-12 11:00,50.81,20338,United Kingdom
INV505697,TH-JEAN,Slim Fit Jeans,2,2026-07-10 16:00,61.98,20642,United Kingdom
INV504845,TH-TSHIRT,Cotton Crew T-Shirt,2,2025-08-18 18:00,21.98,20543,United Kingdom
INV504108,TH-SHOE,Canvas Sneakers,1,2026-01-03 09:00,83.91,20462,United Kingdom
INV504719,TH-TSHIRT,Cotton Crew T-Shirt,2,2026-03-27 11:00,10.37,20531,United Kingdom
INV503329,TH-JEAN,Slim Fit Jeans,1,2026-03-31 14:00,48.46,20368,United Kingdom
INV501915,TH-JACK,Denim Jacket,2,2026-01-15 08:00,83.01,20213,United Kingdom
INV502008,TH-HOOD,Fleece Hoodie,2,2026-06-10 08:00,57.69,20223,United Kingdom
INV503129,TH-TSHIRT,Cotton Crew T-Shirt,3,2025-05-29 18:00,21.57,20344,United Kingdom
INV504427,TH-JACK,Denim Jacket,1,2025-08-26 13:00,107.49,20496,United Kingdom
INV500074,TH-SHOE,Canvas Sneakers,2,2025-12-07 15:00,27.62,20010,United Kingdom
INV500908,TH-SHIRT,Oxford Shirt,2,2026-02-06 13:00,62.15,20100,United Kingdom
INV503362,TH-DRESS,Summer Dress,3,2025-06-03 15:00,83.96,20372,United Kingdom
INV500833,TH-JACK,Denim Jacket,3,2025-06-02 09:00,103.46,20092,United Kingdom
INV506007,TH-JACK,Denim Jacket,2,2025-07-03 18:00,79.95,20674,United Kingdom
INV503901,TH-HOOD,Fleece Hoodie,1,2026-04-17 20:00,58.63,20438,United Kingdom
INV503451,TH-JACK,Denim Jacket,2,2026-04-01 18:00,82.03,20381,United Kingdom
INV503534,TH-HOOD,Fleece Hoodie,2,2025-09-27 18:00,33.18,20390,United Kingdom
INV503749,TH-CAP,Logo Cap,1,2025-11-07 16:00,25.93,20419,United Kingdom
INV504648,TH-JEAN,Slim Fit Jeans,2,2025-12-10 14:00,82.59,20522,United Kingdom
INV501315,TH-TSHIRT,Cotton Crew T-Shirt,2,2025-08-26 14:00,19.64,20147,United Kingdom
INV505482,TH-CAP,Logo Cap,3,2025-09-16 09:00,22.42,20616,United Kingdom
INV505004,TH-JACK,Denim Jacket,3,2025-11-22 13:00,105.34,20561,United Kingdom
INV504350,TH-TSHIRT,Cotton Crew T-Shirt,3,2026-02-27 17:00,26.95,20489,United Kingdom
INV506148,TH-JEAN,Slim Fit Jeans,1,2026-06-17 09:00,44.98,20687,United Kingdom
INV503564,TH-JEAN,Slim Fit Jeans,2,2025-11-17 15:00,78.25,20394,United Kingdom
INV504203,TH-SHIRT,Oxford Shirt,1,2025-12-03 10:00,49.67,20474,United Kingdom
INV500539,TH-SHIRT,Oxford Shirt,2,2026-05-19 13:00,61.25,20061,United Kingdom
INV502656,TH-JEAN,Slim Fit Jeans,2,2026-01-09 08:00,57.25,20292,United Kingdom
INV505387,TH-JEAN,Slim Fit Jeans,1,2026-02-23 12:00,57.62,20607,United Kingdom
INV500117,TH-HOOD,Fleece Hoodie,2,2025-07-30 14:00,41.94,20015,United Kingdom
INV503634,TH-TSHIRT,Cotton Crew T-Shirt,2,2025-06-04 13:00,10.92,20403,United Kingdom
INV505930,TH-JEAN,Slim Fit Jeans,2,2025-08-07 08:00,45.07,20667,United Kingdom
INV504743,TH-JACK,Denim Jacket,1,2026-02-09 20:00,80.75,20533,United Kingdom
INV505333,TH-JACK,Denim Jacket,1,2026-05-21 19:00,86.65,20600,United Kingdom
INV500013,TH-JEAN,Slim Fit Jeans,1,2026-07-04 14:00,60.6,20002,United Kingdom
INV502221,TH-JEAN,Slim Fit Jeans,2,2026-06-08 16:00,56.21,20246,United Kingdom
INV501603,TH-SHOE,Canvas Sneakers,1,2026-03-03 18:00,63.62,20177,United Kingdom
INV501228,TH-JACK,Denim Jacket,1,2025-11-15 19:00,85.73,20138,United Kingdom
INV500407,TH-SHIRT,Oxford Shirt,1,2025-08-23 08:00,26.29,20049,United Kingdom
INV503832,TH-DRESS,Summer Dress,2,2025-11-15 16:00,64.67,20430,United Kingdom
INV505932,TH-DRESS,Summer Dress,2,2025-08-23 19:00,48.24,20667,United Kingdom
INV501653,TH-SHIRT,Oxford Shirt,2,2026-02-10 17:00,37.78,20184,United Kingdom
INV502193,TH-TSHIRT,Cotton Crew T-Shirt,2,2026-05-08 18:00,23.69,20243,United Kingdom
INV504693,TH-JACK,Denim Jacket,2,2026-05-22 13:00,63.82,20528,United Kingdom
INV502623,TH-JACK,Denim Jacket,3,2025-07-31 18:00,107.53,20289,United Kingdom
INV505263,TH-DRESS,Summer Dress,2,2026-01-08 15:00,43.12,20589,United Kingdom
INV501351,TH-CAP,Logo Cap,2,2026-07-14 18:00,31.4,20150,United Kingdom
INV502672,TH-DRESS,Summer Dress,2,2026-03-08 16:00,100.97,20294,United Kingdom
INV502666,TH-CAP,Logo Cap,2,2026-06-24 08:00,17.24,20293,United Kingdom
INV500648,TH-TSHIRT,Cotton Crew T-Shirt,2,2025-09-15 19:00,14.75,20072,United Kingdom
INV505376,TH-TSHIRT,Cotton Crew T-Shirt,1,2026-04-22 16:00,20.63,20605,United Kingdom
INV504559,TH-CAP,Logo Cap,1,2025-12-04 14:00,18.43,20511,United Kingdom
INV504363,TH-SHIRT,Oxford Shirt,3,2026-05-17 14:00,58.72,20489,United Kingdom
INV500901,TH-JEAN,Slim Fit Jeans,3,2025-12-14 20:00,92.21,20100,United Kingdom
INV500827,TH-JEAN,Slim Fit Jeans,3,2025-06-04 14:00,78.63,20092,United Kingdom
INV501030,TH-CAP,Logo Cap,3,2025-09-13 19:00,25.73,20112,United Kingdom
INV500444,TH-HOOD,Fleece Hoodie,3,2025-06-10 18:00,77.76,20052,United Kingdom
INV506089,TH-HOOD,Fleece Hoodie,3,2026-04-27 11:00,71.38,20682,United Kingdom
INV500193,TH-SHIRT,Oxford Shirt,2,2025-12-04 16:00,27.41,20023,United Kingdom
INV502952,TH-JACK,Denim Jacket,2,2025-06-18 19:00,111.09,20328,United Kingdom
INV502649,TH-SHIRT,Oxford Shirt,2,2026-02-01 20:00,40.71,20292,United Kingdom
INV501195,TH-JEAN,Slim Fit Jeans,1,2026-02-25 14:00,51.03,20133,United Kingdom
INV505182,TH-TSHIRT,Cotton Crew T-Shirt,3,2025-07-20 17:00,27.85,20581,United Kingdom
INV501401,TH-DRESS,Summer Dress,2,2026-04-15 10:00,65.8,20156,United Kingdom
INV504725,TH-CAP,Logo Cap,3,2026-06-22 09:00,26.95,20532,United Kingdom
INV500233,TH-TSHIRT,Cotton Crew T-Shirt,3,2025-07-08 10:00,23.8,20029,United Kingdom
INV504682,TH-HOOD,Fleece Hoodie,2,2025-09-04 08:00,28.55,20526,United Kingdom
INV500114,TH-HOOD,Fleece Hoodie,1,2026-04-15 16:00,40.46,20015,United Kingdom
INV505846,TH-SHIRT,Oxford Shirt,2,2025-12-14 19:00,56.87,20658,United Kingdom
INV506265,TH-JEAN,Slim Fit Jeans,2,2026-04-04 18:00,60.95,20700,United Kingdom
INV502836,TH-JACK,Denim Jacket,1,2026-01-11 09:00,105.88,20313,United Kingdom
INV504350,TH-DRESS,Summer Dress,2,2026-02-27 17:00,94.36,20489,United Kingdom
INV501747,TH-CAP,Logo Cap,1,2026-06-06 13:00,19.62,20195,United Kingdom
INV500916,TH-DRESS,Summer Dress,1,2026-02-10 13:00,80.52,20101,United Kingdom
INV504378,TH-DRESS,Summer Dress,3,2026-03-13 15:00,102.74,20491,United Kingdom
INV504784,TH-CAP,Logo Cap,3,2026-03-03 15:00,25.14,20537,United Kingdom
INV503587,TH-CAP,Logo Cap,3,2025-10-06 13:00,24.57,20396,United Kingdom
INV503798,TH-SHIRT,Oxford Shirt,2,2025-06-10 08:00,33.76,20426,United Kingdom
INV505935,TH-TSHIRT,Cotton Crew T-Shirt,3,2025-09-19 09:00,23.09,20668,United Kingdom
INV501795,TH-SHOE,Canvas Sneakers,1,2026-03-03 16:00,66.96,20199,United Kingdom
INV504313,TH-JEAN,Slim Fit Jeans,2,2026-02-24 19:00,73.29,20485,United Kingdom
INV505759,TH-TSHIRT,Cotton Crew T-Shirt,2,2025-06-17 09:00,18.66,20649,United Kingdom
INV504454,TH-HOOD,Fleece Hoodie,2,2026-04-03 19:00,42.66,20500,United Kingdom
INV502253,TH-JACK,Denim Jacket,2,2026-02-18 08:00,76.57,20249,United Kingdom
INV500229,TH-DRESS,Summer Dress,1,2026-03-23 13:00,59.68,20028,United Kingdom
INV501187,TH-DRESS,Summer Dress,1,2025-09-26 16:00,38.71,20132,United Kingdom
INV505274,TH-DRESS,Summer Dress,2,2025-12-24 16:00,46.27,20592,United Kingdom
INV500137,TH-CAP,Logo Cap,3,2025-06-04 12:00,20.85,20017,United Kingdom
INV506006,TH-HOOD,Fleece Hoodie,2,2026-03-24 10:00,47.1,20674,United Kingdom
INV502837,TH-TSHIRT,Cotton Crew T-Shirt,2,2025-07-01 16:00,24.27,20313,United Kingdom
INV500725,TH-JACK,Denim Jacket,2,2025-08-06 09:00,96.81,20081,United Kingdom
INV504353,TH-JACK,Denim Jacket,3,2025-05-25 08:00,120.4,20489,United Kingdom
INV506122,TH-DRESS,Summer Dress,2,2026-01-20 14:00,87.52,20685,United Kingdom
INV500496,TH-HOOD,Fleece Hoodie,1,2026-02-06 08:00,48.02,20057,United Kingdom
INV501016,TH-DRESS,Summer Dress,3,2026-04-29 13:00,98.29,20111,United Kingdom
INV506126,TH-TSHIRT,Cotton Crew T-Shirt,1,2026-04-25 12:00,24.51,20685,United Kingdom
INV500498,TH-SHIRT,Oxford Shirt,2,2025-08-26 18:00,40.5,20057,United Kingdom
INV504120,TH-HOOD,Fleece Hoodie,2,2025-09-18 17:00,67.73,20462,United Kingdom
INV501349,TH-CAP,Logo Cap,1,2026-06-01 15:00,26.87,20150,United Kingdom
INV500228,TH-JEAN,Slim Fit Jeans,1,2025-08-18 20:00,45.22,20028,United Kingdom
INV503325,TH-JACK,Denim Jacket,2,2025-06-13 10:00,95.71,20367,United Kingdom
INV505807,TH-SHOE,Canvas Sneakers,2,2025-11-23 20:00,42.88,20654,United Kingdom
INV502584,TH-JACK,Denim Jacket,2,2025-07-04 08:00,89.22,20285,United Kingdom
INV501252,TH-HOOD,Fleece Hoodie,1,2026-04-11 19:00,58.8,20141,United Kingdom
INV504835,TH-HOOD,Fleece Hoodie,3,2026-05-19 15:00,56.17,20542,United Kingdom
INV501816,TH-DRESS,Summer Dress,2,2026-02-18 17:00,82.53,20202,United Kingdom
INV502585,TH-TSHIRT,Cotton Crew T-Shirt,3,2025-05-30 14:00,20.51,20285,United Kingdom
INV503349,TH-SHOE,Canvas Sneakers,1,2026-05-10 17:00,47.51,20370,United Kingdom
INV505064,TH-CAP,Logo Cap,3,2025-10-04 19:00,26.92,20568,United Kingdom
INV500585,TH-CAP,Logo Cap,3,2025-07-30 16:00,24.08,20066,United Kingdom
INV501469,TH-HOOD,Fleece Hoodie,2,2026-04-28 12:00,43.15,20164,United Kingdom
INV505131,TH-SHOE,Canvas Sneakers,3,2026-03-31 20:00,64.0,20574,United Kingdom
INV500762,TH-HOOD,Fleece Hoodie,1,2025-07-14 11:00,68.12,20083,United Kingdom
INV501716,TH-CAP,Logo Cap,3,2026-02-12 10:00,25.92,20192,United Kingdom
INV502428,TH-DRESS,Summer Dress,2,2025-11-24 19:00,50.37,20266,United Kingdom
INV502049,TH-SHOE,Canvas Sneakers,2,2026-05-17 20:00,44.62,20227,United Kingdom
INV503044,TH-DRESS,Summer Dress,2,2026-02-27 12:00,92.93,20337,United Kingdom
INV500445,TH-SHOE,Canvas Sneakers,3,2026-05-19 17:00,97.25,20052,United Kingdom
INV504603,TH-SHIRT,Oxford Shirt,2,2025-12-27 15:00,34.38,20517,United Kingdom
INV502649,TH-SHIRT,Oxford Shirt,2,2026-02-01 20:00,41.44,20292,United Kingdom
INV502966,TH-HOOD,Fleece Hoodie,1,2025-10-05 18:00,50.45,20330,United Kingdom
INV502553,TH-SHOE,Canvas Sneakers,1,2025-11-12 11:00,55.59,20281,United Kingdom
INV502453,TH-SHIRT,Oxford Shirt,3,2025-10-17 08:00,56.29,20271,United Kingdom
INV503757,TH-SHIRT,Oxford Shirt,2,2026-07-03 16:00,41.14,20420,United Kingdom
INV503434,TH-SHOE,Canvas Sneakers,1,2025-12-11 15:00,79.83,20380,United Kingdom
INV501965,TH-TSHIRT,Cotton Crew T-Shirt,1,2026-07-08 18:00,25.69,20219,United Kingdom
INV505357,TH-HOOD,Fleece Hoodie,1,2026-04-25 10:00,47.39,20603,United Kingdom
INV502470,TH-HOOD,Fleece Hoodie,2,2025-08-18 17:00,42.61,20272,United Kingdom
INV504150,TH-JEAN,Slim Fit Jeans,1,2026-05-04 15:00,66.12,20465,United Kingdom
INV501562,TH-SHOE,Canvas Sneakers,3,2025-08-16 18:00,73.39,20173,United Kingdom
INV503805,TH-SHIRT,Oxford Shirt,1,2025-06-02 13:00,34.5,20428,United Kingdom
INV503371,TH-HOOD,Fleece Hoodie,1,2026-02-01 17:00,55.81,20372,United Kingdom
INV505741,TH-HOOD,Fleece Hoodie,2,2026-04-08 08:00,68.74,20647,United Kingdom
INV503772,TH-SHOE,Canvas Sneakers,2,2025-07-06 13:00,39.15,20422,United Kingdom
INV504265,TH-TSHIRT,Cotton Crew T-Shirt,2,2025-09-06 12:00,21.05,20480,United Kingdom
INV504459,TH-DRESS,Summer Dress,1,2025-07-15 18:00,68.03,20500,United Kingdom
INV506090,TH-SHIRT,Oxford Shirt,3,2026-01-29 20:00,59.65,20682,United Kingdom
INV502471,TH-CAP,Logo Cap,1,2025-07-01 20:00,19.91,20272,United Kingdom
INV502479,TH-JACK,Denim Jacket,1,2026-05-26 09:00,64.55,20273,United Kingdom
INV505275,TH-SHIRT,Oxford Shirt,1,2026-02-14 19:00,27.41,20592,United Kingdom
INV505291,TH-HOOD,Fleece Hoodie,1,2026-05-29 16:00,40.64,20595,United Kingdom
INV506077,TH-TSHIRT,Cotton Crew T-Shirt,2,2025-09-22 14:00,23.68,20682,United Kingdom
INV502893,TH-JEAN,Slim Fit Jeans,2,2026-02-28 12:00,46.06,20320,United Kingdom
INV505676,TH-HOOD,Fleece Hoodie,2,2025-10-31 09:00,53.98,20640,United Kingdom
INV504077,TH-SHOE,Canvas Sneakers,1,2025-08-16 12:00,51.92,20456,United Kingdom
INV504931,TH-HOOD,Fleece Hoodie,1,2025-12-24 20:00,50.32,20552,United Kingdom
INV505339,TH-JEAN,Slim Fit Jeans,2,2026-03-19 18:00,51.26,20601,United Kingdom
INV501023,TH-HOOD,Fleece Hoodie,1,2026-01-08 17:00,68.39,20111,United Kingdom
INV505013,TH-HOOD,Fleece Hoodie,2,2026-04-27 17:00,34.75,20562,United Kingdom
INV500845,TH-JEAN,Slim Fit Jeans,1,2026-05-16 11:00,93.67,20093,United Kingdom
INV500274,TH-SHIRT,Oxford Shirt,1,2026-02-18 08:00,37.78,20033,United Kingdom
INV502891,TH-SHIRT,Oxford Shirt,2,2025-08-21 19:00,19.58,20319,United Kingdom
INV500684,TH-SHIRT,Oxford Shirt,1,2026-06-07 19:00,38.87,20077,United Kingdom
INV502333,TH-DRESS,Summer Dress,1,2026-01-21 20:00,74.77,20257,United Kingdom
INV506018,TH-JEAN,Slim Fit Jeans,2,2025-07-05 19:00,87.69,20675,United Kingdom
INV505098,TH-SHOE,Canvas Sneakers,2,2025-11-13 14:00,29.37,20571,United Kingdom
INV502544,TH-JACK,Denim Jacket,1,2025-06-17 18:00,49.88,20280,United Kingdom
INV501689,TH-JEAN,Slim Fit Jeans,2,2025-09-27 15:00,45.4,20188,United Kingdom
INV504638,TH-JACK,Denim Jacket,1,2025-12-05 14:00,91.78,20521,United Kingdom
INV501562,TH-JEAN,Slim Fit Jeans,3,2025-08-16 18:00,71.75,20173,United Kingdom
INV500863,TH-SHOE,Canvas Sneakers,2,2026-07-04 19:00,67.12,20095,United Kingdom
INV503448,TH-JEAN,Slim Fit Jeans,1,2026-02-20 13:00,56.78,20381,United Kingdom
INV505359,TH-JACK,Denim Jacket,3,2026-04-20 13:00,87.89,20603,United Kingdom
INV501368,TH-JEAN,Slim Fit Jeans,2,2025-06-16 18:00,53.27,20152,United Kingdom
INV501392,TH-CAP,Logo Cap,2,2025-10-12 14:00,14.76,20155,United Kingdom
INV503198,TH-TSHIRT,Cotton Crew T-Shirt,3,2026-01-09 11:00,20.9,20353,United Kingdom
INV504264,TH-CAP,Logo Cap,3,2025-07-07 10:00,22.85,20480,United Kingdom
INV505521,TH-JEAN,Slim Fit Jeans,2,2025-09-22 15:00,70.74,20620,United Kingdom
INV504934,TH-JEAN,Slim Fit Jeans,1,2025-06-15 20:00,65.89,20552,United Kingdom
INV505046,TH-SHIRT,Oxford Shirt,1,2025-06-29 09:00,41.47,20566,United Kingdom
INV505072,TH-DRESS,Summer Dress,1,2025-11-26 19:00,60.45,20569,United Kingdom
INV503785,TH-JACK,Denim Jacket,2,2026-03-05 15:00,55.09,20424,United Kingdom
INV505023,TH-TSHIRT,Cotton Crew T-Shirt,2,2025-12-01 20:00,25.97,20564,United Kingdom
INV501786,TH-HOOD,Fleece Hoodie,1,2026-01-10 13:00,54.4,20199,United Kingdom
INV503153,TH-TSHIRT,Cotton Crew T-Shirt,1,2025-08-23 13:00,15.73,20347,United Kingdom
INV504340,TH-CAP,Logo Cap,1,2025-07-23 19:00,17.74,20488,United Kingdom
INV502779,TH-HOOD,Fleece Hoodie,2,2026-03-15 20:00,40.13,20307,United Kingdom
INV503547,TH-JACK,Denim Jacket,2,2025-10-19 13:00,87.23,20392,United Kingdom
INV505207,TH-CAP,Logo Cap,2,2026-02-01 15:00,20.11,20583,United Kingdom
INV504559,TH-CAP,Logo Cap,2,2025-12-04 14:00,15.23,20511,United Kingdom
INV505733,TH-SHOE,Canvas Sneakers,3,2025-10-31 17:00,59.24,20646,United Kingdom
INV502452,TH-SHOE,Canvas Sneakers,3,2025-10-03 14:00,81.72,20271,United Kingdom
INV502708,TH-JEAN,Slim Fit Jeans,2,2026-01-18 20:00,67.67,20298,United Kingdom
INV505801,TH-CAP,Logo Cap,2,2025-09-25 20:00,11.17,20653,United Kingdom
INV505991,TH-DRESS,Summer Dress,1,2025-07-11 19:00,81.89,20673,United Kingdom
INV506170,TH-JEAN,Slim Fit Jeans,1,2025-11-09 12:00,71.41,20689,United Kingdom
INV504533,TH-SHIRT,Oxford Shirt,1,2026-07-05 17:00,28.89,20507,United Kingdom
INV501307,TH-JEAN,Slim Fit Jeans,2,2025-10-08 14:00,36.48,20146,United Kingdom
INV501233,TH-JACK,Denim Jacket,1,2025-09-06 11:00,80.71,20139,United Kingdom
INV501476,TH-DRESS,Summer Dress,2,2025-11-07 09:00,62.49,20165,United Kingdom
INV504322,TH-JEAN,Slim Fit Jeans,1,2025-11-04 10:00,68.34,20486,United Kingdom
INV504572,TH-JACK,Denim Jacket,3,2025-07-18 14:00,111.93,20512,United Kingdom
INV505328,TH-HOOD,Fleece Hoodie,1,2025-09-21 12:00,40.3,20599,United Kingdom
INV504419,TH-CAP,Logo Cap,3,2025-11-13 10:00,28.2,20496,United Kingdom
INV505295,TH-JEAN,Slim Fit Jeans,1,2025-08-02 12:00,54.24,20595,United Kingdom
INV504552,TH-JEAN,Slim Fit Jeans,2,2026-01-07 17:00,38.61,20510,United Kingdom
INV504472,TH-SHOE,Canvas Sneakers,3,2025-07-09 17:00,80.59,20501,United Kingdom
INV501069,TH-DRESS,Summer Dress,2,2025-08-17 13:00,84.81,20115,United Kingdom
INV505406,TH-JEAN,Slim Fit Jeans,2,2025-10-08 08:00,69.24,20609,United Kingdom
INV502435,TH-SHIRT,Oxford Shirt,2,2025-06-05 15:00,55.31,20268,United Kingdom
INV501824,TH-JEAN,Slim Fit Jeans,1,2026-04-22 15:00,85.93,20202,United Kingdom
INV505640,TH-HOOD,Fleece Hoodie,2,2025-11-27 13:00,40.31,20636,United Kingdom
INV502659,TH-JACK,Denim Jacket,2,2025-08-15 19:00,75.93,20292,United Kingdom
INV500037,TH-CAP,Logo Cap,1,2026-06-12 10:00,16.47,20005,United Kingdom
INV500515,TH-DRESS,Summer Dress,3,2026-05-25 08:00,92.24,20058,United Kingdom
INV505993,TH-JACK,Denim Jacket,3,2026-05-08 10:00,97.16,20673,United Kingdom
INV500022,TH-SHOE,Canvas Sneakers,2,2025-09-10 14:00,46.33,20004,United Kingdom
INV502719,TH-CAP,Logo Cap,2,2026-06-10 20:00,15.0,20299,United Kingdom
INV505523,TH-SHOE,Canvas Sneakers,1,2025-09-14 19:00,52.76,20621,United Kingdom
INV503009,TH-JEAN,Slim Fit Jeans,2,2025-11-30 17:00,82.4,20334,United Kingdom
INV505209,TH-JEAN,Slim Fit Jeans,2,2026-02-12 15:00,63.38,20583,United Kingdom
INV502012,TH-DRESS,Summer Dress,2,2026-05-08 18:00,96.25,20223,United Kingdom
INV504319,TH-SHOE,Canvas Sneakers,1,2026-05-30 09:00,62.54,20486,United Kingdom
INV505464,TH-DRESS,Summer Dress,1,2025-08-08 20:00,63.52,20615,United Kingdom
INV502242,TH-HOOD,Fleece Hoodie,2,2025-07-31 09:00,55.75,20247,United Kingdom
INV505798,TH-TSHIRT,Cotton Crew T-Shirt,1,2026-05-31 09:00,18.42,20652,United Kingdom
INV503668,TH-CAP,Logo Cap,3,2026-03-29 10:00,29.62,20407,United Kingdom
INV505127,TH-CAP,Logo Cap,2,2025-08-22 11:00,24.43,20574,United Kingdom
INV501484,TH-SHIRT,Oxford Shirt,2,2026-02-01 14:00,54.2,20166,United Kingdom
INV504946,TH-CAP,Logo Cap,1,2026-04-17 09:00,17.54,20553,United Kingdom
INV503168,TH-JEAN,Slim Fit Jeans,1,2025-05-16 13:00,79.29,20348,United Kingdom
INV503481,TH-JACK,Denim Jacket,2,2026-06-29 11:00,93.04,20384,United Kingdom
INV505664,TH-JACK,Denim Jacket,1,2025-10-10 11:00,82.07,20639,United Kingdom
INV504244,TH-SHOE,Canvas Sneakers,2,2026-03-15 08:00,59.67,20478,United Kingdom
INV503361,TH-JACK,Denim Jacket,1,2025-12-28 17:00,110.82,20372,United Kingdom
INV500601,TH-JACK,Denim Jacket,2,2025-12-06 13:00,80.13,20067,United Kingdom
INV504445,TH-TSHIRT,Cotton Crew T-Shirt,2,2025-11-14 12:00,20.14,20498,United Kingdom
INV500415,TH-JACK,Denim Jacket,1,2025-12-17 13:00,75.14,20050,United Kingdom
INV501908,TH-CAP,Logo Cap,1,2026-01-28 08:00,16.6,20212,United Kingdom
INV502207,TH-SHOE,Canvas Sneakers,3,2026-06-13 13:00,61.45,20245,United Kingdom
INV503330,TH-HOOD,Fleece Hoodie,2,2025-08-05 12:00,37.93,20368,United Kingdom
INV502067,TH-JACK,Denim Jacket,2,2026-05-01 11:00,78.3,20229,United Kingdom
INV504473,TH-DRESS,Summer Dress,1,2025-07-23 19:00,104.19,20501,United Kingdom
INV503616,TH-TSHIRT,Cotton Crew T-Shirt,1,2025-12-23 08:00,13.68,20400,United Kingdom
INV503553,TH-JACK,Denim Jacket,1,2025-07-19 11:00,69.32,20393,United Kingdom
INV500324,TH-DRESS,Summer Dress,1,2026-05-09 15:00,75.76,20037,United Kingdom
INV504355,TH-CAP,Logo Cap,3,2025-09-18 16:00,29.85,20489,United Kingdom
INV501713,TH-SHIRT,Oxford Shirt,3,2025-10-28 12:00,61.75,20192,United Kingdom
INV500450,TH-CAP,Logo Cap,2,2025-09-21 13:00,34.25,20052,United Kingdom
INV500740,TH-TSHIRT,Cotton Crew T-Shirt,2,2026-03-29 15:00,12.51,20082,United Kingdom
INV505298,TH-HOOD,Fleece Hoodie,2,2025-09-18 17:00,48.61,20596,United Kingdom
INV503927,TH-DRESS,Summer Dress,2,2025-08-28 17:00,63.78,20441,United Kingdom
INV505596,TH-JACK,Denim Jacket,1,2025-10-26 11:00,100.6,20631,United Kingdom
INV501028,TH-TSHIRT,Cotton Crew T-Shirt,2,2026-03-05 19:00,24.81,20112,United Kingdom
INV503628,TH-JEAN,Slim Fit Jeans,1,2026-02-20 10:00,53.25,20402,United Kingdom
INV504300,TH-TSHIRT,Cotton Crew T-Shirt,3,2025-12-05 15:00,21.98,20484,United Kingdom
INV506025,TH-JEAN,Slim Fit Jeans,1,2026-01-06 14:00,51.79,20676,United Kingdom
INV506111,TH-SHIRT,Oxford Shirt,1,2026-01-15 16:00,29.3,20684,United Kingdom
INV506022,TH-HOOD,Fleece Hoodie,3,2025-12-27 09:00,64.72,20675,United Kingdom
INV502303,TH-JEAN,Slim Fit Jeans,1,2025-12-27 12:00,57.33,20254,United Kingdom
INV501277,TH-JEAN,Slim Fit Jeans,3,2026-05-03 12:00,88.27,20143,United Kingdom
INV502691,TH-TSHIRT,Cotton Crew T-Shirt,1,2025-11-18 14:00,9.58,20296,United Kingdom
INV501779,TH-SHIRT,Oxford Shirt,1,2026-03-14 12:00,67.56,20198,United Kingdom
INV500934,TH-DRESS,Summer Dress,2,2026-04-23 12:00,84.01,20102,United Kingdom
INV502499,TH-CAP,Logo Cap,1,2025-08-31 15:00,17.4,20276,United Kingdom
INV500137,TH-TSHIRT,Cotton Crew T-Shirt,1,2025-06-04 12:00,19.98,20017,United Kingdom
INV506072,TH-TSHIRT,Cotton Crew T-Shirt,3,2025-07-30 12:00,23.17,20681,United Kingdom
INV501106,TH-SHOE,Canvas Sneakers,2,2025-05-11 10:00,34.38,20122,United Kingdom
INV504713,TH-DRESS,Summer Dress,2,2025-10-25 19:00,52.86,20530,United Kingdom
INV505455,TH-JACK,Denim Jacket,1,2025-07-30 12:00,93.47,20613,United Kingdom
INV504879,TH-SHIRT,Oxford Shirt,2,2025-06-08 18:00,41.77,20545,United Kingdom
INV503910,TH-JACK,Denim Jacket,2,2026-01-13 13:00,97.14,20440,United Kingdom
INV503389,TH-DRESS,Summer Dress,3,2025-08-13 11:00,77.38,20375,United Kingdom
INV504927,TH-CAP,Logo Cap,2,2025-07-25 13:00,13.37,20551,United Kingdom
INV503289,TH-DRESS,Summer Dress,1,2025-12-06 20:00,55.5,20364,United Kingdom
INV506151,TH-JACK,Denim Jacket,3,2025-07-06 18:00,101.3,20688,United Kingdom
INV503172,TH-SHOE,Canvas Sneakers,2,2026-02-26 10:00,57.82,20349,United Kingdom
INV505227,TH-JEAN,Slim Fit Jeans,2,2025-09-23 11:00,56.03,20585,United Kingdom
INV501271,TH-HOOD,Fleece Hoodie,1,2026-03-24 10:00,64.13,20143,United Kingdom
INV503683,TH-SHIRT,Oxford Shirt,2,2026-06-04 15:00,47.65,20409,United Kingdom
INV500984,TH-JACK,Denim Jacket,2,2025-12-15 17:00,77.28,20108,United Kingdom
INV502098,TH-SHOE,Canvas Sneakers,1,2025-08-05 19:00,59.56,20233,United Kingdom
INV505003,TH-JACK,Denim Jacket,3,2025-12-09 10:00,111.56,20561,United Kingdom
INV500243,TH-HOOD,Fleece Hoodie,1,2025-05-24 16:00,46.9,20030,United Kingdom
INV506000,TH-JACK,Denim Jacket,3,2025-12-27 19:00,103.56,20673,United Kingdom
INV501296,TH-SHIRT,Oxford Shirt,3,2026-03-17 14:00,59.43,20144,United Kingdom
INV500861,TH-JEAN,Slim Fit Jeans,1,2025-09-18 13:00,75.63,20095,United Kingdom
INV502745,TH-JEAN,Slim Fit Jeans,2,2025-11-15 18:00,46.53,20302,United Kingdom
INV502340,TH-TSHIRT,Cotton Crew T-Shirt,1,2026-05-16 16:00,18.75,20257,United Kingdom
INV504918,TH-TSHIRT,Cotton Crew T-Shirt,2,2025-12-01 17:00,17.48,20550,United Kingdom
INV501724,TH-SHIRT,Oxford Shirt,2,2026-07-03 08:00,41.28,20193,United Kingdom
INV504496,TH-HOOD,Fleece Hoodie,1,2026-05-12 14:00,70.86,20504,United Kingdom
INV502922,TH-JEAN,Slim Fit Jeans,1,2025-05-28 11:00,42.62,20325,United Kingdom
INV503685,TH-JACK,Denim Jacket,2,2026-06-20 13:00,82.45,20409,United Kingdom
INV500746,TH-SHIRT,Oxford Shirt,1,2026-04-18 08:00,58.0,20083,United Kingdom
INV502444,TH-CAP,Logo Cap,1,2026-04-12 11:00,13.75,20269,United Kingdom
INV501850,TH-JACK,Denim Jacket,2,2026-02-20 14:00,62.34,20205,United Kingdom
INV502820,TH-JACK,Denim Jacket,2,2025-08-12 18:00,76.02,20311,United Kingdom
INV501475,TH-JACK,Denim Jacket,1,2025-07-27 18:00,86.1,20165,United Kingdom
INV502275,TH-JEAN,Slim Fit Jeans,1,2025-10-11 16:00,89.42,20251,United Kingdom
INV502154,TH-TSHIRT,Cotton Crew T-Shirt,1,2025-11-19 10:00,12.01,20237,United Kingdom
INV502968,TH-CAP,Logo Cap,2,2026-05-24 15:00,19.43,20330,United Kingdom
INV504911,TH-SHOE,Canvas Sneakers,2,2025-06-05 10:00,29.41,20549,United Kingdom
INV503556,TH-HOOD,Fleece Hoodie,2,2025-10-09 17:00,34.44,20393,United Kingdom
INV500447,TH-DRESS,Summer Dress,3,2026-04-08 09:00,110.05,20052,United Kingdom
INV504843,TH-DRESS,Summer Dress,1,2025-10-05 09:00,95.42,20543,United Kingdom
INV500911,TH-JACK,Denim Jacket,1,2025-12-10 18:00,121.4,20100,United Kingdom
INV501932,TH-TSHIRT,Cotton Crew T-Shirt,3,2025-08-10 20:00,20.77,20214,United Kingdom
INV505932,TH-JACK,Denim Jacket,1,2025-08-23 19:00,68.37,20667,United Kingdom
INV505464,TH-CAP,Logo Cap,2,2025-08-08 20:00,17.82,20615,United Kingdom
INV501331,TH-DRESS,Summer Dress,3,2025-08-12 12:00,82.34,20148,United Kingdom
INV500093,TH-TSHIRT,Cotton Crew T-Shirt,2,2025-08-13 18:00,15.94,20012,United Kingdom
INV504243,TH-CAP,Logo Cap,1,2026-03-21 17:00,18.94,20478,United Kingdom
INV500517,TH-JACK,Denim Jacket,2,2025-10-04 15:00,46.35,20059,United Kingdom
INV501181,TH-CAP,Logo Cap,2,2025-08-22 19:00,24.72,20131,United Kingdom
INV501261,TH-HOOD,Fleece Hoodie,1,2026-02-13 11:00,65.97,20142,United Kingdom
INV504942,TH-SHOE,Canvas Sneakers,2,2025-12-13 11:00,54.97,20553,United Kingdom
INV504967,TH-DRESS,Summer Dress,1,2025-06-17 14:00,58.04,20556,United Kingdom
INV503216,TH-TSHIRT,Cotton Crew T-Shirt,1,2026-07-06 10:00,14.21,20355,United Kingdom
INV500803,TH-DRESS,Summer Dress,2,2025-05-19 16:00,55.97,20089,United Kingdom
INV503229,TH-TSHIRT,Cotton Crew T-Shirt,2,2026-04-02 09:00,9.48,20356,United Kingdom
INV505220,TH-CAP,Logo Cap,2,2026-05-14 15:00,19.56,20584,United Kingdom
INV502649,TH-SHIRT,Oxford Shirt,2,2026-02-01 20:00,37.91,20292,United Kingdom
INV500057,TH-DRESS,Summer Dress,1,2026-05-30 10:00,81.23,20006,United Kingdom
INV500419,TH-CAP,Logo Cap,2,2025-12-27 15:00,17.13,20050,United Kingdom
INV503163,TH-JEAN,Slim Fit Jeans,1,2026-03-16 11:00,89.27,20348,United Kingdom
INV502377,TH-CAP,Logo Cap,2,2025-06-02 08:00,19.24,20261,United Kingdom
INV500100,TH-SHIRT,Oxford Shirt,2,2025-07-04 15:00,35.3,20013,United Kingdom
INV505024,TH-SHOE,Canvas Sneakers,3,2025-11-26 17:00,73.7,20564,United Kingdom
INV504415,TH-HOOD,Fleece Hoodie,2,2025-08-02 08:00,25.36,20495,United Kingdom
INV504519,TH-SHOE,Canvas Sneakers,1,2025-05-13 16:00,71.59,20506,United Kingdom
INV504267,TH-CAP,Logo Cap,1,2026-06-19 10:00,19.91,20481,United Kingdom
INV503834,TH-JACK,Denim Jacket,3,2025-05-17 12:00,106.5,20431,United Kingdom
INV504873,TH-SHOE,Canvas Sneakers,1,2026-02-22 15:00,55.88,20545,United Kingdom
INV504773,TH-JACK,Denim Jacket,1,2026-07-13 18:00,109.7,20537,United Kingdom
INV505997,TH-JACK,Denim Jacket,3,2025-09-26 08:00,109.25,20673,United Kingdom
INV502023,TH-TSHIRT,Cotton Crew T-Shirt,3,2026-07-06 17:00,20.02,20225,United Kingdom
INV503167,TH-HOOD,Fleece Hoodie,2,2026-05-11 16:00,68.29,20348,United Kingdom
INV501199,TH-TSHIRT,Cotton Crew T-Shirt,2,2025-10-07 08:00,17.71,20133,United Kingdom
INV503017,TH-TSHIRT,Cotton Crew T-Shirt,1,2025-07-13 09:00,23.53,20335,United Kingdom
INV505707,TH-SHOE,Canvas Sneakers,3,2025-06-07 16:00,64.23,20644,United Kingdom
INV505352,TH-SHOE,Canvas Sneakers,3,2025-09-12 20:00,64.54,20602,United Kingdom
INV504522,TH-SHOE,Canvas Sneakers,1,2026-04-29 10:00,70.99,20506,United Kingdom
INV505385,TH-DRESS,Summer Dress,1,2025-11-07 17:00,54.34,20607,United Kingdom
INV503940,TH-DRESS,Summer Dress,3,2026-05-29 09:00,82.96,20442,United Kingdom
INV504772,TH-TSHIRT,Cotton Crew T-Shirt,1,2026-03-10 08:00,26.26,20537,United Kingdom
INV503825,TH-TSHIRT,Cotton Crew T-Shirt,1,2026-05-24 08:00,19.19,20430,United Kingdom
INV502109,TH-TSHIRT,Cotton Crew T-Shirt,3,2026-06-19 16:00,19.22,20233,United Kingdom
INV505016,TH-TSHIRT,Cotton Crew T-Shirt,2,2026-02-24 12:00,11.61,20563,United Kingdom
INV503933,TH-JACK,Denim Jacket,1,2025-09-10 10:00,75.94,20441,United Kingdom
INV500545,TH-SHIRT,Oxford Shirt,2,2026-05-05 20:00,33.99,20062,United Kingdom
INV505416,TH-JEAN,Slim Fit Jeans,1,2025-10-05 20:00,80.75,20610,United Kingdom
INV504752,TH-JEAN,Slim Fit Jeans,2,2025-09-03 12:00,31.38,20535,United Kingdom
INV504549,TH-TSHIRT,Cotton Crew T-Shirt,1,2025-09-23 09:00,21.93,20509,United Kingdom
INV503663,TH-HOOD,Fleece Hoodie,1,2026-01-14 19:00,70.22,20407,United Kingdom
INV500314,TH-CAP,Logo Cap,1,2025-05-12 08:00,21.21,20037,United Kingdom
INV503525,TH-JEAN,Slim Fit Jeans,1,2025-12-02 12:00,68.76,20388,United Kingdom
INV504809,TH-DRESS,Summer Dress,2,2025-05-18 15:00,101.59,20539,United Kingdom
INV502376,TH-CAP,Logo Cap,2,2025-06-30 13:00,20.99,20261,United Kingdom
INV506273,TH-SHIRT,Oxford Shirt,2,2025-07-11 14:00,42.0,20700,United Kingdom
INV505068,TH-HOOD,Fleece Hoodie,1,2025-09-24 08:00,69.17,20568,United Kingdom
INV504806,TH-CAP,Logo Cap,1,2026-06-05 20:00,26.17,20539,United Kingdom
INV505638,TH-JACK,Denim Jacket,2,2026-05-02 17:00,66.18,20636,United Kingdom
INV506062,TH-HOOD,Fleece Hoodie,1,2025-05-22 18:00,63.8,20681,United Kingdom
INV504950,TH-DRESS,Summer Dress,2,2025-08-26 13:00,58.19,20553,United Kingdom
INV504313,TH-SHIRT,Oxford Shirt,1,2026-02-24 19:00,46.41,20485,United Kingdom
INV503044,TH-HOOD,Fleece Hoodie,3,2026-02-27 12:00,66.59,20337,United Kingdom
INV505684,TH-SHIRT,Oxford Shirt,2,2025-06-13 13:00,52.49,20640,United Kingdom
INV501374,TH-SHIRT,Oxford Shirt,1,2026-01-16 13:00,40.71,20152,United Kingdom
INV500259,TH-SHOE,Canvas Sneakers,1,2025-10-24 15:00,61.7,20031,United Kingdom
INV502454,TH-SHOE,Canvas Sneakers,1,2026-06-19 13:00,77.33,20271,United Kingdom
INV501728,TH-JACK,Denim Jacket,2,2026-06-29 14:00,72.85,20193,United Kingdom
INV501424,TH-SHIRT,Oxford Shirt,3,2026-04-21 12:00,46.46,20159,United Kingdom
INV505024,TH-SHIRT,Oxford Shirt,1,2025-11-26 17:00,54.29,20564,United Kingdom
INV506016,TH-SHIRT,Oxford Shirt,3,2025-12-09 11:00,54.04,20675,United Kingdom
INV505519,TH-JEAN,Slim Fit Jeans,3,2025-11-16 09:00,74.09,20620,United Kingdom
INV503625,TH-SHIRT,Oxford Shirt,2,2026-01-31 09:00,39.36,20402,United Kingdom
INV502206,TH-DRESS,Summer Dress,2,2025-11-25 08:00,35.17,20244,United Kingdom
INV500239,TH-DRESS,Summer Dress,1,2025-05-16 09:00,75.13,20029,United Kingdom
INV501467,TH-JEAN,Slim Fit Jeans,2,2025-07-09 17:00,64.66,20163,United Kingdom
INV501644,TH-SHIRT,Oxford Shirt,2,2025-07-21 19:00,43.57,20182,United Kingdom
INV502528,TH-SHIRT,Oxford Shirt,1,2025-09-21 13:00,47.7,20279,United Kingdom
INV504161,TH-TSHIRT,Cotton Crew T-Shirt,2,2026-07-07 09:00,20.27,20468,United Kingdom
INV502107,TH-HOOD,Fleece Hoodie,3,2025-12-31 17:00,51.58,20233,United Kingdom
INV502668,TH-HOOD,Fleece Hoodie,3,2025-09-01 12:00,72.1,20294,United Kingdom
INV504633,TH-JEAN,Slim Fit Jeans,1,2025-05-25 09:00,63.35,20521,United Kingdom
INV504025,TH-DRESS,Summer Dress,1,2025-06-10 20:00,59.28,20449,United Kingdom
INV505359,TH-JEAN,Slim Fit Jeans,2,2026-04-20 13:00,62.18,20603,United Kingdom
INV501017,TH-CAP,Logo Cap,3,2025-06-27 11:00,30.47,20111,United Kingdom
INV501015,TH-TSHIRT,Cotton Crew T-Shirt,1,2026-04-23 20:00,28.3,20111,United Kingdom
INV501284,TH-JEAN,Slim Fit Jeans,3,2025-11-03 10:00,80.53,20143,United Kingdom
INV504935,TH-JACK,Denim Jacket,2,2025-09-01 09:00,77.7,20552,United Kingdom
INV502120,TH-CAP,Logo Cap,1,2026-04-06 19:00,24.97,20234,United Kingdom
INV500951,TH-TSHIRT,Cotton Crew T-Shirt,2,2026-01-27 15:00,24.03,20104,United Kingdom
INV506066,TH-JACK,Denim Jacket,1,2025-08-17 17:00,92.94,20681,United Kingdom
INV502672,TH-JEAN,Slim Fit Jeans,3,2026-03-08 16:00,81.15,20294,United Kingdom
INV501735,TH-TSHIRT,Cotton Crew T-Shirt,3,2026-05-04 12:00,24.93,20194,United Kingdom
INV500569,TH-CAP,Logo Cap,3,2026-05-21 12:00,24.36,20064,United Kingdom
INV505938,TH-JACK,Denim Jacket,3,2026-01-06 12:00,96.77,20668,United Kingdom
INV502242,TH-SHIRT,Oxford Shirt,2,2025-07-31 09:00,45.34,20247,United Kingdom
INV504782,TH-SHIRT,Oxford Shirt,3,2025-06-25 16:00,59.46,20537,United Kingdom
INV502150,TH-SHIRT,Oxford Shirt,3,2025-10-01 20:00,49.07,20236,United Kingdom
INV503489,TH-JEAN,Slim Fit Jeans,1,2026-04-11 13:00,61.2,20384,United Kingdom
INV504758,TH-DRESS,Summer Dress,2,2026-03-15 12:00,94.13,20536,United Kingdom
INV504688,TH-TSHIRT,Cotton Crew T-Shirt,1,2025-11-11 11:00,15.96,20527,United Kingdom
INV503674,TH-CAP,Logo Cap,1,2026-07-09 12:00,30.2,20407,United Kingdom
INV505495,TH-JACK,Denim Jacket,1,2026-04-06 20:00,100.34,20617,United Kingdom
INV505687,TH-TSHIRT,Cotton Crew T-Shirt,1,2026-03-25 09:00,9.16,20641,United Kingdom
INV501066,TH-TSHIRT,Cotton Crew T-Shirt,1,2026-03-08 15:00,21.05,20115,United Kingdom
INV502165,TH-CAP,Logo Cap,2,2025-07-15 20:00,14.49,20238,United Kingdom
INV503993,TH-JEAN,Slim Fit Jeans,2,2025-05-22 10:00,51.66,20446,United Kingdom
INV502014,TH-TSHIRT,Cotton Crew T-Shirt,2,2026-02-07 16:00,15.45,20224,United Kingdom
INV500457,TH-JACK,Denim Jacket,1,2026-07-14 10:00,80.45,20053,United Kingdom
INV500831,TH-HOOD,Fleece Hoodie,2,2026-02-05 09:00,65.73,20092,United Kingdom
INV504201,TH-SHIRT,Oxford Shirt,3,2026-03-08 16:00,51.3,20474,United Kingdom
INV502506,TH-SHOE,Canvas Sneakers,1,2025-12-14 08:00,48.54,20277,United Kingdom
INV501212,TH-DRESS,Summer Dress,2,2026-06-02 18:00,56.8,20136,United Kingdom
INV501708,TH-TSHIRT,Cotton Crew T-Shirt,3,2026-02-07 12:00,25.3,20192,United Kingdom
INV505472,TH-HOOD,Fleece Hoodie,2,2025-10-13 12:00,57.45,20616,United Kingdom
INV505607,TH-TSHIRT,Cotton Crew T-Shirt,2,2025-12-02 14:00,13.79,20632,United Kingdom
INV500172,TH-DRESS,Summer Dress,2,2025-12-11 11:00,81.01,20021,United Kingdom
INV505137,TH-HOOD,Fleece Hoodie,1,2025-08-10 10:00,60.04,20576,United Kingdom
INV501371,TH-JACK,Denim Jacket,2,2026-06-28 13:00,80.65,20152,United Kingdom
INV504234,TH-CAP,Logo Cap,1,2025-12-06 19:00,16.48,20477,United Kingdom
INV505497,TH-SHOE,Canvas Sneakers,2,2025-09-22 15:00,58.57,20617,United Kingdom
INV501316,TH-SHIRT,Oxford Shirt,2,2025-07-12 15:00,41.92,20147,United Kingdom
INV503713,TH-CAP,Logo Cap,1,2026-06-11 18:00,26.5,20414,United Kingdom
INV505310,TH-SHOE,Canvas Sneakers,2,2026-07-15 10:00,35.75,20597,United Kingdom
INV501774,TH-SHOE,Canvas Sneakers,1,2025-11-23 13:00,82.19,20198,United Kingdom
INV504827,TH-SHOE,Canvas Sneakers,3,2026-05-08 19:00,59.54,20541,United Kingdom
INV500212,TH-DRESS,Summer Dress,2,2026-02-27 10:00,50.49,20026,United Kingdom
INV505553,TH-TSHIRT,Cotton Crew T-Shirt,1,2026-01-09 20:00,23.67,20626,United Kingdom
INV502337,TH-CAP,Logo Cap,2,2025-10-22 17:00,20.22,20257,United Kingdom
INV504071,TH-CAP,Logo Cap,1,2026-02-11 10:00,17.62,20456,United Kingdom
INV502478,TH-DRESS,Summer Dress,1,2026-04-23 19:00,51.47,20273,United Kingdom
INV503087,TH-JACK,Denim Jacket,2,2026-01-26 15:00,116.09,20340,United Kingdom
INV501667,TH-SHIRT,Oxford Shirt,1,2026-01-01 15:00,32.69,20185,United Kingdom
INV504452,TH-JEAN,Slim Fit Jeans,2,2025-06-03 20:00,61.89,20500,United Kingdom
INV503056,TH-TSHIRT,Cotton Crew T-Shirt,1,2025-08-06 11:00,22.68,20337,United Kingdom
INV500592,TH-SHOE,Canvas Sneakers,1,2026-05-19 14:00,44.57,20067,United Kingdom
INV503029,TH-JEAN,Slim Fit Jeans,2,2025-07-02 15:00,77.97,20335,United Kingdom
INV501587,TH-HOOD,Fleece Hoodie,1,2025-12-17 19:00,41.15,20176,United Kingdom
INV502320,TH-SHOE,Canvas Sneakers,1,2026-02-16 12:00,53.86,20256,United Kingdom
INV502393,TH-DRESS,Summer Dress,3,2026-03-22 13:00,93.96,20263,United Kingdom
INV505089,TH-CAP,Logo Cap,3,2026-01-09 10:00,25.47,20570,United Kingdom
INV500413,TH-SHOE,Canvas Sneakers,1,2026-04-16 11:00,53.9,20050,United Kingdom
INV502469,TH-DRESS,Summer Dress,2,2026-07-06 19:00,62.71,20272,United Kingdom
INV501583,TH-DRESS,Summer Dress,1,2025-07-21 08:00,37.79,20175,United Kingdom
INV504263,TH-JACK,Denim Jacket,3,2025-08-20 17:00,93.16,20480,United Kingdom
INV503503,TH-SHOE,Canvas Sneakers,3,2026-05-27 09:00,57.41,20386,United Kingdom
INV505908,TH-JEAN,Slim Fit Jeans,3,2025-08-24 15:00,79.68,20665,United Kingdom
INV505252,TH-HOOD,Fleece Hoodie,2,2026-04-10 13:00,57.84,20588,United Kingdom
INV504971,TH-TSHIRT,Cotton Crew T-Shirt,2,2025-12-16 16:00,13.71,20557,United Kingdom
INV505162,TH-TSHIRT,Cotton Crew T-Shirt,2,2025-07-04 15:00,22.29,20578,United Kingdom
INV500283,TH-CAP,Logo Cap,1,2025-06-13 09:00,13.83,20034,United Kingdom
INV505606,TH-HOOD,Fleece Hoodie,1,2026-03-13 10:00,38.12,20632,United Kingdom
INV500953,TH-CAP,Logo Cap,1,2025-09-02 20:00,30.8,20104,United Kingdom
INV501937,TH-SHIRT,Oxford Shirt,2,2025-10-06 19:00,37.15,20215,United Kingdom
INV503243,TH-HOOD,Fleece Hoodie,3,2025-08-25 13:00,51.52,20358,United Kingdom
INV502878,TH-SHOE,Canvas Sneakers,3,2026-01-02 10:00,63.59,20318,United Kingdom
INV504240,TH-JACK,Denim Jacket,1,2025-11-04 17:00,96.41,20478,United Kingdom
INV501004,TH-JACK,Denim Jacket,2,2025-07-13 11:00,82.3,20110,United Kingdom
INV500659,TH-CAP,Logo Cap,1,2026-04-21 17:00,21.47,20073,United Kingdom
INV504857,TH-JACK,Denim Jacket,3,2025-11-04 08:00,103.18,20543,United Kingdom
INV503256,TH-JACK,Denim Jacket,1,2025-06-24 10:00,82.65,20360,United Kingdom
INV504884,TH-HOOD,Fleece Hoodie,2,2025-06-12 10:00,40.36,20546,United Kingdom
INV501295,TH-JACK,Denim Jacket,2,2025-08-28 18:00,102.33,20144,United Kingdom
INV505092,TH-TSHIRT,Cotton Crew T-Shirt,1,2026-06-23 20:00,21.12,20570,United Kingdom
INV504921,TH-CAP,Logo Cap,1,2026-01-19 09:00,19.37,20550,United Kingdom
INV504894,TH-HOOD,Fleece Hoodie,1,2026-05-08 17:00,49.84,20547,United Kingdom
INV505945,TH-JEAN,Slim Fit Jeans,2,2026-03-04 10:00,73.98,20668,United Kingdom
INV505690,TH-SHOE,Canvas Sneakers,1,2026-01-03 18:00,57.29,20642,United Kingdom
INV503433,TH-HOOD,Fleece Hoodie,2,2026-01-10 17:00,64.72,20380,United Kingdom
INV504923,TH-JACK,Denim Jacket,1,2026-06-05 11:00,56.26,20551,United Kingdom
INV500043,TH-HOOD,Fleece Hoodie,2,2025-09-25 08:00,54.79,20006,United Kingdom
INV503721,TH-TSHIRT,Cotton Crew T-Shirt,2,2026-04-14 16:00,23.07,20414,United Kingdom
INV501131,TH-SHOE,Canvas Sneakers,3,2026-05-15 11:00,71.7,20126,United Kingdom
INV500282,TH-CAP,Logo Cap,1,2025-05-14 12:00,13.69,20034,United Kingdom
INV501840,TH-JACK,Denim Jacket,2,2026-04-17 15:00,60.82,20204,United Kingdom
INV504804,TH-TSHIRT,Cotton Crew T-Shirt,1,2026-06-30 10:00,28.69,20539,United Kingdom
INV502535,TH-DRESS,Summer Dress,3,2026-03-13 13:00,85.73,20279,United Kingdom
INV501077,TH-TSHIRT,Cotton Crew T-Shirt,2,2026-01-04 17:00,10.52,20116,United Kingdom
INV506250,TH-JEAN,Slim Fit Jeans,2,2026-04-27 17:00,50.01,20698,United Kingdom
INV501014,TH-JACK,Denim Jacket,3,2025-12-19 13:00,140.4,20111,United Kingdom
INV501927,TH-JACK,Denim Jacket,2,2026-05-02 13:00,99.07,20214,United Kingdom
INV502298,TH-JACK,Denim Jacket,2,2026-02-01 20:00,100.44,20253,United Kingdom
INV502689,TH-JACK,Denim Jacket,1,2025-10-16 15:00,51.2,20296,United Kingdom
INV503965,TH-SHIRT,Oxford Shirt,2,2025-07-28 19:00,73.46,20443,United Kingdom
INV503730,TH-JEAN,Slim Fit Jeans,1,2026-01-05 08:00,41.32,20416,United Kingdom
INV500540,TH-JEAN,Slim Fit Jeans,1,2025-05-19 11:00,99.2,20061,United Kingdom
INV501499,TH-HOOD,Fleece Hoodie,1,2025-09-16 18:00,65.8,20166,United Kingdom
INV504525,TH-HOOD,Fleece Hoodie,1,2025-08-28 11:00,33.99,20507,United Kingdom
INV501158,TH-SHIRT,Oxford Shirt,1,2025-06-07 17:00,56.42,20129,United Kingdom
INV501396,TH-JEAN,Slim Fit Jeans,1,2026-06-10 15:00,54.12,20156,United Kingdom
INV500165,TH-SHOE,Canvas Sneakers,3,2025-05-28 13:00,69.2,20021,United Kingdom
INV504702,TH-SHOE,Canvas Sneakers,1,2025-05-12 13:00,58.46,20529,United Kingdom
INV501393,TH-TSHIRT,Cotton Crew T-Shirt,1,2025-06-07 15:00,14.17,20155,United Kingdom
INV506097,TH-JACK,Denim Jacket,2,2025-12-26 19:00,104.94,20683,United Kingdom
INV501429,TH-SHOE,Canvas Sneakers,1,2025-11-17 10:00,57.24,20159,United Kingdom
INV501386,TH-TSHIRT,Cotton Crew T-Shirt,1,2026-01-29 14:00,10.45,20154,United Kingdom
INV504933,TH-DRESS,Summer Dress,1,2025-12-24 17:00,68.04,20552,United Kingdom
INV503467,TH-SHIRT,Oxford Shirt,2,2025-09-11 08:00,57.83,20382,United Kingdom
INV506073,TH-CAP,Logo Cap,2,2025-10-25 15:00,21.85,20681,United Kingdom
INV501827,TH-DRESS,Summer Dress,3,2025-09-21 10:00,77.07,20203,United Kingdom
INV503068,TH-CAP,Logo Cap,2,2026-02-13 20:00,20.98,20338,United Kingdom
INV503746,TH-HOOD,Fleece Hoodie,1,2026-05-04 19:00,69.27,20419,United Kingdom
INV501811,TH-SHOE,Canvas Sneakers,2,2025-07-28 19:00,74.93,20202,United Kingdom
INV502000,TH-DRESS,Summer Dress,2,2026-05-25 08:00,87.84,20223,United Kingdom
INV503297,TH-TSHIRT,Cotton Crew T-Shirt,1,2026-06-19 09:00,17.25,20365,United Kingdom
INV505970,TH-JACK,Denim Jacket,1,2025-12-08 13:00,74.64,20671,United Kingdom
INV501103,TH-CAP,Logo Cap,2,2026-05-21 09:00,12.73,20121,United Kingdom
INV505324,TH-JEAN,Slim Fit Jeans,1,2025-05-14 17:00,51.91,20599,United Kingdom
INV500210,TH-CAP,Logo Cap,2,2025-10-03 19:00,13.66,20026,United Kingdom
INV506253,TH-TSHIRT,Cotton Crew T-Shirt,3,2025-05-11 09:00,19.34,20699,United Kingdom
INV505889,TH-DRESS,Summer Dress,1,2026-01-15 13:00,74.59,20662,United Kingdom
INV505363,TH-TSHIRT,Cotton Crew T-Shirt,2,2026-02-11 14:00,12.8,20604,United Kingdom
INV504651,TH-HOOD,Fleece Hoodie,3,2025-06-14 16:00,60.3,20522,United Kingdom
INV502522,TH-DRESS,Summer Dress,2,2025-12-10 16:00,65.2,20278,United Kingdom
INV503385,TH-SHOE,Canvas Sneakers,1,2025-06-11 18:00,72.64,20375,United Kingdom
INV500924,TH-HOOD,Fleece Hoodie,3,2025-09-08 12:00,63.42,20101,United Kingdom
INV503770,TH-JACK,Denim Jacket,1,2025-06-22 10:00,67.53,20422,United Kingdom
INV502316,TH-JACK,Denim Jacket,1,2026-04-02 09:00,66.83,20255,United Kingdom
INV505383,TH-JEAN,Slim Fit Jeans,2,2025-07-06 16:00,49.0,20606,United Kingdom
INV501533,TH-SHIRT,Oxford Shirt,1,2025-10-15 16:00,31.18,20170,United Kingdom
INV505961,TH-JEAN,Slim Fit Jeans,1,2025-06-08 17:00,65.97,20669,United Kingdom
INV503078,TH-CAP,Logo Cap,1,2026-06-22 10:00,13.65,20339,United Kingdom
INV501977,TH-JACK,Denim Jacket,2,2026-05-10 14:00,102.51,20219,United Kingdom
INV503974,TH-HOOD,Fleece Hoodie,1,2025-12-23 10:00,49.33,20444,United Kingdom
INV501062,TH-HOOD,Fleece Hoodie,1,2026-07-04 13:00,54.64,20115,United Kingdom
INV500269,TH-JACK,Denim Jacket,1,2025-05-31 17:00,65.97,20032,United Kingdom
INV503899,TH-JEAN,Slim Fit Jeans,2,2025-11-04 09:00,75.59,20438,United Kingdom
INV502939,TH-JACK,Denim Jacket,1,2026-06-25 13:00,46.54,20327,United Kingdom
INV500614,TH-JACK,Denim Jacket,3,2026-04-25 08:00,122.21,20069,United Kingdom
INV502510,TH-CAP,Logo Cap,1,2026-06-18 18:00,18.13,20277,United Kingdom
INV506135,TH-DRESS,Summer Dress,2,2025-08-08 10:00,66.44,20686,United Kingdom
INV506169,TH-SHIRT,Oxford Shirt,3,2026-03-19 09:00,48.97,20689,United Kingdom
INV501813,TH-HOOD,Fleece Hoodie,2,2025-06-23 16:00,63.65,20202,United Kingdom
INV503260,TH-TSHIRT,Cotton Crew T-Shirt,1,2025-12-19 18:00,27.93,20361,United Kingdom
INV503785,TH-TSHIRT,Cotton Crew T-Shirt,2,2026-03-05 15:00,11.43,20424,United Kingdom
INV501397,TH-JEAN,Slim Fit Jeans,2,2025-06-06 17:00,65.67,20156,United Kingdom
INV500289,TH-SHIRT,Oxford Shirt,1,2025-09-26 19:00,43.03,20035,United Kingdom
INV502175,TH-DRESS,Summer Dress,2,2026-06-08 13:00,56.61,20240,United Kingdom
INV502757,TH-CAP,Logo Cap,1,2025-05-23 10:00,17.45,20304,United Kingdom
INV501495,TH-JEAN,Slim Fit Jeans,1,2026-06-23 10:00,82.65,20166,United Kingdom
INV504946,TH-TSHIRT,Cotton Crew T-Shirt,2,2026-04-17 09:00,15.47,20553,United Kingdom
INV500240,TH-SHOE,Canvas Sneakers,1,2026-06-05 15:00,63.63,20029,United Kingdom
INV502494,TH-DRESS,Summer Dress,3,2025-06-16 19:00,85.06,20274,United Kingdom
INV501544,TH-SHIRT,Oxford Shirt,3,2026-05-11 16:00,67.39,20172,United Kingdom
INV504337,TH-TSHIRT,Cotton Crew T-Shirt,2,2025-09-19 20:00,15.05,20488,United Kingdom
INV501225,TH-JACK,Denim Jacket,1,2026-02-10 15:00,90.31,20138,United Kingdom
INV503696,TH-HOOD,Fleece Hoodie,1,2025-11-28 14:00,47.05,20411,United Kingdom
INV501409,TH-SHOE,Canvas Sneakers,1,2026-01-04 12:00,63.35,20157,United Kingdom
INV500292,TH-DRESS,Summer Dress,1,2026-05-12 14:00,73.59,20035,United Kingdom
INV501160,TH-JACK,Denim Jacket,2,2025-11-30 20:00,96.48,20129,United Kingdom
INV502368,TH-SHIRT,Oxford Shirt,2,2025-07-07 14:00,30.13,20260,United Kingdom
INV504277,TH-DRESS,Summer Dress,1,2026-04-11 17:00,76.28,20482,United Kingdom
INV500843,TH-HOOD,Fleece Hoodie,1,2025-05-31 08:00,74.37,20093,United Kingdom
INV504218,TH-JEAN,Slim Fit Jeans,2,2025-08-09 08:00,47.94,20475,United Kingdom
INV501973,TH-HOOD,Fleece Hoodie,3,2026-03-22 12:00,58.83,20219,United Kingdom
INV501159,TH-SHIRT,Oxford Shirt,1,2025-12-28 15:00,56.02,20129,United Kingdom
INV504202,TH-TSHIRT,Cotton Crew T-Shirt,3,2026-05-10 12:00,20.32,20474,United Kingdom
INV502734,TH-TSHIRT,Cotton Crew T-Shirt,2,2026-05-10 19:00,24.82,20301,United Kingdom
INV504453,TH-TSHIRT,Cotton Crew T-Shirt,1,2025-12-20 18:00,16.83,20500,United Kingdom
INV504034,TH-SHIRT,Oxford Shirt,3,2026-01-30 08:00,46.2,20450,United Kingdom
INV505762,TH-CAP,Logo Cap,1,2025-12-24 08:00,21.38,20649,United Kingdom
INV503313,TH-HOOD,Fleece Hoodie,1,2025-08-04 11:00,51.67,20366,United Kingdom
INV505880,TH-JEAN,Slim Fit Jeans,1,2025-09-15 15:00,38.82,20661,United Kingdom
INV500036,TH-JACK,Denim Jacket,2,2025-11-27 15:00,78.47,20005,United Kingdom
INV506050,TH-JACK,Denim Jacket,2,2025-06-29 10:00,63.67,20679,United Kingdom
INV502069,TH-JACK,Denim Jacket,2,2025-12-25 14:00,87.64,20229,United Kingdom
INV504867,TH-CAP,Logo Cap,2,2026-02-17 19:00,17.11,20544,United Kingdom
INV500577,TH-HOOD,Fleece Hoodie,2,2025-08-08 11:00,48.94,20065,United Kingdom
INV504662,TH-JACK,Denim Jacket,1,2026-06-10 13:00,87.2,20524,United Kingdom
INV500609,TH-TSHIRT,Cotton Crew T-Shirt,1,2025-05-28 15:00,26.47,20069,United Kingdom
INV503128,TH-JACK,Denim Jacket,2,2026-02-12 16:00,93.64,20344,United Kingdom
INV506118,TH-SHIRT,Oxford Shirt,3,2026-04-25 08:00,60.1,20685,United Kingdom
INV501797,TH-CAP,Logo Cap,3,2025-08-18 19:00,20.19,20199,United Kingdom
INV505914,TH-JEAN,Slim Fit Jeans,3,2025-09-22 09:00,74.83,20665,United Kingdom
INV501740,TH-JEAN,Slim Fit Jeans,3,2025-09-02 14:00,81.16,20194,United Kingdom
INV502126,TH-TSHIRT,Cotton Crew T-Shirt,3,2025-11-28 17:00,27.48,20234,United Kingdom
INV504486,TH-JEAN,Slim Fit Jeans,1,2026-06-02 19:00,63.63,20503,United Kingdom
INV503453,TH-SHIRT,Oxford Shirt,1,2026-07-01 11:00,44.21,20381,United Kingdom
INV501676,TH-HOOD,Fleece Hoodie,3,2025-06-24 14:00,61.36,20186,United Kingdom
INV501928,TH-JEAN,Slim Fit Jeans,2,2025-12-30 15:00,74.31,20214,United Kingdom
INV501481,TH-DRESS,Summer Dress,1,2026-06-22 17:00,60.76,20165,United Kingdom
INV502465,TH-JEAN,Slim Fit Jeans,3,2025-11-27 08:00,93.25,20271,United Kingdom
INV504740,TH-HOOD,Fleece Hoodie,2,2025-11-07 16:00,50.21,20533,United Kingdom
INV502613,TH-CAP,Logo Cap,3,2026-04-07 16:00,23.64,20289,United Kingdom
INV502259,TH-HOOD,Fleece Hoodie,2,2026-01-19 18:00,45.25,20250,United Kingdom
INV505563,TH-SHIRT,Oxford Shirt,1,2026-01-09 09:00,40.59,20627,United Kingdom
INV504446,TH-SHOE,Canvas Sneakers,2,2025-09-08 13:00,56.31,20498,United Kingdom
INV503237,TH-HOOD,Fleece Hoodie,1,2025-09-26 11:00,57.27,20358,United Kingdom
INV501495,TH-JACK,Denim Jacket,2,2026-06-23 10:00,122.77,20166,United Kingdom
INV502011,TH-HOOD,Fleece Hoodie,3,2025-12-04 16:00,63.05,20223,United Kingdom
INV504026,TH-CAP,Logo Cap,1,2025-09-19 10:00,17.3,20449,United Kingdom
INV504173,TH-HOOD,Fleece Hoodie,2,2026-01-27 19:00,64.69,20470,United Kingdom
INV505125,TH-SHIRT,Oxford Shirt,1,2026-06-23 19:00,46.73,20574,United Kingdom
INV505760,TH-JACK,Denim Jacket,1,2026-04-01 16:00,78.88,20649,United Kingdom
INV503092,TH-JEAN,Slim Fit Jeans,1,2025-05-12 12:00,80.91,20340,United Kingdom
INV501342,TH-TSHIRT,Cotton Crew T-Shirt,3,2026-02-06 09:00,24.17,20150,United Kingdom
INV500598,TH-TSHIRT,Cotton Crew T-Shirt,2,2026-03-27 19:00,15.94,20067,United Kingdom
INV500338,TH-CAP,Logo Cap,1,2026-05-18 15:00,10.79,20039,United Kingdom
INV504736,TH-SHOE,Canvas Sneakers,1,2025-08-23 09:00,61.51,20533,United Kingdom
INV501921,TH-JACK,Denim Jacket,1,2025-07-11 10:00,84.91,20213,United Kingdom
INV502176,TH-CAP,Logo Cap,1,2025-06-04 18:00,16.19,20240,United Kingdom
INV502814,TH-TSHIRT,Cotton Crew T-Shirt,1,2025-08-16 12:00,25.77,20310,United Kingdom
INV503812,TH-SHIRT,Oxford Shirt,1,2026-03-18 08:00,47.84,20429,United Kingdom
INV505666,TH-TSHIRT,Cotton Crew T-Shirt,2,2026-03-28 15:00,18.36,20639,United Kingdom
INV503678,TH-DRESS,Summer Dress,1,2026-01-28 11:00,78.81,20409,United Kingdom
INV505895,TH-HOOD,Fleece Hoodie,1,2026-06-30 15:00,35.66,20664,United Kingdom
INV503143,TH-TSHIRT,Cotton Crew T-Shirt,2,2025-09-16 17:00,17.83,20346,United Kingdom
INV501726,TH-TSHIRT,Cotton Crew T-Shirt,1,2026-06-22 10:00,17.72,20193,United Kingdom
INV504194,TH-DRESS,Summer Dress,1,2026-02-07 09:00,62.72,20473,United Kingdom
INV502282,TH-SHOE,Canvas Sneakers,2,2026-05-07 13:00,50.98,20252,United Kingdom
INV502341,TH-SHOE,Canvas Sneakers,1,2025-08-05 10:00,56.6,20257,United Kingdom
INV504163,TH-SHOE,Canvas Sneakers,1,2025-11-15 20:00,53.06,20468,United Kingdom
INV502290,TH-SHOE,Canvas Sneakers,3,2026-02-14 17:00,65.49,20253,United Kingdom
INV505773,TH-DRESS,Summer Dress,1,2025-08-02 10:00,68.44,20650,United Kingdom
INV501227,TH-JEAN,Slim Fit Jeans,2,2026-02-18 10:00,63.67,20138,United Kingdom
INV501095,TH-HOOD,Fleece Hoodie,2,2025-10-23 19:00,52.33,20119,United Kingdom
INV503738,TH-JEAN,Slim Fit Jeans,2,2025-12-29 16:00,40.48,20418,United Kingdom
INV506004,TH-JACK,Denim Jacket,2,2025-10-19 19:00,74.15,20674,United Kingdom
INV501672,TH-SHOE,Canvas Sneakers,1,2026-04-29 16:00,76.63,20186,United Kingdom
INV501695,TH-JACK,Denim Jacket,2,2025-07-24 13:00,41.6,20190,United Kingdom
INV500441,TH-TSHIRT,Cotton Crew T-Shirt,1,2026-01-25 20:00,27.64,20052,United Kingdom
INV505947,TH-DRESS,Summer Dress,1,2026-05-10 10:00,96.12,20668,United Kingdom
INV500005,TH-JEAN,Slim Fit Jeans,1,2025-07-10 17:00,46.79,20001,United Kingdom
INV500246,TH-SHOE,Canvas Sneakers,1,2026-01-04 15:00,49.08,20030,United Kingdom
INV500831,TH-CAP,Logo Cap,2,2026-02-05 09:00,23.53,20092,United Kingdom
INV500293,TH-CAP,Logo Cap,2,2025-08-09 08:00,17.5,20035,United Kingdom
INV505717,TH-JACK,Denim Jacket,3,2026-04-05 16:00,108.67,20644,United Kingdom
INV503402,TH-TSHIRT,Cotton Crew T-Shirt,3,2025-10-06 18:00,21.95,20377,United Kingdom
INV500719,TH-TSHIRT,Cotton Crew T-Shirt,1,2026-06-29 20:00,20.22,20080,United Kingdom
INV500955,TH-JACK,Denim Jacket,1,2025-11-13 12:00,125.75,20104,United Kingdom
INV505296,TH-JACK,Denim Jacket,2,2025-10-11 13:00,76.62,20595,United Kingdom
INV502786,TH-DRESS,Summer Dress,2,2025-09-23 14:00,63.99,20307,United Kingdom
INV505747,TH-JEAN,Slim Fit Jeans,2,2025-08-31 10:00,74.29,20647,United Kingdom
INV500570,TH-CAP,Logo Cap,3,2025-08-25 13:00,23.37,20064,United Kingdom
INV502362,TH-DRESS,Summer Dress,1,2025-06-04 08:00,50.54,20259,United Kingdom
INV505621,TH-CAP,Logo Cap,1,2025-10-06 10:00,26.36,20633,United Kingdom
INV504943,TH-JACK,Denim Jacket,2,2026-03-19 08:00,82.68,20553,United Kingdom
INV501831,TH-JEAN,Slim Fit Jeans,2,2025-05-26 19:00,73.75,20203,United Kingdom
INV503124,TH-JEAN,Slim Fit Jeans,1,2026-01-28 13:00,70.33,20344,United Kingdom
INV505435,TH-JEAN,Slim Fit Jeans,3,2025-06-09 09:00,71.12,20612,United Kingdom
INV501101,TH-JEAN,Slim Fit Jeans,1,2025-10-02 10:00,44.57,20121,United Kingdom
INV501726,TH-HOOD,Fleece Hoodie,2,2026-06-22 10:00,45.53,20193,United Kingdom
INV500573,TH-SHIRT,Oxford Shirt,1,2026-02-14 20:00,38.23,20065,United Kingdom
INV502166,TH-SHOE,Canvas Sneakers,1,2025-12-04 13:00,39.31,20238,United Kingdom
INV504538,TH-JEAN,Slim Fit Jeans,1,2025-10-08 11:00,51.26,20508,United Kingdom
INV503027,TH-TSHIRT,Cotton Crew T-Shirt,1,2026-01-26 08:00,23.73,20335,United Kingdom
INV504665,TH-SHOE,Canvas Sneakers,2,2025-05-13 12:00,64.66,20524,United Kingdom
INV504575,TH-TSHIRT,Cotton Crew T-Shirt,1,2026-06-26 19:00,24.78,20512,United Kingdom
INV506238,TH-TSHIRT,Cotton Crew T-Shirt,1,2026-01-12 14:00,15.03,20697,United Kingdom
INV506243,TH-JEAN,Slim Fit Jeans,1,2026-06-20 19:00,52.42,20697,United Kingdom
INV502903,TH-SHIRT,Oxford Shirt,2,2025-08-29 17:00,31.67,20321,United Kingdom
INV500385,TH-SHOE,Canvas Sneakers,2,2026-01-01 10:00,47.0,20046,United Kingdom
INV504230,TH-JACK,Denim Jacket,2,2025-11-14 10:00,76.66,20477,United Kingdom
INV502989,TH-HOOD,Fleece Hoodie,2,2026-01-13 15:00,58.3,20333,United Kingdom
INV505278,TH-SHIRT,Oxford Shirt,1,2026-04-12 09:00,28.63,20592,United Kingdom
INV500032,TH-TSHIRT,Cotton Crew T-Shirt,1,2026-01-08 17:00,15.09,20005,United Kingdom
INV504138,TH-SHOE,Canvas Sneakers,3,2025-08-13 18:00,73.38,20464,United Kingdom
INV501379,TH-JACK,Denim Jacket,2,2025-09-19 11:00,60.92,20153,United Kingdom
INV504009,TH-HOOD,Fleece Hoodie,3,2025-12-31 20:00,78.17,20448,United Kingdom
INV501155,TH-JEAN,Slim Fit Jeans,2,2025-07-16 13:00,42.17,20128,United Kingdom
INV502005,TH-HOOD,Fleece Hoodie,1,2026-02-02 15:00,68.9,20223,United Kingdom
INV505720,TH-TSHIRT,Cotton Crew T-Shirt,2,2025-12-21 10:00,23.8,20644,United Kingdom
INV503955,TH-JACK,Denim Jacket,1,2025-11-20 20:00,145.82,20443,United Kingdom
INV500438,TH-SHIRT,Oxford Shirt,2,2025-05-19 09:00,70.75,20052,United Kingdom
INV502003,TH-JEAN,Slim Fit Jeans,1,2025-11-03 11:00,88.09,20223,United Kingdom
INV504626,TH-HOOD,Fleece Hoodie,2,2026-01-16 13:00,33.35,20520,United Kingdom
INV506181,TH-HOOD,Fleece Hoodie,1,2025-07-03 10:00,43.07,20690,United Kingdom
INV502454,TH-JACK,Denim Jacket,2,2026-06-19 13:00,123.22,20271,United Kingdom
INV505927,TH-JEAN,Slim Fit Jeans,1,2025-09-01 08:00,50.99,20667,United Kingdom
INV503928,TH-SHOE,Canvas Sneakers,2,2025-07-10 18:00,49.03,20441,United Kingdom
INV501501,TH-TSHIRT,Cotton Crew T-Shirt,3,2025-06-28 11:00,23.65,20167,United Kingdom
INV500704,TH-SHIRT,Oxford Shirt,1,2026-05-16 13:00,40.32,20079,United Kingdom
INV504990,TH-JEAN,Slim Fit Jeans,1,2026-04-05 11:00,51.77,20560,United Kingdom
INV503127,TH-JEAN,Slim Fit Jeans,1,2025-10-17 16:00,71.41,20344,United Kingdom
INV500108,TH-DRESS,Summer Dress,1,2026-04-08 20:00,76.65,20014,United Kingdom
INV503504,TH-DRESS,Summer Dress,2,2025-11-26 12:00,74.91,20386,United Kingdom
INV500544,TH-JEAN,Slim Fit Jeans,1,2025-09-01 16:00,102.81,20061,United Kingdom
INV504622,TH-SHIRT,Oxford Shirt,2,2025-09-09 08:00,31.14,20519,United Kingdom
INV505524,TH-HOOD,Fleece Hoodie,2,2025-10-31 14:00,50.14,20621,United Kingdom
INV502313,TH-JEAN,Slim Fit Jeans,2,2025-08-29 09:00,50.16,20255,United Kingdom
INV505627,TH-TSHIRT,Cotton Crew T-Shirt,2,2026-05-18 17:00,11.14,20634,United Kingdom
INV502393,TH-JEAN,Slim Fit Jeans,3,2026-03-22 13:00,89.94,20263,United Kingdom
INV505477,TH-CAP,Logo Cap,2,2026-06-22 18:00,25.97,20616,United Kingdom
INV501213,TH-JACK,Denim Jacket,1,2026-01-18 10:00,50.93,20137,United Kingdom
INV505057,TH-SHIRT,Oxford Shirt,3,2026-02-23 11:00,62.43,20568,United Kingdom
INV500707,TH-JACK,Denim Jacket,1,2026-04-09 15:00,86.29,20079,United Kingdom
INV502115,TH-DRESS,Summer Dress,2,2026-05-13 17:00,97.82,20234,United Kingdom
INV500355,TH-JACK,Denim Jacket,1,2026-03-21 19:00,65.85,20042,United Kingdom
INV503864,TH-HOOD,Fleece Hoodie,1,2025-08-28 10:00,54.52,20434,United Kingdom
INV505659,TH-JACK,Denim Jacket,1,2026-06-23 20:00,50.63,20638,United Kingdom
INV505065,TH-SHIRT,Oxford Shirt,2,2025-12-11 09:00,56.67,20568,United Kingdom
INV501166,TH-JEAN,Slim Fit Jeans,3,2026-03-03 19:00,77.79,20129,United Kingdom
INV503162,TH-SHIRT,Oxford Shirt,3,2026-01-18 13:00,51.53,20348,United Kingdom
INV503058,TH-JEAN,Slim Fit Jeans,3,2026-04-20 10:00,85.34,20337,United Kingdom
INV501566,TH-CAP,Logo Cap,2,2025-10-11 10:00,24.06,20173,United Kingdom
INV504190,TH-JEAN,Slim Fit Jeans,2,2025-10-05 14:00,40.88,20472,United Kingdom
INV503950,TH-JACK,Denim Jacket,1,2025-11-23 16:00,127.97,20443,United Kingdom
INV500931,TH-HOOD,Fleece Hoodie,2,2026-01-21 15:00,52.66,20102,United Kingdom
INV500981,TH-HOOD,Fleece Hoodie,2,2026-01-24 08:00,48.04,20107,United Kingdom
INV500269,TH-DRESS,Summer Dress,1,2025-05-31 17:00,56.81,20032,United Kingdom
INV500751,TH-JACK,Denim Jacket,2,2026-06-27 20:00,121.33,20083,United Kingdom
INV501223,TH-SHIRT,Oxford Shirt,2,2025-10-20 11:00,47.76,20138,United Kingdom
INV501835,TH-HOOD,Fleece Hoodie,2,2025-06-03 12:00,58.28,20203,United Kingdom
INV501342,TH-SHOE,Canvas Sneakers,2,2026-02-06 09:00,86.75,20150,United Kingdom
INV504229,TH-SHIRT,Oxford Shirt,2,2026-01-29 10:00,28.41,20476,United Kingdom
INV504165,TH-SHOE,Canvas Sneakers,1,2026-05-10 10:00,56.2,20468,United Kingdom
INV501568,TH-HOOD,Fleece Hoodie,1,2025-05-19 20:00,56.05,20173,United Kingdom
INV503562,TH-HOOD,Fleece Hoodie,1,2026-01-28 10:00,59.63,20394,United Kingdom
INV500308,TH-JEAN,Slim Fit Jeans,3,2026-02-26 13:00,72.47,20036,United Kingdom
INV502006,TH-SHOE,Canvas Sneakers,3,2025-08-05 14:00,75.71,20223,United Kingdom
INV506044,TH-SHIRT,Oxford Shirt,3,2026-01-07 20:00,59.19,20678,United Kingdom
INV501345,TH-SHOE,Canvas Sneakers,1,2025-11-17 20:00,80.88,20150,United Kingdom
INV504314,TH-HOOD,Fleece Hoodie,1,2026-05-10 15:00,52.91,20485,United Kingdom
INV502814,TH-DRESS,Summer Dress,1,2025-08-16 12:00,92.59,20310,United Kingdom
INV500732,TH-DRESS,Summer Dress,2,2025-12-01 10:00,79.22,20081,United Kingdom
INV502344,TH-JEAN,Slim Fit Jeans,2,2026-07-05 10:00,60.01,20258,United Kingdom
INV502417,TH-JACK,Denim Jacket,3,2026-04-24 19:00,87.16,20265,United Kingdom
INV502343,TH-TSHIRT,Cotton Crew T-Shirt,3,2026-01-02 10:00,19.56,20258,United Kingdom
INV501146,TH-TSHIRT,Cotton Crew T-Shirt,2,2025-11-19 16:00,16.73,20127,United Kingdom
INV501322,TH-JACK,Denim Jacket,1,2026-05-14 10:00,99.75,20148,United Kingdom
INV500283,TH-DRESS,Summer Dress,2,2025-06-13 09:00,47.99,20034,United Kingdom
INV506038,TH-HOOD,Fleece Hoodie,1,2026-05-18 15:00,73.65,20678,United Kingdom
INV505397,TH-CAP,Logo Cap,2,2025-06-08 12:00,17.33,20608,United Kingdom
INV504951,TH-JEAN,Slim Fit Jeans,2,2025-07-23 18:00,53.14,20553,United Kingdom
INV500411,TH-JEAN,Slim Fit Jeans,1,2026-07-11 12:00,39.51,20049,United Kingdom
INV505643,TH-DRESS,Summer Dress,1,2025-07-04 19:00,53.75,20636,United Kingdom
INV504230,TH-JEAN,Slim Fit Jeans,2,2025-11-14 10:00,54.84,20477,United Kingdom
INV503901,TH-JEAN,Slim Fit Jeans,2,2026-04-17 20:00,82.14,20438,United Kingdom
INV504835,TH-TSHIRT,Cotton Crew T-Shirt,3,2026-05-19 15:00,22.17,20542,United Kingdom
INV503576,TH-SHIRT,Oxford Shirt,2,2026-05-25 13:00,35.92,20395,United Kingdom
INV502225,TH-TSHIRT,Cotton Crew T-Shirt,2,2026-07-08 10:00,17.73,20246,United Kingdom
INV500307,TH-JEAN,Slim Fit Jeans,2,2025-10-16 15:00,78.38,20036,United Kingdom
INV506074,TH-SHIRT,Oxford Shirt,1,2026-03-25 15:00,46.67,20681,United Kingdom
INV501013,TH-SHOE,Canvas Sneakers,2,2025-06-11 09:00,91.31,20111,United Kingdom
INV503053,TH-DRESS,Summer Dress,3,2025-12-11 15:00,89.44,20337,United Kingdom
INV503779,TH-JACK,Denim Jacket,1,2025-09-28 09:00,49.01,20423,United Kingdom
INV502949,TH-SHIRT,Oxford Shirt,3,2026-04-09 08:00,54.91,20328,United Kingdom
INV505999,TH-HOOD,Fleece Hoodie,2,2025-12-08 12:00,56.77,20673,United Kingdom
INV502017,TH-JEAN,Slim Fit Jeans,1,2026-03-17 09:00,57.0,20224,United Kingdom
INV501967,TH-SHOE,Canvas Sneakers,3,2025-09-20 13:00,71.19,20219,United Kingdom
INV505623,TH-JEAN,Slim Fit Jeans,2,2025-09-27 18:00,83.25,20633,United Kingdom
INV502108,TH-HOOD,Fleece Hoodie,2,2025-05-27 13:00,50.44,20233,United Kingdom
INV501906,TH-CAP,Logo Cap,1,2025-08-18 12:00,16.13,20212,United Kingdom
INV505942,TH-JACK,Denim Jacket,3,2025-09-04 20:00,115.6,20668,United Kingdom
INV503036,TH-DRESS,Summer Dress,3,2026-01-18 13:00,77.02,20336,United Kingdom
INV504806,TH-HOOD,Fleece Hoodie,2,2026-06-05 20:00,65.47,20539,United Kingdom
INV503917,TH-JACK,Denim Jacket,1,2025-10-12 20:00,102.07,20440,United Kingdom
INV500785,TH-JACK,Denim Jacket,2,2026-03-13 10:00,81.37,20086,United Kingdom
INV501705,TH-JEAN,Slim Fit Jeans,2,2025-11-02 08:00,68.62,20191,United Kingdom
INV504981,TH-TSHIRT,Cotton Crew T-Shirt,2,2026-02-01 13:00,14.05,20559,United Kingdom
INV502545,TH-HOOD,Fleece Hoodie,2,2025-07-05 18:00,48.34,20281,United Kingdom
INV503061,TH-SHOE,Canvas Sneakers,1,2025-12-23 08:00,56.37,20338,United Kingdom
INV501820,TH-SHIRT,Oxford Shirt,1,2026-04-09 08:00,53.3,20202,United Kingdom
INV503496,TH-JACK,Denim Jacket,1,2026-02-20 11:00,95.5,20385,United Kingdom
INV505955,TH-HOOD,Fleece Hoodie,1,2026-06-19 15:00,45.57,20669,United Kingdom
INV505147,TH-SHOE,Canvas Sneakers,1,2025-07-15 08:00,70.22,20576,United Kingdom
INV500910,TH-HOOD,Fleece Hoodie,3,2025-07-16 17:00,67.35,20100,United Kingdom
INV504328,TH-SHOE,Canvas Sneakers,3,2026-04-01 17:00,66.54,20486,United Kingdom
INV501009,TH-SHOE,Canvas Sneakers,2,2025-09-25 12:00,49.05,20110,United Kingdom
INV500637,TH-HOOD,Fleece Hoodie,2,2026-02-13 11:00,33.98,20071,United Kingdom
INV504372,TH-SHIRT,Oxford Shirt,2,2026-01-15 08:00,38.32,20490,United Kingdom
INV503391,TH-TSHIRT,Cotton Crew T-Shirt,1,2026-07-04 09:00,23.03,20375,United Kingdom
INV503417,TH-JEAN,Slim Fit Jeans,1,2026-04-09 13:00,36.6,20379,United Kingdom
INV502874,TH-SHOE,Canvas Sneakers,1,2026-05-31 11:00,37.5,20317,United Kingdom
INV505137,TH-SHOE,Canvas Sneakers,3,2025-08-10 10:00,76.78,20576,United Kingdom
INV505726,TH-SHIRT,Oxford Shirt,1,2025-06-06 12:00,47.77,20645,United Kingdom
INV500036,TH-HOOD,Fleece Hoodie,1,2025-11-27 15:00,42.09,20005,United Kingdom
INV501746,TH-HOOD,Fleece Hoodie,2,2025-11-22 15:00,42.52,20195,United Kingdom
INV506256,TH-DRESS,Summer Dress,2,2026-03-17 20:00,76.14,20699,United Kingdom
INV505208,TH-JEAN,Slim Fit Jeans,1,2025-11-11 10:00,60.37,20583,United Kingdom
INV505374,TH-TSHIRT,Cotton Crew T-Shirt,2,2026-03-04 11:00,18.72,20605,United Kingdom
INV503178,TH-DRESS,Summer Dress,1,2025-07-22 09:00,75.91,20349,United Kingdom
INV503971,TH-TSHIRT,Cotton Crew T-Shirt,2,2026-01-17 16:00,17.54,20444,United Kingdom
INV503241,TH-HOOD,Fleece Hoodie,3,2025-10-28 08:00,53.6,20358,United Kingdom
INV500378,TH-TSHIRT,Cotton Crew T-Shirt,1,2025-11-25 20:00,11.93,20044,United Kingdom
INV502725,TH-CAP,Logo Cap,2,2025-09-27 17:00,25.8,20300,United Kingdom
INV501068,TH-HOOD,Fleece Hoodie,2,2026-06-21 08:00,62.81,20115,United Kingdom
INV506142,TH-JACK,Denim Jacket,1,2025-08-19 19:00,53.63,20687,United Kingdom
INV502640,TH-JEAN,Slim Fit Jeans,2,2025-11-19 13:00,38.13,20291,United Kingdom
INV502221,TH-CAP,Logo Cap,2,2026-06-08 16:00,19.67,20246,United Kingdom
INV503367,TH-HOOD,Fleece Hoodie,3,2025-11-07 10:00,53.42,20372,United Kingdom
INV500899,TH-SHOE,Canvas Sneakers,1,2026-04-20 11:00,87.45,20100,United Kingdom
INV505159,TH-SHIRT,Oxford Shirt,1,2025-09-08 14:00,52.51,20578,United Kingdom
INV503900,TH-CAP,Logo Cap,1,2025-08-07 08:00,24.69,20438,United Kingdom
INV504800,TH-DRESS,Summer Dress,3,2026-04-16 18:00,90.04,20539,United Kingdom
INV506184,TH-SHIRT,Oxford Shirt,2,2025-05-29 12:00,47.37,20691,United Kingdom
INV503996,TH-JACK,Denim Jacket,1,2026-01-13 12:00,83.61,20447,United Kingdom
INV501783,TH-CAP,Logo Cap,1,2026-04-22 18:00,29.67,20198,United Kingdom
INV502292,TH-CAP,Logo Cap,3,2025-10-23 11:00,23.62,20253,United Kingdom
INV501719,TH-JACK,Denim Jacket,2,2025-05-13 16:00,113.18,20192,United Kingdom
INV502251,TH-JEAN,Slim Fit Jeans,2,2026-03-09 11:00,47.46,20249,United Kingdom
INV504853,TH-DRESS,Summer Dress,2,2026-01-05 19:00,83.68,20543,United Kingdom
INV503320,TH-HOOD,Fleece Hoodie,3,2025-09-07 10:00,54.38,20367,United Kingdom
INV502016,TH-CAP,Logo Cap,2,2026-04-06 16:00,18.97,20224,United Kingdom
INV504359,TH-JACK,Denim Jacket,1,2026-03-04 17:00,124.91,20489,United Kingdom
INV501642,TH-JEAN,Slim Fit Jeans,2,2026-02-02 16:00,62.75,20182,United Kingdom
INV504383,TH-JACK,Denim Jacket,1,2026-04-19 12:00,114.48,20491,United Kingdom
INV503691,TH-JEAN,Slim Fit Jeans,1,2026-02-16 08:00,62.49,20411,United Kingdom
INV503028,TH-TSHIRT,Cotton Crew T-Shirt,3,2025-12-19 08:00,27.03,20335,United Kingdom
INV501784,TH-JACK,Denim Jacket,3,2025-12-28 11:00,123.55,20198,United Kingdom
INV504961,TH-JEAN,Slim Fit Jeans,1,2025-08-22 14:00,52.9,20556,United Kingdom
INV503291,TH-SHOE,Canvas Sneakers,1,2026-02-12 09:00,52.04,20364,United Kingdom
INV502945,TH-TSHIRT,Cotton Crew T-Shirt,2,2025-09-12 17:00,22.55,20328,United Kingdom
INV505032,TH-JEAN,Slim Fit Jeans,3,2025-05-11 16:00,78.55,20564,United Kingdom
INV503564,TH-CAP,Logo Cap,3,2025-11-17 15:00,25.44,20394,United Kingdom
INV501072,TH-JEAN,Slim Fit Jeans,2,2026-01-10 13:00,80.44,20115,United Kingdom
INV501667,TH-JACK,Denim Jacket,2,2026-01-01 15:00,64.86,20185,United Kingdom
INV504523,TH-JACK,Denim Jacket,2,2025-08-25 17:00,120.2,20506,United Kingdom
INV504409,TH-SHOE,Canvas Sneakers,2,2026-05-21 16:00,51.09,20494,United Kingdom
INV500524,TH-SHOE,Canvas Sneakers,2,2025-12-28 20:00,46.5,20060,United Kingdom
INV502241,TH-SHOE,Canvas Sneakers,1,2025-07-27 10:00,69.09,20247,United Kingdom
INV506038,TH-HOOD,Fleece Hoodie,1,2026-05-18 15:00,66.14,20678,United Kingdom
INV503141,TH-DRESS,Summer Dress,2,2026-04-19 20:00,78.36,20346,United Kingdom
INV500890,TH-JACK,Denim Jacket,3,2025-07-14 17:00,97.27,20099,United Kingdom
INV501554,TH-TSHIRT,Cotton Crew T-Shirt,3,2026-03-24 18:00,24.86,20172,United Kingdom
INV504625,TH-SHOE,Canvas Sneakers,1,2026-02-05 08:00,37.96,20520,United Kingdom
INV504115,TH-SHOE,Canvas Sneakers,2,2025-11-08 14:00,77.56,20462,United Kingdom
INV504892,TH-JEAN,Slim Fit Jeans,2,2025-12-12 16:00,54.57,20547,United Kingdom
INV502978,TH-TSHIRT,Cotton Crew T-Shirt,2,2026-03-08 08:00,15.64,20331,United Kingdom
INV503365,TH-HOOD,Fleece Hoodie,2,2025-08-26 08:00,62.43,20372,United Kingdom
INV504468,TH-SHIRT,Oxford Shirt,1,2026-06-05 20:00,53.89,20501,United Kingdom
INV505867,TH-JEAN,Slim Fit Jeans,2,2025-06-07 14:00,91.62,20660,United Kingdom
INV501007,TH-JEAN,Slim Fit Jeans,2,2025-10-26 08:00,63.86,20110,United Kingdom
INV502835,TH-SHOE,Canvas Sneakers,1,2026-04-02 08:00,76.77,20313,United Kingdom
INV500033,TH-DRESS,Summer Dress,1,2025-06-01 20:00,63.81,20005,United Kingdom
INV505704,TH-TSHIRT,Cotton Crew T-Shirt,3,2025-12-26 14:00,20.82,20643,United Kingdom
INV504406,TH-SHIRT,Oxford Shirt,2,2026-05-20 10:00,30.98,20493,United Kingdom
INV506261,TH-HOOD,Fleece Hoodie,1,2026-04-02 16:00,51.15,20699,United Kingdom
INV500261,TH-JEAN,Slim Fit Jeans,2,2025-07-05 16:00,68.48,20031,United Kingdom
INV504994,TH-TSHIRT,Cotton Crew T-Shirt,2,2025-11-18 11:00,15.44,20560,United Kingdom
INV503091,TH-HOOD,Fleece Hoodie,1,2026-02-21 18:00,61.6,20340,United Kingdom
INV500025,TH-CAP,Logo Cap,1,2026-03-19 08:00,18.18,20004,United Kingdom
INV505105,TH-DRESS,Summer Dress,2,2026-06-11 11:00,54.97,20572,United Kingdom
INV503363,TH-SHIRT,Oxford Shirt,3,2026-02-16 20:00,50.36,20372,United Kingdom
INV503583,TH-JACK,Denim Jacket,2,2026-04-13 20:00,88.57,20396,United Kingdom
INV504267,TH-SHIRT,Oxford Shirt,1,2026-06-19 10:00,48.22,20481,United Kingdom
INV504593,TH-SHOE,Canvas Sneakers,2,2025-09-14 11:00,36.62,20515,United Kingdom
INV501598,TH-DRESS,Summer Dress,3,2026-01-13 13:00,72.93,20177,United Kingdom
INV503504,TH-CAP,Logo Cap,2,2025-11-26 12:00,19.52,20386,United Kingdom
INV504662,TH-SHIRT,Oxford Shirt,2,2026-06-10 13:00,44.85,20524,United Kingdom
INV504123,TH-TSHIRT,Cotton Crew T-Shirt,2,2025-07-12 11:00,17.57,20463,United Kingdom
INV503038,TH-SHIRT,Oxford Shirt,1,2026-03-26 14:00,50.16,20336,United Kingdom
INV506121,TH-CAP,Logo Cap,1,2026-03-11 14:00,29.04,20685,United Kingdom
INV505478,TH-HOOD,Fleece Hoodie,3,2025-08-16 16:00,58.38,20616,United Kingdom
INV500308,TH-DRESS,Summer Dress,1,2026-02-26 13:00,92.63,20036,United Kingdom
INV503528,TH-JACK,Denim Jacket,2,2025-05-26 11:00,62.88,20389,United Kingdom
INV505173,TH-SHOE,Canvas Sneakers,1,2025-11-13 20:00,59.36,20580,United Kingdom
INV503292,TH-SHIRT,Oxford Shirt,1,2026-06-11 10:00,33.78,20364,United Kingdom
INV502416,TH-TSHIRT,Cotton Crew T-Shirt,2,2025-09-26 18:00,19.66,20265,United Kingdom
INV503280,TH-JACK,Denim Jacket,1,2025-12-20 17:00,66.84,20363,United Kingdom
INV503606,TH-SHIRT,Oxford Shirt,2,2026-01-01 16:00,44.63,20399,United Kingdom
INV501249,TH-TSHIRT,Cotton Crew T-Shirt,2,2026-06-18 11:00,23.06,20141,United Kingdom
INV502827,TH-JEAN,Slim Fit Jeans,1,2025-05-21 08:00,65.24,20312,United Kingdom
INV500399,TH-TSHIRT,Cotton Crew T-Shirt,1,2026-05-31 11:00,15.68,20047,United Kingdom
INV504617,TH-JACK,Denim Jacket,2,2025-11-05 17:00,57.68,20518,United Kingdom
INV503842,TH-JEAN,Slim Fit Jeans,1,2025-08-23 16:00,68.82,20431,United Kingdom
INV505060,TH-SHOE,Canvas Sneakers,2,2026-05-02 11:00,77.68,20568,United Kingdom
INV505271,TH-SHOE,Canvas Sneakers,2,2026-03-05 13:00,34.71,20591,United Kingdom
INV505734,TH-DRESS,Summer Dress,3,2026-05-27 18:00,86.37,20646,United Kingdom
INV505959,TH-DRESS,Summer Dress,2,2025-08-13 09:00,68.0,20669,United Kingdom
INV505074,TH-SHOE,Canvas Sneakers,2,2026-01-13 09:00,56.66,20569,United Kingdom
INV501909,TH-HOOD,Fleece Hoodie,1,2025-08-25 19:00,41.8,20212,United Kingdom
INV503348,TH-CAP,Logo Cap,1,2025-09-13 20:00,16.64,20370,United Kingdom
INV500008,TH-HOOD,Fleece Hoodie,2,2025-08-03 20:00,48.6,20002,United Kingdom
INV504928,TH-DRESS,Summer Dress,2,2026-05-20 09:00,66.21,20552,United Kingdom
INV500222,TH-SHIRT,Oxford Shirt,1,2026-05-07 09:00,44.45,20027,United Kingdom
INV503529,TH-HOOD,Fleece Hoodie,2,2025-10-19 15:00,37.42,20389,United Kingdom
INV503465,TH-JACK,Denim Jacket,2,2025-05-22 08:00,125.84,20382,United Kingdom
INV500527,TH-SHOE,Canvas Sneakers,1,2026-04-12 16:00,49.71,20060,United Kingdom
INV502756,TH-JEAN,Slim Fit Jeans,1,2026-01-08 09:00,57.83,20303,United Kingdom
INV500144,TH-JACK,Denim Jacket,1,2025-07-03 08:00,84.31,20018,United Kingdom
INV504221,TH-JEAN,Slim Fit Jeans,1,2026-02-21 17:00,53.96,20475,United Kingdom
INV503385,TH-SHOE,Canvas Sneakers,3,2025-06-11 18:00,70.03,20375,United Kingdom
INV505227,TH-JACK,Denim Jacket,2,2025-09-23 11:00,75.6,20585,United Kingdom
INV503198,TH-SHOE,Canvas Sneakers,3,2026-01-09 11:00,75.28,20353,United Kingdom
INV506037,TH-DRESS,Summer Dress,2,2026-02-21 09:00,89.65,20678,United Kingdom
INV500865,TH-JEAN,Slim Fit Jeans,3,2025-08-17 08:00,65.0,20095,United Kingdom
INV504425,TH-HOOD,Fleece Hoodie,1,2025-05-18 11:00,68.37,20496,United Kingdom
INV500821,TH-HOOD,Fleece Hoodie,2,2025-08-14 20:00,64.97,20092,United Kingdom
INV502202,TH-JEAN,Slim Fit Jeans,1,2026-01-03 09:00,71.7,20243,United Kingdom
INV501262,TH-JEAN,Slim Fit Jeans,3,2026-01-31 11:00,79.79,20142,United Kingdom
INV504125,TH-SHOE,Canvas Sneakers,3,2025-09-04 09:00,76.98,20464,United Kingdom
INV501009,TH-TSHIRT,Cotton Crew T-Shirt,1,2025-09-25 12:00,18.13,20110,United Kingdom
INV501349,TH-SHOE,Canvas Sneakers,2,2026-06-01 15:00,80.54,20150,United Kingdom
INV500301,TH-JEAN,Slim Fit Jeans,3,2026-02-21 12:00,75.07,20036,United Kingdom
INV505912,TH-JEAN,Slim Fit Jeans,2,2026-04-23 10:00,78.56,20665,United Kingdom
INV505910,TH-SHIRT,Oxford Shirt,3,2026-05-17 16:00,57.46,20665,United Kingdom
INV501561,TH-HOOD,Fleece Hoodie,2,2025-10-09 17:00,62.06,20173,United Kingdom
INV505996,TH-TSHIRT,Cotton Crew T-Shirt,2,2025-06-30 17:00,21.95,20673,United Kingdom
INV502110,TH-CAP,Logo Cap,2,2026-06-04 17:00,29.33,20234,United Kingdom
INV503073,TH-JEAN,Slim Fit Jeans,1,2025-08-22 20:00,74.59,20338,United Kingdom
INV504013,TH-JEAN,Slim Fit Jeans,2,2025-09-18 19:00,102.45,20448,United Kingdom
INV501294,TH-DRESS,Summer Dress,3,2026-02-13 20:00,94.08,20144,United Kingdom
INV503153,TH-JEAN,Slim Fit Jeans,2,2025-08-23 13:00,50.7,20347,United Kingdom
INV502165,TH-CAP,Logo Cap,1,2025-07-15 20:00,14.7,20238,United Kingdom
INV500208,TH-CAP,Logo Cap,1,2026-02-25 13:00,15.28,20026,United Kingdom
INV504630,TH-CAP,Logo Cap,1,2026-03-05 20:00,13.39,20520,United Kingdom
INV506212,TH-JEAN,Slim Fit Jeans,2,2026-01-30 08:00,61.62,20693,United Kingdom
INV501575,TH-JACK,Denim Jacket,1,2026-03-03 16:00,61.96,20174,United Kingdom
INV501883,TH-SHOE,Canvas Sneakers,1,2025-07-02 11:00,59.49,20209,United Kingdom
INV500495,TH-HOOD,Fleece Hoodie,2,2025-10-30 13:00,47.44,20057,United Kingdom
INV500447,TH-SHOE,Canvas Sneakers,2,2026-04-08 09:00,86.15,20052,United Kingdom
INV505466,TH-SHOE,Canvas Sneakers,1,2026-01-10 15:00,54.11,20615,United Kingdom
INV505300,TH-CAP,Logo Cap,1,2025-06-01 13:00,19.29,20596,United Kingdom
INV503326,TH-SHIRT,Oxford Shirt,2,2025-06-22 15:00,57.3,20367,United Kingdom
INV504876,TH-SHOE,Canvas Sneakers,2,2026-07-10 18:00,55.35,20545,United Kingdom
INV503266,TH-CAP,Logo Cap,2,2026-04-10 11:00,27.76,20361,United Kingdom
INV502314,TH-SHIRT,Oxford Shirt,2,2025-07-26 17:00,36.32,20255,United Kingdom
INV500814,TH-JEAN,Slim Fit Jeans,1,2025-07-04 09:00,43.24,20091,United Kingdom
INV504242,TH-JACK,Denim Jacket,2,2025-07-09 19:00,88.64,20478,United Kingdom
INV501240,TH-JEAN,Slim Fit Jeans,1,2026-06-24 18:00,35.36,20140,United Kingdom
INV504411,TH-SHIRT,Oxford Shirt,1,2025-08-18 13:00,37.97,20494,United Kingdom
INV502512,TH-JACK,Denim Jacket,1,2025-05-18 20:00,72.5,20277,United Kingdom
INV500623,TH-SHIRT,Oxford Shirt,1,2025-07-12 12:00,65.6,20069,United Kingdom
INV506244,TH-HOOD,Fleece Hoodie,1,2025-07-28 16:00,38.64,20697,United Kingdom
INV505824,TH-HOOD,Fleece Hoodie,1,2025-11-09 11:00,68.98,20656,United Kingdom
INV502050,TH-JEAN,Slim Fit Jeans,1,2026-02-01 17:00,50.75,20227,United Kingdom
INV501331,TH-DRESS,Summer Dress,1,2025-08-12 12:00,80.54,20148,United Kingdom
INV505497,TH-HOOD,Fleece Hoodie,1,2025-09-22 15:00,57.39,20617,United Kingdom
INV501470,TH-HOOD,Fleece Hoodie,1,2026-03-02 13:00,45.91,20164,United Kingdom
INV501884,TH-CAP,Logo Cap,2,2026-05-27 15:00,11.78,20210,United Kingdom
INV505866,TH-JEAN,Slim Fit Jeans,3,2025-09-02 20:00,88.4,20660,United Kingdom
INV504261,TH-JACK,Denim Jacket,1,2026-06-23 17:00,90.79,20480,United Kingdom
INV503454,TH-HOOD,Fleece Hoodie,2,2026-01-15 11:00,69.27,20382,United Kingdom
INV504921,TH-SHOE,Canvas Sneakers,1,2026-01-19 09:00,52.82,20550,United Kingdom
INV505418,TH-JEAN,Slim Fit Jeans,1,2025-08-29 11:00,87.72,20610,United Kingdom
INV504196,TH-SHOE,Canvas Sneakers,2,2025-12-09 12:00,56.93,20473,United Kingdom
INV506070,TH-SHOE,Canvas Sneakers,1,2025-11-17 18:00,65.18,20681,United Kingdom
INV500343,TH-SHIRT,Oxford Shirt,2,2026-06-05 13:00,41.76,20040,United Kingdom
INV503064,TH-DRESS,Summer Dress,1,2025-09-17 16:00,69.54,20338,United Kingdom
INV504660,TH-SHIRT,Oxford Shirt,1,2026-07-04 18:00,43.02,20523,United Kingdom
INV502306,TH-DRESS,Summer Dress,1,2025-08-22 08:00,67.95,20254,United Kingdom
INV502361,TH-TSHIRT,Cotton Crew T-Shirt,1,2025-08-27 08:00,14.39,20259,United Kingdom
INV505679,TH-JACK,Denim Jacket,1,2026-07-01 18:00,100.28,20640,United Kingdom
INV504658,TH-JACK,Denim Jacket,2,2025-07-26 12:00,80.69,20523,United Kingdom
INV502189,TH-JEAN,Slim Fit Jeans,1,2026-04-21 08:00,80.29,20243,United Kingdom
INV500924,TH-TSHIRT,Cotton Crew T-Shirt,2,2025-09-08 12:00,24.21,20101,United Kingdom
INV502430,TH-CAP,Logo Cap,1,2025-06-14 14:00,17.92,20267,United Kingdom
INV504043,TH-JEAN,Slim Fit Jeans,1,2025-06-03 13:00,41.74,20451,United Kingdom
INV502514,TH-SHOE,Canvas Sneakers,1,2026-02-14 17:00,53.83,20278,United Kingdom
INV503185,TH-DRESS,Summer Dress,1,2025-06-13 16:00,78.71,20351,United Kingdom
INV503015,TH-DRESS,Summer Dress,2,2025-08-16 12:00,94.09,20334,United Kingdom
INV504766,TH-JEAN,Slim Fit Jeans,3,2025-11-01 17:00,97.73,20536,United Kingdom
INV504915,TH-SHIRT,Oxford Shirt,1,2025-12-03 17:00,38.48,20550,United Kingdom
INV501056,TH-SHIRT,Oxford Shirt,2,2026-03-16 15:00,48.55,20114,United Kingdom
INV500763,TH-JEAN,Slim Fit Jeans,2,2025-12-29 16:00,81.03,20083,United Kingdom
INV502935,TH-SHIRT,Oxford Shirt,2,2025-10-02 11:00,38.37,20326,United Kingdom
INV501942,TH-SHIRT,Oxford Shirt,2,2026-06-30 17:00,26.27,20216,United Kingdom
INV500523,TH-JEAN,Slim Fit Jeans,1,2025-07-26 10:00,56.63,20060,United Kingdom
INV504852,TH-CAP,Logo Cap,3,2025-07-11 10:00,24.57,20543,United Kingdom
INV502775,TH-DRESS,Summer Dress,1,2025-12-09 17:00,62.96,20306,United Kingdom
INV503972,TH-TSHIRT,Cotton Crew T-Shirt,1,2026-01-20 11:00,19.58,20444,United Kingdom
INV500006,TH-DRESS,Summer Dress,2,2026-02-07 14:00,69.33,20002,United Kingdom
INV503813,TH-CAP,Logo Cap,1,2026-03-02 20:00,21.18,20429,United Kingdom
INV503070,TH-TSHIRT,Cotton Crew T-Shirt,1,2026-02-18 11:00,19.94,20338,United Kingdom
INV501868,TH-DRESS,Summer Dress,1,2025-07-03 14:00,53.54,20208,United Kingdom
INV502186,TH-JEAN,Slim Fit Jeans,1,2026-05-31 09:00,33.81,20242,United Kingdom
INV505989,TH-SHIRT,Oxford Shirt,3,2025-07-25 17:00,56.74,20673,United Kingdom
INV501623,TH-CAP,Logo Cap,2,2026-02-16 20:00,21.25,20180,United Kingdom
INV504201,TH-TSHIRT,Cotton Crew T-Shirt,1,2026-03-08 16:00,24.2,20474,United Kingdom
INV504789,TH-JEAN,Slim Fit Jeans,1,2025-05-22 11:00,55.8,20538,United Kingdom
INV500849,TH-JACK,Denim Jacket,2,2026-02-21 15:00,83.91,20094,United Kingdom
INV501249,TH-CAP,Logo Cap,3,2026-06-18 11:00,24.16,20141,United Kingdom
INV505916,TH-CAP,Logo Cap,3,2026-03-15 12:00,29.87,20666,United Kingdom
INV500938,TH-TSHIRT,Cotton Crew T-Shirt,1,2025-05-29 14:00,13.83,20103,United Kingdom
INV504138,TH-DRESS,Summer Dress,2,2025-08-13 18:00,88.03,20464,United Kingdom
INV500157,TH-CAP,Logo Cap,2,2026-01-31 20:00,23.65,20020,United Kingdom
INV504448,TH-JEAN,Slim Fit Jeans,2,2025-09-26 20:00,67.39,20498,United Kingdom
INV502835,TH-SHIRT,Oxford Shirt,1,2026-04-02 08:00,52.03,20313,United Kingdom
INV501320,TH-SHOE,Canvas Sneakers,2,2025-11-05 10:00,63.82,20148,United Kingdom
INV505666,TH-CAP,Logo Cap,2,2026-03-28 15:00,18.67,20639,United Kingdom
INV505670,TH-SHIRT,Oxford Shirt,2,2025-06-26 09:00,47.62,20639,United Kingdom
INV505091,TH-SHOE,Canvas Sneakers,3,2026-02-06 09:00,70.68,20570,United Kingdom
INV504597,TH-JACK,Denim Jacket,2,2026-01-11 08:00,59.52,20515,United Kingdom
INV506194,TH-JEAN,Slim Fit Jeans,3,2026-06-11 08:00,60.33,20691,United Kingdom
INV502541,TH-JEAN,Slim Fit Jeans,2,2025-11-22 14:00,37.89,20280,United Kingdom
INV500949,TH-JACK,Denim Jacket,2,2026-01-16 11:00,109.48,20104,United Kingdom
INV505122,TH-JACK,Denim Jacket,2,2025-11-11 12:00,105.4,20574,United Kingdom
INV504510,TH-HOOD,Fleece Hoodie,2,2025-10-12 15:00,59.0,20506,United Kingdom
INV502570,TH-SHIRT,Oxford Shirt,1,2025-07-30 11:00,33.12,20283,United Kingdom
INV502316,TH-DRESS,Summer Dress,1,2026-04-02 09:00,51.6,20255,United Kingdom
INV502725,TH-SHIRT,Oxford Shirt,2,2025-09-27 17:00,59.32,20300,United Kingdom
INV503544,TH-JEAN,Slim Fit Jeans,2,2025-06-01 12:00,59.49,20392,United Kingdom
INV503733,TH-JACK,Denim Jacket,2,2026-05-07 16:00,55.88,20417,United Kingdom
INV500352,TH-TSHIRT,Cotton Crew T-Shirt,1,2026-04-04 08:00,9.89,20041,United Kingdom
INV505800,TH-TSHIRT,Cotton Crew T-Shirt,2,2026-05-09 15:00,9.54,20653,United Kingdom
INV504275,TH-DRESS,Summer Dress,2,2025-06-14 12:00,77.73,20481,United Kingdom
INV500880,TH-DRESS,Summer Dress,1,2026-07-12 14:00,82.4,20097,United Kingdom
INV501250,TH-TSHIRT,Cotton Crew T-Shirt,1,2026-04-30 17:00,22.63,20141,United Kingdom
INV502953,TH-DRESS,Summer Dress,1,2025-06-27 19:00,85.03,20328,United Kingdom
INV502452,TH-HOOD,Fleece Hoodie,3,2025-10-03 14:00,65.77,20271,United Kingdom
INV504012,TH-DRESS,Summer Dress,2,2026-06-17 17:00,99.22,20448,United Kingdom
INV500526,TH-HOOD,Fleece Hoodie,2,2025-08-08 10:00,46.7,20060,United Kingdom
INV505973,TH-DRESS,Summer Dress,1,2025-05-15 10:00,62.33,20671,United Kingdom
INV505988,TH-SHIRT,Oxford Shirt,3,2025-12-11 19:00,58.4,20673,United Kingdom
INV500490,TH-JACK,Denim Jacket,3,2025-12-05 17:00,101.19,20056,United Kingdom
INV502480,TH-DRESS,Summer Dress,2,2026-03-01 17:00,59.92,20273,United Kingdom
INV502343,TH-DRESS,Summer Dress,2,2026-01-02 10:00,68.25,20258,United Kingdom
INV504825,TH-JEAN,Slim Fit Jeans,1,2026-05-05 12:00,64.98,20541,United Kingdom
INV504688,TH-SHIRT,Oxford Shirt,2,2025-11-11 11:00,37.77,20527,United Kingdom
INV503522,TH-HOOD,Fleece Hoodie,1,2025-06-21 16:00,52.11,20388,United Kingdom
INV503248,TH-SHOE,Canvas Sneakers,2,2025-10-18 13:00,45.06,20359,United Kingdom
INV504573,TH-SHIRT,Oxford Shirt,3,2025-06-14 12:00,60.31,20512,United Kingdom
INV503777,TH-SHIRT,Oxford Shirt,1,2025-12-13 20:00,25.5,20423,United Kingdom
INV504830,TH-DRESS,Summer Dress,3,2025-08-14 14:00,89.89,20542,United Kingdom
INV501002,TH-JEAN,Slim Fit Jeans,2,2025-07-13 11:00,58.35,20110,United Kingdom
INV505577,TH-JEAN,Slim Fit Jeans,3,2025-06-15 14:00,60.89,20629,United Kingdom
INV505752,TH-JEAN,Slim Fit Jeans,3,2025-11-16 10:00,85.98,20647,United Kingdom
INV501643,TH-JEAN,Slim Fit Jeans,1,2025-10-23 08:00,63.76,20182,United Kingdom
INV503082,TH-SHOE,Canvas Sneakers,3,2025-07-24 14:00,73.37,20340,United Kingdom
INV505830,TH-JEAN,Slim Fit Jeans,1,2025-06-10 14:00,85.6,20656,United Kingdom
INV504664,TH-CAP,Logo Cap,1,2026-06-21 18:00,21.92,20524,United Kingdom
INV501535,TH-HOOD,Fleece Hoodie,2,2026-03-09 15:00,38.97,20171,United Kingdom
INV500334,TH-SHOE,Canvas Sneakers,2,2026-04-18 14:00,41.3,20038,United Kingdom
INV501603,TH-CAP,Logo Cap,3,2026-03-03 18:00,23.93,20177,United Kingdom
INV502375,TH-DRESS,Summer Dress,1,2026-06-28 19:00,62.82,20261,United Kingdom
INV504300,TH-TSHIRT,Cotton Crew T-Shirt,3,2025-12-05 15:00,23.03,20484,United Kingdom
INV500693,TH-TSHIRT,Cotton Crew T-Shirt,1,2025-10-15 10:00,20.51,20078,United Kingdom
INV502820,TH-JACK,Denim Jacket,2,2025-08-12 18:00,74.8,20311,United Kingdom
INV503635,TH-JEAN,Slim Fit Jeans,1,2026-07-10 08:00,37.79,20403,United Kingdom
INV502483,TH-TSHIRT,Cotton Crew T-Shirt,2,2025-07-19 08:00,13.43,20273,United Kingdom
INV500990,TH-CAP,Logo Cap,2,2025-07-07 20:00,16.6,20108,United Kingdom
INV500207,TH-DRESS,Summer Dress,2,2026-03-29 20:00,52.93,20026,United Kingdom
INV504715,TH-SHOE,Canvas Sneakers,2,2026-02-03 17:00,35.84,20531,United Kingdom
INV502919,TH-JACK,Denim Jacket,2,2025-06-22 10:00,74.65,20324,United Kingdom
INV505422,TH-TSHIRT,Cotton Crew T-Shirt,2,2025-08-04 10:00,22.09,20610,United Kingdom
INV502278,TH-TSHIRT,Cotton Crew T-Shirt,2,2026-01-22 20:00,26.02,20251,United Kingdom
INV503653,TH-TSHIRT,Cotton Crew T-Shirt,3,2025-06-29 08:00,21.75,20405,United Kingdom
INV500847,TH-TSHIRT,Cotton Crew T-Shirt,3,2025-07-16 17:00,27.89,20093,United Kingdom
INV504534,TH-SHIRT,Oxford Shirt,1,2025-06-23 12:00,31.31,20507,United Kingdom
INV505643,TH-CAP,Logo Cap,2,2025-07-04 19:00,13.41,20636,United Kingdom
INV500635,TH-DRESS,Summer Dress,1,2025-12-29 09:00,91.96,20070,United Kingdom
INV505980,TH-DRESS,Summer Dress,2,2026-04-13 19:00,38.1,20672,United Kingdom
INV501265,TH-CAP,Logo Cap,1,2025-10-10 09:00,24.2,20142,United Kingdom
INV503830,TH-SHOE,Canvas Sneakers,1,2026-05-25 10:00,53.58,20430,United Kingdom
INV505712,TH-JACK,Denim Jacket,1,2026-03-17 14:00,104.56,20644,United Kingdom
INV505998,TH-HOOD,Fleece Hoodie,1,2026-07-02 17:00,60.55,20673,United Kingdom
INV505030,TH-SHOE,Canvas Sneakers,2,2025-07-05 11:00,72.74,20564,United Kingdom
INV505730,TH-SHIRT,Oxford Shirt,3,2025-05-12 20:00,45.63,20646,United Kingdom
INV502233,TH-DRESS,Summer Dress,3,2025-11-01 14:00,89.39,20247,United Kingdom
INV505014,TH-SHOE,Canvas Sneakers,1,2025-11-02 20:00,44.22,20562,United Kingdom
INV502685,TH-SHOE,Canvas Sneakers,2,2025-07-30 17:00,50.02,20295,United Kingdom
INV503422,TH-CAP,Logo Cap,2,2026-07-08 18:00,12.33,20379,United Kingdom
INV503463,TH-HOOD,Fleece Hoodie,1,2025-06-30 18:00,66.76,20382,United Kingdom
INV501793,TH-CAP,Logo Cap,3,2026-01-26 15:00,22.67,20199,United Kingdom
INV500702,TH-JACK,Denim Jacket,2,2025-12-23 19:00,79.78,20079,United Kingdom
INV505066,TH-SHOE,Canvas Sneakers,2,2026-01-13 14:00,75.36,20568,United Kingdom
INV501962,TH-SHOE,Canvas Sneakers,3,2026-04-14 12:00,63.21,20218,United Kingdom
INV506267,TH-JEAN,Slim Fit Jeans,1,2025-05-28 16:00,68.1,20700,United Kingdom
INV503605,TH-JEAN,Slim Fit Jeans,1,2025-08-22 08:00,67.94,20399,United Kingdom
INV502347,TH-HOOD,Fleece Hoodie,2,2025-07-08 08:00,51.63,20258,United Kingdom
INV502011,TH-SHIRT,Oxford Shirt,3,2025-12-04 16:00,58.68,20223,United Kingdom
INV506125,TH-SHIRT,Oxford Shirt,1,2025-06-10 15:00,58.25,20685,United Kingdom
INV501666,TH-DRESS,Summer Dress,1,2025-10-01 14:00,53.04,20185,United Kingdom
INV504916,TH-JEAN,Slim Fit Jeans,2,2026-04-12 08:00,63.66,20550,United Kingdom
INV501558,TH-DRESS,Summer Dress,2,2025-12-16 18:00,81.36,20173,United Kingdom
INV502097,TH-DRESS,Summer Dress,1,2026-04-03 12:00,54.06,20232,United Kingdom
INV500677,TH-DRESS,Summer Dress,3,2025-06-15 10:00,74.49,20076,United Kingdom
INV505940,TH-JEAN,Slim Fit Jeans,3,2026-06-19 17:00,85.88,20668,United Kingdom
INV506110,TH-TSHIRT,Cotton Crew T-Shirt,2,2025-08-02 18:00,13.49,20684,United Kingdom
INV503778,TH-TSHIRT,Cotton Crew T-Shirt,1,2026-01-24 20:00,12.27,20423,United Kingdom
INV505561,TH-CAP,Logo Cap,1,2025-06-08 10:00,21.81,20626,United Kingdom
INV502707,TH-TSHIRT,Cotton Crew T-Shirt,1,2026-02-02 20:00,21.11,20298,United Kingdom
INV505424,TH-TSHIRT,Cotton Crew T-Shirt,2,2025-05-11 12:00,26.21,20610,United Kingdom
INV505163,TH-JEAN,Slim Fit Jeans,2,2025-09-17 08:00,73.84,20578,United Kingdom
INV502470,TH-SHIRT,Oxford Shirt,2,2025-08-18 17:00,40.73,20272,United Kingdom
INV504353,TH-SHOE,Canvas Sneakers,1,2025-05-25 08:00,83.24,20489,United Kingdom
INV504389,TH-JACK,Denim Jacket,2,2026-01-12 17:00,114.19,20491,United Kingdom
INV505994,TH-TSHIRT,Cotton Crew T-Shirt,1,2026-07-15 14:00,21.91,20673,United Kingdom
INV504456,TH-SHOE,Canvas Sneakers,2,2025-09-15 19:00,57.36,20500,United Kingdom
INV505151,TH-JEAN,Slim Fit Jeans,1,2025-12-16 17:00,34.07,20577,United Kingdom
INV504239,TH-JACK,Denim Jacket,2,2026-01-25 15:00,94.91,20478,United Kingdom
INV503620,TH-JACK,Denim Jacket,2,2025-08-19 14:00,48.19,20401,United Kingdom
INV503548,TH-JACK,Denim Jacket,2,2025-12-20 17:00,85.41,20392,United Kingdom
INV505232,TH-SHOE,Canvas Sneakers,2,2025-08-16 10:00,49.74,20585,United Kingdom
INV501118,TH-SHIRT,Oxford Shirt,2,2026-06-19 20:00,39.95,20123,United Kingdom
INV503277,TH-CAP,Logo Cap,1,2025-07-07 09:00,18.65,20362,United Kingdom
INV500864,TH-TSHIRT,Cotton Crew T-Shirt,1,2025-05-23 16:00,22.57,20095,United Kingdom
INV500846,TH-JACK,Denim Jacket,3,2026-06-03 19:00,114.92,20093,United Kingdom
INV503459,TH-CAP,Logo Cap,1,2026-04-16 16:00,30.29,20382,United Kingdom
INV501246,TH-SHIRT,Oxford Shirt,3,2026-06-21 14:00,53.28,20141,United Kingdom
INV504271,TH-CAP,Logo Cap,2,2026-02-26 19:00,22.79,20481,United Kingdom
INV502274,TH-TSHIRT,Cotton Crew T-Shirt,1,2025-11-17 09:00,27.0,20251,United Kingdom
INV501679,TH-DRESS,Summer Dress,2,2025-10-23 15:00,93.16,20186,United Kingdom
INV503286,TH-DRESS,Summer Dress,2,2026-06-09 19:00,56.42,20364,United Kingdom
INV501986,TH-DRESS,Summer Dress,1,2025-08-16 18:00,71.87,20220,United Kingdom
INV502391,TH-JEAN,Slim Fit Jeans,1,2026-02-28 08:00,49.12,20262,United Kingdom
INV500103,TH-HOOD,Fleece Hoodie,1,2025-10-24 10:00,53.9,20014,United Kingdom
INV500147,TH-SHOE,Canvas Sneakers,1,2025-05-30 09:00,54.52,20018,United Kingdom
INV502230,TH-DRESS,Summer Dress,3,2025-05-31 16:00,76.72,20247,United Kingdom
INV503300,TH-HOOD,Fleece Hoodie,1,2026-05-17 11:00,44.1,20365,United Kingdom
INV504899,TH-JACK,Denim Jacket,2,2025-12-23 20:00,95.17,20548,United Kingdom
INV502133,TH-JACK,Denim Jacket,1,2026-06-28 12:00,64.41,20235,United Kingdom
INV505412,TH-SHIRT,Oxford Shirt,2,2025-05-17 14:00,46.59,20609,United Kingdom
INV503745,TH-DRESS,Summer Dress,3,2026-01-26 09:00,89.18,20419,United Kingdom
INV500090,TH-TSHIRT,Cotton Crew T-Shirt,1,2025-10-09 09:00,16.73,20012,United Kingdom
INV500903,TH-TSHIRT,Cotton Crew T-Shirt,1,2025-11-27 09:00,27.29,20100,United Kingdom
INV503029,TH-HOOD,Fleece Hoodie,3,2025-07-02 15:00,65.21,20335,United Kingdom
INV504424,TH-CAP,Logo Cap,2,2025-08-20 12:00,27.46,20496,United Kingdom
INV502678,TH-JEAN,Slim Fit Jeans,3,2025-10-20 17:00,85.28,20294,United Kingdom
INV503253,TH-JEAN,Slim Fit Jeans,2,2025-08-14 11:00,63.79,20360,United Kingdom
INV500826,TH-SHIRT,Oxford Shirt,1,2025-07-17 11:00,58.48,20092,United Kingdom
INV504354,TH-JEAN,Slim Fit Jeans,3,2025-07-17 15:00,87.53,20489,United Kingdom
INV500435,TH-DRESS,Summer Dress,3,2025-12-19 14:00,96.32,20051,United Kingdom
INV504725,TH-HOOD,Fleece Hoodie,1,2026-06-22 09:00,58.55,20532,United Kingdom
INV505479,TH-SHIRT,Oxford Shirt,2,2025-10-05 13:00,55.05,20616,United Kingdom
INV501628,TH-SHIRT,Oxford Shirt,3,2025-08-07 15:00,47.64,20180,United Kingdom
INV502333,TH-JEAN,Slim Fit Jeans,2,2026-01-21 20:00,66.97,20257,United Kingdom
INV500920,TH-HOOD,Fleece Hoodie,1,2026-03-19 15:00,59.01,20101,United Kingdom
INV501900,TH-SHOE,Canvas Sneakers,2,2025-10-23 08:00,47.36,20212,United Kingdom
INV505039,TH-JEAN,Slim Fit Jeans,2,2026-02-28 10:00,67.13,20566,United Kingdom
INV501616,TH-JEAN,Slim Fit Jeans,1,2026-02-28 10:00,40.05,20178,United Kingdom
INV502556,TH-JEAN,Slim Fit Jeans,3,2025-05-26 14:00,60.24,20281,United Kingdom
INV502535,TH-SHIRT,Oxford Shirt,1,2026-03-13 13:00,53.03,20279,United Kingdom
INV505905,TH-HOOD,Fleece Hoodie,1,2026-05-03 12:00,58.85,20665,United Kingdom
INV503690,TH-JACK,Denim Jacket,2,2025-12-03 10:00,87.56,20411,United Kingdom
INV504589,TH-HOOD,Fleece Hoodie,1,2025-08-09 09:00,35.67,20514,United Kingdom
INV503996,TH-JEAN,Slim Fit Jeans,2,2026-01-13 12:00,65.34,20447,United Kingdom
INV503655,TH-HOOD,Fleece Hoodie,1,2026-07-09 14:00,44.2,20406,United Kingdom
INV505446,TH-JEAN,Slim Fit Jeans,1,2026-02-22 20:00,68.06,20613,United Kingdom
INV504779,TH-HOOD,Fleece Hoodie,2,2025-07-02 11:00,70.24,20537,United Kingdom
INV500165,TH-JEAN,Slim Fit Jeans,2,2025-05-28 13:00,83.08,20021,United Kingdom
INV500996,TH-DRESS,Summer Dress,2,2025-05-16 18:00,38.34,20109,United Kingdom
INV502523,TH-SHOE,Canvas Sneakers,1,2026-06-12 09:00,47.67,20278,United Kingdom
INV506190,TH-TSHIRT,Cotton Crew T-Shirt,3,2026-01-02 09:00,18.56,20691,United Kingdom
INV501600,TH-SHOE,Canvas Sneakers,2,2026-06-21 12:00,69.74,20177,United Kingdom
INV503459,TH-SHIRT,Oxford Shirt,3,2026-04-16 16:00,62.05,20382,United Kingdom
INV503958,TH-SHOE,Canvas Sneakers,3,2025-08-13 13:00,88.69,20443,United Kingdom
INV501353,TH-SHOE,Canvas Sneakers,2,2026-03-04 12:00,83.19,20150,United Kingdom
INV505225,TH-JACK,Denim Jacket,2,2025-12-07 19:00,72.39,20584,United Kingdom
INV501062,TH-DRESS,Summer Dress,2,2026-07-04 13:00,92.44,20115,United Kingdom
INV500448,TH-SHOE,Canvas Sneakers,3,2026-06-28 08:00,92.78,20052,United Kingdom
INV505180,TH-JACK,Denim Jacket,1,2025-06-02 13:00,117.64,20581,United Kingdom
INV500439,TH-JACK,Denim Jacket,1,2025-10-29 09:00,130.75,20052,United Kingdom
INV506194,TH-SHIRT,Oxford Shirt,2,2026-06-11 08:00,46.96,20691,United Kingdom
INV505077,TH-JEAN,Slim Fit Jeans,2,2025-10-19 13:00,57.0,20569,United Kingdom
INV504445,TH-JACK,Denim Jacket,1,2025-11-14 12:00,101.18,20498,United Kingdom
INV503551,TH-JACK,Denim Jacket,1,2025-06-21 17:00,68.23,20393,United Kingdom
INV502512,TH-SHOE,Canvas Sneakers,2,2025-05-18 20:00,53.9,20277,United Kingdom
INV502904,TH-SHOE,Canvas Sneakers,1,2025-11-15 15:00,33.27,20322,United Kingdom
INV502428,TH-SHIRT,Oxford Shirt,2,2025-11-24 19:00,32.66,20266,United Kingdom
INV500459,TH-HOOD,Fleece Hoodie,2,2025-10-16 09:00,41.85,20053,United Kingdom
INV501974,TH-JEAN,Slim Fit Jeans,1,2025-05-21 16:00,87.83,20219,United Kingdom
INV503480,TH-SHIRT,Oxford Shirt,2,2026-01-06 15:00,46.04,20384,United Kingdom
INV504388,TH-DRESS,Summer Dress,2,2026-05-06 09:00,98.83,20491,United Kingdom
INV503207,TH-JEAN,Slim Fit Jeans,2,2026-02-01 19:00,61.38,20354,United Kingdom
INV500328,TH-JACK,Denim Jacket,1,2025-07-19 14:00,61.61,20038,United Kingdom
INV501151,TH-SHIRT,Oxford Shirt,1,2026-05-16 15:00,34.13,20127,United Kingdom
INV503669,TH-SHIRT,Oxford Shirt,2,2025-12-10 10:00,53.26,20407,United Kingdom
INV502700,TH-TSHIRT,Cotton Crew T-Shirt,1,2026-01-20 11:00,14.73,20297,United Kingdom
INV501464,TH-HOOD,Fleece Hoodie,1,2025-11-06 17:00,52.03,20163,United Kingdom
INV505939,TH-SHOE,Canvas Sneakers,1,2026-06-18 18:00,76.04,20668,United Kingdom
INV503268,TH-CAP,Logo Cap,1,2026-02-22 10:00,30.06,20361,United Kingdom
INV506204,TH-HOOD,Fleece Hoodie,1,2025-10-01 08:00,47.83,20693,United Kingdom
INV500893,TH-JEAN,Slim Fit Jeans,1,2026-03-03 17:00,64.96,20099,United Kingdom
INV505873,TH-SHOE,Canvas Sneakers,3,2025-05-18 19:00,68.89,20660,United Kingdom
INV504829,TH-DRESS,Summer Dress,3,2025-05-12 09:00,84.8,20542,United Kingdom
INV503369,TH-SHOE,Canvas Sneakers,3,2025-07-21 19:00,70.45,20372,United Kingdom
INV500956,TH-SHIRT,Oxford Shirt,2,2026-04-30 18:00,58.36,20104,United Kingdom
INV506197,TH-SHOE,Canvas Sneakers,2,2026-03-09 08:00,41.0,20692,United Kingdom
INV501528,TH-JEAN,Slim Fit Jeans,1,2025-07-06 09:00,43.87,20170,United Kingdom
INV504307,TH-TSHIRT,Cotton Crew T-Shirt,3,2025-10-23 14:00,20.9,20485,United Kingdom
INV505113,TH-CAP,Logo Cap,2,2025-10-08 14:00,18.16,20573,United Kingdom
INV506130,TH-DRESS,Summer Dress,1,2026-06-12 08:00,85.39,20685,United Kingdom
INV500162,TH-DRESS,Summer Dress,3,2026-04-01 20:00,80.48,20020,United Kingdom
INV504032,TH-JEAN,Slim Fit Jeans,3,2025-10-27 16:00,73.18,20450,United Kingdom
INV505953,TH-TSHIRT,Cotton Crew T-Shirt,1,2025-10-17 16:00,20.33,20669,United Kingdom
INV502900,TH-HOOD,Fleece Hoodie,1,2026-02-01 14:00,39.76,20321,United Kingdom
INV504443,TH-CAP,Logo Cap,2,2026-06-24 15:00,21.43,20498,United Kingdom
INV500722,TH-SHIRT,Oxford Shirt,1,2026-02-22 19:00,53.63,20080,United Kingdom
INV501140,TH-CAP,Logo Cap,3,2026-06-28 10:00,23.01,20126,United Kingdom
INV504707,TH-SHOE,Canvas Sneakers,2,2025-10-06 13:00,43.93,20530,United Kingdom
INV504090,TH-TSHIRT,Cotton Crew T-Shirt,3,2026-02-24 12:00,22.8,20459,United Kingdom
INV505848,TH-HOOD,Fleece Hoodie,3,2025-06-28 11:00,60.46,20658,United Kingdom
INV502871,TH-TSHIRT,Cotton Crew T-Shirt,1,2026-03-16 13:00,10.66,20317,United Kingdom
INV502027,TH-SHIRT,Oxford Shirt,3,2025-06-18 12:00,46.75,20225,United Kingdom
INV504136,TH-TSHIRT,Cotton Crew T-Shirt,1,2025-07-11 12:00,24.27,20464,United Kingdom
INV500967,TH-CAP,Logo Cap,2,2026-01-17 14:00,19.24,20106,United Kingdom
INV501504,TH-HOOD,Fleece Hoodie,3,2025-09-02 20:00,61.06,20167,United Kingdom
INV502177,TH-JEAN,Slim Fit Jeans,2,2025-07-05 11:00,55.53,20240,United Kingdom
INV500053,TH-CAP,Logo Cap,1,2025-09-22 13:00,22.0,20006,United Kingdom
INV501865,TH-JEAN,Slim Fit Jeans,1,2025-06-25 18:00,79.83,20207,United Kingdom
INV503270,TH-CAP,Logo Cap,2,2026-04-03 16:00,25.6,20361,United Kingdom
INV504377,TH-SHOE,Canvas Sneakers,1,2025-09-06 20:00,75.92,20491,United Kingdom
INV501679,TH-JEAN,Slim Fit Jeans,3,2025-10-23 15:00,82.85,20186,United Kingdom
INV502172,TH-JACK,Denim Jacket,1,2026-03-30 14:00,76.24,20240,United Kingdom
INV504089,TH-SHIRT,Oxford Shirt,1,2025-11-18 08:00,56.15,20459,United Kingdom
INV504298,TH-JACK,Denim Jacket,1,2026-07-09 17:00,106.85,20484,United Kingdom
INV506139,TH-HOOD,Fleece Hoodie,1,2025-12-02 13:00,44.49,20686,United Kingdom
INV502544,TH-SHIRT,Oxford Shirt,1,2025-06-17 18:00,26.58,20280,United Kingdom
INV502083,TH-CAP,Logo Cap,2,2026-01-29 20:00,15.9,20231,United Kingdom
INV502868,TH-TSHIRT,Cotton Crew T-Shirt,2,2026-05-14 17:00,16.42,20316,United Kingdom
INV501826,TH-SHIRT,Oxford Shirt,1,2025-09-02 09:00,51.36,20202,United Kingdom
INV500722,TH-SHOE,Canvas Sneakers,2,2026-02-22 19:00,67.5,20080,United Kingdom
INV502044,TH-DRESS,Summer Dress,1,2025-08-20 15:00,90.5,20226,United Kingdom
INV505252,TH-SHOE,Canvas Sneakers,2,2026-04-10 13:00,57.05,20588,United Kingdom
INV502746,TH-SHIRT,Oxford Shirt,1,2026-06-21 08:00,34.78,20302,United Kingdom
INV505925,TH-HOOD,Fleece Hoodie,1,2026-01-15 16:00,73.45,20666,United Kingdom
INV503465,TH-SHIRT,Oxford Shirt,3,2025-05-22 08:00,63.62,20382,United Kingdom
INV501762,TH-DRESS,Summer Dress,1,2025-05-12 18:00,106.1,20196,United Kingdom
INV503838,TH-JEAN,Slim Fit Jeans,1,2026-01-11 10:00,68.3,20431,United Kingdom
INV503454,TH-HOOD,Fleece Hoodie,1,2026-01-15 11:00,61.68,20382,United Kingdom
INV505959,TH-SHOE,Canvas Sneakers,1,2025-08-13 09:00,62.0,20669,United Kingdom
INV506046,TH-TSHIRT,Cotton Crew T-Shirt,3,2025-05-26 18:00,23.36,20678,United Kingdom
INV501387,TH-SHOE,Canvas Sneakers,1,2026-02-07 15:00,33.4,20154,United Kingdom
INV501933,TH-DRESS,Summer Dress,2,2025-07-02 16:00,78.37,20214,United Kingdom
INV501702,TH-SHIRT,Oxford Shirt,2,2025-05-17 20:00,45.95,20191,United Kingdom
INV504438,TH-JACK,Denim Jacket,1,2026-04-22 20:00,86.81,20498,United Kingdom
INV503751,TH-JEAN,Slim Fit Jeans,2,2025-06-30 14:00,74.49,20419,United Kingdom
INV500560,TH-TSHIRT,Cotton Crew T-Shirt,2,2025-09-06 17:00,17.69,20063,United Kingdom
INV501531,TH-DRESS,Summer Dress,2,2025-09-19 19:00,44.17,20170,United Kingdom
INV501877,TH-HOOD,Fleece Hoodie,2,2025-07-27 16:00,48.58,20209,United Kingdom
INV501487,TH-JEAN,Slim Fit Jeans,3,2026-06-29 13:00,92.49,20166,United Kingdom
INV505943,TH-SHOE,Canvas Sneakers,3,2025-07-21 09:00,71.05,20668,United Kingdom
INV505831,TH-DRESS,Summer Dress,1,2025-07-09 12:00,92.49,20656,United Kingdom
INV500523,TH-TSHIRT,Cotton Crew T-Shirt,1,2025-07-26 10:00,15.56,20060,United Kingdom
INV503316,TH-JEAN,Slim Fit Jeans,2,2025-12-31 08:00,84.7,20367,United Kingdom
INV506086,TH-TSHIRT,Cotton Crew T-Shirt,2,2026-02-04 13:00,27.72,20682,United Kingdom
INV502944,TH-DRESS,Summer Dress,2,2025-07-17 18:00,89.53,20328,United Kingdom
INV502079,TH-DRESS,Summer Dress,2,2025-11-05 20:00,54.15,20231,United Kingdom
INV500187,TH-TSHIRT,Cotton Crew T-Shirt,3,2026-01-05 19:00,22.44,20022,United Kingdom
INV500358,TH-SHOE,Canvas Sneakers,1,2026-02-06 12:00,44.15,20042,United Kingdom
INV505515,TH-HOOD,Fleece Hoodie,1,2026-05-21 09:00,51.26,20620,United Kingdom
INV501377,TH-DRESS,Summer Dress,2,2025-12-04 10:00,54.63,20153,United Kingdom
INV505423,TH-CAP,Logo Cap,2,2026-01-13 20:00,27.89,20610,United Kingdom
INV503293,TH-SHIRT,Oxford Shirt,1,2025-05-16 12:00,44.17,20365,United Kingdom
INV503158,TH-JACK,Denim Jacket,3,2026-07-07 13:00,101.53,20348,United Kingdom
INV500624,TH-JEAN,Slim Fit Jeans,2,2026-02-07 18:00,82.97,20070,United Kingdom
INV500470,TH-DRESS,Summer Dress,1,2025-12-12 08:00,67.18,20054,United Kingdom
INV503964,TH-SHIRT,Oxford Shirt,2,2025-06-14 12:00,72.15,20443,United Kingdom
INV503947,TH-SHIRT,Oxford Shirt,3,2025-11-27 09:00,73.1,20443,United Kingdom
INV506044,TH-HOOD,Fleece Hoodie,1,2026-01-07 20:00,73.02,20678,United Kingdom
INV503077,TH-HOOD,Fleece Hoodie,2,2025-06-19 20:00,30.16,20339,United Kingdom
INV502090,TH-TSHIRT,Cotton Crew T-Shirt,1,2026-01-02 08:00,13.56,20232,United Kingdom
INV501420,TH-SHOE,Canvas Sneakers,1,2026-01-16 17:00,63.28,20159,United Kingdom
INV502397,TH-SHOE,Canvas Sneakers,3,2025-06-09 12:00,76.57,20263,United Kingdom
INV503836,TH-HOOD,Fleece Hoodie,2,2025-06-26 14:00,53.57,20431,United Kingdom
INV501822,TH-JACK,Denim Jacket,1,2026-03-28 18:00,115.84,20202,United Kingdom
INV503865,TH-JACK,Denim Jacket,3,2025-11-11 08:00,98.68,20434,United Kingdom
INV501789,TH-SHIRT,Oxford Shirt,2,2025-09-26 20:00,46.08,20199,United Kingdom
INV502234,TH-HOOD,Fleece Hoodie,2,2025-09-04 18:00,52.74,20247,United Kingdom
INV503102,TH-DRESS,Summer Dress,3,2026-04-15 08:00,79.18,20341,United Kingdom
INV500660,TH-HOOD,Fleece Hoodie,3,2025-10-24 16:00,57.84,20073,United Kingdom
INV503388,TH-CAP,Logo Cap,1,2026-06-29 11:00,22.96,20375,United Kingdom
INV502221,TH-SHOE,Canvas Sneakers,1,2026-06-08 16:00,55.02,20246,United Kingdom
INV504015,TH-JEAN,Slim Fit Jeans,2,2026-03-19 14:00,92.21,20448,United Kingdom
INV505921,TH-DRESS,Summer Dress,1,2025-09-08 19:00,105.82,20666,United Kingdom
INV505059,TH-SHOE,Canvas Sneakers,2,2026-07-09 12:00,74.0,20568,United Kingdom
INV503202,TH-CAP,Logo Cap,3,2025-11-15 18:00,22.9,20353,United Kingdom
INV501612,TH-CAP,Logo Cap,1,2025-11-15 20:00,13.17,20178,United Kingdom
INV502422,TH-SHOE,Canvas Sneakers,1,2026-05-19 12:00,39.27,20266,United Kingdom
INV501147,TH-CAP,Logo Cap,2,2025-10-14 16:00,16.84,20127,United Kingdom
INV501556,TH-DRESS,Summer Dress,3,2025-12-26 15:00,90.33,20173,United Kingdom
INV506091,TH-DRESS,Summer Dress,1,2025-10-23 16:00,94.18,20682,United Kingdom
INV503953,TH-JACK,Denim Jacket,3,2025-05-28 12:00,136.91,20443,United Kingdom
INV503638,TH-JEAN,Slim Fit Jeans,2,2025-07-16 14:00,35.85,20404,United Kingdom
INV505130,TH-HOOD,Fleece Hoodie,2,2026-02-21 14:00,54.12,20574,United Kingdom
INV503669,TH-HOOD,Fleece Hoodie,3,2025-12-10 10:00,74.18,20407,United Kingdom
INV504391,TH-CAP,Logo Cap,2,2025-09-04 12:00,30.36,20491,United Kingdom
INV505377,TH-SHIRT,Oxford Shirt,2,2026-01-04 18:00,45.07,20605,United Kingdom
INV501162,TH-HOOD,Fleece Hoodie,2,2026-06-01 08:00,58.78,20129,United Kingdom
INV502736,TH-SHOE,Canvas Sneakers,1,2025-09-18 11:00,72.24,20301,United Kingdom
INV505554,TH-HOOD,Fleece Hoodie,2,2026-06-13 11:00,63.81,20626,United Kingdom
INV505503,TH-JEAN,Slim Fit Jeans,2,2026-06-01 11:00,34.25,20619,United Kingdom
INV502268,TH-HOOD,Fleece Hoodie,2,2025-10-08 13:00,70.62,20251,United Kingdom
INV503714,TH-SHIRT,Oxford Shirt,2,2026-03-28 13:00,59.47,20414,United Kingdom
INV503611,TH-SHOE,Canvas Sneakers,3,2026-01-31 09:00,58.57,20399,United Kingdom
INV501451,TH-CAP,Logo Cap,2,2026-04-07 13:00,14.75,20162,United Kingdom
INV501339,TH-CAP,Logo Cap,3,2025-12-27 11:00,24.68,20149,United Kingdom
INV506126,TH-JEAN,Slim Fit Jeans,3,2026-04-25 12:00,88.78,20685,United Kingdom
INV505208,TH-CAP,Logo Cap,1,2025-11-11 10:00,20.55,20583,United Kingdom
INV505748,TH-SHOE,Canvas Sneakers,1,2026-03-08 09:00,76.54,20647,United Kingdom
INV504084,TH-SHIRT,Oxford Shirt,1,2025-10-07 09:00,29.97,20458,United Kingdom
INV500892,TH-JACK,Denim Jacket,3,2026-01-04 08:00,90.79,20099,United Kingdom
INV501141,TH-DRESS,Summer Dress,1,2025-06-23 10:00,89.84,20126,United Kingdom
INV500452,TH-SHOE,Canvas Sneakers,1,2026-07-08 19:00,99.53,20052,United Kingdom
INV503979,TH-TSHIRT,Cotton Crew T-Shirt,2,2025-09-06 20:00,17.71,20444,United Kingdom
INV503419,TH-TSHIRT,Cotton Crew T-Shirt,2,2025-09-03 15:00,12.69,20379,United Kingdom
INV500631,TH-DRESS,Summer Dress,1,2026-06-01 12:00,91.69,20070,United Kingdom
INV504948,TH-TSHIRT,Cotton Crew T-Shirt,2,2026-02-09 19:00,16.39,20553,United Kingdom
INV500574,TH-JEAN,Slim Fit Jeans,1,2025-06-08 11:00,55.61,20065,United Kingdom
INV500380,TH-SHIRT,Oxford Shirt,1,2026-03-02 08:00,27.44,20045,United Kingdom
INV505704,TH-SHIRT,Oxford Shirt,3,2025-12-26 14:00,46.02,20643,United Kingdom
INV502309,TH-SHIRT,Oxford Shirt,2,2026-06-21 11:00,34.78,20255,United Kingdom
INV502082,TH-TSHIRT,Cotton Crew T-Shirt,2,2025-12-17 10:00,15.33,20231,United Kingdom
INV502838,TH-HOOD,Fleece Hoodie,2,2026-04-05 11:00,58.76,20313,United Kingdom
INV505117,TH-SHIRT,Oxford Shirt,1,2025-10-16 13:00,43.59,20573,United Kingdom
INV504600,TH-DRESS,Summer Dress,1,2025-12-23 20:00,31.79,20516,United Kingdom
INV504801,TH-SHIRT,Oxford Shirt,3,2026-05-21 09:00,66.81,20539,United Kingdom
INV502999,TH-TSHIRT,Cotton Crew T-Shirt,1,2025-07-02 20:00,23.24,20333,United Kingdom
INV506057,TH-JACK,Denim Jacket,2,2025-10-12 08:00,78.99,20680,United Kingdom
INV504017,TH-TSHIRT,Cotton Crew T-Shirt,2,2025-08-30 09:00,27.76,20448,United Kingdom
INV504252,TH-JACK,Denim Jacket,2,2025-12-21 18:00,106.57,20479,United Kingdom
INV500173,TH-DRESS,Summer Dress,3,2025-05-16 14:00,84.33,20021,United Kingdom
INV505474,TH-JACK,Denim Jacket,1,2026-03-08 13:00,94.01,20616,United Kingdom
INV505488,TH-CAP,Logo Cap,3,2026-03-28 11:00,22.73,20617,United Kingdom
INV502162,TH-DRESS,Summer Dress,1,2025-10-01 17:00,51.8,20238,United Kingdom
INV503052,TH-DRESS,Summer Dress,3,2025-06-09 15:00,90.03,20337,United Kingdom
INV504083,TH-TSHIRT,Cotton Crew T-Shirt,1,2026-02-06 17:00,13.86,20458,United Kingdom
INV501746,TH-JACK,Denim Jacket,2,2025-11-22 15:00,83.82,20195,United Kingdom
INV503823,TH-TSHIRT,Cotton Crew T-Shirt,1,2025-10-20 17:00,18.83,20430,United Kingdom
INV500477,TH-JEAN,Slim Fit Jeans,2,2025-12-22 15:00,34.95,20055,United Kingdom
INV500514,TH-TSHIRT,Cotton Crew T-Shirt,3,2026-01-12 12:00,24.68,20058,United Kingdom
INV504464,TH-JEAN,Slim Fit Jeans,3,2026-05-08 14:00,89.65,20501,United Kingdom
INV500857,TH-SHIRT,Oxford Shirt,3,2025-06-12 15:00,43.63,20094,United Kingdom
INV502658,TH-SHOE,Canvas Sneakers,1,2025-11-04 14:00,53.43,20292,United Kingdom
INV500537,TH-DRESS,Summer Dress,2,2025-10-29 09:00,100.86,20061,United Kingdom
INV501124,TH-CAP,Logo Cap,1,2025-11-17 09:00,11.83,20125,United Kingdom
INV500963,TH-DRESS,Summer Dress,1,2026-02-18 12:00,66.35,20105,United Kingdom
INV506015,TH-SHIRT,Oxford Shirt,1,2026-01-07 20:00,64.81,20675,United Kingdom
INV503201,TH-TSHIRT,Cotton Crew T-Shirt,1,2026-03-30 10:00,22.28,20353,United Kingdom
INV502398,TH-TSHIRT,Cotton Crew T-Shirt,2,2026-05-31 17:00,26.84,20263,United Kingdom
INV502863,TH-JEAN,Slim Fit Jeans,1,2025-12-03 17:00,75.86,20315,United Kingdom
INV505718,TH-SHOE,Canvas Sneakers,2,2025-05-12 18:00,76.62,20644,United Kingdom
INV506257,TH-CAP,Logo Cap,3,2025-11-25 17:00,22.06,20699,United Kingdom
INV504315,TH-JEAN,Slim Fit Jeans,1,2025-12-23 10:00,66.75,20485,United Kingdom
INV501960,TH-JACK,Denim Jacket,2,2025-06-13 16:00,108.0,20218,United Kingdom
INV505777,TH-SHIRT,Oxford Shirt,2,2025-07-15 10:00,44.21,20650,United Kingdom
INV502972,TH-TSHIRT,Cotton Crew T-Shirt,2,2025-11-17 09:00,17.83,20331,United Kingdom
INV502901,TH-DRESS,Summer Dress,2,2025-11-13 18:00,54.98,20321,United Kingdom
INV505118,TH-JACK,Denim Jacket,2,2025-05-16 09:00,75.35,20573,United Kingdom
INV503617,TH-SHIRT,Oxford Shirt,2,2026-02-25 18:00,33.1,20400,United Kingdom
INV502292,TH-JACK,Denim Jacket,3,2025-10-23 11:00,101.8,20253,United Kingdom
INV505578,TH-TSHIRT,Cotton Crew T-Shirt,1,2026-03-01 19:00,21.15,20629,United Kingdom
INV500584,TH-TSHIRT,Cotton Crew T-Shirt,1,2026-07-12 17:00,22.33,20066,United Kingdom
INV506190,TH-TSHIRT,Cotton Crew T-Shirt,2,2026-01-02 09:00,19.18,20691,United Kingdom
INV500862,TH-DRESS,Summer Dress,1,2026-06-16 20:00,87.88,20095,United Kingdom
INV504660,TH-JEAN,Slim Fit Jeans,1,2026-07-04 18:00,60.72,20523,United Kingdom
INV506010,TH-TSHIRT,Cotton Crew T-Shirt,1,2025-11-25 08:00,26.42,20675,United Kingdom
INV504442,TH-DRESS,Summer Dress,3,2026-04-12 13:00,73.37,20498,United Kingdom
INV502124,TH-HOOD,Fleece Hoodie,1,2026-06-18 09:00,61.73,20234,United Kingdom
INV501021,TH-JEAN,Slim Fit Jeans,3,2026-02-10 20:00,87.03,20111,United Kingdom
INV502632,TH-SHOE,Canvas Sneakers,1,2026-01-03 15:00,77.81,20290,United Kingdom
INV500116,TH-JACK,Denim Jacket,1,2025-05-20 20:00,70.87,20015,United Kingdom
INV504934,TH-DRESS,Summer Dress,2,2025-06-15 20:00,65.52,20552,United Kingdom
INV501405,TH-SHOE,Canvas Sneakers,2,2026-04-23 19:00,58.85,20157,United Kingdom
INV501966,TH-JEAN,Slim Fit Jeans,3,2026-01-19 20:00,88.15,20219,United Kingdom
INV500007,TH-SHOE,Canvas Sneakers,2,2025-09-12 09:00,62.56,20002,United Kingdom
INV503511,TH-JEAN,Slim Fit Jeans,1,2026-05-30 12:00,73.07,20386,United Kingdom
INV500556,TH-DRESS,Summer Dress,1,2026-05-25 19:00,71.29,20063,United Kingdom
INV500659,TH-JACK,Denim Jacket,2,2026-04-21 17:00,93.24,20073,United Kingdom
INV505078,TH-JEAN,Slim Fit Jeans,1,2025-09-09 17:00,59.3,20569,United Kingdom
INV501074,TH-TSHIRT,Cotton Crew T-Shirt,2,2026-02-27 20:00,22.13,20115,United Kingdom
INV502525,TH-JACK,Denim Jacket,3,2025-06-01 15:00,101.12,20279,United Kingdom
INV504513,TH-SHOE,Canvas Sneakers,1,2026-03-30 13:00,71.85,20506,United Kingdom
INV503469,TH-DRESS,Summer Dress,1,2026-04-09 19:00,89.68,20382,United Kingdom
INV504310,TH-JEAN,Slim Fit Jeans,3,2025-06-09 11:00,68.85,20485,United Kingdom
INV500927,TH-TSHIRT,Cotton Crew T-Shirt,1,2026-03-21 14:00,19.77,20102,United Kingdom
INV503678,TH-DRESS,Summer Dress,1,2026-01-28 11:00,76.77,20409,United Kingdom
INV505104,TH-SHOE,Canvas Sneakers,2,2026-04-05 13:00,43.54,20572,United Kingdom
INV504122,TH-DRESS,Summer Dress,1,2026-04-29 17:00,62.38,20463,United Kingdom
INV503995,TH-SHOE,Canvas Sneakers,1,2026-01-22 17:00,52.64,20446,United Kingdom
INV502612,TH-JACK,Denim Jacket,2,2026-02-14 12:00,115.5,20289,United Kingdom
INV501163,TH-HOOD,Fleece Hoodie,1,2025-10-31 20:00,64.77,20129,United Kingdom
INV501255,TH-HOOD,Fleece Hoodie,2,2026-04-22 15:00,56.33,20141,United Kingdom
INV500135,TH-SHOE,Canvas Sneakers,2,2025-12-28 16:00,72.64,20017,United Kingdom
INV502054,TH-SHIRT,Oxford Shirt,2,2026-06-15 12:00,37.82,20227,United Kingdom
INV505885,TH-SHOE,Canvas Sneakers,1,2026-01-03 17:00,54.94,20662,United Kingdom
INV504049,TH-SHIRT,Oxford Shirt,1,2025-08-16 13:00,48.1,20453,United Kingdom
INV505936,TH-HOOD,Fleece Hoodie,3,2025-06-20 17:00,62.6,20668,United Kingdom
INV505613,TH-CAP,Logo Cap,3,2025-05-25 19:00,25.2,20633,United Kingdom
INV504323,TH-TSHIRT,Cotton Crew T-Shirt,3,2025-12-06 11:00,20.61,20486,United Kingdom
INV501385,TH-SHOE,Canvas Sneakers,2,2025-10-24 16:00,35.71,20154,United Kingdom
INV502116,TH-HOOD,Fleece Hoodie,3,2026-06-06 18:00,63.41,20234,United Kingdom
INV502114,TH-DRESS,Summer Dress,2,2025-05-11 14:00,95.7,20234,United Kingdom
INV503456,TH-SHOE,Canvas Sneakers,1,2026-04-03 17:00,78.67,20382,United Kingdom
INV500666,TH-DRESS,Summer Dress,2,2025-05-13 14:00,58.98,20074,United Kingdom
INV501274,TH-JACK,Denim Jacket,3,2025-11-13 15:00,127.29,20143,United Kingdom
INV501799,TH-HOOD,Fleece Hoodie,2,2025-08-08 16:00,26.88,20200,United Kingdom
INV503342,TH-DRESS,Summer Dress,1,2025-06-02 08:00,64.58,20369,United Kingdom
INV502653,TH-DRESS,Summer Dress,1,2026-06-05 08:00,69.83,20292,United Kingdom
INV501061,TH-HOOD,Fleece Hoodie,1,2026-03-21 09:00,55.82,20114,United Kingdom
INV503196,TH-JACK,Denim Jacket,3,2025-12-28 20:00,111.96,20353,United Kingdom
INV501221,TH-DRESS,Summer Dress,1,2025-12-31 20:00,80.75,20138,United Kingdom
INV502644,TH-SHOE,Canvas Sneakers,2,2025-12-29 10:00,50.66,20292,United Kingdom
INV503946,TH-TSHIRT,Cotton Crew T-Shirt,2,2026-03-07 11:00,22.49,20442,United Kingdom
INV500548,TH-DRESS,Summer Dress,2,2026-01-25 19:00,58.32,20062,United Kingdom
INV503824,TH-SHOE,Canvas Sneakers,1,2026-03-25 09:00,54.54,20430,United Kingdom
INV501586,TH-DRESS,Summer Dress,1,2025-12-02 17:00,58.46,20176,United Kingdom
INV503205,TH-HOOD,Fleece Hoodie,2,2025-10-25 11:00,51.46,20354,United Kingdom
INV503409,TH-JEAN,Slim Fit Jeans,1,2025-08-31 08:00,78.57,20377,United Kingdom
INV501747,TH-CAP,Logo Cap,1,2026-06-06 13:00,16.52,20195,United Kingdom
INV500312,TH-JACK,Denim Jacket,2,2026-07-07 13:00,100.2,20036,United Kingdom
INV505415,TH-HOOD,Fleece Hoodie,3,2025-09-17 15:00,64.14,20610,United Kingdom
INV501282,TH-SHOE,Canvas Sneakers,3,2026-01-16 16:00,75.76,20143,United Kingdom
INV505517,TH-SHIRT,Oxford Shirt,1,2025-09-26 18:00,50.9,20620,United Kingdom
INV500586,TH-SHIRT,Oxford Shirt,3,2025-08-31 13:00,45.13,20066,United Kingdom
INV503644,TH-TSHIRT,Cotton Crew T-Shirt,3,2026-01-17 09:00,23.2,20405,United Kingdom
INV500945,TH-TSHIRT,Cotton Crew T-Shirt,2,2026-01-13 13:00,28.25,20104,United Kingdom
INV502953,TH-HOOD,Fleece Hoodie,3,2025-06-27 19:00,61.13,20328,United Kingdom
INV500302,TH-SHIRT,Oxford Shirt,1,2025-08-05 13:00,50.79,20036,United Kingdom
INV501479,TH-TSHIRT,Cotton Crew T-Shirt,1,2026-02-04 09:00,18.04,20165,United Kingdom
INV501467,TH-JEAN,Slim Fit Jeans,1,2025-07-09 17:00,57.74,20163,United Kingdom
INV501038,TH-HOOD,Fleece Hoodie,2,2025-05-31 16:00,56.73,20112,United Kingdom
INV504870,TH-SHOE,Canvas Sneakers,2,2026-06-18 15:00,56.84,20545,United Kingdom
INV505228,TH-SHOE,Canvas Sneakers,1,2025-12-09 12:00,56.39,20585,United Kingdom
INV504247,TH-CAP,Logo Cap,2,2025-08-12 09:00,25.63,20479,United Kingdom
INV500318,TH-JEAN,Slim Fit Jeans,2,2026-02-24 17:00,72.41,20037,United Kingdom
INV501967,TH-JACK,Denim Jacket,1,2025-09-20 13:00,118.9,20219,United Kingdom
INV505290,TH-DRESS,Summer Dress,2,2026-06-02 16:00,62.91,20595,United Kingdom
INV503197,TH-JEAN,Slim Fit Jeans,1,2026-03-24 14:00,79.31,20353,United Kingdom
INV501537,TH-HOOD,Fleece Hoodie,3,2026-04-15 10:00,73.86,20172,United Kingdom
INV501682,TH-JACK,Denim Jacket,1,2026-06-23 16:00,106.91,20186,United Kingdom
INV502399,TH-DRESS,Summer Dress,1,2026-01-30 10:00,83.98,20263,United Kingdom
INV502213,TH-SHIRT,Oxford Shirt,2,2025-10-19 10:00,46.49,20245,United Kingdom
INV501994,TH-DRESS,Summer Dress,2,2025-07-04 12:00,51.78,20222,United Kingdom
INV503994,TH-DRESS,Summer Dress,2,2025-09-08 15:00,54.95,20446,United Kingdom
INV503562,TH-SHOE,Canvas Sneakers,3,2026-01-28 10:00,73.4,20394,United Kingdom
INV500315,TH-DRESS,Summer Dress,3,2026-04-17 10:00,77.78,20037,United Kingdom
INV504619,TH-JACK,Denim Jacket,2,2025-10-06 17:00,65.97,20519,United Kingdom
INV500781,TH-JACK,Denim Jacket,2,2026-05-14 13:00,78.22,20086,United Kingdom
INV503444,TH-JEAN,Slim Fit Jeans,1,2026-05-15 18:00,61.55,20381,United Kingdom
INV505699,TH-DRESS,Summer Dress,2,2025-11-03 09:00,86.83,20643,United Kingdom
INV504260,TH-DRESS,Summer Dress,2,2026-02-16 11:00,75.34,20480,United Kingdom
INV504301,TH-JACK,Denim Jacket,2,2025-09-06 10:00,101.64,20484,United Kingdom
INV504457,TH-SHIRT,Oxford Shirt,1,2026-01-30 14:00,41.93,20500,United Kingdom
INV503410,TH-TSHIRT,Cotton Crew T-Shirt,3,2026-03-04 19:00,19.77,20377,United Kingdom
INV501844,TH-CAP,Logo Cap,1,2025-06-04 20:00,13.85,20204,United Kingdom
INV504699,TH-HOOD,Fleece Hoodie,1,2026-06-12 17:00,52.21,20529,United Kingdom
INV500688,TH-JEAN,Slim Fit Jeans,1,2026-06-23 12:00,59.02,20077,United Kingdom
INV502274,TH-DRESS,Summer Dress,3,2025-11-17 09:00,99.36,20251,United Kingdom
INV502650,TH-JACK,Denim Jacket,2,2025-09-28 20:00,85.51,20292,United Kingdom
INV501524,TH-JACK,Denim Jacket,2,2025-09-04 13:00,53.98,20169,United Kingdom
INV501488,TH-HOOD,Fleece Hoodie,1,2026-01-16 08:00,66.16,20166,United Kingdom
INV505000,TH-CAP,Logo Cap,1,2025-11-04 14:00,25.22,20561,United Kingdom
INV504129,TH-HOOD,Fleece Hoodie,1,2026-04-04 09:00,61.13,20464,United Kingdom
INV504522,TH-SHOE,Canvas Sneakers,3,2026-04-29 10:00,71.42,20506,United Kingdom
INV503799,TH-CAP,Logo Cap,2,2025-12-31 12:00,11.49,20427,United Kingdom
INV500183,TH-SHOE,Canvas Sneakers,1,2025-12-03 20:00,75.88,20022,United Kingdom
INV504108,TH-TSHIRT,Cotton Crew T-Shirt,3,2026-01-03 09:00,24.53,20462,United Kingdom
INV505403,TH-SHOE,Canvas Sneakers,2,2026-02-01 10:00,46.61,20608,United Kingdom
INV502236,TH-SHOE,Canvas Sneakers,2,2026-05-06 20:00,61.2,20247,United Kingdom
INV505716,TH-DRESS,Summer Dress,1,2025-12-27 13:00,81.14,20644,United Kingdom
INV504566,TH-JACK,Denim Jacket,3,2026-03-09 19:00,110.38,20512,United Kingdom
INV502565,TH-TSHIRT,Cotton Crew T-Shirt,2,2025-05-23 14:00,15.33,20283,United Kingdom
INV505254,TH-SHOE,Canvas Sneakers,3,2026-01-11 19:00,63.1,20588,United Kingdom
INV505348,TH-JEAN,Slim Fit Jeans,3,2026-04-07 14:00,69.48,20602,United Kingdom
INV504663,TH-JEAN,Slim Fit Jeans,2,2026-02-25 08:00,66.79,20524,United Kingdom
INV500302,TH-SHOE,Canvas Sneakers,1,2025-08-05 13:00,66.8,20036,United Kingdom
INV504834,TH-HOOD,Fleece Hoodie,2,2025-11-21 14:00,64.1,20542,United Kingdom
INV505807,TH-CAP,Logo Cap,1,2025-11-23 20:00,14.16,20654,United Kingdom
INV501273,TH-HOOD,Fleece Hoodie,3,2025-12-08 17:00,63.9,20143,United Kingdom
INV503835,TH-DRESS,Summer Dress,1,2025-09-17 17:00,78.06,20431,United Kingdom
INV504837,TH-SHIRT,Oxford Shirt,3,2026-07-07 14:00,51.16,20542,United Kingdom
INV500065,TH-JACK,Denim Jacket,2,2025-10-04 15:00,58.36,20008,United Kingdom
INV500452,TH-CAP,Logo Cap,3,2026-07-08 19:00,35.19,20052,United Kingdom
INV503541,TH-JEAN,Slim Fit Jeans,2,2025-06-19 09:00,53.12,20391,United Kingdom
INV503583,TH-SHOE,Canvas Sneakers,1,2026-04-13 20:00,59.11,20396,United Kingdom
INV502706,TH-SHOE,Canvas Sneakers,1,2026-06-03 08:00,67.76,20298,United Kingdom
INV505020,TH-CAP,Logo Cap,2,2026-02-23 08:00,25.35,20564,United Kingdom
INV500493,TH-TSHIRT,Cotton Crew T-Shirt,2,2025-05-17 14:00,18.13,20057,United Kingdom
INV500511,TH-HOOD,Fleece Hoodie,1,2026-05-27 11:00,69.26,20058,United Kingdom
INV504767,TH-JEAN,Slim Fit Jeans,2,2026-06-25 14:00,84.21,20536,United Kingdom
INV501302,TH-DRESS,Summer Dress,1,2025-09-30 14:00,49.96,20145,United Kingdom
INV503745,TH-HOOD,Fleece Hoodie,3,2026-01-26 09:00,64.58,20419,United Kingdom
INV505832,TH-TSHIRT,Cotton Crew T-Shirt,1,2026-01-30 20:00,22.68,20656,United Kingdom
INV502136,TH-DRESS,Summer Dress,1,2026-01-07 13:00,47.58,20235,United Kingdom
INV505064,TH-SHIRT,Oxford Shirt,3,2025-10-04 19:00,58.7,20568,United Kingdom
INV501911,TH-HOOD,Fleece Hoodie,2,2026-02-11 11:00,45.3,20213,United Kingdom
INV505370,TH-HOOD,Fleece Hoodie,1,2025-09-11 16:00,48.33,20605,United Kingdom
INV500021,TH-CAP,Logo Cap,1,2025-06-26 19:00,14.47,20003,United Kingdom
INV501256,TH-SHOE,Canvas Sneakers,2,2026-03-10 12:00,66.41,20142,United Kingdom
INV501872,TH-HOOD,Fleece Hoodie,2,2025-05-28 17:00,41.62,20208,United Kingdom
INV503311,TH-JACK,Denim Jacket,2,2026-02-18 14:00,85.75,20366,United Kingdom
INV501785,TH-JACK,Denim Jacket,3,2025-10-29 19:00,114.23,20198,United Kingdom
INV504732,TH-TSHIRT,Cotton Crew T-Shirt,1,2026-04-01 15:00,23.18,20532,United Kingdom
INV504953,TH-TSHIRT,Cotton Crew T-Shirt,2,2026-06-16 10:00,10.83,20554,United Kingdom
INV503022,TH-TSHIRT,Cotton Crew T-Shirt,2,2025-07-28 13:00,24.98,20335,United Kingdom
INV502602,TH-SHOE,Canvas Sneakers,1,2025-12-09 10:00,37.56,20288,United Kingdom
INV503432,TH-TSHIRT,Cotton Crew T-Shirt,1,2025-06-03 13:00,24.76,20380,United Kingdom
INV504836,TH-SHOE,Canvas Sneakers,1,2025-07-07 13:00,65.91,20542,United Kingdom
INV503071,TH-TSHIRT,Cotton Crew T-Shirt,2,2026-02-20 14:00,19.9,20338,United Kingdom
INV501932,TH-SHIRT,Oxford Shirt,1,2025-08-10 20:00,51.27,20214,United Kingdom
INV502692,TH-JEAN,Slim Fit Jeans,1,2026-06-18 19:00,49.71,20297,United Kingdom
INV504650,TH-SHIRT,Oxford Shirt,1,2026-05-07 10:00,58.2,20522,United Kingdom
INV501665,TH-CAP,Logo Cap,1,2026-04-23 18:00,13.01,20185,United Kingdom
INV503085,TH-HOOD,Fleece Hoodie,1,2026-02-08 15:00,62.53,20340,United Kingdom
INV501651,TH-JACK,Denim Jacket,2,2026-06-18 10:00,65.13,20183,United Kingdom
INV503460,TH-TSHIRT,Cotton Crew T-Shirt,2,2026-05-15 15:00,26.34,20382,United Kingdom
INV506227,TH-CAP,Logo Cap,1,2025-05-16 11:00,11.73,20695,United Kingdom
INV504390,TH-SHOE,Canvas Sneakers,1,2025-10-03 08:00,86.51,20491,United Kingdom
INV502364,TH-SHOE,Canvas Sneakers,2,2026-04-24 09:00,45.33,20259,United Kingdom
INV503294,TH-DRESS,Summer Dress,2,2026-07-02 14:00,72.93,20365,United Kingdom
INV504360,TH-SHIRT,Oxford Shirt,2,2026-02-11 09:00,62.39,20489,United Kingdom
INV504708,TH-HOOD,Fleece Hoodie,1,2026-03-07 08:00,40.55,20530,United Kingdom
INV505864,TH-SHIRT,Oxford Shirt,3,2025-09-11 12:00,54.72,20660,United Kingdom
INV502636,TH-CAP,Logo Cap,2,2026-04-06 17:00,27.0,20290,United Kingdom
INV503120,TH-CAP,Logo Cap,2,2025-12-23 19:00,25.03,20343,United Kingdom
INV502366,TH-HOOD,Fleece Hoodie,2,2026-05-05 20:00,37.32,20259,United Kingdom
INV502978,TH-JACK,Denim Jacket,2,2026-03-08 08:00,80.12,20331,United Kingdom
INV501241,TH-HOOD,Fleece Hoodie,1,2026-01-16 17:00,27.32,20140,United Kingdom
INV503828,TH-JACK,Denim Jacket,1,2025-12-10 16:00,81.63,20430,United Kingdom
INV502656,TH-SHIRT,Oxford Shirt,2,2026-01-09 08:00,44.66,20292,United Kingdom
INV502639,TH-SHIRT,Oxford Shirt,2,2025-05-17 12:00,58.51,20290,United Kingdom
INV503881,TH-CAP,Logo Cap,2,2026-02-02 15:00,32.66,20435,United Kingdom
INV501765,TH-TSHIRT,Cotton Crew T-Shirt,1,2026-04-28 20:00,26.3,20196,United Kingdom
INV504150,TH-JACK,Denim Jacket,1,2026-05-04 15:00,87.61,20465,United Kingdom
INV504114,TH-HOOD,Fleece Hoodie,2,2025-12-02 18:00,62.26,20462,United Kingdom
INV502735,TH-JEAN,Slim Fit Jeans,2,2026-03-02 11:00,74.46,20301,United Kingdom
INV505378,TH-SHOE,Canvas Sneakers,2,2025-06-05 12:00,56.22,20605,United Kingdom
INV503910,TH-HOOD,Fleece Hoodie,2,2026-01-13 13:00,53.0,20440,United Kingdom
INV501293,TH-SHIRT,Oxford Shirt,3,2026-01-19 08:00,50.63,20144,United Kingdom
INV502864,TH-HOOD,Fleece Hoodie,1,2026-03-23 19:00,42.39,20316,United Kingdom
INV500998,TH-SHIRT,Oxford Shirt,2,2025-05-21 20:00,40.02,20110,United Kingdom
INV504329,TH-JACK,Denim Jacket,1,2025-05-16 09:00,96.29,20486,United Kingdom
INV506045,TH-JEAN,Slim Fit Jeans,2,2026-02-28 15:00,78.75,20678,United Kingdom
INV502706,TH-HOOD,Fleece Hoodie,1,2026-06-03 08:00,59.5,20298,United Kingdom
INV504623,TH-JACK,Denim Jacket,2,2025-09-07 14:00,67.24,20519,United Kingdom
INV502102,TH-HOOD,Fleece Hoodie,2,2025-12-22 18:00,55.19,20233,United Kingdom
INV500882,TH-SHIRT,Oxford Shirt,1,2025-06-17 15:00,52.43,20097,United Kingdom
INV502099,TH-TSHIRT,Cotton Crew T-Shirt,1,2025-05-27 16:00,22.16,20233,United Kingdom
INV505924,TH-JACK,Denim Jacket,3,2026-06-23 20:00,120.43,20666,United Kingdom
INV503999,TH-CAP,Logo Cap,1,2026-01-02 18:00,18.96,20447,United Kingdom
INV505502,TH-SHOE,Canvas Sneakers,1,2026-02-15 17:00,34.47,20619,United Kingdom
INV505712,TH-CAP,Logo Cap,3,2026-03-17 14:00,23.87,20644,United Kingdom
INV501454,TH-JEAN,Slim Fit Jeans,2,2025-07-14 20:00,46.44,20162,United Kingdom
INV505480,TH-JACK,Denim Jacket,2,2026-05-24 15:00,109.95,20616,United Kingdom
INV505116,TH-JEAN,Slim Fit Jeans,2,2025-07-13 19:00,56.76,20573,United Kingdom
INV506012,TH-SHOE,Canvas Sneakers,2,2025-12-03 15:00,84.83,20675,United Kingdom
INV504130,TH-HOOD,Fleece Hoodie,1,2026-07-13 08:00,63.38,20464,United Kingdom
INV506024,TH-SHIRT,Oxford Shirt,3,2026-06-27 15:00,61.86,20675,United Kingdom
INV505558,TH-CAP,Logo Cap,3,2026-07-09 13:00,24.52,20626,United Kingdom
INV501042,TH-SHOE,Canvas Sneakers,1,2025-05-30 17:00,74.4,20112,United Kingdom
INV505099,TH-HOOD,Fleece Hoodie,2,2025-08-19 20:00,40.91,20572,United Kingdom
INV505975,TH-TSHIRT,Cotton Crew T-Shirt,2,2025-07-21 10:00,16.05,20671,United Kingdom
INV503958,TH-TSHIRT,Cotton Crew T-Shirt,3,2025-08-13 13:00,30.19,20443,United Kingdom
INV504337,TH-SHIRT,Oxford Shirt,1,2025-09-19 20:00,34.86,20488,United Kingdom
INV503209,TH-DRESS,Summer Dress,2,2026-03-08 15:00,79.33,20354,United Kingdom
INV502472,TH-DRESS,Summer Dress,2,2026-05-18 19:00,65.42,20272,United Kingdom
INV505045,TH-SHOE,Canvas Sneakers,1,2026-01-31 11:00,60.68,20566,United Kingdom
INV504099,TH-HOOD,Fleece Hoodie,1,2026-04-24 11:00,41.68,20460,United Kingdom
INV502998,TH-SHIRT,Oxford Shirt,1,2026-05-08 12:00,49.45,20333,United Kingdom
INV504135,TH-HOOD,Fleece Hoodie,3,2025-05-19 14:00,70.74,20464,United Kingdom
INV501079,TH-SHOE,Canvas Sneakers,2,2025-10-31 13:00,35.34,20117,United Kingdom
INV504846,TH-SHIRT,Oxford Shirt,3,2026-01-12 20:00,58.72,20543,United Kingdom
INV500511,TH-TSHIRT,Cotton Crew T-Shirt,1,2026-05-27 11:00,24.05,20058,United Kingdom
INV503531,TH-SHOE,Canvas Sneakers,2,2025-06-13 12:00,48.81,20389,United Kingdom
INV500511,TH-CAP,Logo Cap,1,2026-05-27 11:00,23.76,20058,United Kingdom
INV504458,TH-DRESS,Summer Dress,2,2025-06-27 12:00,66.18,20500,United Kingdom
INV502647,TH-SHOE,Canvas Sneakers,2,2025-06-14 09:00,51.04,20292,United Kingdom
INV504712,TH-CAP,Logo Cap,2,2025-06-09 08:00,16.26,20530,United Kingdom
INV503099,TH-HOOD,Fleece Hoodie,3,2025-10-11 20:00,55.23,20341,United Kingdom
INV502368,TH-DRESS,Summer Dress,2,2025-07-07 14:00,44.58,20260,United Kingdom
INV503478,TH-TSHIRT,Cotton Crew T-Shirt,2,2025-06-06 10:00,14.64,20383,United Kingdom
INV503488,TH-SHIRT,Oxford Shirt,2,2025-09-19 14:00,40.75,20384,United Kingdom
INV500699,TH-TSHIRT,Cotton Crew T-Shirt,3,2025-12-05 14:00,20.37,20078,United Kingdom
INV501318,TH-SHIRT,Oxford Shirt,3,2026-05-14 11:00,53.35,20148,United Kingdom
INV504811,TH-DRESS,Summer Dress,1,2026-02-14 08:00,47.77,20540,United Kingdom
INV503538,TH-JACK,Denim Jacket,2,2025-05-13 20:00,57.81,20390,United Kingdom
INV504134,TH-SHOE,Canvas Sneakers,3,2026-05-29 17:00,77.55,20464,United Kingdom
INV500734,TH-SHIRT,Oxford Shirt,3,2025-10-28 12:00,49.48,20081,United Kingdom
INV500850,TH-JACK,Denim Jacket,1,2025-07-13 16:00,86.6,20094,United Kingdom
INV501813,TH-JACK,Denim Jacket,3,2025-06-23 16:00,116.89,20202,United Kingdom
INV503886,TH-JACK,Denim Jacket,1,2025-08-12 08:00,56.27,20436,United Kingdom
INV504141,TH-CAP,Logo Cap,1,2025-12-31 11:00,23.89,20465,United Kingdom
INV504862,TH-CAP,Logo Cap,1,2025-07-13 13:00,18.23,20544,United Kingdom
INV503613,TH-DRESS,Summer Dress,2,2026-06-11 19:00,52.38,20400,United Kingdom
INV502914,TH-CAP,Logo Cap,2,2026-07-05 19:00,16.03,20323,United Kingdom
INV505394,TH-CAP,Logo Cap,1,2026-05-27 13:00,18.03,20607,United Kingdom
INV502840,TH-SHOE,Canvas Sneakers,2,2026-07-13 08:00,78.32,20313,United Kingdom
INV505380,TH-SHOE,Canvas Sneakers,1,2026-05-25 09:00,39.59,20606,United Kingdom
INV501700,TH-CAP,Logo Cap,3,2026-01-06 14:00,23.6,20191,United Kingdom
INV501833,TH-HOOD,Fleece Hoodie,3,2025-06-18 08:00,58.84,20203,United Kingdom
INV503657,TH-TSHIRT,Cotton Crew T-Shirt,1,2025-08-06 14:00,15.97,20406,United Kingdom
INV504066,TH-CAP,Logo Cap,2,2025-12-14 14:00,15.98,20455,United Kingdom
INV502011,TH-JACK,Denim Jacket,2,2025-12-04 16:00,119.59,20223,United Kingdom
INV502883,TH-TSHIRT,Cotton Crew T-Shirt,3,2026-06-28 20:00,24.6,20318,United Kingdom
INV501375,TH-SHOE,Canvas Sneakers,2,2025-10-03 20:00,55.22,20152,United Kingdom
INV505991,TH-DRESS,Summer Dress,3,2025-07-11 19:00,79.2,20673,United Kingdom
INV505226,TH-HOOD,Fleece Hoodie,1,2025-11-05 12:00,45.48,20585,United Kingdom
INV504128,TH-DRESS,Summer Dress,1,2026-01-11 10:00,85.98,20464,United Kingdom
INV505277,TH-JEAN,Slim Fit Jeans,2,2025-09-04 16:00,42.8,20592,United Kingdom
INV500719,TH-JACK,Denim Jacket,2,2026-06-29 20:00,97.42,20080,United Kingdom
INV502785,TH-JEAN,Slim Fit Jeans,1,2025-06-13 16:00,55.5,20307,United Kingdom
INV505166,TH-HOOD,Fleece Hoodie,2,2025-07-19 19:00,37.38,20579,United Kingdom
INV500493,TH-CAP,Logo Cap,2,2025-05-17 14:00,18.59,20057,United Kingdom
INV501121,TH-SHIRT,Oxford Shirt,2,2026-02-15 18:00,24.95,20124,United Kingdom
INV501600,TH-DRESS,Summer Dress,2,2026-06-21 12:00,79.08,20177,United Kingdom
INV504784,TH-SHIRT,Oxford Shirt,1,2026-03-03 15:00,62.64,20537,United Kingdom
INV502020,TH-JACK,Denim Jacket,2,2025-12-23 09:00,75.55,20224,United Kingdom
INV501851,TH-HOOD,Fleece Hoodie,2,2025-10-12 18:00,36.65,20205,United Kingdom
INV505406,TH-CAP,Logo Cap,1,2025-10-08 08:00,21.06,20609,United Kingdom
INV502222,TH-HOOD,Fleece Hoodie,2,2026-02-13 20:00,48.69,20246,United Kingdom
INV502684,TH-CAP,Logo Cap,2,2026-07-09 20:00,18.71,20295,United Kingdom
INV504690,TH-SHIRT,Oxford Shirt,2,2025-10-30 19:00,34.66,20527,United Kingdom
INV504102,TH-DRESS,Summer Dress,2,2026-01-02 14:00,64.25,20460,United Kingdom
INV502988,TH-DRESS,Summer Dress,3,2026-01-30 18:00,76.76,20333,United Kingdom
INV504653,TH-SHIRT,Oxford Shirt,1,2025-11-20 18:00,54.23,20522,United Kingdom
INV503201,TH-HOOD,Fleece Hoodie,2,2026-03-30 10:00,54.67,20353,United Kingdom
INV503507,TH-JACK,Denim Jacket,1,2025-10-26 15:00,85.74,20386,United Kingdom
INV504822,TH-JACK,Denim Jacket,3,2026-01-07 18:00,93.3,20541,United Kingdom
INV501128,TH-JACK,Denim Jacket,1,2026-02-08 13:00,51.35,20125,United Kingdom
INV504374,TH-CAP,Logo Cap,1,2025-10-08 16:00,21.33,20490,United Kingdom
INV500728,TH-SHIRT,Oxford Shirt,1,2025-08-31 14:00,45.97,20081,United Kingdom
INV503884,TH-TSHIRT,Cotton Crew T-Shirt,3,2025-07-15 19:00,27.57,20435,United Kingdom
INV506131,TH-JACK,Denim Jacket,2,2025-05-18 17:00,122.65,20685,United Kingdom
INV505919,TH-JEAN,Slim Fit Jeans,1,2025-11-06 13:00,86.78,20666,United Kingdom
INV506217,TH-HOOD,Fleece Hoodie,1,2025-08-06 19:00,53.61,20694,United Kingdom
INV506123,TH-HOOD,Fleece Hoodie,2,2026-04-28 09:00,60.12,20685,United Kingdom
INV504896,TH-JEAN,Slim Fit Jeans,1,2025-06-22 08:00,65.12,20548,United Kingdom
INV504214,TH-SHOE,Canvas Sneakers,1,2025-08-26 17:00,61.73,20474,United Kingdom
INV500305,TH-HOOD,Fleece Hoodie,3,2025-08-05 18:00,59.52,20036,United Kingdom
INV501740,TH-JEAN,Slim Fit Jeans,3,2025-09-02 14:00,76.96,20194,United Kingdom
INV502631,TH-CAP,Logo Cap,2,2026-06-12 13:00,26.15,20290,United Kingdom
INV505482,TH-DRESS,Summer Dress,3,2025-09-16 09:00,78.49,20616,United Kingdom
INV503580,TH-HOOD,Fleece Hoodie,2,2025-09-27 19:00,37.79,20395,United Kingdom
INV503762,TH-TSHIRT,Cotton Crew T-Shirt,1,2026-02-01 20:00,20.6,20421,United Kingdom
INV504058,TH-HOOD,Fleece Hoodie,2,2026-05-12 15:00,45.63,20454,United Kingdom
INV505130,TH-JACK,Denim Jacket,1,2026-02-21 14:00,90.78,20574,United Kingdom
INV505229,TH-TSHIRT,Cotton Crew T-Shirt,1,2025-10-18 08:00,16.86,20585,United Kingdom
INV501855,TH-JACK,Denim Jacket,1,2026-04-14 20:00,36.56,20206,United Kingdom
INV500950,TH-SHOE,Canvas Sneakers,2,2025-11-16 13:00,79.84,20104,United Kingdom
INV501918,TH-CAP,Logo Cap,1,2025-07-29 11:00,17.45,20213,United Kingdom
INV500768,TH-TSHIRT,Cotton Crew T-Shirt,2,2025-07-21 10:00,23.21,20085,United Kingdom
INV503340,TH-JEAN,Slim Fit Jeans,2,2025-09-22 08:00,63.3,20369,United Kingdom
INV501841,TH-CAP,Logo Cap,2,2025-09-24 19:00,15.5,20204,United Kingdom
INV505364,TH-SHIRT,Oxford Shirt,2,2025-06-01 16:00,31.37,20604,United Kingdom
INV503364,TH-JEAN,Slim Fit Jeans,3,2026-02-08 09:00,74.71,20372,United Kingdom
INV501158,TH-DRESS,Summer Dress,3,2025-06-07 17:00,81.34,20129,United Kingdom
INV502211,TH-HOOD,Fleece Hoodie,2,2026-03-29 14:00,57.98,20245,United Kingdom
INV500762,TH-TSHIRT,Cotton Crew T-Shirt,2,2025-07-14 11:00,26.85,20083,United Kingdom
INV505996,TH-TSHIRT,Cotton Crew T-Shirt,1,2025-06-30 17:00,22.31,20673,United Kingdom
INV503630,TH-CAP,Logo Cap,1,2026-06-21 19:00,18.9,20402,United Kingdom
INV503175,TH-HOOD,Fleece Hoodie,1,2026-01-15 13:00,54.33,20349,United Kingdom
INV503892,TH-SHOE,Canvas Sneakers,3,2026-02-02 11:00,70.64,20438,United Kingdom
INV502680,TH-SHIRT,Oxford Shirt,3,2025-06-26 15:00,54.95,20294,United Kingdom
INV503406,TH-DRESS,Summer Dress,2,2025-07-22 14:00,79.3,20377,United Kingdom
INV502144,TH-SHIRT,Oxford Shirt,1,2026-06-07 13:00,50.73,20236,United Kingdom
INV500937,TH-JACK,Denim Jacket,1,2025-06-07 15:00,101.67,20102,United Kingdom
INV503983,TH-TSHIRT,Cotton Crew T-Shirt,1,2026-05-09 11:00,14.48,20445,United Kingdom
INV503737,TH-TSHIRT,Cotton Crew T-Shirt,2,2026-06-18 11:00,12.12,20418,United Kingdom
INV501076,TH-SHOE,Canvas Sneakers,1,2025-07-27 15:00,28.61,20116,United Kingdom
INV502038,TH-SHOE,Canvas Sneakers,1,2025-06-23 16:00,72.28,20226,United Kingdom
INV504281,TH-SHIRT,Oxford Shirt,2,2025-05-28 11:00,41.75,20482,United Kingdom
INV504427,TH-DRESS,Summer Dress,2,2025-08-26 13:00,92.51,20496,United Kingdom
INV501685,TH-SHOE,Canvas Sneakers,2,2026-01-16 08:00,34.52,20187,United Kingdom
INV500585,TH-TSHIRT,Cotton Crew T-Shirt,3,2025-07-30 16:00,19.39,20066,United Kingdom
INV500609,TH-TSHIRT,Cotton Crew T-Shirt,1,2025-05-28 15:00,24.43,20069,United Kingdom
INV502875,TH-SHIRT,Oxford Shirt,1,2026-05-17 09:00,25.61,20317,United Kingdom
INV504100,TH-HOOD,Fleece Hoodie,2,2026-02-08 18:00,44.16,20460,United Kingdom
INV503169,TH-TSHIRT,Cotton Crew T-Shirt,1,2025-08-26 10:00,17.79,20349,United Kingdom
INV504078,TH-SHOE,Canvas Sneakers,2,2026-03-04 09:00,25.84,20457,United Kingdom
INV502060,TH-SHOE,Canvas Sneakers,1,2025-09-24 19:00,48.94,20228,United Kingdom
INV501524,TH-JEAN,Slim Fit Jeans,2,2025-09-04 13:00,42.52,20169,United Kingdom
INV501794,TH-TSHIRT,Cotton Crew T-Shirt,3,2025-06-18 20:00,19.91,20199,United Kingdom
INV505185,TH-SHIRT,Oxford Shirt,2,2025-10-04 18:00,58.84,20581,United Kingdom
INV501996,TH-TSHIRT,Cotton Crew T-Shirt,1,2025-12-18 15:00,13.58,20222,United Kingdom
INV505735,TH-DRESS,Summer Dress,1,2025-06-21 20:00,71.54,20646,United Kingdom
INV503093,TH-JACK,Denim Jacket,1,2025-09-15 08:00,114.47,20340,United Kingdom
INV502506,TH-SHOE,Canvas Sneakers,2,2025-12-14 08:00,53.01,20277,United Kingdom
INV502192,TH-JACK,Denim Jacket,1,2025-12-18 18:00,111.43,20243,United Kingdom
INV500651,TH-DRESS,Summer Dress,1,2025-12-06 08:00,86.44,20073,United Kingdom
INV500890,TH-JEAN,Slim Fit Jeans,3,2025-07-14 17:00,75.57,20099,United Kingdom
INV500082,TH-DRESS,Summer Dress,2,2026-06-26 15:00,69.08,20011,United Kingdom
INV501209,TH-JEAN,Slim Fit Jeans,1,2026-05-16 19:00,42.8,20136,United Kingdom
INV503146,TH-SHIRT,Oxford Shirt,3,2025-10-31 17:00,49.3,20346,United Kingdom
INV503231,TH-JEAN,Slim Fit Jeans,1,2026-07-07 08:00,44.29,20357,United Kingdom
INV505068,TH-CAP,Logo Cap,1,2025-09-24 08:00,30.31,20568,United Kingdom
INV500083,TH-DRESS,Summer Dress,1,2026-02-02 18:00,73.49,20011,United Kingdom
INV505794,TH-DRESS,Summer Dress,1,2025-06-13 12:00,83.3,20652,United Kingdom
INV502600,TH-DRESS,Summer Dress,1,2026-04-24 18:00,48.16,20287,United Kingdom
INV500727,TH-SHOE,Canvas Sneakers,1,2026-06-30 13:00,63.61,20081,United Kingdom
INV501161,TH-DRESS,Summer Dress,1,2026-05-31 16:00,83.04,20129,United Kingdom
INV503359,TH-JACK,Denim Jacket,1,2026-06-10 10:00,55.34,20371,United Kingdom
INV501617,TH-JEAN,Slim Fit Jeans,2,2025-11-16 13:00,50.24,20179,United Kingdom
INV504137,TH-JEAN,Slim Fit Jeans,2,2026-02-07 09:00,83.31,20464,United Kingdom
INV503514,TH-TSHIRT,Cotton Crew T-Shirt,1,2026-05-10 18:00,12.77,20387,United Kingdom
INV504974,TH-CAP,Logo Cap,2,2025-11-17 17:00,14.61,20557,United Kingdom
INV503842,TH-DRESS,Summer Dress,1,2025-08-23 16:00,73.18,20431,United Kingdom
INV503041,TH-SHOE,Canvas Sneakers,1,2025-05-28 12:00,61.33,20336,United Kingdom
INV502323,TH-TSHIRT,Cotton Crew T-Shirt,1,2025-05-16 10:00,19.12,20256,United Kingdom
INV500467,TH-TSHIRT,Cotton Crew T-Shirt,2,2026-06-03 11:00,18.39,20053,United Kingdom
INV501296,TH-CAP,Logo Cap,2,2026-03-17 14:00,27.27,20144,United Kingdom
INV502496,TH-JEAN,Slim Fit Jeans,2,2026-03-05 17:00,35.52,20275,United Kingdom
INV503938,TH-SHIRT,Oxford Shirt,1,2025-08-20 09:00,47.01,20442,United Kingdom
INV502446,TH-JEAN,Slim Fit Jeans,2,2026-03-07 13:00,43.91,20269,United Kingdom
INV503832,TH-DRESS,Summer Dress,1,2025-11-15 16:00,76.15,20430,United Kingdom
INV500199,TH-SHIRT,Oxford Shirt,1,2026-06-11 20:00,25.14,20024,United Kingdom
INV506262,TH-SHIRT,Oxford Shirt,1,2026-01-09 19:00,43.0,20699,United Kingdom
INV504695,TH-HOOD,Fleece Hoodie,1,2025-09-13 10:00,37.82,20528,United Kingdom
INV502594,TH-JACK,Denim Jacket,1,2025-09-27 12:00,58.83,20286,United Kingdom
INV500082,TH-DRESS,Summer Dress,1,2026-06-26 15:00,66.53,20011,United Kingdom
INV502046,TH-SHIRT,Oxford Shirt,2,2025-07-09 17:00,56.49,20226,United Kingdom
INV505217,TH-JEAN,Slim Fit Jeans,2,2025-08-26 20:00,59.16,20584,United Kingdom
INV500055,TH-TSHIRT,Cotton Crew T-Shirt,2,2025-05-13 09:00,20.36,20006,United Kingdom
INV505713,TH-CAP,Logo Cap,2,2025-12-17 16:00,26.57,20644,United Kingdom
INV500271,TH-SHIRT,Oxford Shirt,1,2025-06-18 12:00,37.32,20033,United Kingdom
INV504044,TH-SHIRT,Oxford Shirt,1,2026-01-03 16:00,32.41,20451,United Kingdom
INV505938,TH-CAP,Logo Cap,1,2026-01-06 12:00,24.75,20668,United Kingdom
INV503508,TH-CAP,Logo Cap,2,2026-06-12 15:00,22.54,20386,United Kingdom
INV500250,TH-TSHIRT,Cotton Crew T-Shirt,2,2025-12-13 18:00,15.9,20030,United Kingdom
INV501044,TH-JACK,Denim Jacket,2,2026-06-28 14:00,84.6,20113,United Kingdom
INV501926,TH-CAP,Logo Cap,3,2025-08-13 08:00,24.24,20214,United Kingdom
INV500867,TH-HOOD,Fleece Hoodie,2,2025-06-18 18:00,55.82,20095,United Kingdom
INV502582,TH-CAP,Logo Cap,3,2026-01-04 09:00,20.26,20285,United Kingdom
INV500047,TH-TSHIRT,Cotton Crew T-Shirt,3,2025-08-10 12:00,22.53,20006,United Kingdom
INV505615,TH-JACK,Denim Jacket,2,2026-07-07 13:00,106.13,20633,United Kingdom
INV502172,TH-CAP,Logo Cap,1,2026-03-30 14:00,18.37,20240,United Kingdom
INV504717,TH-SHOE,Canvas Sneakers,1,2025-07-19 17:00,31.67,20531,United Kingdom
INV503808,TH-JACK,Denim Jacket,2,2025-10-06 10:00,68.65,20428,United Kingdom
INV504766,TH-DRESS,Summer Dress,1,2025-11-01 17:00,107.85,20536,United Kingdom
INV505703,TH-JACK,Denim Jacket,2,2026-03-03 17:00,88.05,20643,United Kingdom
INV504437,TH-JEAN,Slim Fit Jeans,2,2025-06-15 17:00,35.32,20497,United Kingdom
INV500591,TH-HOOD,Fleece Hoodie,3,2025-08-26 08:00,60.66,20066,United Kingdom
INV500005,TH-JACK,Denim Jacket,2,2025-07-10 17:00,57.72,20001,United Kingdom
INV501782,TH-JACK,Denim Jacket,2,2025-10-23 19:00,130.17,20198,United Kingdom
INV501261,TH-CAP,Logo Cap,2,2026-02-13 11:00,28.02,20142,United Kingdom
INV502732,TH-JACK,Denim Jacket,1,2026-01-11 15:00,104.62,20300,United Kingdom
INV503649,TH-SHOE,Canvas Sneakers,2,2025-06-05 09:00,62.54,20405,United Kingdom
INV502898,TH-SHIRT,Oxford Shirt,2,2025-08-20 09:00,30.15,20321,United Kingdom
INV502903,TH-DRESS,Summer Dress,1,2025-08-29 17:00,55.63,20321,United Kingdom
INV501993,TH-DRESS,Summer Dress,2,2025-10-26 20:00,59.79,20222,United Kingdom
INV503148,TH-SHIRT,Oxford Shirt,2,2026-02-10 15:00,44.28,20346,United Kingdom
INV500348,TH-SHIRT,Oxford Shirt,3,2026-03-06 10:00,49.16,20040,United Kingdom
INV500968,TH-DRESS,Summer Dress,1,2025-11-05 10:00,74.13,20106,United Kingdom
INV504135,TH-SHOE,Canvas Sneakers,3,2025-05-19 14:00,72.57,20464,United Kingdom
INV504236,TH-DRESS,Summer Dress,1,2025-06-11 09:00,55.82,20477,United Kingdom
INV500424,TH-JEAN,Slim Fit Jeans,1,2025-10-03 14:00,95.43,20051,United Kingdom
INV503925,TH-JEAN,Slim Fit Jeans,1,2025-08-26 17:00,57.86,20441,United Kingdom
INV505625,TH-DRESS,Summer Dress,1,2026-03-16 18:00,93.8,20633,United Kingdom
INV503763,TH-CAP,Logo Cap,2,2025-09-21 16:00,22.85,20421,United Kingdom
INV505249,TH-JEAN,Slim Fit Jeans,1,2025-10-03 12:00,65.69,20588,United Kingdom
INV503351,TH-CAP,Logo Cap,2,2026-03-17 20:00,15.02,20370,United Kingdom
INV504596,TH-SHIRT,Oxford Shirt,1,2025-11-19 12:00,30.25,20515,United Kingdom
INV505759,TH-CAP,Logo Cap,2,2025-06-17 09:00,21.57,20649,United Kingdom
INV505636,TH-DRESS,Summer Dress,1,2026-02-05 17:00,42.56,20635,United Kingdom
INV506265,TH-JACK,Denim Jacket,1,2026-04-04 18:00,93.75,20700,United Kingdom
INV506262,TH-SHIRT,Oxford Shirt,3,2026-01-09 19:00,48.03,20699,United Kingdom
INV501862,TH-JACK,Denim Jacket,1,2026-06-06 14:00,108.19,20207,United Kingdom
INV504416,TH-TSHIRT,Cotton Crew T-Shirt,2,2026-05-29 10:00,9.76,20495,United Kingdom
INV505735,TH-SHIRT,Oxford Shirt,1,2025-06-21 20:00,51.57,20646,United Kingdom
INV505494,TH-DRESS,Summer Dress,2,2026-03-13 14:00,77.63,20617,United Kingdom
INV504862,TH-JACK,Denim Jacket,2,2025-07-13 13:00,83.61,20544,United Kingdom
INV503499,TH-SHOE,Canvas Sneakers,3,2026-05-16 10:00,75.79,20385,United Kingdom
INV504017,TH-CAP,Logo Cap,2,2025-08-30 09:00,28.63,20448,United Kingdom
INV505734,TH-DRESS,Summer Dress,3,2026-05-27 18:00,85.77,20646,United Kingdom
INV504889,TH-HOOD,Fleece Hoodie,1,2026-05-02 20:00,42.93,20547,United Kingdom
INV502608,TH-CAP,Logo Cap,2,2025-06-16 17:00,25.61,20289,United Kingdom
INV501460,TH-JEAN,Slim Fit Jeans,1,2025-08-06 17:00,61.52,20163,United Kingdom
INV501284,TH-SHOE,Canvas Sneakers,1,2025-11-03 10:00,72.7,20143,United Kingdom
INV505262,TH-JACK,Denim Jacket,1,2026-02-26 20:00,53.03,20589,United Kingdom
INV505062,TH-JACK,Denim Jacket,2,2025-05-20 08:00,113.77,20568,United Kingdom
INV504158,TH-SHIRT,Oxford Shirt,1,2025-11-09 12:00,43.05,20468,United Kingdom
INV501435,TH-HOOD,Fleece Hoodie,3,2026-04-08 18:00,60.99,20160,United Kingdom
INV501675,TH-DRESS,Summer Dress,2,2025-10-17 15:00,93.13,20186,United Kingdom
INV504940,TH-DRESS,Summer Dress,2,2025-09-28 17:00,60.96,20553,United Kingdom
INV503539,TH-DRESS,Summer Dress,2,2026-07-13 15:00,61.91,20391,United Kingdom
INV501525,TH-TSHIRT,Cotton Crew T-Shirt,2,2025-11-18 17:00,13.5,20169,United Kingdom
INV506261,TH-JACK,Denim Jacket,1,2026-04-02 16:00,101.37,20699,United Kingdom
INV500905,TH-DRESS,Summer Dress,1,2025-08-29 10:00,104.15,20100,United Kingdom
INV502383,TH-DRESS,Summer Dress,1,2025-05-21 20:00,67.52,20261,United Kingdom
INV501012,TH-SHIRT,Oxford Shirt,1,2026-04-28 09:00,62.38,20111,United Kingdom
INV503684,TH-HOOD,Fleece Hoodie,1,2025-11-07 17:00,55.45,20409,United Kingdom
INV504392,TH-DRESS,Summer Dress,2,2025-09-10 19:00,61.28,20492,United Kingdom
INV504972,TH-JEAN,Slim Fit Jeans,2,2026-04-29 15:00,44.22,20557,United Kingdom
INV505143,TH-SHIRT,Oxford Shirt,1,2026-05-24 11:00,49.05,20576,United Kingdom
INV505661,TH-DRESS,Summer Dress,1,2026-01-11 16:00,44.66,20638,United Kingdom
INV504507,TH-JEAN,Slim Fit Jeans,2,2026-04-19 09:00,40.89,20505,United Kingdom
INV501579,TH-CAP,Logo Cap,1,2025-08-04 11:00,10.94,20175,United Kingdom
INV503053,TH-SHIRT,Oxford Shirt,2,2025-12-11 15:00,57.13,20337,United Kingdom
INV505592,TH-CAP,Logo Cap,2,2026-04-26 19:00,23.44,20631,United Kingdom
INV500915,TH-DRESS,Summer Dress,1,2025-08-03 11:00,84.6,20101,United Kingdom
INV503559,TH-JEAN,Slim Fit Jeans,2,2026-01-20 14:00,45.7,20393,United Kingdom
INV505461,TH-TSHIRT,Cotton Crew T-Shirt,2,2025-07-15 17:00,17.09,20615,United Kingdom
INV506038,TH-JEAN,Slim Fit Jeans,1,2026-05-18 15:00,84.86,20678,United Kingdom
INV505453,TH-CAP,Logo Cap,2,2026-07-08 10:00,23.16,20613,United Kingdom
INV503405,TH-TSHIRT,Cotton Crew T-Shirt,2,2026-03-20 13:00,21.59,20377,United Kingdom
INV502009,TH-JACK,Denim Jacket,2,2026-01-12 08:00,115.27,20223,United Kingdom
INV503612,TH-JEAN,Slim Fit Jeans,1,2026-06-26 19:00,60.85,20399,United Kingdom
INV505762,TH-JACK,Denim Jacket,1,2025-12-24 08:00,86.4,20649,United Kingdom
INV504366,TH-SHOE,Canvas Sneakers,2,2026-07-15 11:00,59.04,20490,United Kingdom
INV505718,TH-CAP,Logo Cap,1,2025-05-12 18:00,27.37,20644,United Kingdom
INV504211,TH-JEAN,Slim Fit Jeans,2,2025-10-19 16:00,80.17,20474,United Kingdom
INV503765,TH-TSHIRT,Cotton Crew T-Shirt,2,2026-06-30 11:00,19.03,20421,United Kingdom
INV501011,TH-SHIRT,Oxford Shirt,2,2026-04-27 11:00,65.25,20111,United Kingdom
INV501172,TH-SHOE,Canvas Sneakers,2,2026-01-15 20:00,77.77,20131,United Kingdom
INV504430,TH-DRESS,Summer Dress,1,2025-10-04 13:00,90.15,20496,United Kingdom
INV503249,TH-HOOD,Fleece Hoodie,1,2026-05-27 13:00,46.45,20360,United Kingdom
INV504220,TH-HOOD,Fleece Hoodie,2,2025-12-04 15:00,37.31,20475,United Kingdom
INV506159,TH-SHOE,Canvas Sneakers,2,2026-06-15 16:00,60.28,20688,United Kingdom
INV505861,TH-SHIRT,Oxford Shirt,1,2025-12-03 12:00,61.9,20660,United Kingdom
INV504401,TH-SHOE,Canvas Sneakers,1,2026-03-24 16:00,49.48,20492,United Kingdom
INV506009,TH-SHOE,Canvas Sneakers,1,2026-04-06 12:00,76.37,20675,United Kingdom
INV505748,TH-SHOE,Canvas Sneakers,2,2026-03-08 09:00,73.0,20647,United Kingdom
INV506155,TH-CAP,Logo Cap,2,2025-11-05 10:00,22.5,20688,United Kingdom
INV503915,TH-JEAN,Slim Fit Jeans,2,2025-11-02 13:00,73.48,20440,United Kingdom
INV500721,TH-SHIRT,Oxford Shirt,1,2025-08-13 15:00,52.95,20080,United Kingdom
INV503843,TH-TSHIRT,Cotton Crew T-Shirt,1,2026-02-26 14:00,19.35,20431,United Kingdom
INV506233,TH-CAP,Logo Cap,2,2025-05-31 15:00,17.58,20696,United Kingdom
INV501662,TH-JACK,Denim Jacket,2,2026-05-29 11:00,73.82,20184,United Kingdom
INV500620,TH-TSHIRT,Cotton Crew T-Shirt,2,2025-10-04 09:00,24.25,20069,United Kingdom
INV504346,TH-HOOD,Fleece Hoodie,2,2026-01-20 18:00,39.08,20488,United Kingdom
INV505747,TH-DRESS,Summer Dress,2,2025-08-31 10:00,92.28,20647,United Kingdom
INV501968,TH-JEAN,Slim Fit Jeans,2,2025-09-28 09:00,77.12,20219,United Kingdom
INV504949,TH-HOOD,Fleece Hoodie,2,2025-11-17 13:00,41.85,20553,United Kingdom
INV503289,TH-DRESS,Summer Dress,1,2025-12-06 20:00,56.01,20364,United Kingdom
INV505354,TH-SHIRT,Oxford Shirt,1,2025-09-02 20:00,49.07,20602,United Kingdom
INV503583,TH-TSHIRT,Cotton Crew T-Shirt,2,2026-04-13 20:00,19.84,20396,United Kingdom
INV503833,TH-SHIRT,Oxford Shirt,1,2026-04-02 09:00,45.02,20430,United Kingdom
INV504168,TH-SHIRT,Oxford Shirt,2,2026-05-11 15:00,38.58,20469,United Kingdom
INV500080,TH-JACK,Denim Jacket,2,2025-11-11 10:00,87.27,20011,United Kingdom
INV500632,TH-DRESS,Summer Dress,1,2025-08-07 12:00,97.06,20070,United Kingdom
INV506257,TH-DRESS,Summer Dress,3,2025-11-25 17:00,74.12,20699,United Kingdom
INV502485,TH-DRESS,Summer Dress,1,2026-02-02 15:00,89.55,20274,United Kingdom
INV501218,TH-SHIRT,Oxford Shirt,3,2025-09-05 10:00,46.94,20138,United Kingdom
INV502069,TH-CAP,Logo Cap,2,2025-12-25 14:00,20.97,20229,United Kingdom
INV504420,TH-DRESS,Summer Dress,3,2025-07-19 14:00,100.32,20496,United Kingdom
INV505452,TH-HOOD,Fleece Hoodie,1,2026-04-03 16:00,49.77,20613,United Kingdom
INV505429,TH-TSHIRT,Cotton Crew T-Shirt,1,2026-04-05 11:00,13.34,20611,United Kingdom
INV500623,TH-TSHIRT,Cotton Crew T-Shirt,1,2025-07-12 12:00,27.17,20069,United Kingdom
INV502677,TH-JACK,Denim Jacket,2,2026-04-17 19:00,118.17,20294,United Kingdom
INV501729,TH-JACK,Denim Jacket,2,2026-02-25 19:00,69.07,20193,United Kingdom
INV501770,TH-TSHIRT,Cotton Crew T-Shirt,2,2026-04-06 10:00,27.03,20198,United Kingdom
INV501643,TH-JACK,Denim Jacket,2,2025-10-23 08:00,82.69,20182,United Kingdom
INV506083,TH-HOOD,Fleece Hoodie,1,2025-09-12 10:00,70.44,20682,United Kingdom
INV504075,TH-SHOE,Canvas Sneakers,1,2026-06-04 12:00,53.61,20456,United Kingdom
INV503646,TH-DRESS,Summer Dress,1,2025-07-04 10:00,85.64,20405,United Kingdom
INV500161,TH-JEAN,Slim Fit Jeans,2,2026-07-10 16:00,75.9,20020,United Kingdom
INV500731,TH-TSHIRT,Cotton Crew T-Shirt,3,2025-06-09 13:00,22.58,20081,United Kingdom
INV500621,TH-SHIRT,Oxford Shirt,2,2025-10-18 17:00,66.5,20069,United Kingdom
INV503658,TH-SHIRT,Oxford Shirt,2,2025-12-28 14:00,34.78,20406,United Kingdom
INV504659,TH-HOOD,Fleece Hoodie,2,2026-06-11 20:00,44.81,20523,United Kingdom
INV501003,TH-HOOD,Fleece Hoodie,1,2025-07-07 15:00,46.22,20110,United Kingdom
INV505633,TH-JACK,Denim Jacket,1,2026-05-13 17:00,55.48,20635,United Kingdom
INV500896,TH-JEAN,Slim Fit Jeans,1,2025-10-24 10:00,70.51,20099,United Kingdom
INV504975,TH-JEAN,Slim Fit Jeans,2,2026-04-10 18:00,49.68,20558,United Kingdom
INV503431,TH-DRESS,Summer Dress,1,2026-06-10 10:00,94.44,20380,United Kingdom
INV502449,TH-SHIRT,Oxford Shirt,1,2025-10-18 18:00,25.43,20270,United Kingdom
INV505273,TH-CAP,Logo Cap,2,2025-09-09 20:00,12.35,20591,United Kingdom
INV502218,TH-JACK,Denim Jacket,2,2025-09-03 16:00,93.69,20245,United Kingdom
INV503776,TH-CAP,Logo Cap,2,2026-04-28 11:00,15.86,20422,United Kingdom
INV500388,TH-SHIRT,Oxford Shirt,2,2025-11-14 15:00,34.6,20046,United Kingdom
INV500962,TH-DRESS,Summer Dress,2,2025-06-15 16:00,74.99,20105,United Kingdom
INV503007,TH-SHIRT,Oxford Shirt,2,2026-04-29 13:00,57.46,20334,United Kingdom
INV500331,TH-TSHIRT,Cotton Crew T-Shirt,1,2025-10-25 20:00,11.71,20038,United Kingdom
INV500806,TH-TSHIRT,Cotton Crew T-Shirt,2,2026-04-01 18:00,15.28,20089,United Kingdom
INV500455,TH-JEAN,Slim Fit Jeans,3,2026-06-19 19:00,106.46,20052,United Kingdom
INV501536,TH-HOOD,Fleece Hoodie,1,2026-06-15 12:00,33.37,20171,United Kingdom
INV504419,TH-HOOD,Fleece Hoodie,1,2025-11-13 10:00,60.48,20496,United Kingdom
INV506099,TH-SHIRT,Oxford Shirt,2,2025-11-07 12:00,49.83,20683,United Kingdom
INV500858,TH-SHIRT,Oxford Shirt,3,2025-06-17 17:00,46.77,20095,United Kingdom
INV504648,TH-CAP,Logo Cap,2,2025-12-10 14:00,28.5,20522,United Kingdom
INV505621,TH-TSHIRT,Cotton Crew T-Shirt,3,2025-10-06 10:00,21.89,20633,United Kingdom
INV501622,TH-DRESS,Summer Dress,3,2025-06-27 20:00,71.22,20180,United Kingdom
INV500942,TH-JEAN,Slim Fit Jeans,1,2026-05-09 08:00,47.18,20103,United Kingdom
INV502083,TH-SHIRT,Oxford Shirt,2,2026-01-29 20:00,31.23,20231,United Kingdom
INV504008,TH-SHIRT,Oxford Shirt,3,2025-08-10 17:00,60.15,20448,United Kingdom
INV501089,TH-JEAN,Slim Fit Jeans,2,2026-07-15 20:00,59.74,20119,United Kingdom
INV503931,TH-JEAN,Slim Fit Jeans,1,2025-10-23 14:00,55.48,20441,United Kingdom
INV500948,TH-HOOD,Fleece Hoodie,3,2026-02-25 16:00,67.96,20104,United Kingdom
INV501680,TH-TSHIRT,Cotton Crew T-Shirt,2,2026-05-10 14:00,25.17,20186,United Kingdom
INV502159,TH-JEAN,Slim Fit Jeans,2,2025-10-09 09:00,47.94,20238,United Kingdom
INV505452,TH-CAP,Logo Cap,1,2026-04-03 16:00,23.54,20613,United Kingdom
INV501658,TH-HOOD,Fleece Hoodie,2,2025-09-16 19:00,46.46,20184,United Kingdom
INV502973,TH-HOOD,Fleece Hoodie,1,2026-01-16 10:00,41.0,20331,United Kingdom
INV502535,TH-JACK,Denim Jacket,3,2026-03-13 13:00,109.8,20279,United Kingdom
INV501850,TH-DRESS,Summer Dress,1,2026-02-20 14:00,48.28,20205,United Kingdom
INV501891,TH-SHOE,Canvas Sneakers,2,2025-08-29 08:00,52.24,20211,United Kingdom
INV504684,TH-TSHIRT,Cotton Crew T-Shirt,2,2025-07-19 16:00,14.64,20527,United Kingdom
INV502843,TH-JEAN,Slim Fit Jeans,2,2026-03-17 14:00,80.91,20313,United Kingdom
INV505936,TH-SHOE,Canvas Sneakers,2,2025-06-20 17:00,74.74,20668,United Kingdom
INV504914,TH-JACK,Denim Jacket,2,2026-04-11 09:00,84.82,20550,United Kingdom
INV500177,TH-SHIRT,Oxford Shirt,2,2025-12-02 16:00,53.69,20022,United Kingdom
INV506156,TH-JEAN,Slim Fit Jeans,2,2026-05-04 11:00,65.65,20688,United Kingdom
INV501805,TH-SHOE,Canvas Sneakers,1,2025-10-01 11:00,40.97,20201,United Kingdom
INV505070,TH-HOOD,Fleece Hoodie,1,2026-03-09 11:00,71.11,20568,United Kingdom
INV501719,TH-TSHIRT,Cotton Crew T-Shirt,3,2025-05-13 16:00,26.64,20192,United Kingdom
INV500528,TH-JACK,Denim Jacket,2,2025-05-15 15:00,117.25,20061,United Kingdom
INV504892,TH-SHIRT,Oxford Shirt,2,2025-12-12 16:00,40.69,20547,United Kingdom
INV505949,TH-DRESS,Summer Dress,3,2026-06-19 19:00,91.45,20668,United Kingdom
INV502723,TH-SHIRT,Oxford Shirt,2,2025-06-03 20:00,61.69,20300,United Kingdom
INV505502,TH-SHOE,Canvas Sneakers,2,2026-02-15 17:00,32.21,20619,United Kingdom
INV503297,TH-CAP,Logo Cap,1,2026-06-19 09:00,20.71,20365,United Kingdom
INV500482,TH-DRESS,Summer Dress,1,2025-09-11 11:00,78.35,20056,United Kingdom
INV502494,TH-JACK,Denim Jacket,2,2025-06-16 19:00,103.87,20274,United Kingdom
INV505715,TH-HOOD,Fleece Hoodie,2,2026-04-30 17:00,59.6,20644,United Kingdom
INV504169,TH-HOOD,Fleece Hoodie,1,2025-10-26 08:00,40.18,20469,United Kingdom
INV505733,TH-JACK,Denim Jacket,1,2025-10-31 17:00,88.22,20646,United Kingdom
INV500562,TH-TSHIRT,Cotton Crew T-Shirt,1,2025-09-04 08:00,18.2,20063,United Kingdom
INV500040,TH-JACK,Denim Jacket,1,2025-12-31 15:00,68.08,20005,United Kingdom
INV500519,TH-DRESS,Summer Dress,1,2025-05-17 13:00,36.94,20059,United Kingdom
INV500807,TH-DRESS,Summer Dress,1,2025-06-09 16:00,57.49,20089,United Kingdom
INV502588,TH-DRESS,Summer Dress,3,2026-01-24 13:00,78.72,20285,United Kingdom
INV504536,TH-JEAN,Slim Fit Jeans,1,2026-07-15 15:00,60.94,20508,United Kingdom
INV500443,TH-DRESS,Summer Dress,2,2026-01-29 17:00,123.59,20052,United Kingdom
INV502761,TH-SHIRT,Oxford Shirt,1,2026-05-01 18:00,33.33,20304,United Kingdom
INV505596,TH-CAP,Logo Cap,2,2025-10-26 11:00,27.21,20631,United Kingdom
INV501682,TH-JACK,Denim Jacket,3,2026-06-23 16:00,107.64,20186,United Kingdom
INV503728,TH-SHIRT,Oxford Shirt,1,2025-12-21 10:00,34.58,20415,United Kingdom
INV505644,TH-SHOE,Canvas Sneakers,1,2026-01-20 19:00,44.02,20636,United Kingdom
INV501471,TH-DRESS,Summer Dress,1,2025-07-16 16:00,69.03,20164,United Kingdom
INV503846,TH-DRESS,Summer Dress,1,2026-04-14 09:00,36.76,20432,United Kingdom
INV505572,TH-JACK,Denim Jacket,1,2025-11-27 11:00,58.53,20628,United Kingdom
INV502684,TH-TSHIRT,Cotton Crew T-Shirt,2,2026-07-09 20:00,15.52,20295,United Kingdom
INV500208,TH-SHOE,Canvas Sneakers,1,2026-02-25 13:00,41.92,20026,United Kingdom
INV501957,TH-JACK,Denim Jacket,2,2026-04-24 16:00,94.15,20218,United Kingdom
INV506082,TH-HOOD,Fleece Hoodie,2,2025-10-27 12:00,69.41,20682,United Kingdom
INV501600,TH-TSHIRT,Cotton Crew T-Shirt,2,2026-06-21 12:00,19.82,20177,United Kingdom
INV500520,TH-CAP,Logo Cap,1,2025-12-30 12:00,17.39,20060,United Kingdom
INV501662,TH-TSHIRT,Cotton Crew T-Shirt,2,2026-05-29 11:00,16.0,20184,United Kingdom
INV502980,TH-CAP,Logo Cap,2,2025-11-27 13:00,17.26,20332,United Kingdom
INV503162,TH-JEAN,Slim Fit Jeans,2,2026-01-18 13:00,77.67,20348,United Kingdom
INV502728,TH-JEAN,Slim Fit Jeans,2,2026-05-30 14:00,82.29,20300,United Kingdom
INV505898,TH-SHIRT,Oxford Shirt,1,2025-10-19 08:00,33.49,20664,United Kingdom
INV506012,TH-HOOD,Fleece Hoodie,3,2025-12-03 15:00,62.74,20675,United Kingdom
INV505974,TH-DRESS,Summer Dress,2,2026-04-08 17:00,70.23,20671,United Kingdom
INV504306,TH-TSHIRT,Cotton Crew T-Shirt,1,2026-05-31 12:00,26.12,20484,United Kingdom
INV504571,TH-TSHIRT,Cotton Crew T-Shirt,3,2025-09-27 13:00,23.05,20512,United Kingdom
INV505783,TH-DRESS,Summer Dress,1,2026-03-16 13:00,46.53,20651,United Kingdom
INV504118,TH-DRESS,Summer Dress,3,2025-10-22 18:00,97.58,20462,United Kingdom
INV502156,TH-SHIRT,Oxford Shirt,2,2025-08-01 17:00,29.34,20238,United Kingdom
INV500778,TH-CAP,Logo Cap,1,2025-07-31 20:00,19.76,20086,United Kingdom
INV503382,TH-SHIRT,Oxford Shirt,2,2026-01-11 18:00,50.46,20375,United Kingdom
INV505299,TH-CAP,Logo Cap,1,2025-06-27 11:00,18.34,20596,United Kingdom
INV502119,TH-JACK,Denim Jacket,2,2026-01-24 19:00,121.86,20234,United Kingdom
INV501375,TH-JACK,Denim Jacket,2,2025-10-03 20:00,76.02,20152,United Kingdom
INV503534,TH-HOOD,Fleece Hoodie,1,2025-09-27 18:00,33.91,20390,United Kingdom
INV503362,TH-DRESS,Summer Dress,2,2025-06-03 15:00,79.24,20372,United Kingdom
INV505249,TH-SHOE,Canvas Sneakers,3,2025-10-03 12:00,66.51,20588,United Kingdom
INV501182,TH-JACK,Denim Jacket,2,2026-02-24 19:00,99.47,20131,United Kingdom
INV505450,TH-CAP,Logo Cap,3,2025-08-12 18:00,23.19,20613,United Kingdom
INV501200,TH-SHOE,Canvas Sneakers,1,2025-09-01 19:00,31.5,20134,United Kingdom
INV504456,TH-TSHIRT,Cotton Crew T-Shirt,1,2025-09-15 19:00,18.34,20500,United Kingdom
INV505828,TH-JACK,Denim Jacket,1,2025-11-09 17:00,121.11,20656,United Kingdom
INV504705,TH-JEAN,Slim Fit Jeans,2,2025-05-18 15:00,67.91,20529,United Kingdom
INV505342,TH-SHIRT,Oxford Shirt,3,2026-02-26 10:00,46.75,20602,United Kingdom
INV504018,TH-JACK,Denim Jacket,3,2026-04-08 10:00,145.07,20448,United Kingdom
INV503072,TH-SHOE,Canvas Sneakers,2,2026-03-12 11:00,59.75,20338,United Kingdom
INV505410,TH-TSHIRT,Cotton Crew T-Shirt,3,2025-06-28 10:00,19.61,20609,United Kingdom
INV504855,TH-SHIRT,Oxford Shirt,2,2026-07-13 09:00,53.85,20543,United Kingdom
INV503749,TH-TSHIRT,Cotton Crew T-Shirt,3,2025-11-07 16:00,21.74,20419,United Kingdom
INV500241,TH-JEAN,Slim Fit Jeans,3,2026-07-10 13:00,72.78,20029,United Kingdom
INV500281,TH-JEAN,Slim Fit Jeans,2,2025-12-01 19:00,43.4,20034,United Kingdom
INV505693,TH-SHOE,Canvas Sneakers,2,2025-09-17 13:00,53.76,20642,United Kingdom
INV501058,TH-TSHIRT,Cotton Crew T-Shirt,3,2026-03-01 20:00,21.88,20114,United Kingdom
INV502526,TH-CAP,Logo Cap,1,2026-05-17 08:00,24.69,20279,United Kingdom
INV502029,TH-DRESS,Summer Dress,1,2026-01-15 15:00,67.68,20225,United Kingdom
INV501538,TH-CAP,Logo Cap,3,2025-06-01 19:00,26.19,20172,United Kingdom
INV501701,TH-SHOE,Canvas Sneakers,2,2025-10-02 10:00,59.08,20191,United Kingdom
INV505761,TH-CAP,Logo Cap,1,2025-12-27 20:00,20.75,20649,United Kingdom
INV500632,TH-CAP,Logo Cap,1,2025-08-07 12:00,26.3,20070,United Kingdom
INV501327,TH-SHOE,Canvas Sneakers,2,2026-05-20 11:00,69.7,20148,United Kingdom
INV503482,TH-DRESS,Summer Dress,1,2025-05-17 13:00,63.72,20384,United Kingdom
INV501769,TH-SHOE,Canvas Sneakers,1,2025-11-25 15:00,26.62,20197,United Kingdom
INV501475,TH-JEAN,Slim Fit Jeans,1,2025-07-27 18:00,62.58,20165,United Kingdom
INV501819,TH-JEAN,Slim Fit Jeans,2,2025-10-09 08:00,83.33,20202,United Kingdom
INV500332,TH-TSHIRT,Cotton Crew T-Shirt,2,2025-08-17 19:00,11.36,20038,United Kingdom
INV503949,TH-SHIRT,Oxford Shirt,3,2025-08-17 18:00,60.71,20443,United Kingdom
INV500777,TH-SHIRT,Oxford Shirt,1,2026-02-18 13:00,47.56,20085,United Kingdom
INV502475,TH-CAP,Logo Cap,1,2026-04-07 19:00,14.39,20273,United Kingdom
INV501771,TH-SHOE,Canvas Sneakers,3,2025-06-14 13:00,77.7,20198,United Kingdom
INV501313,TH-SHOE,Canvas Sneakers,2,2025-06-23 11:00,57.5,20147,United Kingdom
INV505845,TH-TSHIRT,Cotton Crew T-Shirt,3,2026-05-21 17:00,21.34,20658,United Kingdom
INV504754,TH-CAP,Logo Cap,1,2025-12-15 18:00,10.12,20535,United Kingdom
INV500585,TH-CAP,Logo Cap,3,2025-07-30 16:00,22.82,20066,United Kingdom
INV501978,TH-HOOD,Fleece Hoodie,3,2026-01-14 20:00,57.3,20219,United Kingdom
INV504562,TH-JACK,Denim Jacket,1,2025-07-20 20:00,68.07,20511,United Kingdom
INV502518,TH-CAP,Logo Cap,2,2025-11-13 17:00,19.87,20278,United Kingdom
INV505906,TH-JEAN,Slim Fit Jeans,1,2025-09-10 15:00,85.85,20665,United Kingdom
INV503740,TH-JACK,Denim Jacket,1,2025-11-18 11:00,60.69,20418,United Kingdom
INV505418,TH-TSHIRT,Cotton Crew T-Shirt,1,2025-08-29 11:00,24.54,20610,United Kingdom
INV505564,TH-JACK,Denim Jacket,1,2026-02-28 18:00,75.14,20627,United Kingdom
INV503545,TH-SHIRT,Oxford Shirt,1,2025-09-20 16:00,42.76,20392,United Kingdom
INV501788,TH-JEAN,Slim Fit Jeans,2,2026-02-24 15:00,63.49,20199,United Kingdom
INV500948,TH-DRESS,Summer Dress,1,2026-02-25 16:00,96.81,20104,United Kingdom
INV500288,TH-JACK,Denim Jacket,2,2026-03-07 13:00,84.65,20035,United Kingdom
INV503973,TH-JEAN,Slim Fit Jeans,1,2026-03-27 19:00,61.52,20444,United Kingdom
INV502489,TH-CAP,Logo Cap,3,2025-12-06 18:00,23.34,20274,United Kingdom
INV505286,TH-CAP,Logo Cap,1,2025-07-01 19:00,19.68,20594,United Kingdom
INV501054,TH-HOOD,Fleece Hoodie,3,2026-01-11 19:00,56.13,20114,United Kingdom
INV500870,TH-JEAN,Slim Fit Jeans,2,2026-04-22 20:00,39.9,20096,United Kingdom
INV503501,TH-SHOE,Canvas Sneakers,2,2026-01-22 10:00,68.42,20385,United Kingdom
INV500935,TH-DRESS,Summer Dress,3,2026-06-17 09:00,85.68,20102,United Kingdom
INV504493,TH-SHIRT,Oxford Shirt,2,2026-04-16 18:00,65.47,20504,United Kingdom
INV504818,TH-SHOE,Canvas Sneakers,2,2025-06-16 10:00,63.89,20541,United Kingdom
INV502462,TH-CAP,Logo Cap,3,2026-04-17 20:00,26.36,20271,United Kingdom
INV505578,TH-DRESS,Summer Dress,1,2026-03-01 19:00,72.72,20629,United Kingdom
INV502758,TH-JEAN,Slim Fit Jeans,2,2026-05-28 19:00,48.95,20304,United Kingdom
INV502982,TH-SHIRT,Oxford Shirt,2,2025-11-05 20:00,44.57,20332,United Kingdom
INV505108,TH-JACK,Denim Jacket,2,2026-06-30 14:00,67.58,20572,United Kingdom
INV500140,TH-HOOD,Fleece Hoodie,1,2025-08-23 13:00,53.01,20018,United Kingdom
INV500494,TH-TSHIRT,Cotton Crew T-Shirt,2,2026-02-07 10:00,18.87,20057,United Kingdom
INV500719,TH-JEAN,Slim Fit Jeans,2,2026-06-29 20:00,68.52,20080,United Kingdom
INV502720,TH-DRESS,Summer Dress,3,2025-11-10 18:00,85.8,20300,United Kingdom
INV500717,TH-JACK,Denim Jacket,2,2026-01-23 12:00,106.85,20080,United Kingdom
INV500209,TH-JACK,Denim Jacket,2,2026-03-14 12:00,60.01,20026,United Kingdom
INV506076,TH-SHOE,Canvas Sneakers,1,2025-07-02 17:00,71.92,20682,United Kingdom
INV504057,TH-JACK,Denim Jacket,1,2025-06-13 15:00,89.12,20454,United Kingdom
INV500615,TH-HOOD,Fleece Hoodie,2,2026-01-06 15:00,69.1,20069,United Kingdom
INV504304,TH-TSHIRT,Cotton Crew T-Shirt,1,2025-11-09 18:00,25.1,20484,United Kingdom
INV505357,TH-SHOE,Canvas Sneakers,3,2026-04-25 10:00,55.62,20603,United Kingdom
INV500830,TH-HOOD,Fleece Hoodie,3,2025-10-07 12:00,57.97,20092,United Kingdom
INV504007,TH-CAP,Logo Cap,1,2025-06-30 20:00,33.06,20448,United Kingdom
INV505863,TH-DRESS,Summer Dress,2,2025-10-02 08:00,94.52,20660,United Kingdom
INV505309,TH-HOOD,Fleece Hoodie,2,2026-05-19 20:00,31.3,20597,United Kingdom
INV504561,TH-TSHIRT,Cotton Crew T-Shirt,2,2026-04-26 18:00,14.35,20511,United Kingdom
INV502714,TH-HOOD,Fleece Hoodie,1,2025-06-26 10:00,38.98,20299,United Kingdom
INV504503,TH-DRESS,Summer Dress,2,2026-03-08 15:00,91.66,20504,United Kingdom
INV502270,TH-JEAN,Slim Fit Jeans,3,2026-04-09 14:00,79.55,20251,United Kingdom
INV500769,TH-JACK,Denim Jacket,2,2026-07-04 15:00,108.05,20085,United Kingdom
INV502395,TH-DRESS,Summer Dress,3,2025-07-07 10:00,89.17,20263,United Kingdom
INV503840,TH-JACK,Denim Jacket,1,2025-09-12 09:00,99.75,20431,United Kingdom
INV501280,TH-SHOE,Canvas Sneakers,2,2026-04-17 18:00,80.94,20143,United Kingdom
INV500098,TH-TSHIRT,Cotton Crew T-Shirt,2,2026-05-28 09:00,14.82,20013,United Kingdom
INV503261,TH-CAP,Logo Cap,3,2026-05-17 13:00,25.02,20361,United Kingdom
INV501336,TH-JACK,Denim Jacket,1,2025-11-05 15:00,90.79,20149,United Kingdom
INV504455,TH-SHOE,Canvas Sneakers,1,2025-12-22 13:00,53.38,20500,United Kingdom
INV504407,TH-SHIRT,Oxford Shirt,1,2025-08-15 19:00,38.55,20494,United Kingdom
INV502330,TH-HOOD,Fleece Hoodie,2,2025-08-07 12:00,46.76,20256,United Kingdom
INV501139,TH-SHOE,Canvas Sneakers,2,2026-01-25 08:00,66.01,20126,United Kingdom
INV501357,TH-CAP,Logo Cap,1,2026-05-22 10:00,17.02,20151,United Kingdom
INV501240,TH-CAP,Logo Cap,2,2026-06-24 18:00,11.25,20140,United Kingdom
INV505728,TH-SHIRT,Oxford Shirt,3,2025-12-16 11:00,42.82,20645,United Kingdom
INV502688,TH-DRESS,Summer Dress,1,2026-02-14 09:00,59.52,20295,United Kingdom
INV506127,TH-JACK,Denim Jacket,2,2025-09-10 13:00,121.66,20685,United Kingdom
INV504999,TH-CAP,Logo Cap,3,2026-01-02 15:00,25.53,20561,United Kingdom
INV501217,TH-JEAN,Slim Fit Jeans,3,2026-05-30 13:00,69.21,20138,United Kingdom
INV501130,TH-SHOE,Canvas Sneakers,2,2025-08-15 11:00,78.08,20126,United Kingdom
INV503690,TH-SHIRT,Oxford Shirt,1,2025-12-03 10:00,40.1,20411,United Kingdom
INV501752,TH-JEAN,Slim Fit Jeans,1,2026-01-08 20:00,82.61,20196,United Kingdom
INV503938,TH-JACK,Denim Jacket,2,2025-08-20 09:00,94.53,20442,United Kingdom
INV505443,TH-SHOE,Canvas Sneakers,2,2025-08-18 10:00,70.48,20612,United Kingdom
INV505015,TH-TSHIRT,Cotton Crew T-Shirt,2,2025-12-30 14:00,10.98,20563,United Kingdom
INV506086,TH-TSHIRT,Cotton Crew T-Shirt,1,2026-02-04 13:00,27.55,20682,United Kingdom
INV504954,TH-CAP,Logo Cap,2,2025-06-25 20:00,11.38,20554,United Kingdom
INV501048,TH-HOOD,Fleece Hoodie,2,2026-03-12 10:00,47.8,20113,United Kingdom
INV503097,TH-HOOD,Fleece Hoodie,1,2025-12-04 09:00,51.07,20341,United Kingdom
INV501972,TH-CAP,Logo Cap,2,2025-10-13 18:00,24.25,20219,United Kingdom
INV501841,TH-SHIRT,Oxford Shirt,2,2025-09-24 19:00,31.18,20204,United Kingdom
INV501525,TH-DRESS,Summer Dress,1,2025-11-18 17:00,52.14,20169,United Kingdom
INV505411,TH-SHIRT,Oxford Shirt,3,2025-11-08 20:00,47.64,20609,United Kingdom
INV502595,TH-TSHIRT,Cotton Crew T-Shirt,2,2026-03-03 09:00,12.52,20286,United Kingdom
INV502080,TH-CAP,Logo Cap,2,2025-07-24 11:00,16.8,20231,United Kingdom
INV502948,TH-DRESS,Summer Dress,2,2026-01-03 10:00,85.25,20328,United Kingdom
INV504045,TH-DRESS,Summer Dress,2,2025-09-26 18:00,34.33,20452,United Kingdom
INV506201,TH-SHOE,Canvas Sneakers,2,2026-03-21 12:00,64.61,20693,United Kingdom
INV504160,TH-TSHIRT,Cotton Crew T-Shirt,1,2026-04-03 15:00,20.42,20468,United Kingdom
INV502821,TH-SHOE,Canvas Sneakers,1,2025-06-25 20:00,47.05,20311,United Kingdom
INV504986,TH-SHIRT,Oxford Shirt,1,2026-03-06 15:00,34.51,20559,United Kingdom
INV504297,TH-DRESS,Summer Dress,3,2026-05-28 15:00,84.93,20484,United Kingdom
INV501744,TH-JACK,Denim Jacket,1,2025-05-29 18:00,72.73,20195,United Kingdom
INV504541,TH-SHIRT,Oxford Shirt,3,2025-12-19 11:00,44.61,20509,United Kingdom
INV500143,TH-JEAN,Slim Fit Jeans,1,2025-12-04 10:00,68.12,20018,United Kingdom
INV505322,TH-JEAN,Slim Fit Jeans,1,2025-12-22 11:00,47.69,20599,United Kingdom
INV501979,TH-HOOD,Fleece Hoodie,1,2025-10-29 16:00,56.18,20220,United Kingdom
INV505008,TH-HOOD,Fleece Hoodie,1,2026-05-04 16:00,33.46,20562,United Kingdom
INV504211,TH-HOOD,Fleece Hoodie,2,2025-10-19 16:00,53.65,20474,United Kingdom
INV505726,TH-HOOD,Fleece Hoodie,2,2025-06-06 12:00,48.77,20645,United Kingdom
INV505515,TH-HOOD,Fleece Hoodie,2,2026-05-21 09:00,55.52,20620,United Kingdom
INV504886,TH-JEAN,Slim Fit Jeans,1,2025-09-20 19:00,51.6,20546,United Kingdom
INV504349,TH-DRESS,Summer Dress,3,2025-09-23 17:00,98.53,20489,United Kingdom
INV504259,TH-JACK,Denim Jacket,3,2026-01-19 10:00,106.86,20480,United Kingdom
INV501251,TH-HOOD,Fleece Hoodie,1,2026-04-30 08:00,61.95,20141,United Kingdom
INV500857,TH-HOOD,Fleece Hoodie,1,2025-06-12 15:00,51.4,20094,United Kingdom
INV501664,TH-SHIRT,Oxford Shirt,1,2026-07-09 12:00,32.1,20185,United Kingdom
INV503870,TH-SHOE,Canvas Sneakers,1,2026-01-14 17:00,71.76,20434,United Kingdom
INV503952,TH-SHIRT,Oxford Shirt,2,2025-12-12 18:00,71.97,20443,United Kingdom
INV504937,TH-SHOE,Canvas Sneakers,2,2025-07-11 17:00,53.24,20552,United Kingdom
INV500773,TH-JEAN,Slim Fit Jeans,1,2025-10-19 15:00,73.12,20085,United Kingdom
INV505163,TH-SHIRT,Oxford Shirt,1,2025-09-17 08:00,49.55,20578,United Kingdom
INV501728,TH-HOOD,Fleece Hoodie,2,2026-06-29 14:00,45.7,20193,United Kingdom
INV504462,TH-DRESS,Summer Dress,1,2025-11-10 14:00,64.15,20500,United Kingdom
INV502017,TH-SHOE,Canvas Sneakers,1,2026-03-17 09:00,47.79,20224,United Kingdom
INV502864,TH-HOOD,Fleece Hoodie,2,2026-03-23 19:00,43.98,20316,United Kingdom
INV502387,TH-CAP,Logo Cap,2,2025-08-12 19:00,15.55,20262,United Kingdom
INV500583,TH-CAP,Logo Cap,3,2026-05-21 14:00,23.35,20066,United Kingdom
INV504390,TH-CAP,Logo Cap,1,2025-10-03 08:00,27.5,20491,United Kingdom
INV503570,TH-SHOE,Canvas Sneakers,3,2026-01-10 18:00,78.6,20394,United Kingdom
INV505389,TH-SHIRT,Oxford Shirt,2,2025-05-12 18:00,34.02,20607,United Kingdom
INV504374,TH-DRESS,Summer Dress,2,2025-10-08 16:00,70.43,20490,United Kingdom
INV501103,TH-SHIRT,Oxford Shirt,2,2026-05-21 09:00,30.54,20121,United Kingdom
INV500155,TH-JACK,Denim Jacket,2,2026-06-20 20:00,93.82,20020,United Kingdom
INV505694,TH-TSHIRT,Cotton Crew T-Shirt,2,2025-12-20 10:00,16.92,20642,United Kingdom
INV504320,TH-DRESS,Summer Dress,3,2025-10-17 14:00,85.87,20486,United Kingdom
INV504386,TH-SHOE,Canvas Sneakers,2,2026-04-26 14:00,75.51,20491,United Kingdom
INV500154,TH-JACK,Denim Jacket,1,2026-03-09 20:00,68.52,20019,United Kingdom
INV504375,TH-JACK,Denim Jacket,2,2026-02-25 20:00,92.0,20490,United Kingdom
INV500564,TH-DRESS,Summer Dress,2,2025-06-04 20:00,78.25,20064,United Kingdom
INV503304,TH-SHIRT,Oxford Shirt,2,2025-09-10 13:00,39.98,20366,United Kingdom
INV502190,TH-TSHIRT,Cotton Crew T-Shirt,2,2025-07-10 20:00,22.05,20243,United Kingdom
INV504052,TH-DRESS,Summer Dress,1,2026-03-21 10:00,75.37,20453,United Kingdom
INV501431,TH-JACK,Denim Jacket,1,2025-08-24 09:00,87.87,20159,United Kingdom
INV505616,TH-CAP,Logo Cap,3,2026-06-16 20:00,23.66,20633,United Kingdom
INV502143,TH-SHOE,Canvas Sneakers,3,2025-08-01 20:00,63.43,20236,United Kingdom
INV502736,TH-JEAN,Slim Fit Jeans,1,2025-09-18 11:00,84.08,20301,United Kingdom
INV503088,TH-TSHIRT,Cotton Crew T-Shirt,2,2025-06-14 09:00,25.9,20340,United Kingdom
INV501073,TH-HOOD,Fleece Hoodie,2,2025-10-19 13:00,61.85,20115,United Kingdom
INV505750,TH-CAP,Logo Cap,1,2026-04-18 16:00,25.43,20647,United Kingdom
INV505281,TH-TSHIRT,Cotton Crew T-Shirt,1,2026-01-04 16:00,11.74,20593,United Kingdom
INV502859,TH-CAP,Logo Cap,3,2026-04-02 12:00,24.63,20315,United Kingdom
INV505437,TH-SHOE,Canvas Sneakers,2,2025-12-09 20:00,70.1,20612,United Kingdom
INV501749,TH-CAP,Logo Cap,2,2026-06-23 11:00,17.76,20195,United Kingdom
INV505544,TH-TSHIRT,Cotton Crew T-Shirt,1,2025-07-15 18:00,18.84,20624,United Kingdom
INV500031,TH-TSHIRT,Cotton Crew T-Shirt,2,2025-11-08 15:00,16.97,20005,United Kingdom
INV500488,TH-CAP,Logo Cap,1,2025-10-12 12:00,20.27,20056,United Kingdom
INV505356,TH-TSHIRT,Cotton Crew T-Shirt,2,2026-03-05 19:00,18.9,20603,United Kingdom
INV504935,TH-SHIRT,Oxford Shirt,1,2025-09-01 09:00,43.39,20552,United Kingdom
INV500905,TH-SHIRT,Oxford Shirt,3,2025-08-29 10:00,58.06,20100,United Kingdom
INV502277,TH-JACK,Denim Jacket,2,2025-08-23 09:00,126.94,20251,United Kingdom
INV504084,TH-TSHIRT,Cotton Crew T-Shirt,2,2025-10-07 09:00,13.14,20458,United Kingdom
INV501940,TH-TSHIRT,Cotton Crew T-Shirt,2,2025-08-07 09:00,14.58,20215,United Kingdom
INV500540,TH-HOOD,Fleece Hoodie,2,2025-05-19 11:00,67.5,20061,United Kingdom
INV500468,TH-TSHIRT,Cotton Crew T-Shirt,1,2026-06-01 19:00,16.78,20054,United Kingdom
INV502652,TH-TSHIRT,Cotton Crew T-Shirt,1,2025-08-10 18:00,18.86,20292,United Kingdom
INV502807,TH-SHIRT,Oxford Shirt,3,2025-12-04 16:00,59.36,20310,United Kingdom
INV503934,TH-DRESS,Summer Dress,1,2026-06-27 15:00,89.75,20442,United Kingdom
INV504605,TH-JEAN,Slim Fit Jeans,2,2026-03-04 14:00,52.04,20517,United Kingdom
INV503383,TH-JEAN,Slim Fit Jeans,2,2025-08-12 13:00,71.48,20375,United Kingdom
INV500679,TH-SHOE,Canvas Sneakers,3,2025-06-16 08:00,61.31,20076,United Kingdom
INV505140,TH-JACK,Denim Jacket,2,2025-09-19 11:00,97.03,20576,United Kingdom
INV500958,TH-JACK,Denim Jacket,1,2025-05-18 11:00,83.17,20105,United Kingdom
INV500902,TH-DRESS,Summer Dress,3,2025-07-22 16:00,108.47,20100,United Kingdom
INV503269,TH-DRESS,Summer Dress,1,2026-05-03 17:00,88.12,20361,United Kingdom
INV502787,TH-HOOD,Fleece Hoodie,1,2026-05-27 11:00,26.66,20308,United Kingdom
INV504051,TH-DRESS,Summer Dress,1,2025-09-02 16:00,64.73,20453,United Kingdom
INV503121,TH-JEAN,Slim Fit Jeans,3,2026-05-10 08:00,68.79,20343,United Kingdom
INV502279,TH-DRESS,Summer Dress,2,2026-04-02 18:00,72.75,20252,United Kingdom
INV500182,TH-HOOD,Fleece Hoodie,3,2026-04-11 12:00,60.86,20022,United Kingdom
INV504571,TH-HOOD,Fleece Hoodie,2,2025-09-27 13:00,62.72,20512,United Kingdom
INV501675,TH-SHOE,Canvas Sneakers,3,2025-10-17 15:00,66.76,20186,United Kingdom
INV501954,TH-JACK,Denim Jacket,2,2025-10-22 16:00,101.07,20218,United Kingdom
INV503225,TH-HOOD,Fleece Hoodie,2,2025-06-22 17:00,28.13,20356,United Kingdom
INV503165,TH-SHOE,Canvas Sneakers,1,2026-05-22 15:00,77.04,20348,United Kingdom
INV500395,TH-DRESS,Summer Dress,1,2026-05-04 14:00,61.19,20047,United Kingdom
INV503278,TH-SHIRT,Oxford Shirt,2,2026-05-24 14:00,35.16,20362,United Kingdom
INV500267,TH-JACK,Denim Jacket,2,2026-03-18 11:00,72.44,20032,United Kingdom
INV505618,TH-HOOD,Fleece Hoodie,1,2026-07-04 17:00,58.8,20633,United Kingdom
INV502420,TH-SHOE,Canvas Sneakers,1,2026-05-17 15:00,47.16,20266,United Kingdom
INV506234,TH-CAP,Logo Cap,1,2026-03-07 13:00,17.66,20696,United Kingdom
INV505350,TH-CAP,Logo Cap,3,2026-01-21 19:00,22.47,20602,United Kingdom
INV503009,TH-JACK,Denim Jacket,1,2025-11-30 17:00,100.17,20334,United Kingdom
INV502588,TH-CAP,Logo Cap,1,2026-01-24 13:00,21.49,20285,United Kingdom
INV505213,TH-DRESS,Summer Dress,1,2025-06-15 19:00,74.42,20583,United Kingdom
INV501891,TH-CAP,Logo Cap,1,2025-08-29 08:00,16.59,20211,United Kingdom
INV505598,TH-SHIRT,Oxford Shirt,2,2025-09-16 15:00,52.48,20631,United Kingdom
INV504246,TH-SHIRT,Oxford Shirt,3,2025-12-09 09:00,49.27,20479,United Kingdom
INV501348,TH-JEAN,Slim Fit Jeans,3,2026-02-25 19:00,97.81,20150,United Kingdom
INV503697,TH-DRESS,Summer Dress,2,2025-07-01 11:00,69.04,20411,United Kingdom
INV503716,TH-SHOE,Canvas Sneakers,1,2025-11-29 19:00,77.04,20414,United Kingdom
INV500929,TH-SHIRT,Oxford Shirt,1,2025-06-09 13:00,45.16,20102,United Kingdom
INV502480,TH-JEAN,Slim Fit Jeans,2,2026-03-01 17:00,54.36,20273,United Kingdom
INV500408,TH-JEAN,Slim Fit Jeans,1,2025-06-16 17:00,45.98,20049,United Kingdom
INV503813,TH-JACK,Denim Jacket,2,2026-03-02 20:00,83.06,20429,United Kingdom
INV500124,TH-TSHIRT,Cotton Crew T-Shirt,1,2025-07-26 11:00,13.42,20016,United Kingdom
INV505021,TH-CAP,Logo Cap,3,2025-12-20 20:00,25.65,20564,United Kingdom
INV501193,TH-CAP,Logo Cap,2,2025-09-08 17:00,18.3,20133,United Kingdom
INV501387,TH-SHIRT,Oxford Shirt,2,2026-02-07 15:00,27.24,20154,United Kingdom
INV502676,TH-TSHIRT,Cotton Crew T-Shirt,3,2025-09-07 19:00,23.8,20294,United Kingdom
INV501924,TH-JACK,Denim Jacket,1,2026-01-21 16:00,93.19,20214,United Kingdom
INV504502,TH-JEAN,Slim Fit Jeans,1,2025-09-30 18:00,96.22,20504,United Kingdom
INV501997,TH-JACK,Denim Jacket,1,2025-08-13 11:00,63.87,20222,United Kingdom
INV501478,TH-JACK,Denim Jacket,2,2026-07-03 18:00,83.21,20165,United Kingdom
INV502184,TH-DRESS,Summer Dress,1,2026-04-06 18:00,38.13,20242,United Kingdom
INV502659,TH-CAP,Logo Cap,1,2025-08-15 19:00,20.32,20292,United Kingdom
INV503761,TH-CAP,Logo Cap,3,2026-04-25 13:00,21.03,20421,United Kingdom
INV500557,TH-JACK,Denim Jacket,2,2025-08-22 19:00,73.69,20063,United Kingdom
INV500612,TH-SHIRT,Oxford Shirt,3,2026-03-20 12:00,63.08,20069,United Kingdom
INV500415,TH-SHIRT,Oxford Shirt,1,2025-12-17 13:00,35.59,20050,United Kingdom
INV501046,TH-DRESS,Summer Dress,1,2025-11-25 15:00,63.21,20113,United Kingdom
INV505656,TH-JEAN,Slim Fit Jeans,2,2025-11-11 11:00,55.9,20637,United Kingdom
INV501161,TH-JACK,Denim Jacket,2,2026-05-31 16:00,114.27,20129,United Kingdom
INV502095,TH-SHIRT,Oxford Shirt,1,2026-05-19 18:00,31.2,20232,United Kingdom
INV504962,TH-TSHIRT,Cotton Crew T-Shirt,2,2025-12-24 20:00,14.8,20556,United Kingdom
INV500409,TH-JACK,Denim Jacket,1,2026-05-14 18:00,57.41,20049,United Kingdom
INV501637,TH-DRESS,Summer Dress,1,2026-05-03 16:00,61.58,20181,United Kingdom
INV500569,TH-TSHIRT,Cotton Crew T-Shirt,3,2026-05-21 12:00,19.73,20064,United Kingdom
INV503511,TH-JACK,Denim Jacket,3,2026-05-30 12:00,89.58,20386,United Kingdom
INV503810,TH-SHOE,Canvas Sneakers,2,2026-06-21 10:00,45.9,20428,United Kingdom
INV503443,TH-TSHIRT,Cotton Crew T-Shirt,1,2026-06-19 12:00,17.56,20381,United Kingdom
INV502061,TH-TSHIRT,Cotton Crew T-Shirt,2,2025-09-13 18:00,16.13,20228,United Kingdom
INV505791,TH-JEAN,Slim Fit Jeans,1,2026-07-02 12:00,71.84,20652,United Kingdom
INV502842,TH-CAP,Logo Cap,3,2025-08-20 09:00,23.06,20313,United Kingdom
INV500469,TH-TSHIRT,Cotton Crew T-Shirt,1,2026-04-04 19:00,19.09,20054,United Kingdom
INV502246,TH-HOOD,Fleece Hoodie,2,2026-05-15 15:00,41.94,20248,United Kingdom
INV500049,TH-JEAN,Slim Fit Jeans,2,2026-07-12 14:00,83.69,20006,United Kingdom
INV500911,TH-CAP,Logo Cap,1,2025-12-10 18:00,27.14,20100,United Kingdom
INV500376,TH-DRESS,Summer Dress,2,2026-02-19 13:00,44.48,20044,United Kingdom
INV505160,TH-TSHIRT,Cotton Crew T-Shirt,3,2026-07-09 17:00,22.9,20578,United Kingdom
INV502586,TH-SHOE,Canvas Sneakers,1,2026-02-03 14:00,68.55,20285,United Kingdom
INV500233,TH-JACK,Denim Jacket,3,2025-07-08 10:00,101.39,20029,United Kingdom
INV504653,TH-JACK,Denim Jacket,2,2025-11-20 18:00,111.54,20522,United Kingdom
INV501404,TH-JEAN,Slim Fit Jeans,1,2025-11-04 10:00,58.88,20156,United Kingdom
INV504101,TH-DRESS,Summer Dress,2,2026-03-30 12:00,52.98,20460,United Kingdom
INV504281,TH-TSHIRT,Cotton Crew T-Shirt,3,2025-05-28 11:00,20.07,20482,United Kingdom
INV500655,TH-JEAN,Slim Fit Jeans,1,2025-10-01 08:00,73.28,20073,United Kingdom
INV501716,TH-SHIRT,Oxford Shirt,1,2026-02-12 10:00,61.54,20192,United Kingdom
INV506146,TH-JACK,Denim Jacket,2,2025-11-12 20:00,58.14,20687,United Kingdom
INV501228,TH-JEAN,Slim Fit Jeans,1,2025-11-15 19:00,68.64,20138,United Kingdom
INV500632,TH-SHIRT,Oxford Shirt,1,2025-08-07 12:00,55.04,20070,United Kingdom
INV500341,TH-CAP,Logo Cap,1,2025-06-12 16:00,12.25,20039,United Kingdom
INV501838,TH-DRESS,Summer Dress,2,2026-01-08 20:00,46.33,20204,United Kingdom
INV503306,TH-DRESS,Summer Dress,1,2025-11-27 09:00,70.44,20366,United Kingdom
INV502683,TH-SHIRT,Oxford Shirt,1,2025-11-28 15:00,39.76,20295,United Kingdom
INV501722,TH-JACK,Denim Jacket,2,2025-12-31 09:00,109.86,20192,United Kingdom
INV505608,TH-HOOD,Fleece Hoodie,2,2026-04-04 09:00,39.63,20632,United Kingdom
INV500313,TH-SHOE,Canvas Sneakers,3,2026-03-28 19:00,73.2,20036,United Kingdom
INV504474,TH-JEAN,Slim Fit Jeans,2,2025-10-22 17:00,81.82,20501,United Kingdom
INV500994,TH-SHOE,Canvas Sneakers,1,2025-11-05 12:00,48.55,20108,United Kingdom
INV501154,TH-DRESS,Summer Dress,2,2026-04-17 18:00,44.76,20128,United Kingdom
INV500105,TH-HOOD,Fleece Hoodie,2,2025-09-08 19:00,56.21,20014,United Kingdom
INV506108,TH-CAP,Logo Cap,1,2025-08-19 18:00,12.8,20684,United Kingdom
INV504742,TH-JEAN,Slim Fit Jeans,2,2026-04-30 13:00,62.83,20533,United Kingdom
INV505752,TH-HOOD,Fleece Hoodie,1,2025-11-16 10:00,61.55,20647,United Kingdom
INV504900,TH-HOOD,Fleece Hoodie,2,2025-09-15 09:00,54.67,20548,United Kingdom
INV502522,TH-HOOD,Fleece Hoodie,2,2025-12-10 16:00,41.37,20278,United Kingdom
INV505318,TH-CAP,Logo Cap,2,2025-10-07 16:00,10.86,20598,United Kingdom
INV502612,TH-JEAN,Slim Fit Jeans,3,2026-02-14 12:00,81.75,20289,United Kingdom
INV506167,TH-SHIRT,Oxford Shirt,1,2026-02-03 08:00,49.38,20689,United Kingdom
INV501278,TH-JACK,Denim Jacket,2,2026-06-09 08:00,114.35,20143,United Kingdom
INV502117,TH-SHIRT,Oxford Shirt,1,2026-06-20 17:00,56.06,20234,United Kingdom
INV504496,TH-JACK,Denim Jacket,1,2026-05-12 14:00,109.98,20504,United Kingdom
INV501214,TH-SHOE,Canvas Sneakers,2,2026-07-09 18:00,35.54,20137,United Kingdom
INV501688,TH-SHIRT,Oxford Shirt,1,2026-02-10 11:00,28.21,20188,United Kingdom
INV504948,TH-HOOD,Fleece Hoodie,1,2026-02-09 19:00,46.02,20553,United Kingdom
INV501135,TH-TSHIRT,Cotton Crew T-Shirt,3,2026-04-12 12:00,24.15,20126,United Kingdom
INV501207,TH-DRESS,Summer Dress,1,2026-05-03 11:00,52.06,20136,United Kingdom
INV503981,TH-HOOD,Fleece Hoodie,2,2025-12-01 12:00,35.43,20445,United Kingdom
INV502423,TH-CAP,Logo Cap,2,2026-02-21 09:00,14.84,20266,United Kingdom
INV503462,TH-TSHIRT,Cotton Crew T-Shirt,3,2026-02-11 09:00,28.01,20382,United Kingdom
INV503244,TH-JEAN,Slim Fit Jeans,3,2026-03-05 18:00,65.49,20358,United Kingdom
INV505918,TH-SHIRT,Oxford Shirt,3,2026-04-15 18:00,69.05,20666,United Kingdom
INV505788,TH-HOOD,Fleece Hoodie,1,2025-12-21 13:00,53.16,20652,United Kingdom
INV504007,TH-SHOE,Canvas Sneakers,3,2025-06-30 20:00,95.95,20448,United Kingdom
INV503608,TH-SHOE,Canvas Sneakers,2,2026-05-02 08:00,66.54,20399,United Kingdom
INV502507,TH-TSHIRT,Cotton Crew T-Shirt,1,2025-12-18 12:00,18.16,20277,United Kingdom
INV502549,TH-HOOD,Fleece Hoodie,2,2025-09-16 19:00,47.22,20281,United Kingdom
INV501310,TH-DRESS,Summer Dress,2,2026-04-15 09:00,64.54,20147,United Kingdom
INV506078,TH-SHIRT,Oxford Shirt,1,2025-09-15 15:00,53.99,20682,United Kingdom
INV505884,TH-TSHIRT,Cotton Crew T-Shirt,1,2025-09-02 17:00,20.06,20662,United Kingdom
INV504955,TH-JACK,Denim Jacket,2,2025-05-31 12:00,51.29,20554,United Kingdom
INV502012,TH-JEAN,Slim Fit Jeans,2,2026-05-08 18:00,83.77,20223,United Kingdom
INV505582,TH-DRESS,Summer Dress,2,2026-05-21 17:00,68.13,20629,United Kingdom
INV504937,TH-CAP,Logo Cap,2,2025-07-11 17:00,19.53,20552,United Kingdom
INV502685,TH-JACK,Denim Jacket,2,2025-07-30 17:00,73.09,20295,United Kingdom
INV501177,TH-DRESS,Summer Dress,2,2025-08-28 20:00,81.46,20131,United Kingdom
INV505716,TH-SHIRT,Oxford Shirt,2,2025-12-27 13:00,49.24,20644,United Kingdom
INV500481,TH-TSHIRT,Cotton Crew T-Shirt,2,2025-08-21 20:00,18.98,20056,United Kingdom
INV503236,TH-CAP,Logo Cap,1,2025-05-18 19:00,20.89,20358,United Kingdom
INV500918,TH-JACK,Denim Jacket,2,2025-07-08 10:00,97.26,20101,United Kingdom
INV501246,TH-CAP,Logo Cap,2,2026-06-21 14:00,25.61,20141,United Kingdom
INV502036,TH-CAP,Logo Cap,2,2025-08-30 13:00,22.69,20226,United Kingdom
INV503956,TH-SHOE,Canvas Sneakers,3,2025-11-13 10:00,96.32,20443,United Kingdom
INV501474,TH-HOOD,Fleece Hoodie,2,2025-05-21 14:00,46.06,20164,United Kingdom
INV502100,TH-HOOD,Fleece Hoodie,1,2025-08-31 15:00,54.0,20233,United Kingdom
INV505762,TH-JACK,Denim Jacket,1,2025-12-24 08:00,90.14,20649,United Kingdom
INV505942,TH-SHOE,Canvas Sneakers,1,2025-09-04 20:00,71.25,20668,United Kingdom
INV502969,TH-TSHIRT,Cotton Crew T-Shirt,2,2025-09-14 15:00,17.76,20330,United Kingdom
INV506203,TH-SHOE,Canvas Sneakers,1,2026-02-12 20:00,65.19,20693,United Kingdom
INV505419,TH-HOOD,Fleece Hoodie,2,2026-06-18 11:00,66.65,20610,United Kingdom
INV503571,TH-JEAN,Slim Fit Jeans,1,2025-08-05 20:00,88.67,20394,United Kingdom
INV504722,TH-SHIRT,Oxford Shirt,3,2026-01-08 09:00,56.54,20532,United Kingdom
INV503177,TH-SHIRT,Oxford Shirt,2,2026-04-09 08:00,46.75,20349,United Kingdom
INV500576,TH-JACK,Denim Jacket,1,2025-05-13 20:00,77.27,20065,United Kingdom
INV506092,TH-TSHIRT,Cotton Crew T-Shirt,1,2025-09-17 09:00,24.35,20682,United Kingdom
INV502041,TH-SHIRT,Oxford Shirt,3,2026-07-15 18:00,57.16,20226,United Kingdom
INV505384,TH-DRESS,Summer Dress,2,2026-07-10 11:00,54.71,20606,United Kingdom
INV500513,TH-HOOD,Fleece Hoodie,3,2026-06-19 13:00,69.77,20058,United Kingdom
INV502774,TH-HOOD,Fleece Hoodie,1,2025-11-27 20:00,47.2,20306,United Kingdom
INV502621,TH-JACK,Denim Jacket,1,2025-08-31 18:00,105.53,20289,United Kingdom
INV506273,TH-TSHIRT,Cotton Crew T-Shirt,1,2025-07-11 14:00,17.84,20700,United Kingdom
INV503559,TH-CAP,Logo Cap,1,2026-01-20 14:00,13.95,20393,United Kingdom
INV504400,TH-JACK,Denim Jacket,1,2025-07-25 08:00,75.2,20492,United Kingdom
INV502892,TH-TSHIRT,Cotton Crew T-Shirt,1,2026-04-01 10:00,7.6,20319,United Kingdom
INV500010,TH-SHOE,Canvas Sneakers,2,2025-06-13 08:00,55.69,20002,United Kingdom
INV503273,TH-SHIRT,Oxford Shirt,2,2025-12-01 10:00,34.26,20362,United Kingdom
INV504367,TH-SHIRT,Oxford Shirt,1,2025-05-24 16:00,39.89,20490,United Kingdom
INV501149,TH-HOOD,Fleece Hoodie,2,2026-04-16 12:00,39.41,20127,United Kingdom
INV501530,TH-SHOE,Canvas Sneakers,1,2026-03-24 09:00,43.54,20170,United Kingdom
INV500770,TH-SHIRT,Oxford Shirt,2,2026-05-03 20:00,52.21,20085,United Kingdom
INV501277,TH-SHIRT,Oxford Shirt,2,2026-05-03 12:00,53.61,20143,United Kingdom
INV505036,TH-JEAN,Slim Fit Jeans,2,2025-08-17 09:00,42.55,20565,United Kingdom
INV503398,TH-JACK,Denim Jacket,2,2026-02-15 08:00,42.42,20376,United Kingdom
INV505847,TH-HOOD,Fleece Hoodie,2,2026-03-06 09:00,55.92,20658,United Kingdom
INV504095,TH-DRESS,Summer Dress,3,2026-01-18 08:00,78.15,20459,United Kingdom
INV501363,TH-TSHIRT,Cotton Crew T-Shirt,1,2025-07-20 16:00,13.83,20151,United Kingdom
INV504756,TH-HOOD,Fleece Hoodie,2,2026-07-06 16:00,21.09,20535,United Kingdom
INV502695,TH-JEAN,Slim Fit Jeans,1,2026-03-10 17:00,55.59,20297,United Kingdom
INV505108,TH-SHOE,Canvas Sneakers,2,2026-06-30 14:00,44.19,20572,United Kingdom
INV503149,TH-SHOE,Canvas Sneakers,1,2025-07-06 13:00,64.05,20346,United Kingdom
INV505548,TH-DRESS,Summer Dress,2,2026-02-24 20:00,79.07,20624,United Kingdom
INV502440,TH-CAP,Logo Cap,2,2025-07-01 19:00,25.24,20268,United Kingdom
INV502016,TH-DRESS,Summer Dress,2,2026-04-06 16:00,58.64,20224,United Kingdom
INV500458,TH-SHIRT,Oxford Shirt,2,2025-10-02 08:00,41.92,20053,United Kingdom
INV505071,TH-HOOD,Fleece Hoodie,1,2026-02-28 16:00,48.81,20569,United Kingdom
INV503771,TH-JEAN,Slim Fit Jeans,1,2026-04-30 16:00,51.66,20422,United Kingdom
INV504007,TH-JACK,Denim Jacket,3,2025-06-30 20:00,128.26,20448,United Kingdom
INV500018,TH-DRESS,Summer Dress,2,2026-01-15 15:00,47.84,20003,United Kingdom
INV500689,TH-SHIRT,Oxford Shirt,1,2025-06-28 20:00,41.37,20077,United Kingdom
INV506182,TH-SHIRT,Oxford Shirt,3,2026-07-15 16:00,47.75,20691,United Kingdom
INV500708,TH-JACK,Denim Jacket,1,2026-01-31 10:00,88.39,20079,United Kingdom
INV501754,TH-CAP,Logo Cap,2,2026-06-18 19:00,27.56,20196,United Kingdom
INV504088,TH-CAP,Logo Cap,2,2026-06-02 11:00,24.7,20459,United Kingdom
INV503923,TH-JEAN,Slim Fit Jeans,3,2026-04-23 16:00,71.77,20440,United Kingdom
INV504574,TH-SHIRT,Oxford Shirt,2,2026-05-16 11:00,52.02,20512,United Kingdom
INV505127,TH-HOOD,Fleece Hoodie,2,2025-08-22 11:00,57.21,20574,United Kingdom
INV502766,TH-JACK,Denim Jacket,2,2026-05-13 20:00,65.99,20305,United Kingdom
INV500051,TH-TSHIRT,Cotton Crew T-Shirt,1,2025-09-18 14:00,23.25,20006,United Kingdom
INV504628,TH-JACK,Denim Jacket,2,2026-05-03 14:00,51.81,20520,United Kingdom
INV504915,TH-TSHIRT,Cotton Crew T-Shirt,1,2025-12-03 17:00,18.86,20550,United Kingdom
INV504622,TH-SHIRT,Oxford Shirt,1,2025-09-09 08:00,31.99,20519,United Kingdom
INV502615,TH-DRESS,Summer Dress,1,2026-07-07 12:00,88.75,20289,United Kingdom
INV501632,TH-TSHIRT,Cotton Crew T-Shirt,2,2025-12-19 17:00,15.26,20181,United Kingdom
INV505124,TH-JACK,Denim Jacket,1,2025-10-10 16:00,94.27,20574,United Kingdom
INV505925,TH-JEAN,Slim Fit Jeans,2,2026-01-15 16:00,102.34,20666,United Kingdom
INV505331,TH-CAP,Logo Cap,2,2026-06-08 15:00,23.23,20600,United Kingdom
INV500282,TH-SHIRT,Oxford Shirt,2,2025-05-14 12:00,29.73,20034,United Kingdom
INV504872,TH-SHIRT,Oxford Shirt,1,2025-10-18 18:00,44.85,20545,United Kingdom
INV503392,TH-DRESS,Summer Dress,3,2025-08-24 17:00,88.47,20375,United Kingdom
INV504230,TH-DRESS,Summer Dress,1,2025-11-14 10:00,58.5,20477,United Kingdom
INV501249,TH-SHIRT,Oxford Shirt,2,2026-06-18 11:00,50.58,20141,United Kingdom
INV502574,TH-JACK,Denim Jacket,2,2025-10-14 10:00,70.73,20284,United Kingdom
INV504279,TH-SHIRT,Oxford Shirt,3,2026-02-22 13:00,41.38,20482,United Kingdom
INV504917,TH-SHOE,Canvas Sneakers,1,2025-07-27 15:00,59.11,20550,United Kingdom
INV501761,TH-CAP,Logo Cap,2,2026-04-11 20:00,28.78,20196,United Kingdom
INV501514,TH-HOOD,Fleece Hoodie,1,2025-05-20 10:00,32.12,20168,United Kingdom
INV506026,TH-DRESS,Summer Dress,2,2025-09-07 09:00,54.97,20676,United Kingdom
INV501485,TH-CAP,Logo Cap,3,2025-11-20 12:00,26.64,20166,United Kingdom
INV502441,TH-HOOD,Fleece Hoodie,3,2025-05-20 18:00,60.85,20268,United Kingdom
INV504070,TH-JACK,Denim Jacket,2,2025-11-11 19:00,65.66,20455,United Kingdom
INV503331,TH-TSHIRT,Cotton Crew T-Shirt,2,2026-01-16 11:00,15.26,20368,United Kingdom
INV502342,TH-CAP,Logo Cap,2,2026-05-31 11:00,21.57,20257,United Kingdom
INV502325,TH-DRESS,Summer Dress,2,2025-08-17 13:00,66.93,20256,United Kingdom
INV502811,TH-JACK,Denim Jacket,3,2025-12-18 13:00,125.11,20310,United Kingdom
INV504146,TH-JACK,Denim Jacket,1,2026-04-10 11:00,100.28,20465,United Kingdom
INV501545,TH-JACK,Denim Jacket,1,2025-12-01 09:00,120.24,20172,United Kingdom
INV506052,TH-JEAN,Slim Fit Jeans,1,2025-06-17 17:00,44.78,20679,United Kingdom
INV502570,TH-JACK,Denim Jacket,2,2025-07-30 11:00,69.39,20283,United Kingdom
INV501858,TH-CAP,Logo Cap,3,2026-07-05 17:00,23.29,20207,United Kingdom
INV500440,TH-JEAN,Slim Fit Jeans,2,2026-03-28 08:00,94.9,20052,United Kingdom
INV503650,TH-JACK,Denim Jacket,3,2025-05-23 19:00,107.99,20405,United Kingdom
INV505507,TH-TSHIRT,Cotton Crew T-Shirt,2,2025-05-28 09:00,11.5,20619,United Kingdom
INV504847,TH-JEAN,Slim Fit Jeans,1,2025-08-09 18:00,79.27,20543,United Kingdom
INV502229,TH-SHIRT,Oxford Shirt,3,2025-11-12 11:00,52.01,20247,United Kingdom
INV500043,TH-JACK,Denim Jacket,1,2025-09-25 08:00,99.03,20006,United Kingdom
INV503425,TH-JACK,Denim Jacket,1,2025-12-09 09:00,51.83,20379,United Kingdom
INV500400,TH-SHIRT,Oxford Shirt,1,2026-05-28 14:00,37.32,20047,United Kingdom
INV503795,TH-SHIRT,Oxford Shirt,2,2026-03-07 18:00,32.24,20426,United Kingdom
INV503367,TH-DRESS,Summer Dress,1,2025-11-07 10:00,84.18,20372,United Kingdom
INV502217,TH-CAP,Logo Cap,3,2025-06-23 15:00,21.24,20245,United Kingdom
INV501259,TH-JEAN,Slim Fit Jeans,3,2025-05-15 17:00,79.85,20142,United Kingdom
INV502713,TH-HOOD,Fleece Hoodie,1,2025-12-30 16:00,38.96,20299,United Kingdom
INV503341,TH-CAP,Logo Cap,2,2026-02-14 16:00,19.21,20369,United Kingdom
INV500662,TH-TSHIRT,Cotton Crew T-Shirt,1,2026-05-11 15:00,14.9,20074,United Kingdom
INV503689,TH-SHOE,Canvas Sneakers,1,2025-12-24 09:00,57.4,20411,United Kingdom
INV505965,TH-CAP,Logo Cap,1,2026-02-20 20:00,9.69,20670,United Kingdom
INV503563,TH-SHOE,Canvas Sneakers,3,2026-03-25 09:00,67.48,20394,United Kingdom
INV505486,TH-SHIRT,Oxford Shirt,3,2026-02-14 09:00,48.01,20616,United Kingdom
INV501464,TH-DRESS,Summer Dress,2,2025-11-06 17:00,69.11,20163,United Kingdom
INV505852,TH-JACK,Denim Jacket,1,2025-12-03 19:00,106.74,20658,United Kingdom
INV505181,TH-JACK,Denim Jacket,1,2026-03-02 14:00,135.12,20581,United Kingdom
INV503312,TH-HOOD,Fleece Hoodie,1,2026-04-06 12:00,48.38,20366,United Kingdom
INV500903,TH-HOOD,Fleece Hoodie,1,2025-11-27 09:00,73.85,20100,United Kingdom
INV502360,TH-SHOE,Canvas Sneakers,2,2025-07-01 18:00,47.59,20259,United Kingdom
INV501751,TH-CAP,Logo Cap,3,2026-06-06 15:00,28.8,20196,United Kingdom
INV501741,TH-SHIRT,Oxford Shirt,2,2025-05-28 10:00,49.94,20194,United Kingdom
INV505818,TH-DRESS,Summer Dress,1,2025-12-15 09:00,50.58,20655,United Kingdom
INV500840,TH-CAP,Logo Cap,2,2026-04-30 09:00,28.69,20093,United Kingdom
INV504377,TH-DRESS,Summer Dress,2,2025-09-06 20:00,92.51,20491,United Kingdom
INV500737,TH-TSHIRT,Cotton Crew T-Shirt,1,2025-06-03 18:00,13.64,20082,United Kingdom
INV501427,TH-TSHIRT,Cotton Crew T-Shirt,2,2025-11-07 11:00,18.48,20159,United Kingdom
INV504106,TH-TSHIRT,Cotton Crew T-Shirt,1,2026-01-07 08:00,17.58,20461,United Kingdom
INV501418,TH-CAP,Logo Cap,2,2025-12-17 15:00,14.0,20158,United Kingdom
INV505120,TH-CAP,Logo Cap,2,2026-07-15 18:00,17.53,20573,United Kingdom
INV503734,TH-HOOD,Fleece Hoodie,2,2026-01-23 19:00,36.9,20417,United Kingdom
INV504515,TH-CAP,Logo Cap,2,2025-05-17 12:00,24.35,20506,United Kingdom
INV504996,TH-CAP,Logo Cap,2,2025-11-23 19:00,26.82,20561,United Kingdom
INV504357,TH-HOOD,Fleece Hoodie,1,2025-09-01 09:00,74.1,20489,United Kingdom
INV502762,TH-HOOD,Fleece Hoodie,1,2025-05-26 19:00,42.92,20304,United Kingdom
INV500144,TH-SHIRT,Oxford Shirt,1,2025-07-03 08:00,42.97,20018,United Kingdom
INV505657,TH-TSHIRT,Cotton Crew T-Shirt,1,2026-01-20 08:00,10.14,20638,United Kingdom
INV504178,TH-TSHIRT,Cotton Crew T-Shirt,3,2026-03-24 08:00,21.14,20470,United Kingdom
INV506149,TH-HOOD,Fleece Hoodie,1,2026-05-08 09:00,31.5,20687,United Kingdom
INV502076,TH-CAP,Logo Cap,1,2026-02-08 11:00,13.36,20230,United Kingdom
INV505596,TH-DRESS,Summer Dress,3,2025-10-26 11:00,91.09,20631,United Kingdom
INV503010,TH-SHOE,Canvas Sneakers,1,2026-04-07 11:00,70.33,20334,United Kingdom
INV504079,TH-DRESS,Summer Dress,2,2025-10-01 09:00,32.62,20457,United Kingdom
INV505867,TH-JACK,Denim Jacket,1,2025-06-07 14:00,115.35,20660,United Kingdom
INV501068,TH-SHIRT,Oxford Shirt,3,2026-06-21 08:00,51.8,20115,United Kingdom
INV503305,TH-JEAN,Slim Fit Jeans,1,2025-05-30 13:00,60.51,20366,United Kingdom
INV505943,TH-TSHIRT,Cotton Crew T-Shirt,2,2025-07-21 09:00,23.4,20668,United Kingdom
INV501357,TH-JEAN,Slim Fit Jeans,2,2026-05-22 10:00,45.79,20151,United Kingdom
INV504907,TH-DRESS,Summer Dress,3,2025-08-20 16:00,74.25,20548,United Kingdom
INV505561,TH-HOOD,Fleece Hoodie,1,2025-06-08 10:00,56.03,20626,United Kingdom
INV502611,TH-JACK,Denim Jacket,3,2026-06-10 20:00,101.62,20289,United Kingdom
INV501936,TH-TSHIRT,Cotton Crew T-Shirt,1,2025-07-25 13:00,14.62,20215,United Kingdom
INV503611,TH-SHOE,Canvas Sneakers,2,2026-01-31 09:00,58.69,20399,United Kingdom
INV505600,TH-JACK,Denim Jacket,3,2026-05-11 10:00,116.79,20631,United Kingdom
INV505089,TH-DRESS,Summer Dress,2,2026-01-09 10:00,77.63,20570,United Kingdom
INV505977,TH-JACK,Denim Jacket,2,2025-07-05 12:00,87.39,20671,United Kingdom
INV501282,TH-JACK,Denim Jacket,1,2026-01-16 16:00,107.73,20143,United Kingdom
INV504578,TH-HOOD,Fleece Hoodie,3,2026-07-01 14:00,66.42,20512,United Kingdom
INV500798,TH-JACK,Denim Jacket,2,2026-01-11 13:00,67.59,20088,United Kingdom
INV506125,TH-TSHIRT,Cotton Crew T-Shirt,3,2025-06-10 15:00,22.46,20685,United Kingdom
INV505538,TH-SHOE,Canvas Sneakers,3,2025-12-08 17:00,59.34,20624,United Kingdom
INV502310,TH-SHIRT,Oxford Shirt,1,2025-11-30 13:00,31.68,20255,United Kingdom
INV500135,TH-HOOD,Fleece Hoodie,2,2025-12-28 16:00,62.7,20017,United Kingdom
INV503995,TH-SHIRT,Oxford Shirt,2,2026-01-22 17:00,39.24,20446,United Kingdom
INV503030,TH-DRESS,Summer Dress,3,2026-03-12 17:00,91.29,20335,United Kingdom
INV504278,TH-JEAN,Slim Fit Jeans,2,2026-05-07 10:00,64.35,20482,United Kingdom
INV500445,TH-TSHIRT,Cotton Crew T-Shirt,2,2026-05-19 17:00,29.91,20052,United Kingdom
INV501227,TH-HOOD,Fleece Hoodie,2,2026-02-18 10:00,57.1,20138,United Kingdom
INV502321,TH-DRESS,Summer Dress,1,2025-09-12 14:00,70.53,20256,United Kingdom
INV501445,TH-DRESS,Summer Dress,2,2025-07-03 10:00,69.45,20161,United Kingdom
INV502398,TH-HOOD,Fleece Hoodie,3,2026-05-31 17:00,64.67,20263,United Kingdom
INV502858,TH-CAP,Logo Cap,2,2026-01-05 19:00,26.62,20315,United Kingdom
INV502633,TH-CAP,Logo Cap,2,2026-04-15 20:00,29.83,20290,United Kingdom
INV500427,TH-JACK,Denim Jacket,1,2025-06-23 18:00,126.85,20051,United Kingdom
INV502160,TH-DRESS,Summer Dress,2,2026-06-09 09:00,50.26,20238,United Kingdom
INV506252,TH-DRESS,Summer Dress,2,2026-06-10 16:00,55.7,20698,United Kingdom
INV504761,TH-SHIRT,Oxford Shirt,2,2026-01-04 14:00,65.49,20536,United Kingdom
INV504125,TH-TSHIRT,Cotton Crew T-Shirt,1,2025-09-04 09:00,27.0,20464,United Kingdom
INV504707,TH-CAP,Logo Cap,2,2025-10-06 13:00,15.67,20530,United Kingdom
INV504291,TH-CAP,Logo Cap,3,2025-10-30 16:00,27.64,20484,United Kingdom
INV501999,TH-JACK,Denim Jacket,1,2026-06-13 18:00,118.63,20223,United Kingdom
INV501017,TH-HOOD,Fleece Hoodie,1,2025-06-27 11:00,74.82,20111,United Kingdom
INV503671,TH-JACK,Denim Jacket,1,2026-01-22 10:00,128.92,20407,United Kingdom
INV503739,TH-SHOE,Canvas Sneakers,2,2026-05-05 08:00,39.32,20418,United Kingdom
INV504348,TH-TSHIRT,Cotton Crew T-Shirt,1,2026-04-24 12:00,13.89,20488,United Kingdom
INV504759,TH-TSHIRT,Cotton Crew T-Shirt,3,2025-07-05 19:00,27.68,20536,United Kingdom
INV501262,TH-CAP,Logo Cap,3,2026-01-31 11:00,26.38,20142,United Kingdom
INV500672,TH-TSHIRT,Cotton Crew T-Shirt,2,2025-10-22 18:00,12.87,20075,United Kingdom
INV503753,TH-JACK,Denim Jacket,1,2025-10-13 17:00,96.21,20420,United Kingdom
INV500909,TH-JEAN,Slim Fit Jeans,1,2026-07-05 08:00,96.56,20100,United Kingdom
INV503235,TH-HOOD,Fleece Hoodie,3,2026-06-07 11:00,49.81,20358,United Kingdom
INV503645,TH-SHOE,Canvas Sneakers,1,2026-05-14 09:00,69.31,20405,United Kingdom
INV506122,TH-DRESS,Summer Dress,1,2026-01-20 14:00,88.08,20685,United Kingdom
INV501632,TH-JACK,Denim Jacket,2,2025-12-19 17:00,72.39,20181,United Kingdom
INV503722,TH-JEAN,Slim Fit Jeans,2,2025-05-13 12:00,76.73,20414,United Kingdom
INV503418,TH-JACK,Denim Jacket,1,2026-03-27 18:00,55.55,20379,United Kingdom
INV505101,TH-CAP,Logo Cap,2,2025-07-07 11:00,18.18,20572,United Kingdom
INV505157,TH-JEAN,Slim Fit Jeans,1,2026-05-21 09:00,70.66,20578,United Kingdom
INV504821,TH-TSHIRT,Cotton Crew T-Shirt,2,2025-05-12 09:00,22.56,20541,United Kingdom
INV505114,TH-CAP,Logo Cap,1,2025-07-28 11:00,18.82,20573,United Kingdom
INV500330,TH-CAP,Logo Cap,1,2026-05-23 16:00,12.89,20038,United Kingdom
INV505567,TH-HOOD,Fleece Hoodie,2,2025-12-23 19:00,42.47,20627,United Kingdom
INV500395,TH-DRESS,Summer Dress,2,2026-05-04 14:00,56.66,20047,United Kingdom
INV501275,TH-JACK,Denim Jacket,1,2025-09-19 20:00,106.58,20143,United Kingdom
INV505156,TH-CAP,Logo Cap,2,2025-12-22 12:00,21.19,20578,United Kingdom
INV506121,TH-DRESS,Summer Dress,2,2026-03-11 14:00,102.96,20685,United Kingdom
INV500123,TH-JEAN,Slim Fit Jeans,1,2026-03-21 11:00,39.95,20016,United Kingdom
INV500606,TH-SHOE,Canvas Sneakers,2,2026-01-18 19:00,36.96,20068,United Kingdom
INV505246,TH-CAP,Logo Cap,2,2025-05-21 09:00,19.0,20587,United Kingdom
INV504948,TH-JEAN,Slim Fit Jeans,1,2026-02-09 19:00,56.16,20553,United Kingdom
INV501230,TH-TSHIRT,Cotton Crew T-Shirt,1,2025-07-23 12:00,17.59,20139,United Kingdom
INV500359,TH-HOOD,Fleece Hoodie,1,2025-07-01 18:00,38.59,20042,United Kingdom
INV503477,TH-JACK,Denim Jacket,1,2026-05-17 10:00,74.87,20383,United Kingdom
INV504330,TH-TSHIRT,Cotton Crew T-Shirt,1,2026-02-20 18:00,21.66,20486,United Kingdom
INV501414,TH-SHIRT,Oxford Shirt,2,2026-06-28 12:00,30.85,20158,United Kingdom
INV500182,TH-CAP,Logo Cap,1,2026-04-11 12:00,25.05,20022,United Kingdom
INV501238,TH-CAP,Logo Cap,1,2026-05-12 19:00,17.95,20139,United Kingdom
INV501312,TH-SHIRT,Oxford Shirt,1,2026-02-09 08:00,45.84,20147,United Kingdom
INV504672,TH-JEAN,Slim Fit Jeans,1,2025-09-21 13:00,47.98,20525,United Kingdom
INV505206,TH-JACK,Denim Jacket,2,2025-09-24 19:00,86.68,20583,United Kingdom
INV503963,TH-TSHIRT,Cotton Crew T-Shirt,1,2025-10-25 15:00,26.9,20443,United Kingdom
INV502223,TH-SHOE,Canvas Sneakers,1,2026-03-19 13:00,57.88,20246,United Kingdom
INV501882,TH-JACK,Denim Jacket,2,2025-07-12 17:00,88.7,20209,United Kingdom
INV506249,TH-TSHIRT,Cotton Crew T-Shirt,2,2026-02-20 13:00,16.69,20698,United Kingdom
INV503556,TH-JACK,Denim Jacket,1,2025-10-09 17:00,67.12,20393,United Kingdom
INV506052,TH-DRESS,Summer Dress,2,2025-06-17 17:00,47.57,20679,United Kingdom
INV503585,TH-SHOE,Canvas Sneakers,2,2025-12-10 08:00,63.53,20396,United Kingdom
INV500140,TH-DRESS,Summer Dress,1,2025-08-23 13:00,64.97,20018,United Kingdom
INV505748,TH-JACK,Denim Jacket,1,2026-03-08 09:00,120.5,20647,United Kingdom
INV505948,TH-CAP,Logo Cap,1,2025-06-23 09:00,26.39,20668,United Kingdom
INV501203,TH-HOOD,Fleece Hoodie,1,2026-03-16 16:00,27.72,20134,United Kingdom
INV500095,TH-JACK,Denim Jacket,2,2025-11-06 14:00,69.21,20012,United Kingdom
INV503103,TH-JACK,Denim Jacket,1,2025-08-21 15:00,95.23,20341,United Kingdom
INV504180,TH-SHOE,Canvas Sneakers,1,2025-11-26 14:00,76.77,20470,United Kingdom
INV500487,TH-HOOD,Fleece Hoodie,1,2026-02-14 16:00,57.95,20056,United Kingdom
INV505451,TH-DRESS,Summer Dress,3,2026-06-04 12:00,76.4,20613,United Kingdom
INV503557,TH-SHOE,Canvas Sneakers,2,2026-04-05 13:00,43.71,20393,United Kingdom
INV503189,TH-JEAN,Slim Fit Jeans,1,2026-06-09 14:00,44.43,20352,United Kingdom
INV505664,TH-SHOE,Canvas Sneakers,2,2025-10-10 11:00,62.06,20639,United Kingdom
INV500644,TH-JACK,Denim Jacket,2,2025-11-08 09:00,68.63,20072,United Kingdom
INV502007,TH-CAP,Logo Cap,1,2025-08-11 14:00,27.69,20223,United Kingdom
INV505066,TH-DRESS,Summer Dress,1,2026-01-13 14:00,93.94,20568,United Kingdom
INV500234,TH-HOOD,Fleece Hoodie,2,2025-08-22 13:00,56.11,20029,United Kingdom
INV505906,TH-SHOE,Canvas Sneakers,2,2025-09-10 15:00,67.6,20665,United Kingdom
INV500359,TH-JEAN,Slim Fit Jeans,1,2025-07-01 18:00,47.06,20042,United Kingdom
INV501595,TH-CAP,Logo Cap,2,2026-04-16 11:00,16.55,20176,United Kingdom
INV502059,TH-CAP,Logo Cap,2,2026-05-11 16:00,17.94,20228,United Kingdom
INV501644,TH-HOOD,Fleece Hoodie,1,2025-07-21 19:00,46.09,20182,United Kingdom
INV505136,TH-DRESS,Summer Dress,3,2025-10-09 20:00,81.8,20576,United Kingdom
INV504727,TH-JEAN,Slim Fit Jeans,3,2026-05-22 12:00,80.57,20532,United Kingdom
INV500078,TH-JACK,Denim Jacket,1,2025-10-28 20:00,42.57,20010,United Kingdom
INV502798,TH-DRESS,Summer Dress,1,2026-05-07 12:00,73.69,20309,United Kingdom
INV505612,TH-SHOE,Canvas Sneakers,2,2025-12-02 13:00,69.75,20633,United Kingdom
INV503010,TH-JEAN,Slim Fit Jeans,2,2026-04-07 11:00,78.32,20334,United Kingdom
INV501000,TH-JACK,Denim Jacket,1,2026-02-21 08:00,72.98,20110,United Kingdom
INV500252,TH-HOOD,Fleece Hoodie,1,2025-11-04 18:00,56.55,20031,United Kingdom
INV503469,TH-JEAN,Slim Fit Jeans,1,2026-04-09 19:00,90.89,20382,United Kingdom
INV502979,TH-JEAN,Slim Fit Jeans,1,2025-06-09 15:00,58.48,20332,United Kingdom
INV501822,TH-HOOD,Fleece Hoodie,3,2026-03-28 18:00,60.06,20202,United Kingdom
INV501513,TH-JEAN,Slim Fit Jeans,1,2026-04-22 16:00,40.59,20168,United Kingdom
INV501585,TH-JEAN,Slim Fit Jeans,1,2026-03-02 15:00,57.21,20176,United Kingdom
INV504978,TH-SHOE,Canvas Sneakers,2,2026-06-20 11:00,40.14,20558,United Kingdom
INV500980,TH-JEAN,Slim Fit Jeans,1,2026-04-12 20:00,66.97,20107,United Kingdom
INV502815,TH-DRESS,Summer Dress,2,2025-12-21 08:00,92.94,20310,United Kingdom
INV500928,TH-SHIRT,Oxford Shirt,2,2026-06-22 14:00,49.37,20102,United Kingdom
INV505763,TH-JACK,Denim Jacket,1,2025-08-19 20:00,84.36,20649,United Kingdom
INV500552,TH-HOOD,Fleece Hoodie,2,2026-03-24 08:00,38.43,20062,United Kingdom
INV504314,TH-SHIRT,Oxford Shirt,2,2026-05-10 15:00,43.29,20485,United Kingdom
INV502884,TH-SHOE,Canvas Sneakers,2,2025-06-07 20:00,69.98,20318,United Kingdom
INV500311,TH-HOOD,Fleece Hoodie,3,2025-08-14 18:00,66.25,20036,United Kingdom
INV502208,TH-SHOE,Canvas Sneakers,2,2026-07-13 12:00,72.01,20245,United Kingdom
INV503470,TH-CAP,Logo Cap,2,2025-10-22 10:00,15.15,20383,United Kingdom
INV504305,TH-HOOD,Fleece Hoodie,1,2026-02-03 20:00,63.68,20484,United Kingdom
INV501926,TH-DRESS,Summer Dress,1,2025-08-13 08:00,83.55,20214,United Kingdom
INV502052,TH-SHOE,Canvas Sneakers,2,2025-06-18 17:00,47.93,20227,United Kingdom
INV501886,TH-TSHIRT,Cotton Crew T-Shirt,2,2025-07-29 17:00,11.5,20210,United Kingdom
INV503439,TH-DRESS,Summer Dress,3,2025-12-01 11:00,108.58,20380,United Kingdom
INV505239,TH-SHIRT,Oxford Shirt,1,2025-10-23 11:00,38.61,20587,United Kingdom
INV502378,TH-TSHIRT,Cotton Crew T-Shirt,1,2026-04-23 20:00,18.14,20261,United Kingdom
INV502359,TH-DRESS,Summer Dress,2,2026-06-11 10:00,51.42,20259,United Kingdom
INV502286,TH-SHOE,Canvas Sneakers,2,2026-01-20 09:00,53.18,20252,United Kingdom
INV504205,TH-HOOD,Fleece Hoodie,2,2025-07-10 10:00,59.9,20474,United Kingdom
INV503818,TH-CAP,Logo Cap,1,2026-05-16 15:00,20.58,20429,United Kingdom
INV503982,TH-SHIRT,Oxford Shirt,1,2026-07-11 09:00,35.19,20445,United Kingdom
INV503105,TH-DRESS,Summer Dress,2,2026-03-04 19:00,37.08,20342,United Kingdom
INV503841,TH-HOOD,Fleece Hoodie,2,2025-08-30 10:00,56.28,20431,United Kingdom
INV502661,TH-CAP,Logo Cap,2,2025-11-08 10:00,16.86,20293,United Kingdom
INV505541,TH-HOOD,Fleece Hoodie,1,2026-02-17 08:00,54.1,20624,United Kingdom
INV504071,TH-SHIRT,Oxford Shirt,2,2026-02-11 10:00,35.55,20456,United Kingdom
INV502983,TH-CAP,Logo Cap,2,2026-04-23 16:00,19.64,20332,United Kingdom
INV500353,TH-JEAN,Slim Fit Jeans,1,2026-04-23 20:00,37.28,20041,United Kingdom
INV504087,TH-JACK,Denim Jacket,1,2025-06-30 20:00,110.51,20459,United Kingdom
INV501219,TH-SHIRT,Oxford Shirt,3,2025-05-28 18:00,49.75,20138,United Kingdom
INV502193,TH-HOOD,Fleece Hoodie,2,2026-05-08 18:00,60.8,20243,United Kingdom
INV502288,TH-TSHIRT,Cotton Crew T-Shirt,1,2025-10-01 19:00,17.86,20252,United Kingdom
INV500903,TH-HOOD,Fleece Hoodie,1,2025-11-27 09:00,63.92,20100,United Kingdom
INV500909,TH-JACK,Denim Jacket,2,2026-07-05 08:00,117.65,20100,United Kingdom
INV505448,TH-CAP,Logo Cap,2,2025-11-29 18:00,20.74,20613,United Kingdom
INV505043,TH-TSHIRT,Cotton Crew T-Shirt,1,2026-04-23 08:00,21.16,20566,United Kingdom
INV503565,TH-CAP,Logo Cap,2,2026-07-02 16:00,24.72,20394,United Kingdom
INV503431,TH-JACK,Denim Jacket,3,2026-06-10 10:00,114.87,20380,United Kingdom
INV504048,TH-TSHIRT,Cotton Crew T-Shirt,1,2026-03-15 09:00,19.24,20453,United Kingdom
INV502497,TH-JACK,Denim Jacket,2,2025-09-17 09:00,46.49,20275,United Kingdom
INV502337,TH-CAP,Logo Cap,1,2025-10-22 17:00,18.49,20257,United Kingdom
INV501206,TH-TSHIRT,Cotton Crew T-Shirt,2,2026-05-16 18:00,9.51,20135,United Kingdom
INV503945,TH-TSHIRT,Cotton Crew T-Shirt,2,2026-01-15 20:00,22.19,20442,United Kingdom
INV502732,TH-SHOE,Canvas Sneakers,1,2026-01-11 15:00,72.7,20300,United Kingdom
INV503084,TH-JACK,Denim Jacket,3,2026-02-23 19:00,105.82,20340,United Kingdom
INV503815,TH-JEAN,Slim Fit Jeans,2,2025-06-19 19:00,58.93,20429,United Kingdom
INV505639,TH-TSHIRT,Cotton Crew T-Shirt,1,2025-11-08 15:00,12.45,20636,United Kingdom
INV500288,TH-HOOD,Fleece Hoodie,1,2026-03-07 13:00,48.06,20035,United Kingdom
INV502950,TH-CAP,Logo Cap,3,2026-03-21 14:00,23.36,20328,United Kingdom
INV500616,TH-SHOE,Canvas Sneakers,2,2025-07-07 10:00,84.19,20069,United Kingdom
INV500256,TH-SHIRT,Oxford Shirt,1,2026-02-26 11:00,48.71,20031,United Kingdom
INV506048,TH-JACK,Denim Jacket,1,2026-05-16 08:00,110.12,20678,United Kingdom
INV500498,TH-JEAN,Slim Fit Jeans,1,2025-08-26 18:00,66.17,20057,United Kingdom
INV502397,TH-HOOD,Fleece Hoodie,3,2025-06-09 12:00,61.87,20263,United Kingdom
INV503374,TH-DRESS,Summer Dress,1,2025-11-11 20:00,51.52,20373,United Kingdom
INV501464,TH-JACK,Denim Jacket,2,2025-11-06 17:00,78.17,20163,United Kingdom
INV503468,TH-JACK,Denim Jacket,3,2026-03-07 10:00,122.4,20382,United Kingdom
INV502465,TH-CAP,Logo Cap,3,2025-11-27 08:00,30.63,20271,United Kingdom
INV506246,TH-DRESS,Summer Dress,1,2026-05-13 15:00,53.51,20697,United Kingdom
INV505996,TH-DRESS,Summer Dress,1,2025-06-30 17:00,81.48,20673,United Kingdom
INV506042,TH-CAP,Logo Cap,2,2026-05-11 08:00,27.44,20678,United Kingdom
INV503446,TH-HOOD,Fleece Hoodie,1,2025-10-19 11:00,49.67,20381,United Kingdom
INV505874,TH-TSHIRT,Cotton Crew T-Shirt,2,2025-08-04 16:00,24.61,20660,United Kingdom
INV502011,TH-TSHIRT,Cotton Crew T-Shirt,1,2025-12-04 16:00,26.03,20223,United Kingdom
INV500633,TH-CAP,Logo Cap,1,2025-10-03 16:00,23.25,20070,United Kingdom
INV500098,TH-CAP,Logo Cap,2,2026-05-28 09:00,14.72,20013,United Kingdom
INV501790,TH-DRESS,Summer Dress,3,2026-02-02 18:00,80.93,20199,United Kingdom
INV505492,TH-HOOD,Fleece Hoodie,2,2025-08-30 16:00,49.21,20617,United Kingdom
INV500247,TH-TSHIRT,Cotton Crew T-Shirt,2,2026-02-28 15:00,17.92,20030,United Kingdom
INV502046,TH-JEAN,Slim Fit Jeans,3,2025-07-09 17:00,74.45,20226,United Kingdom
INV505165,TH-DRESS,Summer Dress,3,2025-12-09 20:00,77.89,20578,United Kingdom
INV500734,TH-SHOE,Canvas Sneakers,3,2025-10-28 12:00,63.7,20081,United Kingdom
INV502989,TH-SHOE,Canvas Sneakers,2,2026-01-13 15:00,65.92,20333,United Kingdom
INV502618,TH-JACK,Denim Jacket,3,2025-08-10 18:00,118.8,20289,United Kingdom
INV501235,TH-JEAN,Slim Fit Jeans,2,2026-06-24 10:00,62.78,20139,United Kingdom
INV503594,TH-DRESS,Summer Dress,1,2025-07-09 18:00,39.0,20397,United Kingdom
INV506011,TH-JACK,Denim Jacket,1,2025-12-01 17:00,113.21,20675,United Kingdom
INV505768,TH-CAP,Logo Cap,2,2025-08-23 20:00,19.95,20649,United Kingdom
INV504848,TH-SHOE,Canvas Sneakers,3,2026-02-01 17:00,80.25,20543,United Kingdom
INV504052,TH-TSHIRT,Cotton Crew T-Shirt,1,2026-03-21 10:00,20.9,20453,United Kingdom
INV502208,TH-CAP,Logo Cap,3,2026-07-13 12:00,21.65,20245,United Kingdom
INV502195,TH-JACK,Denim Jacket,2,2025-09-25 10:00,110.22,20243,United Kingdom
INV500581,TH-HOOD,Fleece Hoodie,2,2025-08-17 17:00,43.98,20065,United Kingdom
INV501654,TH-DRESS,Summer Dress,1,2026-06-30 15:00,62.11,20184,United Kingdom
INV501813,TH-CAP,Logo Cap,1,2025-06-23 16:00,25.72,20202,United Kingdom
INV504023,TH-JEAN,Slim Fit Jeans,1,2026-01-13 17:00,61.57,20449,United Kingdom
INV504756,TH-CAP,Logo Cap,2,2026-07-06 16:00,9.21,20535,United Kingdom
INV503960,TH-SHOE,Canvas Sneakers,3,2025-10-23 11:00,86.11,20443,United Kingdom
INV506198,TH-CAP,Logo Cap,1,2025-08-03 15:00,12.21,20692,United Kingdom
INV503339,TH-TSHIRT,Cotton Crew T-Shirt,2,2025-12-19 17:00,16.02,20369,United Kingdom
INV501305,TH-JEAN,Slim Fit Jeans,1,2026-06-18 20:00,36.9,20146,United Kingdom
INV505814,TH-SHOE,Canvas Sneakers,2,2026-03-30 12:00,43.2,20655,United Kingdom
INV500691,TH-DRESS,Summer Dress,1,2025-08-17 15:00,73.6,20078,United Kingdom
INV503404,TH-JEAN,Slim Fit Jeans,3,2026-07-07 10:00,74.65,20377,United Kingdom
INV500179,TH-SHOE,Canvas Sneakers,2,2026-04-27 12:00,75.66,20022,United Kingdom
INV505947,TH-TSHIRT,Cotton Crew T-Shirt,1,2026-05-10 10:00,23.0,20668,United Kingdom
INV500731,TH-TSHIRT,Cotton Crew T-Shirt,1,2025-06-09 13:00,22.82,20081,United Kingdom
INV501295,TH-JACK,Denim Jacket,2,2025-08-28 18:00,110.73,20144,United Kingdom
INV503078,TH-JEAN,Slim Fit Jeans,1,2026-06-22 10:00,44.81,20339,United Kingdom
INV505861,TH-DRESS,Summer Dress,1,2025-12-03 12:00,93.96,20660,United Kingdom
INV502555,TH-CAP,Logo Cap,3,2025-12-08 09:00,21.76,20281,United Kingdom
INV500835,TH-HOOD,Fleece Hoodie,1,2026-05-18 14:00,65.69,20092,United Kingdom
INV505235,TH-DRESS,Summer Dress,1,2025-12-02 10:00,37.9,20586,United Kingdom
INV503099,TH-JACK,Denim Jacket,2,2025-10-11 20:00,94.78,20341,United Kingdom
INV502993,TH-JEAN,Slim Fit Jeans,2,2025-09-11 11:00,68.78,20333,United Kingdom
INV505208,TH-DRESS,Summer Dress,2,2025-11-11 10:00,77.77,20583,United Kingdom
INV503654,TH-JEAN,Slim Fit Jeans,1,2026-04-05 10:00,73.14,20405,United Kingdom
INV501775,TH-SHIRT,Oxford Shirt,1,2025-10-17 08:00,62.74,20198,United Kingdom
INV504529,TH-HOOD,Fleece Hoodie,1,2025-09-21 14:00,33.87,20507,United Kingdom
INV500054,TH-HOOD,Fleece Hoodie,2,2025-05-11 13:00,57.13,20006,United Kingdom
INV501602,TH-CAP,Logo Cap,2,2026-03-05 18:00,21.05,20177,United Kingdom
INV503700,TH-DRESS,Summer Dress,2,2025-08-31 19:00,72.83,20411,United Kingdom
INV505926,TH-SHIRT,Oxford Shirt,1,2026-02-26 12:00,68.64,20666,United Kingdom
INV504111,TH-SHIRT,Oxford Shirt,3,2025-05-16 11:00,63.77,20462,United Kingdom
INV501774,TH-SHOE,Canvas Sneakers,3,2025-11-23 13:00,81.01,20198,United Kingdom
INV501191,TH-SHIRT,Oxford Shirt,2,2025-11-10 11:00,27.47,20132,United Kingdom
INV506123,TH-TSHIRT,Cotton Crew T-Shirt,1,2026-04-28 09:00,22.86,20685,United Kingdom
INV503645,TH-DRESS,Summer Dress,1,2026-05-14 09:00,85.72,20405,United Kingdom
INV504005,TH-HOOD,Fleece Hoodie,3,2026-06-10 19:00,78.61,20448,United Kingdom
INV506156,TH-SHIRT,Oxford Shirt,1,2026-05-04 11:00,51.86,20688,United Kingdom
INV505788,TH-JEAN,Slim Fit Jeans,3,2025-12-21 13:00,65.73,20652,United Kingdom
INV503742,TH-CAP,Logo Cap,2,2025-06-13 17:00,27.99,20419,United Kingdom
INV506159,TH-SHOE,Canvas Sneakers,2,2026-06-15 16:00,59.37,20688,United Kingdom
INV502231,TH-JACK,Denim Jacket,2,2026-04-13 12:00,102.21,20247,United Kingdom
INV503475,TH-TSHIRT,Cotton Crew T-Shirt,2,2026-03-29 08:00,15.3,20383,United Kingdom
INV500442,TH-SHIRT,Oxford Shirt,1,2025-09-13 15:00,75.23,20052,United Kingdom
INV506056,TH-CAP,Logo Cap,2,2025-09-21 14:00,18.37,20680,United Kingdom
INV502317,TH-SHIRT,Oxford Shirt,1,2026-06-12 11:00,34.0,20255,United Kingdom
INV504881,TH-HOOD,Fleece Hoodie,2,2025-10-22 11:00,38.25,20546,United Kingdom
INV506056,TH-JACK,Denim Jacket,2,2025-09-21 14:00,79.82,20680,United Kingdom
INV502705,TH-SHOE,Canvas Sneakers,3,2026-06-02 20:00,64.66,20298,United Kingdom
INV501951,TH-JEAN,Slim Fit Jeans,3,2025-06-10 09:00,76.6,20218,United Kingdom
INV506033,TH-SHIRT,Oxford Shirt,2,2025-11-08 08:00,40.73,20677,United Kingdom
INV503540,TH-DRESS,Summer Dress,1,2025-07-27 12:00,57.68,20391,United Kingdom
INV500645,TH-JACK,Denim Jacket,2,2026-01-13 19:00,70.55,20072,United Kingdom
INV504052,TH-SHIRT,Oxford Shirt,2,2026-03-21 10:00,39.89,20453,United Kingdom
INV504938,TH-HOOD,Fleece Hoodie,2,2025-12-24 10:00,45.37,20553,United Kingdom
INV503844,TH-JEAN,Slim Fit Jeans,1,2026-06-17 15:00,30.75,20432,United Kingdom
INV503461,TH-JEAN,Slim Fit Jeans,3,2025-09-12 17:00,82.47,20382,United Kingdom
INV502962,TH-HOOD,Fleece Hoodie,1,2025-05-15 16:00,45.74,20330,United Kingdom
INV503353,TH-TSHIRT,Cotton Crew T-Shirt,2,2025-10-07 16:00,15.18,20370,United Kingdom
INV501484,TH-JEAN,Slim Fit Jeans,3,2026-02-01 14:00,90.2,20166,United Kingdom
INV500025,TH-HOOD,Fleece Hoodie,2,2026-03-19 08:00,44.36,20004,United Kingdom
INV503568,TH-TSHIRT,Cotton Crew T-Shirt,1,2026-03-28 13:00,23.67,20394,United Kingdom
INV500753,TH-TSHIRT,Cotton Crew T-Shirt,2,2025-09-26 20:00,27.95,20083,United Kingdom
INV503565,TH-CAP,Logo Cap,3,2026-07-02 16:00,25.77,20394,United Kingdom
INV504419,TH-DRESS,Summer Dress,3,2025-11-13 10:00,97.67,20496,United Kingdom
INV502818,TH-JEAN,Slim Fit Jeans,2,2025-05-26 12:00,56.26,20311,United Kingdom
INV501986,TH-SHIRT,Oxford Shirt,2,2025-08-16 18:00,43.26,20220,United Kingdom
INV503127,TH-JACK,Denim Jacket,3,2025-10-17 16:00,104.64,20344,United Kingdom
INV502521,TH-CAP,Logo Cap,1,2025-08-25 09:00,17.68,20278,United Kingdom
INV502888,TH-SHIRT,Oxford Shirt,3,2025-11-18 15:00,47.56,20318,United Kingdom
INV504018,TH-SHOE,Canvas Sneakers,3,2026-04-08 10:00,85.72,20448,United Kingdom
INV504885,TH-SHIRT,Oxford Shirt,2,2025-11-02 08:00,32.42,20546,United Kingdom
INV502978,TH-CAP,Logo Cap,2,2026-03-08 08:00,18.65,20331,United Kingdom
INV503290,TH-JEAN,Slim Fit Jeans,2,2025-08-28 16:00,51.97,20364,United Kingdom
INV505709,TH-CAP,Logo Cap,3,2025-10-03 20:00,26.16,20644,United Kingdom
INV505608,TH-JEAN,Slim Fit Jeans,1,2026-04-04 09:00,48.51,20632,United Kingdom
INV500708,TH-JEAN,Slim Fit Jeans,2,2026-01-31 10:00,69.14,20079,United Kingdom
INV501210,TH-JEAN,Slim Fit Jeans,2,2026-03-05 18:00,47.5,20136,United Kingdom
INV501181,TH-TSHIRT,Cotton Crew T-Shirt,2,2025-08-22 19:00,21.72,20131,United Kingdom
INV505402,TH-SHIRT,Oxford Shirt,2,2025-12-15 18:00,37.9,20608,United Kingdom
INV502768,TH-DRESS,Summer Dress,2,2025-09-17 15:00,55.89,20305,United Kingdom
INV500044,TH-JACK,Denim Jacket,1,2026-02-18 14:00,113.68,20006,United Kingdom
INV500994,TH-JEAN,Slim Fit Jeans,1,2025-11-05 12:00,56.95,20108,United Kingdom
INV502372,TH-CAP,Logo Cap,1,2026-01-09 08:00,13.92,20260,United Kingdom
INV505584,TH-CAP,Logo Cap,3,2026-02-15 16:00,20.29,20629,United Kingdom
INV502538,TH-JACK,Denim Jacket,1,2025-07-29 20:00,107.5,20279,United Kingdom
INV503719,TH-SHIRT,Oxford Shirt,3,2026-07-15 14:00,50.56,20414,United Kingdom
INV502561,TH-DRESS,Summer Dress,2,2025-09-30 12:00,65.28,20282,United Kingdom
INV500634,TH-SHIRT,Oxford Shirt,1,2026-05-26 19:00,51.17,20070,United Kingdom
INV500591,TH-JACK,Denim Jacket,1,2025-08-26 08:00,95.17,20066,United Kingdom
INV505828,TH-JACK,Denim Jacket,1,2025-11-09 17:00,116.67,20656,United Kingdom
INV503455,TH-JEAN,Slim Fit Jeans,2,2026-03-21 14:00,91.11,20382,United Kingdom
INV501821,TH-SHOE,Canvas Sneakers,1,2026-03-07 16:00,73.55,20202,United Kingdom
INV504632,TH-DRESS,Summer Dress,1,2026-05-30 13:00,68.52,20521,United Kingdom
INV503686,TH-SHOE,Canvas Sneakers,1,2025-11-02 09:00,65.25,20409,United Kingdom
INV505364,TH-JEAN,Slim Fit Jeans,2,2025-06-01 16:00,49.68,20604,United Kingdom
INV505635,TH-DRESS,Summer Dress,2,2025-07-02 17:00,43.41,20635,United Kingdom
INV504133,TH-HOOD,Fleece Hoodie,2,2026-06-27 20:00,72.36,20464,United Kingdom
INV504548,TH-SHIRT,Oxford Shirt,1,2025-10-22 09:00,45.32,20509,United Kingdom
INV505027,TH-TSHIRT,Cotton Crew T-Shirt,1,2025-05-26 18:00,22.81,20564,United Kingdom
INV503818,TH-SHIRT,Oxford Shirt,2,2026-05-16 15:00,42.77,20429,United Kingdom
INV504783,TH-HOOD,Fleece Hoodie,3,2026-02-03 10:00,67.56,20537,United Kingdom
INV500796,TH-JEAN,Slim Fit Jeans,1,2025-11-05 09:00,59.81,20088,United Kingdom
INV505481,TH-SHOE,Canvas Sneakers,2,2026-06-25 15:00,64.27,20616,United Kingdom
INV506155,TH-DRESS,Summer Dress,2,2025-11-05 10:00,70.97,20688,United Kingdom
INV502050,TH-DRESS,Summer Dress,2,2026-02-01 17:00,58.07,20227,United Kingdom
INV502303,TH-JACK,Denim Jacket,1,2025-12-27 12:00,76.25,20254,United Kingdom
INV501534,TH-DRESS,Summer Dress,1,2026-03-10 10:00,53.68,20171,United Kingdom
INV502366,TH-SHIRT,Oxford Shirt,2,2026-05-05 20:00,33.1,20259,United Kingdom
INV501645,TH-SHOE,Canvas Sneakers,1,2025-07-13 13:00,56.14,20182,United Kingdom
INV500496,TH-TSHIRT,Cotton Crew T-Shirt,2,2026-02-06 08:00,18.9,20057,United Kingdom
INV505878,TH-CAP,Logo Cap,2,2025-11-17 12:00,11.41,20661,United Kingdom
INV502490,TH-DRESS,Summer Dress,1,2025-09-26 10:00,79.56,20274,United Kingdom
INV501466,TH-SHIRT,Oxford Shirt,2,2026-06-01 08:00,40.34,20163,United Kingdom
INV503018,TH-CAP,Logo Cap,2,2025-09-14 13:00,28.36,20335,United Kingdom
INV503587,TH-HOOD,Fleece Hoodie,1,2025-10-06 13:00,53.14,20396,United Kingdom
INV505803,TH-TSHIRT,Cotton Crew T-Shirt,1,2025-09-10 09:00,9.8,20653,United Kingdom
INV502195,TH-HOOD,Fleece Hoodie,2,2025-09-25 10:00,63.4,20243,United Kingdom
INV503494,TH-CAP,Logo Cap,3,2026-04-21 17:00,25.51,20385,United Kingdom
INV503215,TH-SHOE,Canvas Sneakers,1,2026-01-03 15:00,46.39,20355,United Kingdom
INV503037,TH-DRESS,Summer Dress,3,2026-05-02 16:00,83.24,20336,United Kingdom
INV503429,TH-SHIRT,Oxford Shirt,1,2026-01-10 13:00,65.62,20380,United Kingdom
INV503384,TH-TSHIRT,Cotton Crew T-Shirt,1,2026-01-03 08:00,22.97,20375,United Kingdom
INV501263,TH-SHIRT,Oxford Shirt,1,2025-12-15 18:00,57.71,20142,United Kingdom
INV502266,TH-JACK,Denim Jacket,3,2025-07-29 18:00,124.39,20251,United Kingdom
INV501549,TH-SHIRT,Oxford Shirt,2,2026-03-02 14:00,62.45,20172,United Kingdom
INV501928,TH-SHOE,Canvas Sneakers,3,2025-12-30 15:00,67.13,20214,United Kingdom
INV503227,TH-JACK,Denim Jacket,2,2025-12-19 09:00,51.76,20356,United Kingdom
INV504445,TH-SHIRT,Oxford Shirt,2,2025-11-14 12:00,43.86,20498,United Kingdom
INV506063,TH-SHOE,Canvas Sneakers,2,2026-05-08 18:00,74.12,20681,United Kingdom
INV502622,TH-JEAN,Slim Fit Jeans,3,2025-05-24 11:00,84.28,20289,United Kingdom
INV505368,TH-JEAN,Slim Fit Jeans,2,2025-08-11 20:00,50.45,20604,United Kingdom
INV503166,TH-JACK,Denim Jacket,1,2025-05-18 14:00,117.68,20348,United Kingdom
INV504837,TH-DRESS,Summer Dress,1,2026-07-07 14:00,87.64,20542,United Kingdom
INV505843,TH-JACK,Denim Jacket,1,2026-06-26 20:00,113.37,20658,United Kingdom
INV505576,TH-SHIRT,Oxford Shirt,2,2026-05-22 15:00,26.39,20628,United Kingdom
INV504657,TH-DRESS,Summer Dress,2,2025-07-27 12:00,65.27,20523,United Kingdom
INV502306,TH-HOOD,Fleece Hoodie,2,2025-08-22 08:00,49.24,20254,United Kingdom
INV504874,TH-HOOD,Fleece Hoodie,1,2025-08-15 11:00,46.25,20545,United Kingdom
INV502937,TH-SHOE,Canvas Sneakers,1,2026-06-07 19:00,29.56,20327,United Kingdom
INV504729,TH-CAP,Logo Cap,1,2025-05-23 12:00,26.38,20532,United Kingdom
INV505739,TH-JACK,Denim Jacket,2,2025-12-15 16:00,94.54,20646,United Kingdom
INV504191,TH-SHOE,Canvas Sneakers,2,2026-01-24 12:00,37.11,20472,United Kingdom
INV505504,TH-JACK,Denim Jacket,2,2026-03-07 09:00,48.52,20619,United Kingdom
INV503301,TH-CAP,Logo Cap,1,2025-10-12 10:00,18.27,20365,United Kingdom
INV504341,TH-JEAN,Slim Fit Jeans,2,2026-01-23 08:00,49.9,20488,United Kingdom
INV503655,TH-TSHIRT,Cotton Crew T-Shirt,1,2026-07-09 14:00,14.9,20406,United Kingdom
INV504618,TH-JACK,Denim Jacket,2,2026-05-14 09:00,58.08,20518,United Kingdom
INV500373,TH-HOOD,Fleece Hoodie,2,2026-04-26 16:00,33.12,20044,United Kingdom
INV504026,TH-SHOE,Canvas Sneakers,1,2025-09-19 10:00,55.18,20449,United Kingdom
INV504473,TH-DRESS,Summer Dress,3,2025-07-23 19:00,104.01,20501,United Kingdom
INV501196,TH-TSHIRT,Cotton Crew T-Shirt,2,2026-01-24 20:00,16.97,20133,United Kingdom
INV501342,TH-JEAN,Slim Fit Jeans,3,2026-02-06 09:00,84.5,20150,United Kingdom
INV504544,TH-DRESS,Summer Dress,3,2025-08-02 09:00,78.62,20509,United Kingdom
INV501201,TH-SHOE,Canvas Sneakers,2,2025-09-07 11:00,35.09,20134,United Kingdom
INV506206,TH-SHIRT,Oxford Shirt,2,2026-04-05 17:00,41.17,20693,United Kingdom
INV500828,TH-SHOE,Canvas Sneakers,1,2025-11-11 19:00,76.49,20092,United Kingdom
INV503965,TH-SHOE,Canvas Sneakers,3,2025-07-28 19:00,97.15,20443,United Kingdom
INV505245,TH-TSHIRT,Cotton Crew T-Shirt,2,2025-11-27 15:00,19.21,20587,United Kingdom
INV502683,TH-CAP,Logo Cap,2,2025-11-28 15:00,17.28,20295,United Kingdom
INV501004,TH-CAP,Logo Cap,1,2025-07-13 11:00,18.25,20110,United Kingdom
INV502158,TH-SHIRT,Oxford Shirt,2,2026-02-18 19:00,33.83,20238,United Kingdom
INV503141,TH-SHIRT,Oxford Shirt,1,2026-04-19 20:00,45.13,20346,United Kingdom
INV506067,TH-SHIRT,Oxford Shirt,1,2026-01-31 09:00,51.37,20681,United Kingdom
INV500492,TH-CAP,Logo Cap,2,2025-06-28 10:00,21.9,20057,United Kingdom
INV504830,TH-SHIRT,Oxford Shirt,3,2025-08-14 14:00,51.88,20542,United Kingdom
INV503699,TH-JEAN,Slim Fit Jeans,1,2026-01-10 11:00,67.18,20411,United Kingdom
INV500695,TH-JACK,Denim Jacket,3,2026-01-02 11:00,98.02,20078,United Kingdom
INV504924,TH-SHOE,Canvas Sneakers,2,2026-02-05 10:00,38.15,20551,United Kingdom
INV502678,TH-CAP,Logo Cap,3,2025-10-20 17:00,29.92,20294,United Kingdom
INV505696,TH-JACK,Denim Jacket,1,2025-12-28 09:00,79.34,20642,United Kingdom
INV506144,TH-HOOD,Fleece Hoodie,2,2026-05-04 14:00,31.87,20687,United Kingdom
INV500135,TH-SHIRT,Oxford Shirt,3,2025-12-28 16:00,52.56,20017,United Kingdom
INV502388,TH-HOOD,Fleece Hoodie,2,2025-09-07 13:00,35.14,20262,United Kingdom
INV503860,TH-JEAN,Slim Fit Jeans,3,2025-10-04 15:00,74.09,20433,United Kingdom
INV506120,TH-DRESS,Summer Dress,1,2025-09-26 13:00,98.87,20685,United Kingdom
INV504731,TH-TSHIRT,Cotton Crew T-Shirt,2,2025-12-30 17:00,21.84,20532,United Kingdom
INV500767,TH-DRESS,Summer Dress,3,2025-10-05 13:00,91.82,20085,United Kingdom
INV500929,TH-SHIRT,Oxford Shirt,2,2025-06-09 13:00,50.37,20102,United Kingdom
INV502611,TH-DRESS,Summer Dress,1,2026-06-10 20:00,85.3,20289,United Kingdom
INV504261,TH-SHOE,Canvas Sneakers,3,2026-06-23 17:00,64.86,20480,United Kingdom
INV501611,TH-TSHIRT,Cotton Crew T-Shirt,2,2025-07-27 15:00,12.23,20178,United Kingdom
INV500654,TH-JEAN,Slim Fit Jeans,3,2025-12-21 12:00,69.27,20073,United Kingdom
INV505786,TH-HOOD,Fleece Hoodie,1,2025-05-14 15:00,36.15,20651,United Kingdom
INV504555,TH-SHOE,Canvas Sneakers,1,2025-12-05 20:00,52.25,20511,United Kingdom
INV505295,TH-SHIRT,Oxford Shirt,2,2025-08-02 12:00,37.31,20595,United Kingdom
INV505963,TH-DRESS,Summer Dress,1,2025-08-11 15:00,77.47,20669,United Kingdom
INV501588,TH-SHIRT,Oxford Shirt,1,2026-06-29 16:00,42.9,20176,United Kingdom
INV505810,TH-JEAN,Slim Fit Jeans,1,2026-05-13 19:00,42.4,20654,United Kingdom
INV500139,TH-SHIRT,Oxford Shirt,2,2026-02-25 13:00,43.66,20018,United Kingdom
INV501284,TH-SHIRT,Oxford Shirt,3,2025-11-03 10:00,61.75,20143,United Kingdom
INV500824,TH-JACK,Denim Jacket,1,2025-08-08 18:00,118.96,20092,United Kingdom
INV502351,TH-SHIRT,Oxford Shirt,2,2026-05-18 08:00,46.89,20258,United Kingdom
INV502109,TH-HOOD,Fleece Hoodie,3,2026-06-19 16:00,50.02,20233,United Kingdom
INV503702,TH-SHOE,Canvas Sneakers,3,2026-07-01 19:00,63.88,20412,United Kingdom
INV504506,TH-SHIRT,Oxford Shirt,1,2025-05-11 08:00,28.44,20505,United Kingdom
INV501506,TH-CAP,Logo Cap,1,2026-02-10 16:00,22.66,20167,United Kingdom
INV500434,TH-DRESS,Summer Dress,3,2026-05-01 12:00,103.51,20051,United Kingdom
INV505276,TH-JACK,Denim Jacket,1,2026-04-24 08:00,50.57,20592,United Kingdom
INV502679,TH-JEAN,Slim Fit Jeans,3,2026-02-14 14:00,90.91,20294,United Kingdom
INV502145,TH-DRESS,Summer Dress,2,2025-05-14 12:00,77.0,20236,United Kingdom
INV500714,TH-TSHIRT,Cotton Crew T-Shirt,1,2025-12-06 12:00,19.55,20080,United Kingdom
INV502356,TH-SHIRT,Oxford Shirt,2,2026-06-28 15:00,36.75,20259,United Kingdom
INV500668,TH-HOOD,Fleece Hoodie,2,2026-02-07 18:00,31.57,20075,United Kingdom
INV503976,TH-SHIRT,Oxford Shirt,1,2025-08-14 20:00,41.33,20444,United Kingdom
INV500225,TH-SHOE,Canvas Sneakers,2,2025-07-01 10:00,47.2,20028,United Kingdom
INV503205,TH-DRESS,Summer Dress,1,2025-10-25 11:00,77.82,20354,United Kingdom
INV500192,TH-TSHIRT,Cotton Crew T-Shirt,2,2025-10-20 19:00,13.46,20023,United Kingdom
INV500577,TH-SHIRT,Oxford Shirt,1,2025-08-08 11:00,40.72,20065,United Kingdom
INV503148,TH-CAP,Logo Cap,1,2026-02-10 15:00,19.88,20346,United Kingdom
INV501433,TH-SHOE,Canvas Sneakers,2,2025-10-09 17:00,71.17,20160,United Kingdom
INV501267,TH-HOOD,Fleece Hoodie,1,2026-02-14 14:00,66.89,20142,United Kingdom
INV505054,TH-DRESS,Summer Dress,1,2025-06-12 18:00,50.98,20567,United Kingdom
INV502306,TH-JACK,Denim Jacket,1,2025-08-22 08:00,82.58,20254,United Kingdom
INV503432,TH-TSHIRT,Cotton Crew T-Shirt,1,2025-06-03 13:00,25.1,20380,United Kingdom
INV503882,TH-TSHIRT,Cotton Crew T-Shirt,1,2026-01-11 12:00,26.9,20435,United Kingdom
INV500106,TH-JEAN,Slim Fit Jeans,2,2025-08-14 11:00,80.52,20014,United Kingdom
INV503664,TH-CAP,Logo Cap,1,2026-02-23 14:00,27.47,20407,United Kingdom
INV500130,TH-JACK,Denim Jacket,1,2026-01-17 12:00,105.85,20017,United Kingdom
INV504164,TH-TSHIRT,Cotton Crew T-Shirt,2,2026-06-16 14:00,18.52,20468,United Kingdom
INV503858,TH-SHOE,Canvas Sneakers,2,2026-07-10 19:00,59.65,20433,United Kingdom
INV501102,TH-CAP,Logo Cap,2,2025-06-14 19:00,12.13,20121,United Kingdom
INV500579,TH-JACK,Denim Jacket,1,2026-01-01 10:00,77.2,20065,United Kingdom
INV500921,TH-CAP,Logo Cap,1,2025-08-01 11:00,25.06,20101,United Kingdom
INV502487,TH-TSHIRT,Cotton Crew T-Shirt,2,2025-05-14 16:00,21.01,20274,United Kingdom
INV500904,TH-JEAN,Slim Fit Jeans,3,2025-09-11 17:00,90.01,20100,United Kingdom
INV500531,TH-DRESS,Summer Dress,2,2026-04-06 09:00,105.95,20061,United Kingdom
INV503357,TH-HOOD,Fleece Hoodie,1,2026-05-31 13:00,27.98,20371,United Kingdom
INV505164,TH-JACK,Denim Jacket,2,2026-05-16 11:00,102.85,20578,United Kingdom
INV505567,TH-JACK,Denim Jacket,2,2025-12-23 19:00,81.6,20627,United Kingdom
INV503010,TH-CAP,Logo Cap,1,2026-04-07 11:00,24.24,20334,United Kingdom
INV505970,TH-SHOE,Canvas Sneakers,2,2025-12-08 13:00,56.59,20671,United Kingdom
INV500849,TH-CAP,Logo Cap,2,2026-02-21 15:00,23.44,20094,United Kingdom
INV503621,TH-SHIRT,Oxford Shirt,1,2026-02-19 12:00,27.64,20401,United Kingdom
INV502791,TH-SHIRT,Oxford Shirt,1,2025-06-11 19:00,23.56,20308,United Kingdom
INV501435,TH-CAP,Logo Cap,3,2026-04-08 18:00,21.79,20160,United Kingdom
INV504979,TH-CAP,Logo Cap,1,2026-04-16 11:00,15.68,20558,United Kingdom
INV500235,TH-TSHIRT,Cotton Crew T-Shirt,2,2025-08-02 08:00,23.41,20029,United Kingdom
INV503038,TH-CAP,Logo Cap,3,2026-03-26 14:00,21.2,20336,United Kingdom
INV503044,TH-SHOE,Canvas Sneakers,3,2026-02-27 12:00,73.24,20337,United Kingdom
INV503791,TH-TSHIRT,Cotton Crew T-Shirt,1,2025-06-21 10:00,19.07,20425,United Kingdom
INV504590,TH-HOOD,Fleece Hoodie,1,2026-05-23 14:00,36.36,20514,United Kingdom
INV502537,TH-HOOD,Fleece Hoodie,3,2025-12-07 19:00,63.76,20279,United Kingdom
INV503507,TH-SHIRT,Oxford Shirt,2,2025-10-26 15:00,50.2,20386,United Kingdom
INV500899,TH-HOOD,Fleece Hoodie,3,2026-04-20 11:00,63.26,20100,United Kingdom
INV503173,TH-HOOD,Fleece Hoodie,1,2026-01-05 12:00,49.02,20349,United Kingdom
INV500377,TH-SHIRT,Oxford Shirt,2,2026-04-29 14:00,25.98,20044,United Kingdom
INV504306,TH-JACK,Denim Jacket,3,2026-05-31 12:00,117.12,20484,United Kingdom
INV501495,TH-HOOD,Fleece Hoodie,1,2026-06-23 10:00,62.62,20166,United Kingdom
INV502318,TH-DRESS,Summer Dress,1,2026-03-30 08:00,72.72,20256,United Kingdom
INV506262,TH-TSHIRT,Cotton Crew T-Shirt,3,2026-01-09 19:00,19.92,20699,United Kingdom
INV500466,TH-JACK,Denim Jacket,2,2026-05-08 17:00,82.31,20053,United Kingdom
INV504686,TH-CAP,Logo Cap,2,2025-10-17 11:00,15.89,20527,United Kingdom
INV501944,TH-TSHIRT,Cotton Crew T-Shirt,2,2025-07-19 16:00,14.81,20217,United Kingdom
INV501680,TH-JEAN,Slim Fit Jeans,2,2026-05-10 14:00,72.83,20186,United Kingdom
INV504516,TH-SHIRT,Oxford Shirt,1,2025-11-29 10:00,52.7,20506,United Kingdom
INV502454,TH-JEAN,Slim Fit Jeans,1,2026-06-19 13:00,80.8,20271,United Kingdom
INV506230,TH-TSHIRT,Cotton Crew T-Shirt,2,2026-04-02 20:00,11.85,20695,United Kingdom
INV501768,TH-JEAN,Slim Fit Jeans,1,2025-12-22 11:00,31.93,20197,United Kingdom
INV502883,TH-JACK,Denim Jacket,2,2026-06-28 20:00,100.49,20318,United Kingdom
INV503346,TH-SHOE,Canvas Sneakers,1,2026-03-20 09:00,49.48,20370,United Kingdom
INV501913,TH-SHIRT,Oxford Shirt,2,2025-05-18 20:00,38.12,20213,United Kingdom
INV504006,TH-CAP,Logo Cap,2,2026-06-18 20:00,33.26,20448,United Kingdom
INV500059,TH-TSHIRT,Cotton Crew T-Shirt,3,2025-07-03 14:00,18.94,20007,United Kingdom
INV502170,TH-TSHIRT,Cotton Crew T-Shirt,1,2026-05-05 11:00,11.53,20239,United Kingdom
INV505197,TH-SHOE,Canvas Sneakers,2,2025-09-05 12:00,52.64,20582,United Kingdom
INV505343,TH-TSHIRT,Cotton Crew T-Shirt,2,2026-06-12 19:00,19.46,20602,United Kingdom
INV501988,TH-SHIRT,Oxford Shirt,2,2026-07-05 20:00,48.17,20220,United Kingdom
INV501138,TH-SHIRT,Oxford Shirt,1,2025-08-02 18:00,56.67,20126,United Kingdom
INV500325,TH-DRESS,Summer Dress,1,2026-05-02 09:00,80.61,20037,United Kingdom
INV501755,TH-SHOE,Canvas Sneakers,3,2025-05-21 14:00,80.13,20196,United Kingdom
INV504171,TH-CAP,Logo Cap,1,2026-07-07 12:00,16.3,20469,United Kingdom
INV505795,TH-CAP,Logo Cap,3,2026-02-24 14:00,23.6,20652,United Kingdom
INV500001,TH-TSHIRT,Cotton Crew T-Shirt,1,2025-06-09 16:00,13.41,20001,United Kingdom
INV503761,TH-JACK,Denim Jacket,3,2026-04-25 13:00,97.94,20421,United Kingdom
INV504822,TH-DRESS,Summer Dress,2,2026-01-07 18:00,84.97,20541,United Kingdom
INV505354,TH-HOOD,Fleece Hoodie,2,2025-09-02 20:00,49.72,20602,United Kingdom
INV504233,TH-TSHIRT,Cotton Crew T-Shirt,1,2025-06-05 18:00,14.54,20477,United Kingdom
INV504822,TH-HOOD,Fleece Hoodie,2,2026-01-07 18:00,59.61,20541,United Kingdom
INV505035,TH-SHOE,Canvas Sneakers,1,2025-12-16 09:00,36.28,20565,United Kingdom
INV501647,TH-CAP,Logo Cap,1,2025-09-18 13:00,13.68,20183,United Kingdom
INV503270,TH-TSHIRT,Cotton Crew T-Shirt,1,2026-04-03 16:00,27.1,20361,United Kingdom
INV501710,TH-TSHIRT,Cotton Crew T-Shirt,3,2026-02-03 19:00,27.04,20192,United Kingdom
INV505238,TH-HOOD,Fleece Hoodie,1,2026-01-06 17:00,44.87,20587,United Kingdom
INV501312,TH-JEAN,Slim Fit Jeans,2,2026-02-09 08:00,55.88,20147,United Kingdom
INV500234,TH-SHOE,Canvas Sneakers,1,2025-08-22 13:00,73.67,20029,United Kingdom
INV505946,TH-JEAN,Slim Fit Jeans,2,2025-05-19 19:00,72.88,20668,United Kingdom
INV504727,TH-JACK,Denim Jacket,2,2026-05-22 12:00,112.01,20532,United Kingdom
INV501621,TH-DRESS,Summer Dress,1,2025-11-06 11:00,59.49,20179,United Kingdom
INV501420,TH-JEAN,Slim Fit Jeans,3,2026-01-16 17:00,65.53,20159,United Kingdom
INV505475,TH-JEAN,Slim Fit Jeans,1,2026-05-01 10:00,79.09,20616,United Kingdom
INV501146,TH-JACK,Denim Jacket,1,2025-11-19 16:00,71.91,20127,United Kingdom
INV502147,TH-JEAN,Slim Fit Jeans,1,2025-10-24 17:00,81.35,20236,United Kingdom
INV500096,TH-HOOD,Fleece Hoodie,1,2026-07-05 12:00,42.66,20012,United Kingdom
INV504309,TH-DRESS,Summer Dress,1,2026-01-19 16:00,69.46,20485,United Kingdom
INV505125,TH-TSHIRT,Cotton Crew T-Shirt,2,2026-06-23 19:00,20.11,20574,United Kingdom
INV506013,TH-CAP,Logo Cap,1,2025-12-18 16:00,26.5,20675,United Kingdom
INV500529,TH-CAP,Logo Cap,3,2025-07-18 19:00,31.05,20061,United Kingdom
INV505202,TH-JACK,Denim Jacket,2,2026-02-11 08:00,85.39,20582,United Kingdom
INV501631,TH-HOOD,Fleece Hoodie,1,2025-12-18 16:00,42.9,20181,United Kingdom
INV504725,TH-TSHIRT,Cotton Crew T-Shirt,1,2026-06-22 09:00,24.18,20532,United Kingdom
INV502279,TH-JACK,Denim Jacket,2,2026-04-02 18:00,87.16,20252,United Kingdom
INV502176,TH-SHOE,Canvas Sneakers,2,2025-06-04 18:00,52.59,20240,United Kingdom
INV504844,TH-CAP,Logo Cap,1,2025-07-14 20:00,23.71,20543,United Kingdom
INV505455,TH-HOOD,Fleece Hoodie,2,2025-07-30 12:00,50.3,20613,United Kingdom
INV500888,TH-HOOD,Fleece Hoodie,1,2026-02-25 14:00,50.87,20099,United Kingdom
INV505838,TH-DRESS,Summer Dress,1,2025-06-18 13:00,58.48,20657,United Kingdom
INV502578,TH-DRESS,Summer Dress,2,2026-03-27 16:00,56.17,20284,United Kingdom
INV501792,TH-HOOD,Fleece Hoodie,2,2026-03-27 11:00,59.83,20199,United Kingdom
INV503233,TH-DRESS,Summer Dress,1,2026-01-13 11:00,55.09,20357,United Kingdom
INV500041,TH-SHOE,Canvas Sneakers,1,2025-09-27 08:00,52.67,20005,United Kingdom
INV505770,TH-JACK,Denim Jacket,2,2026-04-22 09:00,99.22,20650,United Kingdom
INV502593,TH-TSHIRT,Cotton Crew T-Shirt,2,2026-01-26 17:00,13.63,20286,United Kingdom
INV505126,TH-HOOD,Fleece Hoodie,1,2025-10-16 16:00,59.44,20574,United Kingdom
INV505028,TH-CAP,Logo Cap,1,2026-01-17 20:00,25.03,20564,United Kingdom
INV505666,TH-JEAN,Slim Fit Jeans,1,2026-03-28 15:00,58.82,20639,United Kingdom
INV503048,TH-HOOD,Fleece Hoodie,1,2026-02-17 15:00,59.86,20337,United Kingdom
INV505615,TH-DRESS,Summer Dress,2,2026-07-07 13:00,89.43,20633,United Kingdom
INV505039,TH-SHOE,Canvas Sneakers,1,2026-02-28 10:00,65.8,20566,United Kingdom
INV501306,TH-SHOE,Canvas Sneakers,1,2026-01-03 16:00,32.98,20146,United Kingdom
INV501658,TH-CAP,Logo Cap,1,2025-09-16 19:00,16.3,20184,United Kingdom
INV502573,TH-DRESS,Summer Dress,1,2025-09-29 16:00,56.22,20283,United Kingdom
INV502122,TH-JACK,Denim Jacket,1,2025-12-12 09:00,114.48,20234,United Kingdom
INV501491,TH-SHOE,Canvas Sneakers,2,2026-05-11 16:00,81.95,20166,United Kingdom
INV503938,TH-SHOE,Canvas Sneakers,2,2025-08-20 09:00,67.16,20442,United Kingdom
INV502985,TH-DRESS,Summer Dress,2,2026-06-22 17:00,63.01,20332,United Kingdom
INV501551,TH-HOOD,Fleece Hoodie,2,2025-08-14 12:00,72.74,20172,United Kingdom
INV505505,TH-SHIRT,Oxford Shirt,1,2025-09-04 11:00,23.0,20619,United Kingdom
INV505904,TH-TSHIRT,Cotton Crew T-Shirt,2,2025-08-17 15:00,26.26,20665,United Kingdom
INV500733,TH-CAP,Logo Cap,3,2025-08-18 20:00,21.5,20081,United Kingdom
INV504105,TH-JEAN,Slim Fit Jeans,1,2026-07-07 10:00,56.82,20461,United Kingdom
INV505912,TH-JACK,Denim Jacket,3,2026-04-23 10:00,121.99,20665,United Kingdom
INV506144,TH-CAP,Logo Cap,1,2026-05-04 14:00,13.03,20687,United Kingdom
INV503651,TH-CAP,Logo Cap,3,2025-09-16 09:00,22.14,20405,United Kingdom
INV505912,TH-JACK,Denim Jacket,2,2026-04-23 10:00,101.84,20665,United Kingdom
INV505157,TH-HOOD,Fleece Hoodie,1,2026-05-21 09:00,54.9,20578,United Kingdom
INV501547,TH-JACK,Denim Jacket,3,2025-07-04 18:00,116.44,20172,United Kingdom
INV500657,TH-TSHIRT,Cotton Crew T-Shirt,2,2025-11-30 17:00,21.47,20073,United Kingdom
INV500142,TH-TSHIRT,Cotton Crew T-Shirt,1,2026-01-31 19:00,18.7,20018,United Kingdom
INV504630,TH-JACK,Denim Jacket,2,2026-03-05 20:00,57.33,20520,United Kingdom
INV505929,TH-DRESS,Summer Dress,1,2026-06-11 15:00,50.9,20667,United Kingdom
INV506116,TH-JACK,Denim Jacket,3,2025-10-07 19:00,124.36,20685,United Kingdom
INV501676,TH-SHIRT,Oxford Shirt,1,2025-06-24 14:00,56.91,20186,United Kingdom
INV505267,TH-CAP,Logo Cap,1,2026-02-09 14:00,10.94,20590,United Kingdom
INV503879,TH-JEAN,Slim Fit Jeans,2,2026-05-18 11:00,100.14,20435,United Kingdom
INV505782,TH-JEAN,Slim Fit Jeans,1,2026-01-26 09:00,49.57,20651,United Kingdom
INV503577,TH-DRESS,Summer Dress,2,2025-08-23 11:00,56.47,20395,United Kingdom
INV501824,TH-CAP,Logo Cap,3,2026-04-22 15:00,24.35,20202,United Kingdom
INV506086,TH-DRESS,Summer Dress,3,2026-02-04 13:00,94.25,20682,United Kingdom
INV505957,TH-JEAN,Slim Fit Jeans,1,2026-04-09 08:00,62.33,20669,United Kingdom
INV505737,TH-SHOE,Canvas Sneakers,1,2026-01-11 17:00,65.48,20646,United Kingdom
INV500963,TH-TSHIRT,Cotton Crew T-Shirt,2,2026-02-18 12:00,20.31,20105,United Kingdom
INV503886,TH-CAP,Logo Cap,1,2025-08-12 08:00,12.5,20436,United Kingdom
INV502727,TH-HOOD,Fleece Hoodie,3,2025-10-25 20:00,70.87,20300,United Kingdom
INV502471,TH-SHIRT,Oxford Shirt,1,2025-07-01 20:00,42.87,20272,United Kingdom
INV500404,TH-CAP,Logo Cap,1,2025-11-18 15:00,13.03,20048,United Kingdom
INV504177,TH-CAP,Logo Cap,1,2025-11-30 12:00,23.9,20470,United Kingdom
INV500047,TH-TSHIRT,Cotton Crew T-Shirt,2,2025-08-10 12:00,20.42,20006,United Kingdom
INV504075,TH-JEAN,Slim Fit Jeans,2,2026-06-04 12:00,55.97,20456,United Kingdom
INV505152,TH-JACK,Denim Jacket,2,2026-02-22 15:00,43.97,20577,United Kingdom
INV501669,TH-TSHIRT,Cotton Crew T-Shirt,1,2025-09-02 10:00,14.49,20185,United Kingdom
INV505476,TH-CAP,Logo Cap,1,2026-04-28 13:00,22.85,20616,United Kingdom
INV505094,TH-SHOE,Canvas Sneakers,3,2025-10-04 17:00,62.48,20570,United Kingdom
INV500753,TH-JEAN,Slim Fit Jeans,2,2025-09-26 20:00,82.21,20083,United Kingdom
INV503522,TH-SHOE,Canvas Sneakers,3,2025-06-21 16:00,64.32,20388,United Kingdom
INV501993,TH-SHIRT,Oxford Shirt,1,2025-10-26 20:00,36.44,20222,United Kingdom
INV504520,TH-TSHIRT,Cotton Crew T-Shirt,1,2026-01-28 14:00,25.85,20506,United Kingdom
INV501987,TH-HOOD,Fleece Hoodie,3,2025-12-12 15:00,49.29,20220,United Kingdom
INV501549,TH-DRESS,Summer Dress,2,2026-03-02 14:00,105.47,20172,United Kingdom
INV500982,TH-DRESS,Summer Dress,1,2025-05-17 14:00,64.08,20107,United Kingdom
INV503701,TH-DRESS,Summer Dress,2,2025-10-30 16:00,73.41,20412,United Kingdom
INV505806,TH-DRESS,Summer Dress,1,2026-03-28 10:00,48.56,20654,United Kingdom
INV500288,TH-JACK,Denim Jacket,1,2026-03-07 13:00,89.03,20035,United Kingdom
INV503540,TH-TSHIRT,Cotton Crew T-Shirt,1,2025-07-27 12:00,17.03,20391,United Kingdom
INV504271,TH-DRESS,Summer Dress,2,2026-02-26 19:00,69.98,20481,United Kingdom
INV500935,TH-TSHIRT,Cotton Crew T-Shirt,2,2026-06-17 09:00,22.09,20102,United Kingdom
INV502374,TH-DRESS,Summer Dress,2,2025-09-06 14:00,74.38,20261,United Kingdom
INV501817,TH-SHIRT,Oxford Shirt,3,2026-06-23 08:00,60.02,20202,United Kingdom
INV503313,TH-JACK,Denim Jacket,1,2025-08-04 11:00,81.58,20366,United Kingdom
INV504247,TH-JEAN,Slim Fit Jeans,2,2025-08-12 09:00,68.54,20479,United Kingdom
INV503350,TH-CAP,Logo Cap,1,2025-12-11 10:00,16.12,20370,United Kingdom
INV501356,TH-JACK,Denim Jacket,2,2026-04-08 14:00,112.36,20150,United Kingdom
INV504370,TH-DRESS,Summer Dress,1,2026-01-19 17:00,63.85,20490,United Kingdom
INV505669,TH-SHIRT,Oxford Shirt,1,2025-07-19 09:00,43.75,20639,United Kingdom
INV501138,TH-HOOD,Fleece Hoodie,1,2025-08-02 18:00,66.43,20126,United Kingdom
INV504317,TH-DRESS,Summer Dress,2,2025-12-04 09:00,74.63,20485,United Kingdom
INV502271,TH-JEAN,Slim Fit Jeans,2,2026-05-26 09:00,86.48,20251,United Kingdom
INV502301,TH-TSHIRT,Cotton Crew T-Shirt,1,2025-07-14 09:00,15.67,20254,United Kingdom
INV502894,TH-JEAN,Slim Fit Jeans,1,2025-10-23 11:00,47.38,20320,United Kingdom
INV505013,TH-JACK,Denim Jacket,2,2026-04-27 17:00,60.17,20562,United Kingdom
INV501703,TH-SHIRT,Oxford Shirt,1,2025-07-07 19:00,47.17,20191,United Kingdom
INV501923,TH-TSHIRT,Cotton Crew T-Shirt,2,2026-05-31 17:00,20.23,20214,United Kingdom
INV503442,TH-CAP,Logo Cap,1,2025-07-24 09:00,21.52,20381,United Kingdom
INV501623,TH-JEAN,Slim Fit Jeans,2,2026-02-16 20:00,63.56,20180,United Kingdom
INV505582,TH-CAP,Logo Cap,2,2026-05-21 17:00,23.13,20629,United Kingdom
INV501402,TH-TSHIRT,Cotton Crew T-Shirt,2,2025-08-30 10:00,16.24,20156,United Kingdom
INV502617,TH-JACK,Denim Jacket,2,2025-06-09 18:00,110.41,20289,United Kingdom
INV505712,TH-CAP,Logo Cap,2,2026-03-17 14:00,27.44,20644,United Kingdom
INV505867,TH-JEAN,Slim Fit Jeans,1,2025-06-07 14:00,87.42,20660,United Kingdom
INV501526,TH-JACK,Denim Jacket,2,2025-05-30 16:00,61.07,20169,United Kingdom
INV501022,TH-TSHIRT,Cotton Crew T-Shirt,3,2026-02-09 13:00,26.48,20111,United Kingdom
INV505937,TH-HOOD,Fleece Hoodie,3,2025-10-05 20:00,59.96,20668,United Kingdom
INV503952,TH-JEAN,Slim Fit Jeans,3,2025-12-12 18:00,107.41,20443,United Kingdom
INV503023,TH-DRESS,Summer Dress,3,2026-02-02 13:00,96.79,20335,United Kingdom
INV503872,TH-TSHIRT,Cotton Crew T-Shirt,2,2026-06-11 12:00,28.3,20435,United Kingdom
INV503406,TH-JEAN,Slim Fit Jeans,1,2025-07-22 14:00,73.72,20377,United Kingdom
INV501718,TH-CAP,Logo Cap,2,2025-11-07 09:00,25.61,20192,United Kingdom
INV501712,TH-TSHIRT,Cotton Crew T-Shirt,1,2025-07-21 19:00,25.48,20192,United Kingdom
INV505673,TH-HOOD,Fleece Hoodie,3,2025-06-25 20:00,64.19,20640,United Kingdom
INV506044,TH-DRESS,Summer Dress,1,2026-01-07 20:00,94.42,20678,United Kingdom
INV501759,TH-JACK,Denim Jacket,3,2026-02-28 16:00,111.58,20196,United Kingdom
INV504428,TH-CAP,Logo Cap,2,2026-07-03 08:00,26.89,20496,United Kingdom
INV503545,TH-TSHIRT,Cotton Crew T-Shirt,2,2025-09-20 16:00,15.53,20392,United Kingdom
INV505836,TH-SHOE,Canvas Sneakers,2,2025-10-21 12:00,46.33,20657,United Kingdom
INV500017,TH-JEAN,Slim Fit Jeans,2,2025-06-16 11:00,51.11,20003,United Kingdom
INV500591,TH-JEAN,Slim Fit Jeans,1,2025-08-26 08:00,68.03,20066,United Kingdom
INV502737,TH-JEAN,Slim Fit Jeans,1,2025-09-15 14:00,73.04,20301,United Kingdom
INV501925,TH-HOOD,Fleece Hoodie,2,2025-07-19 20:00,63.06,20214,United Kingdom
INV504573,TH-DRESS,Summer Dress,1,2025-06-14 12:00,94.43,20512,United Kingdom
INV503903,TH-TSHIRT,Cotton Crew T-Shirt,2,2026-05-13 19:00,10.19,20439,United Kingdom
INV500370,TH-SHIRT,Oxford Shirt,2,2025-06-26 14:00,39.94,20043,United Kingdom
INV501709,TH-HOOD,Fleece Hoodie,2,2026-04-21 17:00,64.47,20192,United Kingdom
INV501715,TH-SHIRT,Oxford Shirt,2,2025-12-01 16:00,59.79,20192,United Kingdom
INV505244,TH-HOOD,Fleece Hoodie,2,2026-01-26 18:00,48.36,20587,United Kingdom
INV503371,TH-TSHIRT,Cotton Crew T-Shirt,1,2026-02-01 17:00,23.5,20372,United Kingdom
INV502902,TH-DRESS,Summer Dress,1,2025-05-30 13:00,48.8,20321,United Kingdom
INV505909,TH-TSHIRT,Cotton Crew T-Shirt,2,2026-01-13 17:00,25.94,20665,United Kingdom
INV504516,TH-HOOD,Fleece Hoodie,2,2025-11-29 10:00,64.87,20506,United Kingdom
INV502958,TH-JEAN,Slim Fit Jeans,1,2026-04-23 18:00,53.89,20329,United Kingdom
INV505109,TH-TSHIRT,Cotton Crew T-Shirt,1,2025-12-31 12:00,14.62,20572,United Kingdom
INV500214,TH-HOOD,Fleece Hoodie,1,2025-06-24 16:00,50.61,20027,United Kingdom
INV503602,TH-HOOD,Fleece Hoodie,3,2025-07-18 12:00,49.84,20399,United Kingdom
INV503257,TH-JACK,Denim Jacket,1,2026-03-01 08:00,95.96,20360,United Kingdom
INV501982,TH-TSHIRT,Cotton Crew T-Shirt,3,2025-12-01 10:00,19.04,20220,United Kingdom
INV501043,TH-DRESS,Summer Dress,2,2026-01-31 10:00,61.4,20113,United Kingdom
INV502299,TH-TSHIRT,Cotton Crew T-Shirt,2,2026-07-11 10:00,20.87,20253,United Kingdom
INV503803,TH-SHIRT,Oxford Shirt,1,2026-02-28 14:00,29.32,20427,United Kingdom
INV502811,TH-SHIRT,Oxford Shirt,3,2025-12-18 13:00,54.98,20310,United Kingdom
INV505870,TH-SHIRT,Oxford Shirt,3,2026-02-15 08:00,55.59,20660,United Kingdom
INV502991,TH-TSHIRT,Cotton Crew T-Shirt,2,2025-10-01 16:00,22.11,20333,United Kingdom
INV500032,TH-HOOD,Fleece Hoodie,1,2026-01-08 17:00,41.22,20005,United Kingdom
INV503454,TH-CAP,Logo Cap,1,2026-01-15 11:00,29.86,20382,United Kingdom
INV505230,TH-SHOE,Canvas Sneakers,2,2025-06-26 15:00,51.16,20585,United Kingdom
INV500232,TH-CAP,Logo Cap,2,2026-02-27 12:00,25.69,20029,United Kingdom
INV502386,TH-HOOD,Fleece Hoodie,1,2026-06-15 08:00,39.92,20262,United Kingdom
INV503906,TH-JACK,Denim Jacket,1,2025-10-06 14:00,47.99,20439,United Kingdom
INV502613,TH-JACK,Denim Jacket,1,2026-04-07 16:00,103.8,20289,United Kingdom
INV504713,TH-SHIRT,Oxford Shirt,2,2025-10-25 19:00,32.36,20530,United Kingdom
INV505395,TH-TSHIRT,Cotton Crew T-Shirt,1,2025-10-16 16:00,14.55,20607,United Kingdom
INV504530,TH-DRESS,Summer Dress,1,2025-05-13 09:00,48.62,20507,United Kingdom
INV502468,TH-TSHIRT,Cotton Crew T-Shirt,1,2025-07-09 09:00,18.79,20272,United Kingdom
INV503365,TH-HOOD,Fleece Hoodie,2,2025-08-26 08:00,60.73,20372,United Kingdom
INV501130,TH-JACK,Denim Jacket,2,2025-08-15 11:00,102.02,20126,United Kingdom
INV500672,TH-JACK,Denim Jacket,1,2025-10-22 18:00,53.79,20075,United Kingdom
INV502267,TH-JEAN,Slim Fit Jeans,1,2026-03-18 13:00,78.46,20251,United Kingdom
INV503497,TH-SHIRT,Oxford Shirt,2,2026-02-24 17:00,55.36,20385,United Kingdom
INV506036,TH-JACK,Denim Jacket,2,2025-07-02 14:00,112.46,20678,United Kingdom
INV502244,TH-CAP,Logo Cap,1,2026-01-15 20:00,17.76,20248,United Kingdom
INV501496,TH-CAP,Logo Cap,3,2025-08-23 17:00,26.74,20166,United Kingdom
INV500587,TH-CAP,Logo Cap,2,2025-07-09 10:00,22.23,20066,United Kingdom
INV502000,TH-DRESS,Summer Dress,3,2026-05-25 08:00,84.46,20223,United Kingdom
INV504111,TH-JACK,Denim Jacket,2,2025-05-16 11:00,110.39,20462,United Kingdom
INV503150,TH-TSHIRT,Cotton Crew T-Shirt,1,2025-10-27 16:00,15.14,20347,United Kingdom
INV504515,TH-JEAN,Slim Fit Jeans,1,2025-05-17 12:00,91.21,20506,United Kingdom
INV502047,TH-JACK,Denim Jacket,2,2026-02-17 10:00,77.3,20227,United Kingdom
INV502424,TH-SHOE,Canvas Sneakers,2,2025-08-31 10:00,45.02,20266,United Kingdom
INV502100,TH-SHIRT,Oxford Shirt,3,2025-08-31 15:00,47.37,20233,United Kingdom
INV501142,TH-SHOE,Canvas Sneakers,1,2025-07-17 14:00,65.14,20126,United Kingdom
INV500245,TH-HOOD,Fleece Hoodie,2,2026-07-13 17:00,49.19,20030,United Kingdom
INV504118,TH-JACK,Denim Jacket,2,2025-10-22 18:00,107.51,20462,United Kingdom
INV506250,TH-DRESS,Summer Dress,2,2026-04-27 17:00,66.85,20698,United Kingdom
INV501110,TH-SHOE,Canvas Sneakers,1,2026-03-16 17:00,54.66,20123,United Kingdom
INV501169,TH-SHOE,Canvas Sneakers,1,2025-07-24 10:00,35.61,20130,United Kingdom
INV500854,TH-DRESS,Summer Dress,1,2026-04-01 16:00,70.87,20094,United Kingdom
INV500941,TH-HOOD,Fleece Hoodie,2,2025-06-12 16:00,37.85,20103,United Kingdom
INV504825,TH-CAP,Logo Cap,1,2026-05-05 12:00,22.54,20541,United Kingdom
INV501154,TH-HOOD,Fleece Hoodie,2,2026-04-17 18:00,29.77,20128,United Kingdom
INV501943,TH-HOOD,Fleece Hoodie,1,2026-06-06 16:00,33.21,20216,United Kingdom
INV504047,TH-CAP,Logo Cap,1,2025-07-22 18:00,21.81,20453,United Kingdom
INV500874,TH-SHIRT,Oxford Shirt,1,2026-04-18 15:00,50.35,20097,United Kingdom
INV505194,TH-HOOD,Fleece Hoodie,3,2026-02-26 15:00,74.13,20581,United Kingdom
INV500427,TH-TSHIRT,Cotton Crew T-Shirt,1,2025-06-23 18:00,24.65,20051,United Kingdom
INV504970,TH-JEAN,Slim Fit Jeans,2,2025-07-16 19:00,42.04,20557,United Kingdom
INV503344,TH-CAP,Logo Cap,2,2026-03-04 14:00,18.7,20369,United Kingdom
INV505791,TH-SHIRT,Oxford Shirt,1,2026-07-02 12:00,46.67,20652,United Kingdom
INV501458,TH-DRESS,Summer Dress,2,2026-06-12 13:00,64.59,20163,United Kingdom
INV505246,TH-SHOE,Canvas Sneakers,2,2025-05-21 09:00,50.85,20587,United Kingdom
INV502026,TH-JACK,Denim Jacket,2,2026-05-20 13:00,97.12,20225,United Kingdom
INV500238,TH-DRESS,Summer Dress,2,2026-07-09 09:00,77.79,20029,United Kingdom
INV503276,TH-CAP,Logo Cap,1,2026-03-11 20:00,19.29,20362,United Kingdom
INV505421,TH-SHIRT,Oxford Shirt,1,2025-09-20 13:00,55.95,20610,United Kingdom
INV502426,TH-DRESS,Summer Dress,1,2025-11-24 15:00,57.77,20266,United Kingdom
INV502073,TH-DRESS,Summer Dress,2,2025-10-30 18:00,64.33,20229,United Kingdom
INV505293,TH-TSHIRT,Cotton Crew T-Shirt,1,2025-05-31 11:00,14.29,20595,United Kingdom
INV503979,TH-JEAN,Slim Fit Jeans,1,2025-09-06 20:00,67.44,20444,United Kingdom
INV500080,TH-DRESS,Summer Dress,2,2025-11-11 10:00,79.34,20011,United Kingdom
INV504943,TH-TSHIRT,Cotton Crew T-Shirt,1,2026-03-19 08:00,17.01,20553,United Kingdom
INV505873,TH-SHIRT,Oxford Shirt,1,2025-05-18 19:00,56.91,20660,United Kingdom
INV502934,TH-DRESS,Summer Dress,2,2026-02-25 09:00,64.91,20326,United Kingdom
INV503296,TH-HOOD,Fleece Hoodie,2,2026-01-19 11:00,49.42,20365,United Kingdom
INV503084,TH-JACK,Denim Jacket,1,2026-02-23 19:00,103.5,20340,United Kingdom
INV506071,TH-HOOD,Fleece Hoodie,1,2025-06-16 13:00,62.6,20681,United Kingdom
INV503894,TH-CAP,Logo Cap,2,2026-03-12 20:00,22.17,20438,United Kingdom
INV503799,TH-DRESS,Summer Dress,1,2025-12-31 12:00,46.45,20427,United Kingdom
INV501826,TH-CAP,Logo Cap,2,2025-09-02 09:00,24.07,20202,United Kingdom
INV502114,TH-HOOD,Fleece Hoodie,3,2025-05-11 14:00,73.39,20234,United Kingdom
INV504144,TH-TSHIRT,Cotton Crew T-Shirt,1,2026-06-07 10:00,22.5,20465,United Kingdom
INV501830,TH-CAP,Logo Cap,1,2025-12-29 14:00,23.33,20203,United Kingdom
INV501026,TH-SHOE,Canvas Sneakers,2,2026-01-14 11:00,80.89,20111,United Kingdom
INV501306,TH-JACK,Denim Jacket,2,2026-01-03 16:00,49.46,20146,United Kingdom
INV501592,TH-TSHIRT,Cotton Crew T-Shirt,1,2026-07-10 16:00,16.86,20176,United Kingdom
INV503337,TH-DRESS,Summer Dress,2,2025-12-15 11:00,71.02,20369,United Kingdom
INV505025,TH-SHIRT,Oxford Shirt,2,2025-09-24 20:00,53.29,20564,United Kingdom
INV503496,TH-TSHIRT,Cotton Crew T-Shirt,2,2026-02-20 11:00,21.47,20385,United Kingdom
INV503631,TH-CAP,Logo Cap,1,2025-10-21 12:00,16.51,20402,United Kingdom
INV504905,TH-HOOD,Fleece Hoodie,1,2026-03-01 10:00,54.74,20548,United Kingdom
INV500003,TH-SHIRT,Oxford Shirt,1,2025-07-13 11:00,34.37,20001,United Kingdom
INV505057,TH-JEAN,Slim Fit Jeans,3,2026-02-23 11:00,82.34,20568,United Kingdom
INV502379,TH-SHOE,Canvas Sneakers,2,2025-07-03 09:00,62.26,20261,United Kingdom
INV500941,TH-CAP,Logo Cap,1,2025-06-12 16:00,17.71,20103,United Kingdom
INV501151,TH-TSHIRT,Cotton Crew T-Shirt,1,2026-05-16 15:00,14.41,20127,United Kingdom
INV504258,TH-CAP,Logo Cap,3,2025-08-24 12:00,22.13,20480,United Kingdom
INV504176,TH-DRESS,Summer Dress,3,2026-05-29 10:00,83.51,20470,United Kingdom
INV500221,TH-HOOD,Fleece Hoodie,2,2025-05-28 16:00,56.03,20027,United Kingdom
INV504158,TH-SHOE,Canvas Sneakers,1,2025-11-09 12:00,62.93,20468,United Kingdom
INV502971,TH-HOOD,Fleece Hoodie,1,2025-08-06 11:00,40.04,20331,United Kingdom
INV504213,TH-SHIRT,Oxford Shirt,1,2026-04-26 19:00,54.23,20474,United Kingdom
INV502164,TH-JEAN,Slim Fit Jeans,1,2025-11-23 19:00,48.26,20238,United Kingdom
INV503458,TH-CAP,Logo Cap,1,2026-01-29 10:00,26.76,20382,United Kingdom
INV502275,TH-SHOE,Canvas Sneakers,3,2025-10-11 16:00,72.96,20251,United Kingdom
INV503828,TH-TSHIRT,Cotton Crew T-Shirt,1,2025-12-10 16:00,19.24,20430,United Kingdom
INV501094,TH-JEAN,Slim Fit Jeans,1,2025-09-14 19:00,61.18,20119,United Kingdom
INV504745,TH-TSHIRT,Cotton Crew T-Shirt,2,2025-07-25 17:00,18.14,20533,United Kingdom
INV500667,TH-SHOE,Canvas Sneakers,2,2025-11-25 13:00,41.31,20075,United Kingdom
INV504101,TH-HOOD,Fleece Hoodie,1,2026-03-30 12:00,44.41,20460,United Kingdom
INV502401,TH-TSHIRT,Cotton Crew T-Shirt,1,2026-07-10 15:00,26.36,20263,United Kingdom
INV504433,TH-CAP,Logo Cap,2,2025-06-20 11:00,24.12,20496,United Kingdom
INV501741,TH-JACK,Denim Jacket,3,2025-05-28 10:00,111.15,20194,United Kingdom
INV501418,TH-SHIRT,Oxford Shirt,2,2025-12-17 15:00,33.05,20158,United Kingdom
INV503871,TH-HOOD,Fleece Hoodie,3,2026-04-03 17:00,55.71,20434,United Kingdom
INV501008,TH-JACK,Denim Jacket,1,2026-05-04 12:00,76.15,20110,United Kingdom
INV505595,TH-JACK,Denim Jacket,1,2025-07-12 09:00,105.36,20631,United Kingdom
INV501236,TH-SHIRT,Oxford Shirt,1,2025-11-15 12:00,37.31,20139,United Kingdom
INV505542,TH-SHOE,Canvas Sneakers,3,2026-03-30 19:00,66.45,20624,United Kingdom
INV503194,TH-TSHIRT,Cotton Crew T-Shirt,2,2026-04-09 15:00,21.79,20353,United Kingdom
INV505293,TH-TSHIRT,Cotton Crew T-Shirt,2,2025-05-31 11:00,15.17,20595,United Kingdom
INV504338,TH-JEAN,Slim Fit Jeans,2,2025-10-12 10:00,53.76,20488,United Kingdom
INV501295,TH-SHIRT,Oxford Shirt,3,2025-08-28 18:00,53.05,20144,United Kingdom
INV500747,TH-SHIRT,Oxford Shirt,2,2026-02-24 20:00,65.09,20083,United Kingdom
INV501736,TH-TSHIRT,Cotton Crew T-Shirt,2,2026-01-07 14:00,21.16,20194,United Kingdom
INV505197,TH-JACK,Denim Jacket,1,2025-09-05 12:00,78.89,20582,United Kingdom
INV503967,TH-SHOE,Canvas Sneakers,3,2025-07-17 19:00,95.47,20443,United Kingdom
INV505843,TH-TSHIRT,Cotton Crew T-Shirt,1,2026-06-26 20:00,23.93,20658,United Kingdom
INV505584,TH-CAP,Logo Cap,3,2026-02-15 16:00,22.91,20629,United Kingdom
INV504949,TH-SHIRT,Oxford Shirt,1,2025-11-17 13:00,37.53,20553,United Kingdom
INV503472,TH-DRESS,Summer Dress,2,2026-04-04 08:00,51.11,20383,United Kingdom
INV500965,TH-CAP,Logo Cap,1,2025-08-16 19:00,21.26,20106,United Kingdom
INV506112,TH-JACK,Denim Jacket,1,2026-01-23 19:00,59.15,20684,United Kingdom
INV500346,TH-SHOE,Canvas Sneakers,1,2025-12-25 14:00,62.11,20040,United Kingdom
INV505361,TH-SHOE,Canvas Sneakers,2,2025-08-06 12:00,61.19,20603,United Kingdom
INV503786,TH-CAP,Logo Cap,2,2025-09-09 19:00,13.53,20424,United Kingdom
INV505371,TH-SHIRT,Oxford Shirt,2,2025-08-25 20:00,43.71,20605,United Kingdom
INV503633,TH-DRESS,Summer Dress,1,2026-04-19 13:00,47.87,20403,United Kingdom
INV504797,TH-JEAN,Slim Fit Jeans,3,2025-12-02 10:00,92.61,20539,United Kingdom
INV502533,TH-SHIRT,Oxford Shirt,1,2026-05-05 13:00,49.09,20279,United Kingdom
INV503586,TH-JEAN,Slim Fit Jeans,2,2026-04-05 09:00,69.71,20396,United Kingdom
INV503228,TH-DRESS,Summer Dress,2,2026-05-16 17:00,39.05,20356,United Kingdom
INV502834,TH-SHIRT,Oxford Shirt,2,2025-09-16 15:00,42.37,20312,United Kingdom
INV500089,TH-DRESS,Summer Dress,1,2026-06-07 11:00,55.46,20012,United Kingdom
INV504968,TH-SHOE,Canvas Sneakers,1,2025-12-19 16:00,44.9,20556,United Kingdom
INV504367,TH-HOOD,Fleece Hoodie,2,2025-05-24 16:00,53.45,20490,United Kingdom
INV504746,TH-JEAN,Slim Fit Jeans,2,2026-06-27 11:00,48.02,20534,United Kingdom
INV500632,TH-JEAN,Slim Fit Jeans,3,2025-08-07 12:00,83.98,20070,United Kingdom
INV502729,TH-TSHIRT,Cotton Crew T-Shirt,1,2026-07-01 09:00,25.27,20300,United Kingdom
INV500275,TH-SHOE,Canvas Sneakers,1,2026-06-08 16:00,50.27,20033,United Kingdom
INV504344,TH-SHIRT,Oxford Shirt,1,2026-04-02 18:00,34.59,20488,United Kingdom
INV501208,TH-HOOD,Fleece Hoodie,2,2025-09-01 10:00,34.99,20136,United Kingdom
INV503464,TH-JEAN,Slim Fit Jeans,1,2026-02-19 09:00,92.14,20382,United Kingdom
INV505182,TH-JACK,Denim Jacket,1,2025-07-20 17:00,137.62,20581,United Kingdom
INV503632,TH-SHOE,Canvas Sneakers,1,2026-07-12 18:00,35.13,20403,United Kingdom
INV502276,TH-HOOD,Fleece Hoodie,2,2026-03-10 10:00,64.24,20251,United Kingdom
INV506147,TH-JEAN,Slim Fit Jeans,2,2026-03-30 16:00,45.85,20687,United Kingdom
INV506230,TH-HOOD,Fleece Hoodie,2,2026-04-02 20:00,33.05,20695,United Kingdom
INV500058,TH-JACK,Denim Jacket,1,2026-05-31 16:00,87.7,20007,United Kingdom
INV502459,TH-SHOE,Canvas Sneakers,2,2025-11-29 09:00,80.71,20271,United Kingdom
INV502284,TH-JACK,Denim Jacket,1,2025-12-25 09:00,73.1,20252,United Kingdom
INV505931,TH-JEAN,Slim Fit Jeans,1,2025-12-02 11:00,44.98,20667,United Kingdom
INV504139,TH-SHIRT,Oxford Shirt,3,2026-07-10 15:00,49.72,20465,United Kingdom
INV502234,TH-SHOE,Canvas Sneakers,1,2025-09-04 18:00,70.39,20247,United Kingdom
INV501549,TH-JACK,Denim Jacket,1,2026-03-02 14:00,111.43,20172,United Kingdom
INV505148,TH-JEAN,Slim Fit Jeans,1,2026-01-12 14:00,34.05,20577,United Kingdom
INV504446,TH-TSHIRT,Cotton Crew T-Shirt,3,2025-09-08 13:00,18.14,20498,United Kingdom
INV502094,TH-TSHIRT,Cotton Crew T-Shirt,2,2026-05-15 12:00,12.88,20232,United Kingdom
INV505085,TH-SHOE,Canvas Sneakers,1,2025-09-27 08:00,73.28,20570,United Kingdom
INV505753,TH-SHIRT,Oxford Shirt,2,2025-09-03 20:00,49.8,20647,United Kingdom
INV503260,TH-CAP,Logo Cap,2,2025-12-19 18:00,27.56,20361,United Kingdom
INV504780,TH-SHIRT,Oxford Shirt,2,2026-01-02 10:00,58.24,20537,United Kingdom
INV500995,TH-HOOD,Fleece Hoodie,1,2025-12-24 16:00,27.58,20109,United Kingdom
INV504682,TH-JEAN,Slim Fit Jeans,2,2025-09-04 08:00,37.75,20526,United Kingdom
INV505730,TH-DRESS,Summer Dress,1,2025-05-12 20:00,74.35,20646,United Kingdom
INV501133,TH-HOOD,Fleece Hoodie,3,2025-11-12 09:00,59.8,20126,United Kingdom
INV502453,TH-JACK,Denim Jacket,2,2025-10-17 08:00,112.32,20271,United Kingdom
INV501924,TH-TSHIRT,Cotton Crew T-Shirt,2,2026-01-21 16:00,22.83,20214,United Kingdom
INV504783,TH-CAP,Logo Cap,1,2026-02-03 10:00,26.51,20537,United Kingdom
INV504933,TH-JEAN,Slim Fit Jeans,1,2025-12-24 17:00,61.37,20552,United Kingdom
INV505681,TH-JEAN,Slim Fit Jeans,2,2025-12-20 11:00,72.64,20640,United Kingdom
INV504542,TH-CAP,Logo Cap,2,2025-08-17 20:00,21.79,20509,United Kingdom
INV501605,TH-JACK,Denim Jacket,2,2025-09-30 16:00,90.47,20177,United Kingdom
INV505966,TH-CAP,Logo Cap,1,2025-09-29 13:00,10.98,20670,United Kingdom
INV504826,TH-SHOE,Canvas Sneakers,1,2026-01-08 19:00,59.38,20541,United Kingdom
INV504856,TH-TSHIRT,Cotton Crew T-Shirt,1,2025-08-06 09:00,24.53,20543,United Kingdom
INV501164,TH-CAP,Logo Cap,3,2026-03-22 19:00,24.67,20129,United Kingdom
INV501260,TH-TSHIRT,Cotton Crew T-Shirt,2,2025-08-17 15:00,23.33,20142,United Kingdom
INV501363,TH-CAP,Logo Cap,2,2025-07-20 16:00,16.82,20151,United Kingdom
INV503518,TH-SHIRT,Oxford Shirt,2,2025-12-22 13:00,43.14,20388,United Kingdom
INV504182,TH-SHIRT,Oxford Shirt,1,2026-01-25 12:00,52.64,20470,United Kingdom
INV503560,TH-TSHIRT,Cotton Crew T-Shirt,1,2025-06-09 17:00,14.53,20393,United Kingdom
INV502217,TH-DRESS,Summer Dress,1,2025-06-23 15:00,77.83,20245,United Kingdom
INV501466,TH-JACK,Denim Jacket,2,2026-06-01 08:00,83.1,20163,United Kingdom
INV503095,TH-HOOD,Fleece Hoodie,3,2025-12-21 19:00,50.72,20341,United Kingdom
INV506222,TH-HOOD,Fleece Hoodie,3,2026-03-19 09:00,61.45,20694,United Kingdom
INV505961,TH-HOOD,Fleece Hoodie,1,2025-06-08 17:00,51.24,20669,United Kingdom
INV505454,TH-CAP,Logo Cap,2,2025-07-01 15:00,23.78,20613,United Kingdom
INV505058,TH-SHOE,Canvas Sneakers,2,2025-10-07 09:00,80.44,20568,United Kingdom
INV505245,TH-JEAN,Slim Fit Jeans,2,2025-11-27 15:00,64.02,20587,United Kingdom
INV502417,TH-TSHIRT,Cotton Crew T-Shirt,2,2026-04-24 19:00,18.62,20265,United Kingdom
INV503250,TH-JEAN,Slim Fit Jeans,2,2026-01-22 17:00,60.7,20360,United Kingdom
INV501737,TH-TSHIRT,Cotton Crew T-Shirt,3,2026-01-19 12:00,22.29,20194,United Kingdom
INV506070,TH-SHOE,Canvas Sneakers,1,2025-11-17 18:00,65.38,20681,United Kingdom
INV503187,TH-JEAN,Slim Fit Jeans,1,2025-11-09 10:00,49.09,20352,United Kingdom
INV501829,TH-SHIRT,Oxford Shirt,1,2025-10-28 10:00,48.82,20203,United Kingdom
INV504560,TH-JEAN,Slim Fit Jeans,1,2026-04-29 09:00,49.48,20511,United Kingdom
INV505904,TH-DRESS,Summer Dress,2,2025-08-17 15:00,94.78,20665,United Kingdom
INV501795,TH-CAP,Logo Cap,3,2026-03-03 16:00,22.84,20199,United Kingdom
INV505841,TH-JEAN,Slim Fit Jeans,1,2025-10-31 20:00,48.7,20657,United Kingdom
INV503263,TH-SHIRT,Oxford Shirt,2,2025-08-10 12:00,55.82,20361,United Kingdom
INV506089,TH-DRESS,Summer Dress,2,2026-04-27 11:00,104.07,20682,United Kingdom
INV503100,TH-JACK,Denim Jacket,2,2026-05-13 15:00,90.66,20341,United Kingdom
INV502598,TH-CAP,Logo Cap,2,2026-04-19 09:00,14.79,20286,United Kingdom
INV500979,TH-SHOE,Canvas Sneakers,1,2026-03-03 13:00,58.46,20107,United Kingdom
INV505330,TH-CAP,Logo Cap,1,2026-05-22 18:00,21.07,20600,United Kingdom
INV505837,TH-DRESS,Summer Dress,2,2026-05-02 18:00,59.33,20657,United Kingdom
INV502167,TH-SHIRT,Oxford Shirt,1,2025-05-31 09:00,27.08,20239,United Kingdom
INV502656,TH-TSHIRT,Cotton Crew T-Shirt,2,2026-01-09 08:00,16.78,20292,United Kingdom
INV500539,TH-DRESS,Summer Dress,1,2026-05-19 13:00,97.84,20061,United Kingdom
INV500420,TH-JEAN,Slim Fit Jeans,2,2026-06-18 10:00,92.72,20051,United Kingdom
INV502670,TH-SHIRT,Oxford Shirt,1,2026-05-03 12:00,55.97,20294,United Kingdom
INV503998,TH-DRESS,Summer Dress,2,2025-06-27 13:00,69.2,20447,United Kingdom
INV503744,TH-HOOD,Fleece Hoodie,2,2025-10-07 15:00,59.73,20419,United Kingdom
INV500428,TH-JACK,Denim Jacket,3,2025-10-30 09:00,131.27,20051,United Kingdom
INV500607,TH-SHOE,Canvas Sneakers,2,2026-01-26 16:00,40.4,20068,United Kingdom
INV501402,TH-TSHIRT,Cotton Crew T-Shirt,1,2025-08-30 10:00,18.3,20156,United Kingdom
INV502756,TH-DRESS,Summer Dress,1,2026-01-08 09:00,71.45,20303,United Kingdom
INV500101,TH-JEAN,Slim Fit Jeans,1,2025-08-12 08:00,46.19,20013,United Kingdom
INV500851,TH-SHIRT,Oxford Shirt,2,2025-09-01 13:00,43.89,20094,United Kingdom
INV506264,TH-JEAN,Slim Fit Jeans,1,2025-05-17 18:00,69.22,20700,United Kingdom
INV504082,TH-TSHIRT,Cotton Crew T-Shirt,1,2026-05-06 13:00,14.01,20458,United Kingdom
INV502605,TH-SHOE,Canvas Sneakers,2,2026-02-23 16:00,35.41,20288,United Kingdom
INV504693,TH-HOOD,Fleece Hoodie,1,2026-05-22 13:00,37.6,20528,United Kingdom
INV504163,TH-DRESS,Summer Dress,2,2025-11-15 20:00,64.84,20468,United Kingdom
INV502214,TH-SHOE,Canvas Sneakers,1,2026-03-29 17:00,67.46,20245,United Kingdom
INV501470,TH-SHOE,Canvas Sneakers,1,2026-03-02 13:00,48.26,20164,United Kingdom
INV505779,TH-JEAN,Slim Fit Jeans,1,2025-09-17 13:00,64.57,20650,United Kingdom
INV504909,TH-CAP,Logo Cap,2,2026-02-01 14:00,9.07,20549,United Kingdom
INV505412,TH-JEAN,Slim Fit Jeans,3,2025-05-17 14:00,69.4,20609,United Kingdom
INV503226,TH-DRESS,Summer Dress,1,2026-06-21 16:00,36.01,20356,United Kingdom
INV500338,TH-DRESS,Summer Dress,2,2026-05-18 15:00,42.46,20039,United Kingdom
INV502280,TH-JACK,Denim Jacket,1,2025-07-22 12:00,73.13,20252,United Kingdom
INV503988,TH-HOOD,Fleece Hoodie,1,2025-09-27 09:00,43.98,20446,United Kingdom
INV503267,TH-JACK,Denim Jacket,1,2026-01-28 08:00,128.91,20361,United Kingdom
INV500839,TH-TSHIRT,Cotton Crew T-Shirt,3,2025-10-26 13:00,23.76,20093,United Kingdom
INV502411,TH-JEAN,Slim Fit Jeans,2,2025-07-05 16:00,73.38,20265,United Kingdom
INV504604,TH-JEAN,Slim Fit Jeans,2,2025-07-30 15:00,49.56,20517,United Kingdom
INV503975,TH-SHIRT,Oxford Shirt,1,2025-12-05 09:00,40.79,20444,United Kingdom
INV501935,TH-SHOE,Canvas Sneakers,2,2025-06-23 18:00,44.4,20215,United Kingdom
INV501332,TH-HOOD,Fleece Hoodie,2,2026-07-10 13:00,57.85,20149,United Kingdom
INV505700,TH-JACK,Denim Jacket,2,2025-08-22 12:00,93.87,20643,United Kingdom
INV503519,TH-SHIRT,Oxford Shirt,2,2025-11-02 11:00,43.83,20388,United Kingdom
INV504587,TH-JACK,Denim Jacket,1,2025-08-18 14:00,66.19,20513,United Kingdom
INV504410,TH-JACK,Denim Jacket,2,2025-10-28 09:00,73.81,20494,United Kingdom
INV504941,TH-JACK,Denim Jacket,1,2025-05-27 20:00,79.74,20553,United Kingdom
INV503495,TH-HOOD,Fleece Hoodie,1,2025-11-11 16:00,57.36,20385,United Kingdom
INV504257,TH-JEAN,Slim Fit Jeans,1,2025-08-02 19:00,72.42,20480,United Kingdom
INV503927,TH-HOOD,Fleece Hoodie,1,2025-08-28 17:00,42.37,20441,United Kingdom
INV503775,TH-SHIRT,Oxford Shirt,1,2025-10-17 11:00,29.09,20422,United Kingdom
INV502888,TH-DRESS,Summer Dress,2,2025-11-18 15:00,89.54,20318,United Kingdom
INV505913,TH-JACK,Denim Jacket,3,2025-05-31 15:00,118.91,20665,United Kingdom
INV501197,TH-TSHIRT,Cotton Crew T-Shirt,2,2025-08-24 13:00,16.08,20133,United Kingdom
INV501272,TH-TSHIRT,Cotton Crew T-Shirt,3,2025-08-03 08:00,25.78,20143,United Kingdom
INV506185,TH-JACK,Denim Jacket,1,2026-07-09 18:00,94.64,20691,United Kingdom
INV502642,TH-SHOE,Canvas Sneakers,1,2026-07-09 18:00,41.35,20291,United Kingdom
INV501485,TH-SHIRT,Oxford Shirt,3,2025-11-20 12:00,52.8,20166,United Kingdom
INV503453,TH-HOOD,Fleece Hoodie,2,2026-07-01 11:00,52.23,20381,United Kingdom
INV501350,TH-SHOE,Canvas Sneakers,1,2025-11-23 18:00,85.03,20150,United Kingdom
INV504215,TH-DRESS,Summer Dress,3,2026-04-17 08:00,79.68,20474,United Kingdom
INV502032,TH-HOOD,Fleece Hoodie,3,2025-09-07 14:00,50.53,20225,United Kingdom
INV502363,TH-HOOD,Fleece Hoodie,2,2026-04-13 15:00,35.42,20259,United Kingdom
INV503285,TH-HOOD,Fleece Hoodie,2,2025-12-15 09:00,45.47,20364,United Kingdom
INV503627,TH-JEAN,Slim Fit Jeans,2,2026-03-18 13:00,60.13,20402,United Kingdom
INV504425,TH-DRESS,Summer Dress,1,2025-05-18 11:00,96.85,20496,United Kingdom
INV500934,TH-JEAN,Slim Fit Jeans,2,2026-04-23 12:00,70.81,20102,United Kingdom
INV500022,TH-CAP,Logo Cap,1,2025-09-10 14:00,18.71,20004,United Kingdom
INV505863,TH-TSHIRT,Cotton Crew T-Shirt,1,2025-10-02 08:00,26.77,20660,United Kingdom
INV503748,TH-CAP,Logo Cap,3,2026-02-07 12:00,25.32,20419,United Kingdom
INV500010,TH-DRESS,Summer Dress,2,2025-06-13 08:00,66.57,20002,United Kingdom
INV504704,TH-DRESS,Summer Dress,1,2025-06-08 13:00,75.66,20529,United Kingdom
INV501261,TH-JACK,Denim Jacket,2,2026-02-13 11:00,106.96,20142,United Kingdom
INV501484,TH-TSHIRT,Cotton Crew T-Shirt,2,2026-02-01 14:00,25.83,20166,United Kingdom
INV502199,TH-JACK,Denim Jacket,1,2026-02-17 08:00,110.36,20243,United Kingdom
INV504459,TH-SHIRT,Oxford Shirt,1,2025-07-15 18:00,36.58,20500,United Kingdom
INV503388,TH-TSHIRT,Cotton Crew T-Shirt,3,2026-06-29 11:00,21.36,20375,United Kingdom
INV501476,TH-TSHIRT,Cotton Crew T-Shirt,1,2025-11-07 09:00,15.49,20165,United Kingdom
INV500265,TH-DRESS,Summer Dress,2,2026-05-27 15:00,51.41,20032,United Kingdom
INV500921,TH-SHIRT,Oxford Shirt,3,2025-08-01 11:00,50.58,20101,United Kingdom
INV503160,TH-DRESS,Summer Dress,3,2026-03-19 18:00,87.98,20348,United Kingdom
INV504082,TH-JACK,Denim Jacket,2,2026-05-06 13:00,62.33,20458,United Kingdom
INV501426,TH-SHOE,Canvas Sneakers,1,2025-08-26 09:00,59.96,20159,United Kingdom
INV501641,TH-CAP,Logo Cap,2,2025-05-16 15:00,21.19,20182,United Kingdom
INV504518,TH-JEAN,Slim Fit Jeans,3,2025-09-15 13:00,80.02,20506,United Kingdom
INV503683,TH-HOOD,Fleece Hoodie,2,2026-06-04 15:00,54.57,20409,United Kingdom
INV502078,TH-JEAN,Slim Fit Jeans,2,2026-05-24 19:00,40.98,20230,United Kingdom
INV502800,TH-CAP,Logo Cap,2,2025-06-06 10:00,22.06,20309,United Kingdom
INV504113,TH-SHOE,Canvas Sneakers,2,2025-12-25 12:00,81.7,20462,United Kingdom
INV504828,TH-DRESS,Summer Dress,1,2026-04-14 14:00,87.66,20542,United Kingdom
INV501131,TH-HOOD,Fleece Hoodie,2,2026-05-15 11:00,62.36,20126,United Kingdom
INV504850,TH-SHOE,Canvas Sneakers,1,2025-06-11 12:00,71.93,20543,United Kingdom
INV501754,TH-DRESS,Summer Dress,2,2026-06-18 19:00,99.98,20196,United Kingdom
INV503270,TH-DRESS,Summer Dress,3,2026-04-03 16:00,95.27,20361,United Kingdom
INV501186,TH-JEAN,Slim Fit Jeans,1,2026-02-21 08:00,35.46,20132,United Kingdom
INV504461,TH-JEAN,Slim Fit Jeans,2,2026-01-24 10:00,55.16,20500,United Kingdom
INV500172,TH-JEAN,Slim Fit Jeans,3,2025-12-11 11:00,77.7,20021,United Kingdom
INV502855,TH-HOOD,Fleece Hoodie,3,2025-08-08 08:00,66.61,20315,United Kingdom
INV503268,TH-DRESS,Summer Dress,3,2026-02-22 10:00,104.33,20361,United Kingdom
INV501685,TH-DRESS,Summer Dress,2,2026-01-16 08:00,49.15,20187,United Kingdom
INV500847,TH-JEAN,Slim Fit Jeans,1,2025-07-16 17:00,84.67,20093,United Kingdom
INV500696,TH-JACK,Denim Jacket,2,2026-05-29 09:00,90.5,20078,United Kingdom
INV500618,TH-SHIRT,Oxford Shirt,1,2026-05-09 11:00,57.97,20069,United Kingdom
INV500573,TH-TSHIRT,Cotton Crew T-Shirt,1,2026-02-14 20:00,18.05,20065,United Kingdom
INV501870,TH-TSHIRT,Cotton Crew T-Shirt,2,2025-08-20 08:00,17.09,20208,United Kingdom
INV503934,TH-JACK,Denim Jacket,3,2026-06-27 15:00,97.56,20442,United Kingdom
INV500626,TH-TSHIRT,Cotton Crew T-Shirt,1,2026-03-01 09:00,25.29,20070,United Kingdom
INV500013,TH-SHOE,Canvas Sneakers,2,2026-07-04 14:00,63.86,20002,United Kingdom
INV501638,TH-JEAN,Slim Fit Jeans,1,2025-10-03 14:00,58.93,20182,United Kingdom
INV502283,TH-CAP,Logo Cap,2,2025-11-07 16:00,19.48,20252,United Kingdom
INV500480,TH-TSHIRT,Cotton Crew T-Shirt,1,2026-06-18 19:00,19.17,20056,United Kingdom
INV501078,TH-HOOD,Fleece Hoodie,1,2025-05-13 08:00,26.3,20116,United Kingdom
INV502772,TH-SHIRT,Oxford Shirt,2,2026-01-07 19:00,37.31,20306,United Kingdom
INV502486,TH-SHOE,Canvas Sneakers,2,2025-06-17 10:00,68.76,20274,United Kingdom
INV502189,TH-SHOE,Canvas Sneakers,3,2026-04-21 08:00,64.71,20243,United Kingdom
INV500872,TH-CAP,Logo Cap,1,2026-01-23 15:00,21.15,20097,United Kingdom
INV503765,TH-DRESS,Summer Dress,3,2026-06-30 11:00,73.5,20421,United Kingdom
INV500447,TH-DRESS,Summer Dress,1,2026-04-08 09:00,119.87,20052,United Kingdom
INV502401,TH-TSHIRT,Cotton Crew T-Shirt,1,2026-07-10 15:00,25.16,20263,United Kingdom
INV502442,TH-HOOD,Fleece Hoodie,2,2026-01-08 13:00,54.35,20268,United Kingdom
INV501811,TH-DRESS,Summer Dress,1,2025-07-28 19:00,84.67,20202,United Kingdom
INV501481,TH-SHIRT,Oxford Shirt,1,2026-06-22 17:00,39.45,20165,United Kingdom
INV501362,TH-HOOD,Fleece Hoodie,1,2026-01-18 08:00,39.79,20151,United Kingdom
INV501587,TH-SHOE,Canvas Sneakers,1,2025-12-17 19:00,53.25,20176,United Kingdom
INV502887,TH-JEAN,Slim Fit Jeans,3,2026-04-18 16:00,70.89,20318,United Kingdom
INV503604,TH-JACK,Denim Jacket,2,2026-01-21 10:00,98.04,20399,United Kingdom
INV506129,TH-CAP,Logo Cap,3,2025-10-20 11:00,24.55,20685,United Kingdom
INV504009,TH-JEAN,Slim Fit Jeans,3,2025-12-31 20:00,90.69,20448,United Kingdom
INV505647,TH-SHOE,Canvas Sneakers,1,2025-06-26 16:00,51.76,20637,United Kingdom
INV503323,TH-JACK,Denim Jacket,1,2026-04-30 20:00,102.87,20367,United Kingdom
INV506172,TH-HOOD,Fleece Hoodie,3,2026-03-09 14:00,54.63,20689,United Kingdom
INV501602,TH-JEAN,Slim Fit Jeans,3,2026-03-05 18:00,67.64,20177,United Kingdom
INV502736,TH-JACK,Denim Jacket,2,2025-09-18 11:00,101.76,20301,United Kingdom
INV505836,TH-SHIRT,Oxford Shirt,1,2025-10-21 12:00,39.47,20657,United Kingdom
INV500058,TH-JEAN,Slim Fit Jeans,3,2026-05-31 16:00,69.01,20007,United Kingdom
INV505618,TH-HOOD,Fleece Hoodie,3,2026-07-04 17:00,67.52,20633,United Kingdom
INV504259,TH-JACK,Denim Jacket,1,2026-01-19 10:00,99.39,20480,United Kingdom
INV501527,TH-JACK,Denim Jacket,2,2026-04-11 14:00,58.14,20169,United Kingdom
INV501137,TH-TSHIRT,Cotton Crew T-Shirt,1,2025-07-09 19:00,22.57,20126,United Kingdom
INV501238,TH-SHIRT,Oxford Shirt,2,2026-05-12 19:00,43.16,20139,United Kingdom
INV501444,TH-TSHIRT,Cotton Crew T-Shirt,2,2026-04-11 12:00,16.46,20161,United Kingdom
INV502367,TH-HOOD,Fleece Hoodie,2,2025-07-19 18:00,34.63,20260,United Kingdom
INV503484,TH-SHIRT,Oxford Shirt,2,2025-12-28 12:00,42.87,20384,United Kingdom
INV503686,TH-JEAN,Slim Fit Jeans,1,2025-11-02 09:00,65.44,20409,United Kingdom
INV506100,TH-DRESS,Summer Dress,1,2025-09-02 08:00,97.31,20683,United Kingdom
INV502491,TH-HOOD,Fleece Hoodie,3,2026-01-30 13:00,58.59,20274,United Kingdom
INV500521,TH-TSHIRT,Cotton Crew T-Shirt,2,2025-11-02 14:00,17.32,20060,United Kingdom
INV502819,TH-DRESS,Summer Dress,2,2026-04-19 14:00,62.38,20311,United Kingdom
INV502044,TH-DRESS,Summer Dress,3,2025-08-20 15:00,93.74,20226,United Kingdom
INV503570,TH-JEAN,Slim Fit Jeans,3,2026-01-10 18:00,82.26,20394,United Kingdom
INV500522,TH-JEAN,Slim Fit Jeans,2,2026-02-15 19:00,52.78,20060,United Kingdom
INV501453,TH-SHIRT,Oxford Shirt,1,2025-07-09 08:00,33.08,20162,United Kingdom
INV500615,TH-CAP,Logo Cap,1,2026-01-06 15:00,29.04,20069,United Kingdom
INV504981,TH-JACK,Denim Jacket,2,2026-02-01 13:00,75.05,20559,United Kingdom
INV500325,TH-HOOD,Fleece Hoodie,3,2026-05-02 09:00,58.1,20037,United Kingdom
INV501419,TH-TSHIRT,Cotton Crew T-Shirt,2,2025-07-28 20:00,22.07,20159,United Kingdom
INV504435,TH-SHIRT,Oxford Shirt,2,2025-12-31 12:00,23.97,20497,United Kingdom
INV506028,TH-TSHIRT,Cotton Crew T-Shirt,2,2026-04-19 12:00,14.58,20676,United Kingdom
INV502419,TH-HOOD,Fleece Hoodie,2,2026-03-24 20:00,39.45,20266,United Kingdom
INV505303,TH-SHOE,Canvas Sneakers,2,2025-12-15 09:00,48.92,20596,United Kingdom
INV500424,TH-JACK,Denim Jacket,1,2025-10-03 14:00,112.4,20051,United Kingdom
INV500532,TH-SHIRT,Oxford Shirt,2,2026-04-22 20:00,58.97,20061,United Kingdom
INV500549,TH-SHOE,Canvas Sneakers,1,2025-12-20 15:00,44.66,20062,United Kingdom
INV501674,TH-SHIRT,Oxford Shirt,1,2026-06-05 08:00,49.56,20186,United Kingdom
INV503522,TH-DRESS,Summer Dress,1,2025-06-21 16:00,77.08,20388,United Kingdom
INV502142,TH-SHOE,Canvas Sneakers,3,2026-05-12 19:00,73.22,20236,United Kingdom
INV501856,TH-CAP,Logo Cap,1,2026-04-13 09:00,21.41,20207,United Kingdom
INV501489,TH-CAP,Logo Cap,2,2026-01-16 13:00,28.63,20166,United Kingdom
INV501317,TH-JACK,Denim Jacket,1,2025-09-11 15:00,112.86,20148,United Kingdom
INV500533,TH-JEAN,Slim Fit Jeans,1,2026-03-31 11:00,95.59,20061,United Kingdom
INV505153,TH-JACK,Denim Jacket,2,2026-04-14 20:00,47.41,20577,United Kingdom
INV500350,TH-HOOD,Fleece Hoodie,1,2025-07-16 17:00,28.94,20041,United Kingdom
INV504322,TH-TSHIRT,Cotton Crew T-Shirt,3,2025-11-04 10:00,21.02,20486,United Kingdom
INV505838,TH-SHOE,Canvas Sneakers,2,2025-06-18 13:00,49.63,20657,United Kingdom
INV505236,TH-DRESS,Summer Dress,1,2025-12-25 15:00,37.76,20586,United Kingdom
INV504655,TH-TSHIRT,Cotton Crew T-Shirt,1,2025-12-09 20:00,23.29,20522,United Kingdom
INV503513,TH-HOOD,Fleece Hoodie,2,2026-03-20 11:00,30.11,20387,United Kingdom
INV503293,TH-JACK,Denim Jacket,1,2025-05-16 12:00,84.26,20365,United Kingdom
INV500264,TH-SHIRT,Oxford Shirt,2,2025-10-05 19:00,30.27,20032,United Kingdom
INV502674,TH-JEAN,Slim Fit Jeans,1,2025-08-31 17:00,93.33,20294,United Kingdom
INV501539,TH-CAP,Logo Cap,1,2026-06-11 16:00,30.04,20172,United Kingdom
INV503807,TH-SHOE,Canvas Sneakers,1,2026-06-10 15:00,40.74,20428,United Kingdom
INV505098,TH-SHIRT,Oxford Shirt,1,2025-11-13 14:00,22.43,20571,United Kingdom
INV501480,TH-JACK,Denim Jacket,2,2025-11-21 16:00,85.81,20165,United Kingdom
INV504420,TH-DRESS,Summer Dress,1,2025-07-19 14:00,101.39,20496,United Kingdom
INV505022,TH-DRESS,Summer Dress,2,2026-07-14 16:00,96.57,20564,United Kingdom
INV504089,TH-JACK,Denim Jacket,1,2025-11-18 08:00,104.43,20459,United Kingdom
INV505215,TH-JEAN,Slim Fit Jeans,1,2026-01-14 09:00,66.59,20583,United Kingdom
INV501808,TH-SHIRT,Oxford Shirt,2,2025-11-06 09:00,31.36,20201,United Kingdom
INV501020,TH-SHIRT,Oxford Shirt,2,2026-05-17 20:00,63.74,20111,United Kingdom
INV502438,TH-HOOD,Fleece Hoodie,2,2025-10-11 15:00,58.99,20268,United Kingdom
INV503501,TH-SHIRT,Oxford Shirt,3,2026-01-22 10:00,57.55,20385,United Kingdom
INV505876,TH-CAP,Logo Cap,1,2025-08-13 08:00,11.9,20661,United Kingdom
INV502181,TH-DRESS,Summer Dress,2,2025-09-02 17:00,62.87,20241,United Kingdom
INV504634,TH-JACK,Denim Jacket,2,2025-09-17 15:00,88.36,20521,United Kingdom
INV501426,TH-CAP,Logo Cap,1,2025-08-26 09:00,23.77,20159,United Kingdom
INV501324,TH-JACK,Denim Jacket,1,2026-04-11 12:00,108.85,20148,United Kingdom
INV503680,TH-SHIRT,Oxford Shirt,1,2026-05-14 14:00,45.14,20409,United Kingdom
INV501341,TH-CAP,Logo Cap,1,2025-10-01 16:00,25.95,20150,United Kingdom
INV502802,TH-HOOD,Fleece Hoodie,2,2026-03-02 16:00,49.91,20309,United Kingdom
INV501513,TH-JEAN,Slim Fit Jeans,2,2026-04-22 16:00,40.85,20168,United Kingdom
INV501298,TH-CAP,Logo Cap,2,2026-06-15 17:00,25.92,20144,United Kingdom
INV502719,TH-JACK,Denim Jacket,1,2026-06-10 20:00,66.09,20299,United Kingdom
INV503057,TH-CAP,Logo Cap,3,2026-04-18 18:00,24.67,20337,United Kingdom
INV500247,TH-SHIRT,Oxford Shirt,1,2026-02-28 15:00,43.39,20030,United Kingdom
INV505793,TH-JEAN,Slim Fit Jeans,2,2025-12-21 08:00,64.42,20652,United Kingdom
INV501741,TH-JACK,Denim Jacket,1,2025-05-28 10:00,104.78,20194,United Kingdom
INV503732,TH-TSHIRT,Cotton Crew T-Shirt,2,2025-11-20 10:00,11.57,20416,United Kingdom
INV506178,TH-CAP,Logo Cap,1,2026-06-26 12:00,17.94,20690,United Kingdom
INV501560,TH-JACK,Denim Jacket,3,2025-12-16 09:00,104.99,20173,United Kingdom
INV502180,TH-JEAN,Slim Fit Jeans,2,2026-04-14 10:00,57.73,20241,United Kingdom
INV501532,TH-TSHIRT,Cotton Crew T-Shirt,2,2026-04-22 15:00,13.07,20170,United Kingdom
INV504897,TH-DRESS,Summer Dress,1,2026-05-28 20:00,83.25,20548,United Kingdom
INV504770,TH-SHIRT,Oxford Shirt,3,2025-10-08 19:00,58.39,20536,United Kingdom
INV505693,TH-JACK,Denim Jacket,2,2025-09-17 13:00,79.23,20642,United Kingdom
INV500718,TH-JEAN,Slim Fit Jeans,3,2025-09-19 17:00,74.12,20080,United Kingdom
INV503203,TH-JACK,Denim Jacket,2,2025-10-23 14:00,112.46,20353,United Kingdom
INV502304,TH-DRESS,Summer Dress,1,2026-02-06 18:00,69.73,20254,United Kingdom
INV505758,TH-HOOD,Fleece Hoodie,1,2025-10-18 20:00,28.23,20648,United Kingdom
INV501064,TH-JEAN,Slim Fit Jeans,3,2025-06-01 14:00,73.99,20115,United Kingdom
INV505741,TH-SHOE,Canvas Sneakers,1,2026-04-08 08:00,70.42,20647,United Kingdom
INV502111,TH-CAP,Logo Cap,2,2026-05-07 20:00,26.0,20234,United Kingdom
INV505045,TH-SHOE,Canvas Sneakers,2,2026-01-31 11:00,55.08,20566,United Kingdom
INV503443,TH-HOOD,Fleece Hoodie,2,2026-06-19 12:00,45.65,20381,United Kingdom
INV505796,TH-SHIRT,Oxford Shirt,2,2026-06-17 19:00,48.37,20652,United Kingdom
INV504672,TH-DRESS,Summer Dress,2,2025-09-21 13:00,55.26,20525,United Kingdom
INV501645,TH-JACK,Denim Jacket,1,2025-07-13 13:00,88.36,20182,United Kingdom
INV503777,TH-HOOD,Fleece Hoodie,1,2025-12-13 20:00,28.0,20423,United Kingdom
INV503410,TH-SHIRT,Oxford Shirt,2,2026-03-04 19:00,47.13,20377,United Kingdom
INV505471,TH-SHIRT,Oxford Shirt,1,2026-07-14 10:00,42.17,20615,United Kingdom
INV506096,TH-SHOE,Canvas Sneakers,2,2026-07-10 13:00,76.05,20683,United Kingdom
INV502382,TH-JEAN,Slim Fit Jeans,2,2026-05-08 10:00,62.17,20261,United Kingdom
INV500417,TH-SHOE,Canvas Sneakers,1,2026-01-06 12:00,53.12,20050,United Kingdom
INV500907,TH-HOOD,Fleece Hoodie,2,2026-02-07 12:00,69.81,20100,United Kingdom
INV506140,TH-JACK,Denim Jacket,1,2026-01-09 19:00,76.12,20686,United Kingdom
INV502771,TH-DRESS,Summer Dress,1,2026-04-15 14:00,70.49,20306,United Kingdom
INV501901,TH-TSHIRT,Cotton Crew T-Shirt,2,2025-06-28 20:00,14.13,20212,United Kingdom
INV506046,TH-JACK,Denim Jacket,2,2025-05-26 18:00,128.09,20678,United Kingdom
INV500916,TH-SHOE,Canvas Sneakers,1,2026-02-10 13:00,75.32,20101,United Kingdom
INV501178,TH-JEAN,Slim Fit Jeans,1,2025-12-21 16:00,73.22,20131,United Kingdom
INV506078,TH-SHIRT,Oxford Shirt,1,2025-09-15 15:00,55.23,20682,United Kingdom
INV505056,TH-SHIRT,Oxford Shirt,1,2025-12-20 12:00,28.0,20567,United Kingdom
INV504167,TH-HOOD,Fleece Hoodie,2,2025-06-01 20:00,43.35,20469,United Kingdom
INV505424,TH-DRESS,Summer Dress,1,2025-05-11 12:00,87.24,20610,United Kingdom
INV504501,TH-SHIRT,Oxford Shirt,1,2025-08-21 13:00,63.82,20504,United Kingdom
INV506255,TH-TSHIRT,Cotton Crew T-Shirt,1,2025-10-04 16:00,21.21,20699,United Kingdom
INV503869,TH-JACK,Denim Jacket,2,2025-10-07 12:00,97.11,20434,United Kingdom
INV504298,TH-JEAN,Slim Fit Jeans,3,2026-07-09 17:00,81.71,20484,United Kingdom
INV505248,TH-JEAN,Slim Fit Jeans,2,2026-03-02 13:00,64.04,20588,United Kingdom
INV504019,TH-JEAN,Slim Fit Jeans,2,2025-06-09 10:00,94.03,20448,United Kingdom
INV501198,TH-SHIRT,Oxford Shirt,2,2025-11-08 12:00,34.11,20133,United Kingdom
INV500764,TH-HOOD,Fleece Hoodie,2,2025-10-13 14:00,30.04,20084,United Kingdom
INV503521,TH-SHOE,Canvas Sneakers,1,2025-12-06 11:00,65.17,20388,United Kingdom
INV500451,TH-SHOE,Canvas Sneakers,3,2025-09-30 20:00,85.4,20052,United Kingdom
INV500449,TH-JEAN,Slim Fit Jeans,2,2025-11-23 20:00,97.79,20052,United Kingdom
INV505458,TH-DRESS,Summer Dress,2,2025-12-28 12:00,44.22,20614,United Kingdom
INV501697,TH-TSHIRT,Cotton Crew T-Shirt,2,2026-06-03 15:00,22.53,20191,United Kingdom
INV500315,TH-JACK,Denim Jacket,2,2026-04-17 10:00,84.36,20037,United Kingdom
INV503358,TH-CAP,Logo Cap,1,2025-12-24 09:00,11.82,20371,United Kingdom
INV503996,TH-HOOD,Fleece Hoodie,2,2026-01-13 12:00,48.84,20447,United Kingdom
INV505376,TH-DRESS,Summer Dress,1,2026-04-22 16:00,75.38,20605,United Kingdom
INV500859,TH-JACK,Denim Jacket,3,2025-06-05 17:00,102.45,20095,United Kingdom
INV502727,TH-TSHIRT,Cotton Crew T-Shirt,2,2025-10-25 20:00,26.2,20300,United Kingdom
INV501879,TH-HOOD,Fleece Hoodie,2,2026-01-27 14:00,49.04,20209,United Kingdom
INV500958,TH-JEAN,Slim Fit Jeans,1,2025-05-18 11:00,66.59,20105,United Kingdom
INV505817,TH-SHIRT,Oxford Shirt,1,2026-01-10 09:00,32.85,20655,United Kingdom
INV500837,TH-HOOD,Fleece Hoodie,3,2025-11-24 10:00,66.28,20093,United Kingdom
INV500825,TH-JEAN,Slim Fit Jeans,3,2026-03-06 18:00,76.33,20092,United Kingdom
INV505624,TH-CAP,Logo Cap,1,2026-04-14 15:00,23.49,20633,United Kingdom
INV506219,TH-HOOD,Fleece Hoodie,1,2025-06-23 17:00,50.69,20694,United Kingdom
INV501516,TH-SHIRT,Oxford Shirt,2,2025-08-04 10:00,26.08,20168,United Kingdom
INV502912,TH-SHIRT,Oxford Shirt,2,2025-06-04 19:00,29.51,20323,United Kingdom
INV504175,TH-HOOD,Fleece Hoodie,2,2025-11-17 20:00,55.82,20470,United Kingdom
INV500131,TH-SHOE,Canvas Sneakers,2,2026-03-19 20:00,61.44,20017,United Kingdom
INV504537,TH-HOOD,Fleece Hoodie,2,2025-12-11 12:00,42.7,20508,United Kingdom
INV505871,TH-JACK,Denim Jacket,2,2026-04-15 17:00,107.0,20660,United Kingdom
INV503672,TH-CAP,Logo Cap,2,2025-05-27 16:00,28.93,20407,United Kingdom
INV506259,TH-DRESS,Summer Dress,3,2025-07-20 08:00,81.24,20699,United Kingdom
INV506269,TH-JEAN,Slim Fit Jeans,2,2025-05-15 08:00,66.36,20700,United Kingdom
INV503485,TH-SHOE,Canvas Sneakers,1,2025-05-30 10:00,55.96,20384,United Kingdom
INV505441,TH-TSHIRT,Cotton Crew T-Shirt,3,2025-10-17 18:00,22.78,20612,United Kingdom
INV501639,TH-TSHIRT,Cotton Crew T-Shirt,2,2025-11-18 17:00,18.04,20182,United Kingdom
INV502415,TH-JACK,Denim Jacket,3,2026-03-19 08:00,85.98,20265,United Kingdom
INV500663,TH-HOOD,Fleece Hoodie,2,2025-08-08 20:00,40.3,20074,United Kingdom
INV500609,TH-SHOE,Canvas Sneakers,2,2025-05-28 15:00,87.65,20069,United Kingdom
INV501576,TH-SHOE,Canvas Sneakers,1,2025-11-04 17:00,37.82,20174,United Kingdom
INV502135,TH-JACK,Denim Jacket,1,2026-06-18 13:00,67.73,20235,United Kingdom
INV502703,TH-SHIRT,Oxford Shirt,1,2025-06-10 09:00,44.6,20298,United Kingdom
INV502564,TH-JACK,Denim Jacket,1,2025-06-12 20:00,68.06,20283,United Kingdom
INV500913,TH-DRESS,Summer Dress,2,2025-07-01 13:00,94.65,20100,United Kingdom
INV501668,TH-JACK,Denim Jacket,1,2025-10-13 10:00,59.89,20185,United Kingdom
INV500833,TH-SHOE,Canvas Sneakers,1,2025-06-02 09:00,75.07,20092,United Kingdom
INV506081,TH-SHOE,Canvas Sneakers,2,2026-06-08 12:00,85.7,20682,United Kingdom
INV500035,TH-DRESS,Summer Dress,1,2025-09-20 16:00,59.64,20005,United Kingdom
INV501459,TH-SHIRT,Oxford Shirt,2,2025-08-31 10:00,44.11,20163,United Kingdom
INV506113,TH-JACK,Denim Jacket,3,2026-05-18 14:00,110.42,20685,United Kingdom
INV502886,TH-SHIRT,Oxford Shirt,3,2025-09-02 19:00,50.78,20318,United Kingdom
INV503166,TH-DRESS,Summer Dress,2,2025-05-18 14:00,90.08,20348,United Kingdom
INV502730,TH-TSHIRT,Cotton Crew T-Shirt,3,2025-12-15 15:00,22.72,20300,United Kingdom
INV504117,TH-DRESS,Summer Dress,3,2026-06-29 12:00,101.25,20462,United Kingdom
INV504755,TH-JEAN,Slim Fit Jeans,2,2026-01-18 17:00,27.85,20535,United Kingdom
INV504833,TH-TSHIRT,Cotton Crew T-Shirt,2,2026-04-22 15:00,21.61,20542,United Kingdom
INV501546,TH-TSHIRT,Cotton Crew T-Shirt,3,2026-05-03 15:00,28.85,20172,United Kingdom
INV501941,TH-JACK,Denim Jacket,2,2025-09-22 12:00,64.31,20215,United Kingdom
INV500207,TH-DRESS,Summer Dress,2,2026-03-29 20:00,53.0,20026,United Kingdom
INV503596,TH-TSHIRT,Cotton Crew T-Shirt,1,2025-08-23 15:00,12.47,20398,United Kingdom
INV505958,TH-SHOE,Canvas Sneakers,2,2025-12-05 09:00,63.91,20669,United Kingdom
INV504751,TH-TSHIRT,Cotton Crew T-Shirt,1,2025-07-14 16:00,8.9,20535,United Kingdom
INV505022,TH-SHOE,Canvas Sneakers,1,2026-07-14 16:00,79.85,20564,United Kingdom
INV506261,TH-CAP,Logo Cap,1,2026-04-02 16:00,22.05,20699,United Kingdom
INV505570,TH-JEAN,Slim Fit Jeans,1,2026-03-21 14:00,59.5,20627,United Kingdom
INV505292,TH-TSHIRT,Cotton Crew T-Shirt,1,2026-03-24 14:00,16.8,20595,United Kingdom
INV503318,TH-JACK,Denim Jacket,2,2025-10-27 15:00,103.08,20367,United Kingdom
INV505951,TH-DRESS,Summer Dress,1,2025-10-17 15:00,72.44,20669,United Kingdom
INV501021,TH-TSHIRT,Cotton Crew T-Shirt,1,2026-02-10 20:00,25.77,20111,United Kingdom
INV500890,TH-SHIRT,Oxford Shirt,1,2025-07-14 17:00,45.79,20099,United Kingdom
INV504034,TH-DRESS,Summer Dress,1,2026-01-30 08:00,79.63,20450,United Kingdom
INV504658,TH-JEAN,Slim Fit Jeans,2,2025-07-26 12:00,54.99,20523,United Kingdom
INV502561,TH-SHIRT,Oxford Shirt,2,2025-09-30 12:00,40.63,20282,United Kingdom
INV506084,TH-JEAN,Slim Fit Jeans,1,2025-05-29 18:00,83.92,20682,United Kingdom
INV500521,TH-SHOE,Canvas Sneakers,2,2025-11-02 14:00,50.35,20060,United Kingdom
INV500783,TH-DRESS,Summer Dress,1,2026-04-30 14:00,65.49,20086,United Kingdom
INV504620,TH-HOOD,Fleece Hoodie,1,2025-06-17 17:00,37.7,20519,United Kingdom
INV503932,TH-TSHIRT,Cotton Crew T-Shirt,2,2025-11-24 13:00,16.05,20441,United Kingdom
INV503859,TH-TSHIRT,Cotton Crew T-Shirt,1,2026-01-04 08:00,20.26,20433,United Kingdom
INV501416,TH-JEAN,Slim Fit Jeans,2,2025-08-23 20:00,49.06,20158,United Kingdom
INV503066,TH-DRESS,Summer Dress,3,2025-11-23 13:00,68.88,20338,United Kingdom
INV500496,TH-JACK,Denim Jacket,2,2026-02-06 08:00,96.12,20057,United Kingdom
INV500150,TH-SHIRT,Oxford Shirt,1,2025-10-15 20:00,32.25,20019,United Kingdom
INV501195,TH-TSHIRT,Cotton Crew T-Shirt,2,2026-02-25 14:00,16.19,20133,United Kingdom
INV500388,TH-JACK,Denim Jacket,2,2025-11-14 15:00,76.95,20046,United Kingdom
INV500281,TH-TSHIRT,Cotton Crew T-Shirt,1,2025-12-01 19:00,12.05,20034,United Kingdom
INV505359,TH-SHIRT,Oxford Shirt,1,2026-04-20 13:00,41.94,20603,United Kingdom
INV504014,TH-DRESS,Summer Dress,1,2025-06-05 19:00,116.82,20448,United Kingdom
INV502635,TH-DRESS,Summer Dress,1,2026-05-12 16:00,87.58,20290,United Kingdom
INV500739,TH-JACK,Denim Jacket,1,2026-01-24 09:00,67.24,20082,United Kingdom
INV505142,TH-JEAN,Slim Fit Jeans,2,2025-10-24 08:00,70.74,20576,United Kingdom
INV501598,TH-JACK,Denim Jacket,3,2026-01-13 13:00,107.54,20177,United Kingdom
INV502992,TH-CAP,Logo Cap,1,2025-07-14 17:00,25.34,20333,United Kingdom
INV505301,TH-DRESS,Summer Dress,1,2025-11-28 12:00,67.98,20596,United Kingdom
INV505069,TH-JEAN,Slim Fit Jeans,3,2025-12-02 08:00,80.92,20568,United Kingdom
INV501317,TH-TSHIRT,Cotton Crew T-Shirt,1,2025-09-11 15:00,23.15,20148,United Kingdom
INV501104,TH-DRESS,Summer Dress,2,2025-08-20 19:00,45.37,20121,United Kingdom
INV505049,TH-HOOD,Fleece Hoodie,1,2026-03-25 10:00,57.09,20566,United Kingdom
INV502179,TH-HOOD,Fleece Hoodie,1,2026-04-24 17:00,42.24,20241,United Kingdom
INV501681,TH-TSHIRT,Cotton Crew T-Shirt,1,2026-03-22 11:00,22.61,20186,United Kingdom
INV502514,TH-DRESS,Summer Dress,1,2026-02-14 17:00,62.28,20278,United Kingdom
INV502614,TH-SHIRT,Oxford Shirt,1,2025-10-20 09:00,59.9,20289,United Kingdom
INV503242,TH-CAP,Logo Cap,3,2026-02-17 12:00,20.41,20358,United Kingdom
INV502209,TH-DRESS,Summer Dress,3,2025-08-21 17:00,87.72,20245,United Kingdom
INV500574,TH-TSHIRT,Cotton Crew T-Shirt,1,2025-06-08 11:00,17.72,20065,United Kingdom
INV505525,TH-JACK,Denim Jacket,2,2026-07-03 18:00,86.77,20621,United Kingdom
INV502806,TH-HOOD,Fleece Hoodie,2,2026-04-08 12:00,63.05,20310,United Kingdom
INV505001,TH-CAP,Logo Cap,2,2025-09-17 11:00,25.53,20561,United Kingdom
INV501220,TH-JACK,Denim Jacket,1,2026-03-02 19:00,91.47,20138,United Kingdom
INV505424,TH-CAP,Logo Cap,2,2025-05-11 12:00,27.8,20610,United Kingdom
INV502270,TH-DRESS,Summer Dress,1,2026-04-09 14:00,102.67,20251,United Kingdom
INV500605,TH-DRESS,Summer Dress,2,2025-07-08 17:00,44.09,20068,United Kingdom
INV502899,TH-JEAN,Slim Fit Jeans,1,2026-07-01 19:00,51.52,20321,United Kingdom
INV502014,TH-TSHIRT,Cotton Crew T-Shirt,1,2026-02-07 16:00,15.68,20224,United Kingdom
INV502036,TH-DRESS,Summer Dress,2,2025-08-30 13:00,93.17,20226,United Kingdom
INV504425,TH-JACK,Denim Jacket,1,2025-05-18 11:00,110.06,20496,United Kingdom
INV501544,TH-HOOD,Fleece Hoodie,3,2026-05-11 16:00,74.22,20172,United Kingdom
INV505739,TH-TSHIRT,Cotton Crew T-Shirt,1,2025-12-15 16:00,19.35,20646,United Kingdom
INV504602,TH-HOOD,Fleece Hoodie,2,2025-06-11 15:00,38.21,20517,United Kingdom
INV502302,TH-CAP,Logo Cap,1,2025-06-05 18:00,18.86,20254,United Kingdom
INV505058,TH-JACK,Denim Jacket,1,2025-10-07 09:00,126.3,20568,United Kingdom
INV502632,TH-TSHIRT,Cotton Crew T-Shirt,2,2026-01-03 15:00,25.09,20290,United Kingdom
INV502728,TH-SHOE,Canvas Sneakers,1,2026-05-30 14:00,72.9,20300,United Kingdom
INV502123,TH-JEAN,Slim Fit Jeans,3,2026-02-25 08:00,79.23,20234,United Kingdom
INV504339,TH-SHIRT,Oxford Shirt,1,2025-07-27 18:00,32.85,20488,United Kingdom
INV503876,TH-JEAN,Slim Fit Jeans,3,2026-01-11 17:00,90.52,20435,United Kingdom
INV505448,TH-DRESS,Summer Dress,1,2025-11-29 18:00,75.41,20613,United Kingdom
INV506272,TH-HOOD,Fleece Hoodie,1,2025-08-24 08:00,47.85,20700,United Kingdom
INV501822,TH-SHIRT,Oxford Shirt,2,2026-03-28 18:00,54.37,20202,United Kingdom
INV500939,TH-SHOE,Canvas Sneakers,2,2025-08-03 11:00,51.17,20103,United Kingdom
INV502759,TH-SHOE,Canvas Sneakers,2,2025-08-12 16:00,43.75,20304,United Kingdom
INV504061,TH-HOOD,Fleece Hoodie,2,2026-02-14 15:00,47.19,20454,United Kingdom
INV500532,TH-SHOE,Canvas Sneakers,3,2026-04-22 20:00,87.58,20061,United Kingdom
INV503439,TH-JEAN,Slim Fit Jeans,3,2025-12-01 11:00,90.87,20380,United Kingdom
INV504678,TH-TSHIRT,Cotton Crew T-Shirt,1,2025-09-01 11:00,10.54,20526,United Kingdom
INV501025,TH-HOOD,Fleece Hoodie,2,2025-10-11 09:00,67.27,20111,United Kingdom
INV501671,TH-JACK,Denim Jacket,1,2025-10-24 14:00,113.02,20186,United Kingdom
INV504577,TH-SHOE,Canvas Sneakers,1,2025-10-01 18:00,75.52,20512,United Kingdom
INV503361,TH-TSHIRT,Cotton Crew T-Shirt,3,2025-12-28 17:00,21.44,20372,United Kingdom
INV505461,TH-JEAN,Slim Fit Jeans,1,2025-07-15 17:00,59.28,20615,United Kingdom
INV504992,TH-SHOE,Canvas Sneakers,1,2025-09-29 14:00,45.4,20560,United Kingdom
INV503318,TH-TSHIRT,Cotton Crew T-Shirt,1,2025-10-27 15:00,23.21,20367,United Kingdom
INV504417,TH-JACK,Denim Jacket,1,2026-04-01 09:00,45.27,20495,United Kingdom
INV503013,TH-TSHIRT,Cotton Crew T-Shirt,3,2026-02-22 15:00,22.86,20334,United Kingdom
INV502065,TH-SHOE,Canvas Sneakers,2,2025-12-24 13:00,54.57,20229,United Kingdom
INV505407,TH-SHIRT,Oxford Shirt,1,2026-02-26 17:00,48.42,20609,United Kingdom
INV501400,TH-JACK,Denim Jacket,1,2025-08-12 19:00,82.42,20156,United Kingdom
INV501771,TH-SHOE,Canvas Sneakers,3,2025-06-14 13:00,90.5,20198,United Kingdom
INV505147,TH-SHIRT,Oxford Shirt,3,2025-07-15 08:00,52.01,20576,United Kingdom
INV505514,TH-JEAN,Slim Fit Jeans,3,2026-04-29 09:00,73.56,20620,United Kingdom
INV502429,TH-TSHIRT,Cotton Crew T-Shirt,2,2026-02-05 09:00,15.43,20267,United Kingdom
INV505121,TH-SHIRT,Oxford Shirt,1,2025-10-13 08:00,36.49,20573,United Kingdom
INV502648,TH-JACK,Denim Jacket,1,2025-11-25 16:00,80.22,20292,United Kingdom
INV504205,TH-JEAN,Slim Fit Jeans,1,2025-07-10 10:00,70.33,20474,United Kingdom
INV500337,TH-JACK,Denim Jacket,1,2026-03-08 17:00,50.85,20039,United Kingdom
INV500314,TH-TSHIRT,Cotton Crew T-Shirt,3,2025-05-12 08:00,20.76,20037,United Kingdom
INV501570,TH-JACK,Denim Jacket,2,2026-05-19 11:00,105.14,20173,United Kingdom
INV505668,TH-SHOE,Canvas Sneakers,1,2026-03-28 16:00,62.63,20639,United Kingdom
INV501359,TH-SHIRT,Oxford Shirt,2,2025-05-28 19:00,32.06,20151,United Kingdom
INV500627,TH-DRESS,Summer Dress,3,2025-11-09 11:00,86.41,20070,United Kingdom
INV505355,TH-JACK,Denim Jacket,2,2025-09-26 14:00,97.8,20603,United Kingdom
INV501157,TH-SHIRT,Oxford Shirt,3,2025-08-13 17:00,53.82,20129,United Kingdom
INV505570,TH-SHOE,Canvas Sneakers,1,2026-03-21 14:00,49.55,20627,United Kingdom
INV504340,TH-SHIRT,Oxford Shirt,1,2025-07-23 19:00,36.62,20488,United Kingdom
INV503646,TH-JACK,Denim Jacket,1,2025-07-04 10:00,105.52,20405,United Kingdom
INV503733,TH-TSHIRT,Cotton Crew T-Shirt,2,2026-05-07 16:00,11.8,20417,United Kingdom
INV501868,TH-HOOD,Fleece Hoodie,2,2025-07-03 14:00,44.28,20208,United Kingdom
INV502567,TH-JACK,Denim Jacket,2,2025-11-02 11:00,62.27,20283,United Kingdom
INV501112,TH-JEAN,Slim Fit Jeans,1,2026-05-31 15:00,56.61,20123,United Kingdom
INV505320,TH-JACK,Denim Jacket,2,2026-02-26 09:00,53.26,20598,United Kingdom
INV503787,TH-JEAN,Slim Fit Jeans,2,2025-12-28 13:00,63.19,20425,United Kingdom
INV502453,TH-SHIRT,Oxford Shirt,2,2025-10-17 08:00,62.11,20271,United Kingdom
INV504670,TH-DRESS,Summer Dress,2,2026-03-25 13:00,78.31,20524,United Kingdom
INV504931,TH-JEAN,Slim Fit Jeans,2,2025-12-24 20:00,65.82,20552,United Kingdom
INV501017,TH-HOOD,Fleece Hoodie,2,2025-06-27 11:00,76.45,20111,United Kingdom
INV505546,TH-JACK,Denim Jacket,2,2025-12-05 15:00,94.92,20624,United Kingdom
INV500832,TH-CAP,Logo Cap,2,2025-11-09 20:00,24.71,20092,United Kingdom
INV503245,TH-CAP,Logo Cap,2,2025-08-16 11:00,18.25,20359,United Kingdom
INV505422,TH-DRESS,Summer Dress,1,2025-08-04 10:00,83.43,20610,United Kingdom
INV505972,TH-CAP,Logo Cap,2,2025-09-28 09:00,17.28,20671,United Kingdom
INV500943,TH-CAP,Logo Cap,2,2026-03-04 16:00,18.01,20103,United Kingdom
INV501004,TH-CAP,Logo Cap,1,2025-07-13 11:00,19.78,20110,United Kingdom
INV503028,TH-SHIRT,Oxford Shirt,1,2025-12-19 08:00,55.67,20335,United Kingdom
INV505568,TH-CAP,Logo Cap,1,2025-10-21 19:00,17.75,20627,United Kingdom
INV504074,TH-JACK,Denim Jacket,1,2025-10-21 12:00,81.06,20456,United Kingdom
INV501218,TH-HOOD,Fleece Hoodie,2,2025-09-05 10:00,54.86,20138,United Kingdom
INV504401,TH-HOOD,Fleece Hoodie,1,2026-03-24 16:00,44.34,20492,United Kingdom
INV506175,TH-SHOE,Canvas Sneakers,1,2025-06-13 10:00,54.55,20690,United Kingdom
INV506099,TH-SHOE,Canvas Sneakers,1,2025-11-07 12:00,67.56,20683,United Kingdom
INV503883,TH-JACK,Denim Jacket,2,2025-10-20 15:00,134.59,20435,United Kingdom
INV501818,TH-TSHIRT,Cotton Crew T-Shirt,1,2025-07-05 19:00,23.81,20202,United Kingdom
INV503108,TH-DRESS,Summer Dress,1,2025-12-26 14:00,36.54,20342,United Kingdom
INV503222,TH-TSHIRT,Cotton Crew T-Shirt,1,2026-06-09 12:00,15.71,20355,United Kingdom
INV505311,TH-CAP,Logo Cap,1,2026-01-08 16:00,14.26,20597,United Kingdom
INV500907,TH-CAP,Logo Cap,2,2026-02-07 12:00,28.42,20100,United Kingdom
INV504774,TH-JACK,Denim Jacket,1,2025-10-25 10:00,115.67,20537,United Kingdom
INV503024,TH-SHIRT,Oxford Shirt,2,2025-09-26 17:00,53.72,20335,United Kingdom
INV500021,TH-JACK,Denim Jacket,2,2025-06-26 19:00,65.61,20003,United Kingdom
INV506137,TH-DRESS,Summer Dress,1,2026-04-11 20:00,58.94,20686,United Kingdom
INV503586,TH-SHIRT,Oxford Shirt,3,2026-04-05 09:00,52.0,20396,United Kingdom
INV500040,TH-SHOE,Canvas Sneakers,1,2025-12-31 15:00,45.67,20005,United Kingdom
INV502686,TH-JACK,Denim Jacket,2,2026-04-20 11:00,78.51,20295,United Kingdom
INV502060,TH-SHIRT,Oxford Shirt,2,2025-09-24 19:00,37.59,20228,United Kingdom
INV505707,TH-HOOD,Fleece Hoodie,2,2025-06-07 16:00,63.69,20644,United Kingdom
INV502945,TH-JEAN,Slim Fit Jeans,2,2025-09-12 17:00,71.77,20328,United Kingdom
INV504569,TH-SHIRT,Oxford Shirt,1,2025-10-24 14:00,53.98,20512,United Kingdom
INV505841,TH-JEAN,Slim Fit Jeans,2,2025-10-31 20:00,56.6,20657,United Kingdom
INV500298,TH-SHIRT,Oxford Shirt,3,2025-05-30 20:00,55.26,20036,United Kingdom
INV504119,TH-HOOD,Fleece Hoodie,2,2025-08-28 11:00,65.77,20462,United Kingdom
INV502216,TH-JEAN,Slim Fit Jeans,3,2026-01-18 17:00,74.77,20245,United Kingdom
INV505855,TH-HOOD,Fleece Hoodie,1,2026-06-10 16:00,60.05,20658,United Kingdom
INV505171,TH-CAP,Logo Cap,2,2025-12-27 11:00,22.27,20580,United Kingdom
INV500695,TH-JACK,Denim Jacket,1,2026-01-02 11:00,92.05,20078,United Kingdom
INV501064,TH-CAP,Logo Cap,2,2025-06-01 14:00,23.85,20115,United Kingdom
INV506273,TH-HOOD,Fleece Hoodie,2,2025-07-11 14:00,49.77,20700,United Kingdom
INV503266,TH-HOOD,Fleece Hoodie,2,2026-04-10 11:00,62.51,20361,United Kingdom
INV504339,TH-CAP,Logo Cap,2,2025-07-27 18:00,17.97,20488,United Kingdom
INV503050,TH-SHIRT,Oxford Shirt,2,2026-02-16 14:00,57.12,20337,United Kingdom
INV505963,TH-SHIRT,Oxford Shirt,2,2025-08-11 15:00,41.64,20669,United Kingdom
INV502408,TH-SHOE,Canvas Sneakers,1,2025-09-02 09:00,27.45,20264,United Kingdom
INV504521,TH-SHOE,Canvas Sneakers,2,2025-07-26 09:00,81.58,20506,United Kingdom
INV505316,TH-JEAN,Slim Fit Jeans,1,2025-09-22 14:00,33.2,20598,United Kingdom
INV501020,TH-HOOD,Fleece Hoodie,1,2026-05-17 20:00,73.66,20111,United Kingdom
INV500509,TH-SHOE,Canvas Sneakers,2,2025-07-10 11:00,72.91,20058,United Kingdom
INV505148,TH-JACK,Denim Jacket,1,2026-01-12 14:00,47.94,20577,United Kingdom
INV502784,TH-CAP,Logo Cap,1,2026-01-04 19:00,17.13,20307,United Kingdom
INV500824,TH-JEAN,Slim Fit Jeans,3,2025-08-08 18:00,77.56,20092,United Kingdom
INV505471,TH-SHIRT,Oxford Shirt,1,2026-07-14 10:00,36.95,20615,United Kingdom
INV502623,TH-CAP,Logo Cap,1,2025-07-31 18:00,27.68,20289,United Kingdom
INV506085,TH-SHOE,Canvas Sneakers,2,2025-05-27 18:00,75.78,20682,United Kingdom
INV505218,TH-TSHIRT,Cotton Crew T-Shirt,2,2025-06-29 12:00,18.32,20584,United Kingdom
INV502399,TH-SHOE,Canvas Sneakers,1,2026-01-30 10:00,76.66,20263,United Kingdom
INV500865,TH-HOOD,Fleece Hoodie,3,2025-08-17 08:00,57.07,20095,United Kingdom
INV502394,TH-CAP,Logo Cap,1,2026-05-18 18:00,24.21,20263,United Kingdom
INV505338,TH-CAP,Logo Cap,2,2026-01-21 12:00,13.84,20601,United Kingdom
INV500905,TH-DRESS,Summer Dress,1,2025-08-29 10:00,98.09,20100,United Kingdom
INV501272,TH-TSHIRT,Cotton Crew T-Shirt,2,2025-08-03 08:00,24.24,20143,United Kingdom
INV503255,TH-SHOE,Canvas Sneakers,2,2025-11-10 20:00,58.39,20360,United Kingdom
INV500901,TH-JEAN,Slim Fit Jeans,1,2025-12-14 20:00,95.82,20100,United Kingdom
INV502645,TH-CAP,Logo Cap,2,2025-05-18 18:00,20.41,20292,United Kingdom
INV501269,TH-DRESS,Summer Dress,1,2025-07-11 16:00,94.98,20142,United Kingdom
INV505219,TH-TSHIRT,Cotton Crew T-Shirt,1,2025-10-04 09:00,17.16,20584,United Kingdom
INV504053,TH-CAP,Logo Cap,1,2026-02-21 12:00,19.52,20453,United Kingdom
INV501290,TH-SHIRT,Oxford Shirt,2,2025-12-29 19:00,57.39,20144,United Kingdom
INV504778,TH-JEAN,Slim Fit Jeans,3,2026-02-08 12:00,89.89,20537,United Kingdom
INV500529,TH-SHIRT,Oxford Shirt,3,2025-07-18 19:00,63.79,20061,United Kingdom
INV506082,TH-SHOE,Canvas Sneakers,2,2025-10-27 12:00,78.76,20682,United Kingdom
INV506016,TH-TSHIRT,Cotton Crew T-Shirt,3,2025-12-09 11:00,25.93,20675,United Kingdom
INV504391,TH-SHOE,Canvas Sneakers,3,2025-09-04 12:00,79.23,20491,United Kingdom
INV505767,TH-SHIRT,Oxford Shirt,2,2026-01-28 18:00,38.24,20649,United Kingdom
INV503048,TH-JEAN,Slim Fit Jeans,1,2026-02-17 15:00,76.28,20337,United Kingdom
INV502939,TH-CAP,Logo Cap,1,2026-06-25 13:00,10.16,20327,United Kingdom
INV500312,TH-CAP,Logo Cap,2,2026-07-07 13:00,23.9,20036,United Kingdom
INV501385,TH-JACK,Denim Jacket,2,2025-10-24 16:00,47.58,20154,United Kingdom
INV503989,TH-SHOE,Canvas Sneakers,1,2025-06-01 14:00,46.62,20446,United Kingdom
INV501369,TH-SHIRT,Oxford Shirt,2,2026-02-26 12:00,36.56,20152,United Kingdom
INV500846,TH-DRESS,Summer Dress,1,2026-06-03 19:00,94.8,20093,United Kingdom
INV501117,TH-TSHIRT,Cotton Crew T-Shirt,1,2025-10-05 13:00,17.96,20123,United Kingdom
INV502572,TH-CAP,Logo Cap,1,2025-08-23 09:00,16.01,20283,United Kingdom
INV504021,TH-SHOE,Canvas Sneakers,2,2025-10-24 16:00,54.99,20449,United Kingdom
INV502959,TH-SHOE,Canvas Sneakers,2,2025-10-25 09:00,48.22,20329,United Kingdom
INV503154,TH-TSHIRT,Cotton Crew T-Shirt,1,2025-10-22 18:00,15.61,20347,United Kingdom
INV505090,TH-DRESS,Summer Dress,2,2025-05-20 11:00,79.0,20570,United Kingdom
INV505040,TH-SHIRT,Oxford Shirt,2,2026-01-27 10:00,44.65,20566,United Kingdom
INV501848,TH-TSHIRT,Cotton Crew T-Shirt,2,2025-12-18 18:00,12.66,20205,United Kingdom
INV500721,TH-JACK,Denim Jacket,2,2025-08-13 15:00,101.42,20080,United Kingdom
INV503759,TH-TSHIRT,Cotton Crew T-Shirt,2,2026-05-31 19:00,18.78,20420,United Kingdom
INV502984,TH-SHIRT,Oxford Shirt,1,2025-10-04 19:00,41.4,20332,United Kingdom
INV505304,TH-TSHIRT,Cotton Crew T-Shirt,2,2025-06-08 20:00,15.19,20596,United Kingdom
INV506140,TH-CAP,Logo Cap,1,2026-01-09 19:00,19.51,20686,United Kingdom
INV502212,TH-SHOE,Canvas Sneakers,3,2026-06-28 09:00,65.16,20245,United Kingdom
INV500692,TH-HOOD,Fleece Hoodie,3,2026-06-14 12:00,53.43,20078,United Kingdom
INV505185,TH-JEAN,Slim Fit Jeans,3,2025-10-04 18:00,85.73,20581,United Kingdom
INV501126,TH-HOOD,Fleece Hoodie,2,2025-12-06 19:00,32.71,20125,United Kingdom
INV503643,TH-TSHIRT,Cotton Crew T-Shirt,2,2026-03-06 09:00,11.83,20404,United Kingdom
INV506233,TH-DRESS,Summer Dress,2,2025-05-31 15:00,60.8,20696,United Kingdom
INV500129,TH-HOOD,Fleece Hoodie,1,2025-07-19 08:00,52.87,20017,United Kingdom
INV505127,TH-SHOE,Canvas Sneakers,1,2025-08-22 11:00,64.73,20574,United Kingdom
INV503096,TH-JEAN,Slim Fit Jeans,1,2025-09-02 12:00,73.0,20341,United Kingdom
INV503239,TH-JACK,Denim Jacket,1,2026-05-09 17:00,98.26,20358,United Kingdom
INV501518,TH-HOOD,Fleece Hoodie,1,2026-05-29 09:00,34.84,20169,United Kingdom
INV501011,TH-JACK,Denim Jacket,2,2026-04-27 11:00,128.52,20111,United Kingdom
INV500242,TH-SHIRT,Oxford Shirt,1,2026-05-11 11:00,38.16,20030,United Kingdom
INV501854,TH-CAP,Logo Cap,2,2026-04-02 20:00,8.18,20206,United Kingdom
INV502614,TH-SHIRT,Oxford Shirt,1,2025-10-20 09:00,53.08,20289,United Kingdom
INV503985,TH-DRESS,Summer Dress,2,2025-08-22 09:00,51.89,20445,United Kingdom
INV502267,TH-CAP,Logo Cap,3,2026-03-18 13:00,29.22,20251,United Kingdom
INV503710,TH-JEAN,Slim Fit Jeans,3,2026-01-15 12:00,73.84,20414,United Kingdom
INV500352,TH-TSHIRT,Cotton Crew T-Shirt,2,2026-04-04 08:00,10.07,20041,United Kingdom
INV500702,TH-TSHIRT,Cotton Crew T-Shirt,1,2025-12-23 19:00,18.1,20079,United Kingdom
INV502622,TH-CAP,Logo Cap,3,2025-05-24 11:00,26.49,20289,United Kingdom
INV506016,TH-TSHIRT,Cotton Crew T-Shirt,2,2025-12-09 11:00,27.33,20675,United Kingdom
INV506060,TH-SHOE,Canvas Sneakers,1,2025-12-24 19:00,53.27,20680,United Kingdom
INV500871,TH-JEAN,Slim Fit Jeans,2,2026-01-03 12:00,38.91,20096,United Kingdom
INV500186,TH-DRESS,Summer Dress,1,2026-05-04 15:00,93.82,20022,United Kingdom
INV501301,TH-HOOD,Fleece Hoodie,2,2025-11-02 11:00,40.73,20145,United Kingdom
INV503218,TH-CAP,Logo Cap,2,2026-06-08 14:00,17.35,20355,United Kingdom
INV502641,TH-HOOD,Fleece Hoodie,2,2026-06-08 08:00,31.92,20291,United Kingdom
INV506029,TH-SHOE,Canvas Sneakers,1,2025-12-11 10:00,44.52,20676,United Kingdom
INV504213,TH-TSHIRT,Cotton Crew T-Shirt,3,2026-04-26 19:00,20.3,20474,United Kingdom
INV500371,TH-CAP,Logo Cap,1,2026-05-18 08:00,13.54,20044,United Kingdom
INV503089,TH-TSHIRT,Cotton Crew T-Shirt,1,2026-05-28 17:00,22.61,20340,United Kingdom
INV505424,TH-JACK,Denim Jacket,1,2025-05-11 12:00,103.79,20610,United Kingdom
INV505222,TH-SHIRT,Oxford Shirt,2,2026-02-22 20:00,41.64,20584,United Kingdom
INV506199,TH-HOOD,Fleece Hoodie,2,2025-07-22 13:00,29.75,20692,United Kingdom
INV504028,TH-CAP,Logo Cap,1,2025-07-14 20:00,23.47,20450,United Kingdom
INV503942,TH-HOOD,Fleece Hoodie,2,2025-11-09 20:00,65.07,20442,United Kingdom
INV501197,TH-SHOE,Canvas Sneakers,2,2025-08-24 13:00,51.61,20133,United Kingdom
INV504354,TH-JACK,Denim Jacket,2,2025-07-17 15:00,119.13,20489,United Kingdom
INV505533,TH-CAP,Logo Cap,2,2026-06-17 16:00,10.23,20622,United Kingdom
INV501279,TH-TSHIRT,Cotton Crew T-Shirt,1,2025-06-01 10:00,24.36,20143,United Kingdom
INV501280,TH-JACK,Denim Jacket,3,2026-04-17 18:00,126.4,20143,United Kingdom
INV501085,TH-JEAN,Slim Fit Jeans,2,2026-05-14 19:00,41.4,20118,United Kingdom
INV505326,TH-SHIRT,Oxford Shirt,1,2025-09-18 16:00,36.04,20599,United Kingdom
INV501132,TH-TSHIRT,Cotton Crew T-Shirt,3,2025-06-06 11:00,22.18,20126,United Kingdom
INV500900,TH-HOOD,Fleece Hoodie,3,2026-07-04 14:00,68.86,20100,United Kingdom
INV503838,TH-SHOE,Canvas Sneakers,3,2026-01-11 10:00,66.71,20431,United Kingdom
INV500336,TH-JACK,Denim Jacket,2,2026-04-30 15:00,51.56,20039,United Kingdom
INV501294,TH-SHIRT,Oxford Shirt,1,2026-02-13 20:00,49.98,20144,United Kingdom
INV502909,TH-DRESS,Summer Dress,2,2026-01-23 12:00,47.77,20323,United Kingdom
INV500967,TH-CAP,Logo Cap,2,2026-01-17 14:00,20.04,20106,United Kingdom
INV500357,TH-TSHIRT,Cotton Crew T-Shirt,2,2026-03-23 12:00,14.61,20042,United Kingdom
INV501639,TH-SHOE,Canvas Sneakers,2,2025-11-18 17:00,52.52,20182,United Kingdom
INV502846,TH-CAP,Logo Cap,2,2026-01-03 11:00,20.15,20314,United Kingdom
INV505722,TH-DRESS,Summer Dress,1,2025-07-11 09:00,70.83,20645,United Kingdom
INV504863,TH-TSHIRT,Cotton Crew T-Shirt,2,2025-12-30 12:00,17.11,20544,United Kingdom
INV500666,TH-CAP,Logo Cap,2,2025-05-13 14:00,17.05,20074,United Kingdom
INV502227,TH-JEAN,Slim Fit Jeans,1,2025-11-21 15:00,62.01,20246,United Kingdom
INV505365,TH-JEAN,Slim Fit Jeans,2,2025-06-02 12:00,52.42,20604,United Kingdom
INV503111,TH-HOOD,Fleece Hoodie,3,2025-09-23 09:00,54.39,20343,United Kingdom
INV500064,TH-DRESS,Summer Dress,2,2026-05-26 19:00,86.52,20007,United Kingdom
INV504139,TH-SHOE,Canvas Sneakers,1,2026-07-10 15:00,69.8,20465,United Kingdom
INV505987,TH-TSHIRT,Cotton Crew T-Shirt,2,2025-08-21 18:00,23.21,20673,United Kingdom
INV502537,TH-SHOE,Canvas Sneakers,1,2025-12-07 19:00,66.13,20279,United Kingdom
INV500564,TH-JACK,Denim Jacket,3,2025-06-04 20:00,93.3,20064,United Kingdom
INV505079,TH-SHIRT,Oxford Shirt,2,2025-12-19 11:00,40.61,20569,United Kingdom
INV504645,TH-SHOE,Canvas Sneakers,1,2025-12-10 15:00,77.24,20522,United Kingdom
INV503711,TH-TSHIRT,Cotton Crew T-Shirt,3,2026-04-05 16:00,24.01,20414,United Kingdom
INV503306,TH-TSHIRT,Cotton Crew T-Shirt,2,2025-11-27 09:00,17.73,20366,United Kingdom
INV505667,TH-SHOE,Canvas Sneakers,1,2026-02-01 10:00,54.27,20639,United Kingdom
INV500781,TH-DRESS,Summer Dress,1,2026-05-14 13:00,68.83,20086,United Kingdom
INV501713,TH-SHIRT,Oxford Shirt,3,2025-10-28 12:00,63.99,20192,United Kingdom
INV502644,TH-TSHIRT,Cotton Crew T-Shirt,2,2025-12-29 10:00,16.66,20292,United Kingdom
INV502140,TH-HOOD,Fleece Hoodie,3,2026-02-21 10:00,64.65,20236,United Kingdom
INV500648,TH-SHOE,Canvas Sneakers,2,2025-09-15 19:00,44.69,20072,United Kingdom
INV505610,TH-JEAN,Slim Fit Jeans,2,2025-06-25 11:00,71.33,20633,United Kingdom
INV505708,TH-CAP,Logo Cap,3,2025-10-13 20:00,25.03,20644,United Kingdom
INV503721,TH-TSHIRT,Cotton Crew T-Shirt,1,2026-04-14 16:00,25.65,20414,United Kingdom
INV502528,TH-CAP,Logo Cap,3,2025-09-21 13:00,24.17,20279,United Kingdom
INV501683,TH-DRESS,Summer Dress,3,2026-02-07 15:00,82.76,20186,United Kingdom
INV505246,TH-CAP,Logo Cap,2,2025-05-21 09:00,19.11,20587,United Kingdom
INV501099,TH-HOOD,Fleece Hoodie,1,2026-01-23 15:00,32.35,20120,United Kingdom
INV504275,TH-DRESS,Summer Dress,2,2025-06-14 12:00,72.86,20481,United Kingdom
INV502583,TH-HOOD,Fleece Hoodie,2,2025-10-17 15:00,56.83,20285,United Kingdom
INV500122,TH-JEAN,Slim Fit Jeans,1,2025-06-02 15:00,45.05,20016,United Kingdom
INV503774,TH-SHOE,Canvas Sneakers,1,2026-02-26 16:00,45.35,20422,United Kingdom
INV502990,TH-CAP,Logo Cap,2,2025-09-14 19:00,23.04,20333,United Kingdom
INV504399,TH-SHOE,Canvas Sneakers,2,2025-06-09 09:00,46.88,20492,United Kingdom
INV501232,TH-SHIRT,Oxford Shirt,1,2025-10-09 14:00,38.21,20139,United Kingdom
INV505882,TH-HOOD,Fleece Hoodie,1,2025-08-15 16:00,51.13,20662,United Kingdom
INV500822,TH-TSHIRT,Cotton Crew T-Shirt,2,2026-05-16 20:00,23.58,20092,United Kingdom
INV502850,TH-CAP,Logo Cap,1,2026-03-23 20:00,20.61,20314,United Kingdom
INV501557,TH-TSHIRT,Cotton Crew T-Shirt,3,2025-07-20 17:00,23.38,20173,United Kingdom
INV504928,TH-DRESS,Summer Dress,2,2026-05-20 09:00,74.69,20552,United Kingdom
INV501642,TH-TSHIRT,Cotton Crew T-Shirt,1,2026-02-02 16:00,16.62,20182,United Kingdom
INV506239,TH-TSHIRT,Cotton Crew T-Shirt,2,2025-12-03 11:00,14.49,20697,United Kingdom
INV505248,TH-DRESS,Summer Dress,2,2026-03-02 13:00,78.26,20588,United Kingdom
INV501081,TH-DRESS,Summer Dress,2,2026-02-21 09:00,41.24,20118,United Kingdom
INV504764,TH-HOOD,Fleece Hoodie,3,2026-04-19 18:00,65.34,20536,United Kingdom
INV502258,TH-SHIRT,Oxford Shirt,1,2025-12-23 15:00,37.67,20250,United Kingdom
INV504529,TH-SHIRT,Oxford Shirt,1,2025-09-21 14:00,33.52,20507,United Kingdom
INV504935,TH-CAP,Logo Cap,1,2025-09-01 09:00,18.59,20552,United Kingdom
INV500263,TH-JEAN,Slim Fit Jeans,2,2026-05-08 18:00,76.03,20031,United Kingdom
INV503928,TH-HOOD,Fleece Hoodie,1,2025-07-10 18:00,45.54,20441,United Kingdom
INV500065,TH-DRESS,Summer Dress,1,2025-10-04 15:00,47.8,20008,United Kingdom
INV500045,TH-JACK,Denim Jacket,2,2025-09-22 08:00,106.61,20006,United Kingdom
INV501757,TH-JEAN,Slim Fit Jeans,1,2026-06-24 17:00,89.22,20196,United Kingdom
INV500330,TH-DRESS,Summer Dress,1,2026-05-23 16:00,49.38,20038,United Kingdom
INV500268,TH-SHIRT,Oxford Shirt,2,2026-02-24 15:00,33.35,20032,United Kingdom
INV503789,TH-DRESS,Summer Dress,1,2026-03-27 20:00,72.19,20425,United Kingdom
INV504355,TH-JACK,Denim Jacket,2,2025-09-18 16:00,114.65,20489,United Kingdom
INV506141,TH-CAP,Logo Cap,2,2025-12-29 13:00,19.2,20686,United Kingdom
INV503683,TH-SHOE,Canvas Sneakers,2,2026-06-04 15:00,62.72,20409,United Kingdom
INV504485,TH-JACK,Denim Jacket,1,2026-04-17 14:00,87.53,20503,United Kingdom
INV502327,TH-SHOE,Canvas Sneakers,2,2026-01-06 12:00,59.59,20256,United Kingdom
INV505789,TH-TSHIRT,Cotton Crew T-Shirt,1,2025-09-30 16:00,20.76,20652,United Kingdom
INV506021,TH-CAP,Logo Cap,3,2026-03-17 20:00,29.65,20675,United Kingdom
INV501929,TH-HOOD,Fleece Hoodie,1,2026-06-05 18:00,55.15,20214,United Kingdom
INV502534,TH-SHOE,Canvas Sneakers,2,2026-06-22 14:00,71.33,20279,United Kingdom
INV504543,TH-JEAN,Slim Fit Jeans,1,2026-02-07 13:00,69.36,20509,United Kingdom
INV500862,TH-SHOE,Canvas Sneakers,3,2026-06-16 20:00,63.46,20095,United Kingdom
INV501400,TH-SHIRT,Oxford Shirt,1,2025-08-12 19:00,38.7,20156,United Kingdom
INV505492,TH-TSHIRT,Cotton Crew T-Shirt,3,2025-08-30 16:00,18.12,20617,United Kingdom
INV505904,TH-TSHIRT,Cotton Crew T-Shirt,2,2025-08-17 15:00,23.05,20665,United Kingdom
INV501235,TH-SHIRT,Oxford Shirt,2,2026-06-24 10:00,37.54,20139,United Kingdom
INV503167,TH-JACK,Denim Jacket,2,2026-05-11 16:00,107.75,20348,United Kingdom
INV501748,TH-SHIRT,Oxford Shirt,2,2026-05-09 18:00,36.99,20195,United Kingdom
INV502009,TH-SHIRT,Oxford Shirt,1,2026-01-12 08:00,53.12,20223,United Kingdom
INV502529,TH-CAP,Logo Cap,3,2025-12-25 09:00,22.95,20279,United Kingdom
INV503720,TH-SHIRT,Oxford Shirt,2,2025-08-11 17:00,56.42,20414,United Kingdom
INV504408,TH-HOOD,Fleece Hoodie,1,2026-01-04 09:00,47.97,20494,United Kingdom
INV501224,TH-CAP,Logo Cap,3,2026-05-14 16:00,21.53,20138,United Kingdom
INV500686,TH-JACK,Denim Jacket,2,2025-08-20 18:00,78.47,20077,United Kingdom
INV501490,TH-TSHIRT,Cotton Crew T-Shirt,2,2025-11-11 11:00,23.3,20166,United Kingdom
INV503697,TH-JEAN,Slim Fit Jeans,2,2025-07-01 11:00,68.02,20411,United Kingdom
INV500525,TH-SHOE,Canvas Sneakers,1,2025-12-20 09:00,48.47,20060,United Kingdom
INV501426,TH-JEAN,Slim Fit Jeans,1,2025-08-26 09:00,72.13,20159,United Kingdom
INV500378,TH-SHIRT,Oxford Shirt,1,2025-11-25 20:00,29.11,20044,United Kingdom
INV505184,TH-HOOD,Fleece Hoodie,1,2026-06-21 18:00,69.77,20581,United Kingdom
INV502759,TH-DRESS,Summer Dress,2,2025-08-12 16:00,59.83,20304,United Kingdom
INV506164,TH-SHOE,Canvas Sneakers,1,2025-09-05 16:00,64.0,20689,United Kingdom
INV504343,TH-SHOE,Canvas Sneakers,1,2026-02-24 17:00,48.98,20488,United Kingdom
INV501483,TH-JACK,Denim Jacket,2,2025-07-28 14:00,118.65,20166,United Kingdom
INV504448,TH-JACK,Denim Jacket,1,2025-09-26 20:00,91.91,20498,United Kingdom
INV500362,TH-JACK,Denim Jacket,2,2026-06-24 14:00,77.12,20043,United Kingdom
INV506160,TH-JEAN,Slim Fit Jeans,3,2026-07-07 19:00,64.88,20688,United Kingdom
INV505964,TH-SHIRT,Oxford Shirt,2,2026-05-17 13:00,20.5,20670,United Kingdom
INV500031,TH-TSHIRT,Cotton Crew T-Shirt,1,2025-11-08 15:00,15.03,20005,United Kingdom
INV501009,TH-DRESS,Summer Dress,2,2025-09-25 12:00,67.97,20110,United Kingdom
INV504325,TH-HOOD,Fleece Hoodie,3,2026-03-10 12:00,51.88,20486,United Kingdom
INV505523,TH-HOOD,Fleece Hoodie,2,2025-09-14 19:00,47.64,20621,United Kingdom
INV505616,TH-JACK,Denim Jacket,1,2026-06-16 20:00,118.76,20633,United Kingdom
INV502433,TH-DRESS,Summer Dress,1,2025-12-20 13:00,65.8,20267,United Kingdom
INV503959,TH-TSHIRT,Cotton Crew T-Shirt,3,2026-02-01 09:00,29.01,20443,United Kingdom
INV500853,TH-SHOE,Canvas Sneakers,2,2026-06-04 19:00,55.51,20094,United Kingdom
INV502924,TH-JACK,Denim Jacket,2,2026-06-10 16:00,57.98,20325,United Kingdom
INV503379,TH-JACK,Denim Jacket,1,2025-07-20 13:00,42.93,20374,United Kingdom
INV504009,TH-DRESS,Summer Dress,3,2025-12-31 20:00,114.74,20448,United Kingdom
INV506244,TH-JACK,Denim Jacket,1,2025-07-28 16:00,69.75,20697,United Kingdom
INV503014,TH-SHOE,Canvas Sneakers,1,2026-01-07 20:00,69.29,20334,United Kingdom
INV502404,TH-JEAN,Slim Fit Jeans,3,2025-08-02 16:00,85.29,20263,United Kingdom
INV502134,TH-DRESS,Summer Dress,1,2025-11-27 19:00,47.53,20235,United Kingdom
INV501766,TH-SHOE,Canvas Sneakers,2,2026-06-14 18:00,29.03,20197,United Kingdom
INV502657,TH-JACK,Denim Jacket,2,2026-02-17 15:00,83.93,20292,United Kingdom
INV503647,TH-HOOD,Fleece Hoodie,3,2025-05-16 20:00,54.05,20405,United Kingdom
INV503839,TH-JEAN,Slim Fit Jeans,2,2026-05-10 13:00,66.05,20431,United Kingdom
INV505960,TH-DRESS,Summer Dress,2,2026-03-26 09:00,76.8,20669,United Kingdom
INV503052,TH-JACK,Denim Jacket,1,2025-06-09 15:00,106.84,20337,United Kingdom
INV502687,TH-TSHIRT,Cotton Crew T-Shirt,1,2025-05-21 20:00,15.62,20295,United Kingdom
INV503989,TH-SHOE,Canvas Sneakers,2,2025-06-01 14:00,48.17,20446,United Kingdom
INV501144,TH-JEAN,Slim Fit Jeans,2,2026-04-12 11:00,85.76,20126,United Kingdom
INV503881,TH-SHIRT,Oxford Shirt,1,2026-02-02 15:00,60.57,20435,United Kingdom
INV505778,TH-TSHIRT,Cotton Crew T-Shirt,2,2026-04-08 18:00,21.52,20650,United Kingdom
INV501914,TH-JEAN,Slim Fit Jeans,1,2026-03-31 16:00,57.39,20213,United Kingdom
INV503565,TH-CAP,Logo Cap,3,2026-07-02 16:00,27.74,20394,United Kingdom
INV504338,TH-SHOE,Canvas Sneakers,1,2025-10-12 10:00,46.02,20488,United Kingdom
INV503029,TH-JEAN,Slim Fit Jeans,1,2025-07-02 15:00,78.37,20335,United Kingdom
INV503059,TH-JEAN,Slim Fit Jeans,2,2026-02-08 12:00,80.08,20337,United Kingdom
INV502134,TH-SHOE,Canvas Sneakers,1,2025-11-27 19:00,39.51,20235,United Kingdom
INV504502,TH-SHOE,Canvas Sneakers,3,2025-09-30 18:00,80.38,20504,United Kingdom
INV504038,TH-CAP,Logo Cap,3,2025-08-02 15:00,21.12,20450,United Kingdom
INV503171,TH-SHIRT,Oxford Shirt,1,2026-03-09 14:00,42.3,20349,United Kingdom
INV503768,TH-CAP,Logo Cap,2,2026-06-16 10:00,20.76,20421,United Kingdom
INV505509,TH-HOOD,Fleece Hoodie,2,2026-01-10 18:00,29.3,20619,United Kingdom
INV505881,TH-JEAN,Slim Fit Jeans,2,2026-07-12 20:00,35.14,20661,United Kingdom
INV501001,TH-JACK,Denim Jacket,2,2026-06-05 08:00,72.53,20110,United Kingdom
INV500069,TH-SHIRT,Oxford Shirt,2,2025-05-12 15:00,27.84,20008,United Kingdom
INV504555,TH-HOOD,Fleece Hoodie,2,2025-12-05 20:00,41.83,20511,United Kingdom
INV505160,TH-TSHIRT,Cotton Crew T-Shirt,1,2026-07-09 17:00,20.32,20578,United Kingdom
INV502929,TH-DRESS,Summer Dress,1,2025-08-28 14:00,64.38,20326,United Kingdom
INV504274,TH-JEAN,Slim Fit Jeans,1,2025-11-13 09:00,62.38,20481,United Kingdom
INV502374,TH-CAP,Logo Cap,2,2025-09-06 14:00,21.05,20261,United Kingdom
INV503506,TH-CAP,Logo Cap,2,2025-07-26 11:00,20.89,20386,United Kingdom
INV501279,TH-HOOD,Fleece Hoodie,1,2025-06-01 10:00,72.16,20143,United Kingdom
INV502907,TH-JACK,Denim Jacket,1,2025-10-17 20:00,57.88,20322,United Kingdom
INV500423,TH-JEAN,Slim Fit Jeans,3,2025-10-24 15:00,91.95,20051,United Kingdom
INV502805,TH-CAP,Logo Cap,3,2025-07-01 14:00,25.92,20310,United Kingdom
INV502333,TH-JACK,Denim Jacket,1,2026-01-21 20:00,85.5,20257,United Kingdom
INV503144,TH-SHOE,Canvas Sneakers,2,2026-05-02 08:00,59.12,20346,United Kingdom
INV503378,TH-JEAN,Slim Fit Jeans,2,2026-01-30 17:00,32.17,20374,United Kingdom
INV505082,TH-TSHIRT,Cotton Crew T-Shirt,1,2025-09-08 10:00,21.35,20570,United Kingdom
INV504768,TH-JEAN,Slim Fit Jeans,1,2026-05-14 16:00,90.94,20536,United Kingdom
INV505243,TH-HOOD,Fleece Hoodie,2,2025-05-15 19:00,46.57,20587,United Kingdom
INV501944,TH-JACK,Denim Jacket,2,2025-07-19 16:00,75.89,20217,United Kingdom
INV504098,TH-JEAN,Slim Fit Jeans,2,2026-01-08 19:00,56.88,20460,United Kingdom
INV502327,TH-HOOD,Fleece Hoodie,2,2026-01-06 12:00,46.69,20256,United Kingdom
INV505775,TH-DRESS,Summer Dress,3,2025-11-04 14:00,75.7,20650,United Kingdom
INV502180,TH-DRESS,Summer Dress,2,2026-04-14 10:00,68.32,20241,United Kingdom
INV503691,TH-CAP,Logo Cap,2,2026-02-16 08:00,21.51,20411,United Kingdom
INV502625,TH-JEAN,Slim Fit Jeans,2,2025-09-30 09:00,78.04,20290,United Kingdom
INV500826,TH-JEAN,Slim Fit Jeans,2,2025-07-17 11:00,86.52,20092,United Kingdom
INV502643,TH-DRESS,Summer Dress,2,2026-01-21 19:00,50.27,20291,United Kingdom
INV503417,TH-SHIRT,Oxford Shirt,2,2026-04-09 13:00,24.71,20379,United Kingdom
INV501637,TH-SHOE,Canvas Sneakers,2,2026-05-03 16:00,46.33,20181,United Kingdom
INV503703,TH-HOOD,Fleece Hoodie,1,2025-05-21 13:00,57.56,20412,United Kingdom
INV501286,TH-DRESS,Summer Dress,2,2025-05-16 16:00,96.87,20143,United Kingdom
INV505831,TH-HOOD,Fleece Hoodie,1,2025-07-09 12:00,64.57,20656,United Kingdom
INV503684,TH-HOOD,Fleece Hoodie,2,2025-11-07 17:00,53.37,20409,United Kingdom
INV505172,TH-SHOE,Canvas Sneakers,2,2025-11-13 09:00,63.99,20580,United Kingdom
INV501379,TH-JEAN,Slim Fit Jeans,1,2025-09-19 11:00,50.31,20153,United Kingdom
INV502170,TH-HOOD,Fleece Hoodie,2,2026-05-05 11:00,29.67,20239,United Kingdom
INV500209,TH-SHIRT,Oxford Shirt,1,2026-03-14 12:00,32.58,20026,United Kingdom
INV504947,TH-TSHIRT,Cotton Crew T-Shirt,2,2025-08-31 13:00,17.49,20553,United Kingdom
INV503130,TH-JEAN,Slim Fit Jeans,2,2025-08-24 18:00,68.61,20344,United Kingdom
INV505975,TH-TSHIRT,Cotton Crew T-Shirt,1,2025-07-21 10:00,16.36,20671,United Kingdom
INV501776,TH-DRESS,Summer Dress,1,2026-07-04 14:00,93.83,20198,United Kingdom
INV504956,TH-SHIRT,Oxford Shirt,1,2025-12-03 11:00,23.65,20554,United Kingdom
INV504229,TH-TSHIRT,Cotton Crew T-Shirt,1,2026-01-29 10:00,11.91,20476,United Kingdom
INV500638,TH-DRESS,Summer Dress,1,2026-04-18 15:00,44.78,20071,United Kingdom
INV504121,TH-TSHIRT,Cotton Crew T-Shirt,1,2026-02-01 16:00,15.82,20463,United Kingdom
INV501235,TH-CAP,Logo Cap,1,2026-06-24 10:00,19.46,20139,United Kingdom
INV500148,TH-JACK,Denim Jacket,2,2025-07-31 19:00,61.5,20019,United Kingdom
INV502446,TH-SHIRT,Oxford Shirt,1,2026-03-07 13:00,28.25,20269,United Kingdom
INV502472,TH-JACK,Denim Jacket,1,2026-05-18 19:00,78.67,20272,United Kingdom
INV502200,TH-SHIRT,Oxford Shirt,3,2025-12-16 13:00,48.13,20243,United Kingdom
INV506253,TH-TSHIRT,Cotton Crew T-Shirt,1,2025-05-11 09:00,19.99,20699,United Kingdom
INV502634,TH-SHIRT,Oxford Shirt,3,2025-12-11 18:00,61.1,20290,United Kingdom
INV500869,TH-CAP,Logo Cap,1,2025-07-03 09:00,11.65,20096,United Kingdom
INV505857,TH-TSHIRT,Cotton Crew T-Shirt,1,2026-06-09 17:00,11.94,20659,United Kingdom
INV501475,TH-JACK,Denim Jacket,2,2025-07-27 18:00,85.03,20165,United Kingdom
INV505891,TH-CAP,Logo Cap,1,2026-02-13 17:00,18.81,20662,United Kingdom
INV505873,TH-TSHIRT,Cotton Crew T-Shirt,2,2025-05-18 19:00,25.42,20660,United Kingdom
INV505026,TH-SHOE,Canvas Sneakers,3,2026-02-18 20:00,73.51,20564,United Kingdom
INV506040,TH-JEAN,Slim Fit Jeans,3,2025-12-09 15:00,86.06,20678,United Kingdom
INV500660,TH-SHIRT,Oxford Shirt,2,2025-10-24 16:00,45.77,20073,United Kingdom
INV504628,TH-DRESS,Summer Dress,2,2026-05-03 14:00,47.21,20520,United Kingdom
INV504299,TH-SHOE,Canvas Sneakers,1,2026-06-10 10:00,73.22,20484,United Kingdom
INV503157,TH-SHOE,Canvas Sneakers,3,2025-09-28 13:00,68.03,20348,United Kingdom
INV501823,TH-DRESS,Summer Dress,3,2026-03-26 19:00,93.38,20202,United Kingdom
INV501373,TH-JACK,Denim Jacket,2,2025-09-13 08:00,73.09,20152,United Kingdom
INV500486,TH-JACK,Denim Jacket,3,2025-05-23 10:00,94.97,20056,United Kingdom
INV504691,TH-JACK,Denim Jacket,1,2025-05-17 19:00,60.54,20528,United Kingdom
INV505111,TH-SHOE,Canvas Sneakers,1,2026-06-14 08:00,49.92,20573,United Kingdom
INV501964,TH-HOOD,Fleece Hoodie,2,2025-11-30 10:00,58.25,20218,United Kingdom
INV500452,TH-HOOD,Fleece Hoodie,3,2026-07-08 19:00,82.55,20052,United Kingdom
INV503798,TH-TSHIRT,Cotton Crew T-Shirt,2,2025-06-10 08:00,15.3,20426,United Kingdom
INV503897,TH-JACK,Denim Jacket,1,2026-05-14 10:00,94.78,20438,United Kingdom
INV504509,TH-SHIRT,Oxford Shirt,1,2025-12-22 17:00,61.19,20506,United Kingdom
INV501678,TH-TSHIRT,Cotton Crew T-Shirt,1,2025-05-28 13:00,21.14,20186,United Kingdom
INV501449,TH-HOOD,Fleece Hoodie,2,2025-05-29 09:00,45.42,20161,United Kingdom
INV503758,TH-JEAN,Slim Fit Jeans,3,2026-01-26 19:00,68.88,20420,United Kingdom
INV500442,TH-SHOE,Canvas Sneakers,3,2025-09-13 15:00,90.85,20052,United Kingdom
INV502510,TH-JEAN,Slim Fit Jeans,1,2026-06-18 18:00,53.79,20277,United Kingdom
INV505473,TH-TSHIRT,Cotton Crew T-Shirt,3,2025-07-22 20:00,23.19,20616,United Kingdom
INV503445,TH-CAP,Logo Cap,1,2026-04-08 13:00,17.91,20381,United Kingdom
INV502358,TH-DRESS,Summer Dress,2,2025-12-30 08:00,58.03,20259,United Kingdom
INV500013,TH-SHIRT,Oxford Shirt,1,2026-07-04 14:00,40.59,20002,United Kingdom
INV500448,TH-SHOE,Canvas Sneakers,1,2026-06-28 08:00,94.01,20052,United Kingdom
INV501034,TH-JACK,Denim Jacket,1,2026-04-10 18:00,102.15,20112,United Kingdom
INV503709,TH-SHIRT,Oxford Shirt,1,2025-10-18 16:00,22.09,20413,United Kingdom
INV500294,TH-SHOE,Canvas Sneakers,1,2025-12-02 13:00,57.58,20035,United Kingdom
INV504224,TH-CAP,Logo Cap,1,2026-04-12 19:00,13.51,20476,United Kingdom
INV503876,TH-JACK,Denim Jacket,2,2026-01-11 17:00,119.0,20435,United Kingdom
INV504195,TH-JEAN,Slim Fit Jeans,2,2025-06-20 11:00,59.86,20473,United Kingdom
INV504441,TH-JEAN,Slim Fit Jeans,3,2026-01-06 18:00,63.3,20498,United Kingdom
INV503790,TH-DRESS,Summer Dress,2,2026-04-26 10:00,64.89,20425,United Kingdom
INV506162,TH-DRESS,Summer Dress,3,2026-05-05 11:00,85.37,20689,United Kingdom
INV502084,TH-HOOD,Fleece Hoodie,1,2026-04-12 14:00,38.0,20231,United Kingdom
INV503572,TH-HOOD,Fleece Hoodie,1,2025-10-09 09:00,61.28,20394,United Kingdom
INV502724,TH-HOOD,Fleece Hoodie,2,2025-11-06 18:00,66.26,20300,United Kingdom
INV500301,TH-SHOE,Canvas Sneakers,1,2026-02-21 12:00,78.71,20036,United Kingdom
INV500559,TH-SHIRT,Oxford Shirt,1,2026-03-22 13:00,42.55,20063,United Kingdom
INV502133,TH-DRESS,Summer Dress,2,2026-06-28 12:00,52.25,20235,United Kingdom
INV502420,TH-SHOE,Canvas Sneakers,1,2026-05-17 15:00,46.98,20266,United Kingdom
INV501679,TH-DRESS,Summer Dress,1,2025-10-23 15:00,80.96,20186,United Kingdom
INV502664,TH-HOOD,Fleece Hoodie,1,2025-05-24 16:00,44.57,20293,United Kingdom
INV500855,TH-HOOD,Fleece Hoodie,2,2025-11-16 19:00,47.53,20094,United Kingdom
INV505457,TH-JACK,Denim Jacket,2,2025-11-17 20:00,53.62,20614,United Kingdom
INV501116,TH-JACK,Denim Jacket,2,2026-02-03 09:00,75.38,20123,United Kingdom
INV502793,TH-CAP,Logo Cap,1,2026-01-07 18:00,9.86,20308,United Kingdom
INV506046,TH-SHOE,Canvas Sneakers,3,2025-05-26 18:00,80.75,20678,United Kingdom
INV500026,TH-JEAN,Slim Fit Jeans,2,2026-05-30 11:00,56.65,20004,United Kingdom
INV504214,TH-CAP,Logo Cap,2,2025-08-26 17:00,24.92,20474,United Kingdom
INV505579,TH-JACK,Denim Jacket,1,2026-01-30 14:00,87.53,20629,United Kingdom
INV503421,TH-JACK,Denim Jacket,1,2025-12-29 16:00,53.4,20379,United Kingdom
INV505898,TH-DRESS,Summer Dress,2,2025-10-19 08:00,51.35,20664,United Kingdom
INV500368,TH-HOOD,Fleece Hoodie,1,2025-12-21 10:00,45.9,20043,United Kingdom
INV503322,TH-JACK,Denim Jacket,1,2025-09-05 16:00,101.61,20367,United Kingdom
INV500007,TH-DRESS,Summer Dress,2,2025-09-12 09:00,72.86,20002,United Kingdom
INV503401,TH-SHIRT,Oxford Shirt,3,2025-12-20 19:00,53.23,20377,United Kingdom
INV502450,TH-HOOD,Fleece Hoodie,1,2025-10-14 13:00,33.7,20270,United Kingdom
INV502833,TH-CAP,Logo Cap,1,2025-05-23 17:00,17.91,20312,United Kingdom
INV501065,TH-CAP,Logo Cap,2,2025-11-10 11:00,24.83,20115,United Kingdom
INV503642,TH-CAP,Logo Cap,2,2025-10-31 13:00,11.96,20404,United Kingdom
INV502608,TH-SHIRT,Oxford Shirt,1,2025-06-16 17:00,54.31,20289,United Kingdom
INV504300,TH-SHIRT,Oxford Shirt,1,2025-12-05 15:00,57.72,20484,United Kingdom
INV500425,TH-JEAN,Slim Fit Jeans,2,2025-06-07 15:00,100.39,20051,United Kingdom
INV502969,TH-TSHIRT,Cotton Crew T-Shirt,1,2025-09-14 15:00,17.34,20330,United Kingdom
INV504427,TH-TSHIRT,Cotton Crew T-Shirt,3,2025-08-26 13:00,26.25,20496,United Kingdom
INV502764,TH-SHOE,Canvas Sneakers,2,2026-03-02 10:00,47.45,20305,United Kingdom
INV505390,TH-SHOE,Canvas Sneakers,2,2025-08-03 16:00,47.45,20607,United Kingdom
INV500264,TH-SHOE,Canvas Sneakers,2,2025-10-05 19:00,43.81,20032,United Kingdom
INV505773,TH-JEAN,Slim Fit Jeans,1,2025-08-02 10:00,74.48,20650,United Kingdom
INV504587,TH-JACK,Denim Jacket,2,2025-08-18 14:00,59.58,20513,United Kingdom
INV501248,TH-JACK,Denim Jacket,2,2025-10-20 16:00,96.33,20141,United Kingdom
INV502196,TH-DRESS,Summer Dress,3,2026-06-29 10:00,89.05,20243,United Kingdom
INV506047,TH-SHIRT,Oxford Shirt,3,2026-03-16 13:00,58.52,20678,United Kingdom
INV506152,TH-JEAN,Slim Fit Jeans,1,2025-06-25 13:00,71.45,20688,United Kingdom
INV503208,TH-SHIRT,Oxford Shirt,2,2025-09-09 13:00,44.93,20354,United Kingdom
INV501815,TH-JACK,Denim Jacket,3,2025-11-03 18:00,107.62,20202,United Kingdom
INV503135,TH-JEAN,Slim Fit Jeans,2,2025-07-17 15:00,39.31,20345,United Kingdom
INV502847,TH-TSHIRT,Cotton Crew T-Shirt,2,2026-05-24 13:00,18.57,20314,United Kingdom
INV503546,TH-DRESS,Summer Dress,2,2025-05-18 12:00,63.42,20392,United Kingdom
INV501019,TH-SHOE,Canvas Sneakers,3,2026-05-16 17:00,83.5,20111,United Kingdom
INV505680,TH-TSHIRT,Cotton Crew T-Shirt,2,2025-08-03 14:00,23.13,20640,United Kingdom
INV503831,TH-SHIRT,Oxford Shirt,1,2025-08-26 14:00,46.29,20430,United Kingdom
INV503728,TH-DRESS,Summer Dress,2,2025-12-21 10:00,62.09,20415,United Kingdom
INV502401,TH-SHIRT,Oxford Shirt,1,2026-07-10 15:00,57.6,20263,United Kingdom
INV505160,TH-SHOE,Canvas Sneakers,2,2026-07-09 17:00,66.68,20578,United Kingdom
INV502447,TH-TSHIRT,Cotton Crew T-Shirt,1,2025-06-20 13:00,12.56,20269,United Kingdom
INV502431,TH-HOOD,Fleece Hoodie,1,2026-04-03 09:00,41.65,20267,United Kingdom
INV500545,TH-SHOE,Canvas Sneakers,1,2026-05-05 20:00,47.59,20062,United Kingdom
INV503208,TH-HOOD,Fleece Hoodie,2,2025-09-09 13:00,55.35,20354,United Kingdom
INV505033,TH-JEAN,Slim Fit Jeans,1,2025-11-23 10:00,40.74,20565,United Kingdom
INV504885,TH-JACK,Denim Jacket,2,2025-11-02 08:00,64.97,20546,United Kingdom
INV503324,TH-JACK,Denim Jacket,3,2026-03-13 08:00,109.63,20367,United Kingdom
INV505512,TH-CAP,Logo Cap,3,2026-03-23 14:00,24.5,20620,United Kingdom
INV504576,TH-JACK,Denim Jacket,1,2026-03-22 12:00,125.68,20512,United Kingdom
INV500136,TH-JEAN,Slim Fit Jeans,3,2026-03-02 10:00,76.33,20017,United Kingdom
INV500372,TH-SHIRT,Oxford Shirt,1,2025-07-11 15:00,25.23,20044,United Kingdom
INV503284,TH-HOOD,Fleece Hoodie,2,2025-07-12 09:00,40.47,20364,United Kingdom
INV506025,TH-SHIRT,Oxford Shirt,2,2026-01-06 14:00,39.65,20676,United Kingdom
INV505506,TH-SHIRT,Oxford Shirt,1,2025-07-04 15:00,24.01,20619,United Kingdom
INV500528,TH-JACK,Denim Jacket,3,2025-05-15 15:00,125.43,20061,United Kingdom
INV505652,TH-SHOE,Canvas Sneakers,1,2025-09-23 12:00,51.39,20637,United Kingdom
INV504216,TH-JACK,Denim Jacket,2,2026-07-09 17:00,71.77,20475,United Kingdom
INV505642,TH-SHOE,Canvas Sneakers,1,2025-07-01 16:00,40.25,20636,United Kingdom
INV505612,TH-SHIRT,Oxford Shirt,2,2025-12-02 13:00,52.01,20633,United Kingdom
INV504695,TH-JEAN,Slim Fit Jeans,1,2025-09-13 10:00,49.97,20528,United Kingdom
INV501274,TH-JACK,Denim Jacket,2,2025-11-13 15:00,113.63,20143,United Kingdom
INV502250,TH-SHOE,Canvas Sneakers,1,2026-03-10 19:00,43.31,20249,United Kingdom
INV502068,TH-DRESS,Summer Dress,2,2025-11-11 12:00,70.75,20229,United Kingdom
INV500885,TH-HOOD,Fleece Hoodie,1,2026-02-06 20:00,36.51,20098,United Kingdom
INV504345,TH-DRESS,Summer Dress,1,2026-03-26 13:00,62.76,20488,United Kingdom
INV503307,TH-JEAN,Slim Fit Jeans,2,2026-01-30 15:00,58.74,20366,United Kingdom
INV501905,TH-JACK,Denim Jacket,1,2026-02-20 08:00,67.1,20212,United Kingdom
INV501918,TH-CAP,Logo Cap,1,2025-07-29 11:00,17.56,20213,United Kingdom
INV504561,TH-SHOE,Canvas Sneakers,2,2026-04-26 18:00,44.95,20511,United Kingdom
INV505726,TH-SHIRT,Oxford Shirt,1,2025-06-06 12:00,49.83,20645,United Kingdom
INV506107,TH-TSHIRT,Cotton Crew T-Shirt,1,2025-08-25 13:00,11.72,20684,United Kingdom
INV502587,TH-HOOD,Fleece Hoodie,2,2026-05-02 17:00,54.34,20285,United Kingdom
INV506031,TH-CAP,Logo Cap,2,2025-05-12 19:00,19.43,20677,United Kingdom
INV501075,TH-JACK,Denim Jacket,2,2025-08-11 09:00,108.72,20115,United Kingdom
INV502340,TH-DRESS,Summer Dress,2,2026-05-16 16:00,71.0,20257,United Kingdom
INV504140,TH-DRESS,Summer Dress,2,2025-07-04 18:00,76.37,20465,United Kingdom
INV502730,TH-JACK,Denim Jacket,1,2025-12-15 15:00,110.65,20300,United Kingdom
INV503410,TH-JACK,Denim Jacket,3,2026-03-04 19:00,106.6,20377,United Kingdom
INV501757,TH-HOOD,Fleece Hoodie,2,2026-06-24 17:00,65.48,20196,United Kingdom
INV504910,TH-CAP,Logo Cap,1,2026-03-20 13:00,9.47,20549,United Kingdom
INV505434,TH-TSHIRT,Cotton Crew T-Shirt,2,2025-09-27 14:00,14.73,20611,United Kingdom
INV501346,TH-SHIRT,Oxford Shirt,1,2025-08-17 17:00,60.68,20150,United Kingdom
INV506220,TH-SHIRT,Oxford Shirt,2,2025-11-27 13:00,45.05,20694,United Kingdom
INV502970,TH-JEAN,Slim Fit Jeans,2,2025-08-03 11:00,58.33,20331,United Kingdom
INV500490,TH-TSHIRT,Cotton Crew T-Shirt,3,2025-12-05 17:00,21.61,20056,United Kingdom
INV500245,TH-DRESS,Summer Dress,1,2026-07-13 17:00,67.7,20030,United Kingdom
INV501298,TH-DRESS,Summer Dress,1,2026-06-15 17:00,96.3,20144,United Kingdom
INV502023,TH-SHOE,Canvas Sneakers,1,2026-07-06 17:00,61.02,20225,United Kingdom
INV505539,TH-HOOD,Fleece Hoodie,3,2025-10-03 17:00,59.89,20624,United Kingdom
INV504787,TH-SHIRT,Oxford Shirt,2,2026-03-30 15:00,38.6,20538,United Kingdom
INV505749,TH-SHIRT,Oxford Shirt,3,2025-11-12 18:00,57.09,20647,United Kingdom
INV503448,TH-CAP,Logo Cap,2,2026-02-20 13:00,18.36,20381,United Kingdom
INV505688,TH-DRESS,Summer Dress,2,2025-05-15 20:00,69.43,20642,United Kingdom
INV502354,TH-JACK,Denim Jacket,2,2026-04-07 11:00,95.45,20258,United Kingdom
INV503325,TH-TSHIRT,Cotton Crew T-Shirt,1,2025-06-13 10:00,20.85,20367,United Kingdom
INV501208,TH-DRESS,Summer Dress,1,2025-09-01 10:00,49.27,20136,United Kingdom
INV503175,TH-DRESS,Summer Dress,1,2026-01-15 13:00,74.54,20349,United Kingdom
INV505825,TH-TSHIRT,Cotton Crew T-Shirt,1,2026-02-27 20:00,23.9,20656,United Kingdom
INV500671,TH-TSHIRT,Cotton Crew T-Shirt,2,2025-11-18 19:00,12.04,20075,United Kingdom
INV505831,TH-JEAN,Slim Fit Jeans,1,2025-07-09 12:00,77.01,20656,United Kingdom
INV502539,TH-TSHIRT,Cotton Crew T-Shirt,1,2025-09-02 16:00,20.78,20279,United Kingdom
INV503179,TH-DRESS,Summer Dress,1,2025-11-14 08:00,37.71,20350,United Kingdom
INV505169,TH-DRESS,Summer Dress,1,2026-04-21 09:00,75.45,20580,United Kingdom
INV503753,TH-JEAN,Slim Fit Jeans,1,2025-10-13 17:00,63.73,20420,United Kingdom
INV500959,TH-JACK,Denim Jacket,2,2026-05-12 11:00,85.98,20105,United Kingdom
INV503162,TH-SHIRT,Oxford Shirt,3,2026-01-18 13:00,53.3,20348,United Kingdom
INV502139,TH-JEAN,Slim Fit Jeans,2,2026-01-06 15:00,46.11,20235,United Kingdom
INV501309,TH-HOOD,Fleece Hoodie,2,2026-06-23 10:00,52.81,20147,United Kingdom
INV501364,TH-JEAN,Slim Fit Jeans,2,2025-09-19 08:00,59.41,20152,United Kingdom
INV505032,TH-DRESS,Summer Dress,3,2025-05-11 16:00,82.06,20564,United Kingdom
INV502219,TH-HOOD,Fleece Hoodie,1,2026-01-17 12:00,51.46,20245,United Kingdom
INV502307,TH-SHIRT,Oxford Shirt,1,2026-01-13 12:00,37.74,20254,United Kingdom
INV503288,TH-SHIRT,Oxford Shirt,1,2025-12-26 12:00,32.72,20364,United Kingdom
INV502812,TH-HOOD,Fleece Hoodie,3,2025-11-23 17:00,71.22,20310,United Kingdom
INV503159,TH-JEAN,Slim Fit Jeans,3,2025-10-26 09:00,73.78,20348,United Kingdom
INV503395,TH-DRESS,Summer Dress,3,2025-06-21 08:00,81.59,20375,United Kingdom
INV505491,TH-HOOD,Fleece Hoodie,2,2025-10-28 12:00,50.19,20617,United Kingdom
INV505351,TH-DRESS,Summer Dress,1,2026-04-22 16:00,80.54,20602,United Kingdom
INV502782,TH-SHOE,Canvas Sneakers,2,2026-07-11 14:00,45.89,20307,United Kingdom
INV505691,TH-TSHIRT,Cotton Crew T-Shirt,2,2025-08-29 10:00,18.26,20642,United Kingdom
INV502122,TH-SHOE,Canvas Sneakers,3,2025-12-12 09:00,79.18,20234,United Kingdom
INV501724,TH-HOOD,Fleece Hoodie,2,2026-07-03 08:00,40.01,20193,United Kingdom
INV500107,TH-HOOD,Fleece Hoodie,2,2026-03-03 11:00,55.72,20014,United Kingdom
INV502403,TH-TSHIRT,Cotton Crew T-Shirt,2,2025-08-22 16:00,25.43,20263,United Kingdom
INV503176,TH-JEAN,Slim Fit Jeans,2,2025-05-23 19:00,61.71,20349,United Kingdom
INV500256,TH-CAP,Logo Cap,2,2026-02-26 11:00,24.29,20031,United Kingdom
INV505054,TH-CAP,Logo Cap,1,2025-06-12 18:00,13.23,20567,United Kingdom
INV505193,TH-TSHIRT,Cotton Crew T-Shirt,2,2025-06-29 17:00,24.51,20581,United Kingdom
INV504041,TH-CAP,Logo Cap,2,2025-10-20 18:00,14.13,20451,United Kingdom
INV504494,TH-DRESS,Summer Dress,3,2026-03-30 15:00,98.02,20504,United Kingdom
INV505239,TH-CAP,Logo Cap,1,2025-10-23 11:00,20.91,20587,United Kingdom
INV505678,TH-SHIRT,Oxford Shirt,2,2026-02-12 13:00,49.08,20640,United Kingdom
INV500167,TH-HOOD,Fleece Hoodie,1,2025-09-14 19:00,68.93,20021,United Kingdom
INV501639,TH-SHIRT,Oxford Shirt,2,2025-11-18 17:00,40.23,20182,United Kingdom
INV500044,TH-JEAN,Slim Fit Jeans,1,2026-02-18 14:00,76.64,20006,United Kingdom
INV503159,TH-DRESS,Summer Dress,1,2025-10-26 09:00,84.06,20348,United Kingdom
INV502357,TH-CAP,Logo Cap,2,2026-06-15 16:00,17.31,20259,United Kingdom
INV501231,TH-SHIRT,Oxford Shirt,2,2025-08-28 14:00,40.35,20139,United Kingdom
INV506028,TH-JACK,Denim Jacket,2,2026-04-19 12:00,69.52,20676,United Kingdom
INV502332,TH-JACK,Denim Jacket,1,2026-01-08 19:00,86.11,20257,United Kingdom
INV503060,TH-CAP,Logo Cap,1,2026-01-28 19:00,26.27,20337,United Kingdom
INV502363,TH-JACK,Denim Jacket,1,2026-04-13 15:00,69.03,20259,United Kingdom
INV503804,TH-SHIRT,Oxford Shirt,2,2026-03-09 13:00,24.79,20427,United Kingdom
INV501038,TH-JEAN,Slim Fit Jeans,1,2025-05-31 16:00,84.28,20112,United Kingdom
INV503053,TH-JACK,Denim Jacket,2,2025-12-11 15:00,103.74,20337,United Kingdom
INV504947,TH-SHOE,Canvas Sneakers,1,2025-08-31 13:00,46.1,20553,United Kingdom
INV504882,TH-TSHIRT,Cotton Crew T-Shirt,1,2025-06-10 12:00,16.43,20546,United Kingdom
INV505443,TH-DRESS,Summer Dress,3,2025-08-18 10:00,91.82,20612,United Kingdom
INV500163,TH-CAP,Logo Cap,1,2025-07-03 18:00,22.27,20020,United Kingdom
INV505811,TH-JACK,Denim Jacket,1,2026-01-12 19:00,60.5,20654,United Kingdom
INV501399,TH-JACK,Denim Jacket,1,2026-04-03 13:00,76.92,20156,United Kingdom
INV501889,TH-TSHIRT,Cotton Crew T-Shirt,2,2026-04-01 12:00,10.91,20210,United Kingdom
INV502092,TH-JACK,Denim Jacket,1,2025-12-24 17:00,61.61,20232,United Kingdom
INV504379,TH-SHIRT,Oxford Shirt,2,2025-07-10 18:00,68.77,20491,United Kingdom
INV503197,TH-JACK,Denim Jacket,1,2026-03-24 14:00,108.77,20353,United Kingdom
INV502516,TH-SHIRT,Oxford Shirt,2,2026-06-07 16:00,43.22,20278,United Kingdom
INV501186,TH-SHIRT,Oxford Shirt,2,2026-02-21 08:00,23.91,20132,United Kingdom
INV505901,TH-JEAN,Slim Fit Jeans,2,2026-06-06 08:00,45.9,20664,United Kingdom
INV501183,TH-SHOE,Canvas Sneakers,3,2025-07-06 18:00,74.32,20131,United Kingdom
INV501881,TH-JEAN,Slim Fit Jeans,1,2025-09-06 12:00,62.43,20209,United Kingdom
INV502786,TH-JACK,Denim Jacket,2,2025-09-23 14:00,78.52,20307,United Kingdom
INV503524,TH-HOOD,Fleece Hoodie,3,2025-11-03 10:00,51.52,20388,United Kingdom
INV504449,TH-CAP,Logo Cap,3,2025-10-29 13:00,19.96,20498,United Kingdom
INV502490,TH-SHOE,Canvas Sneakers,1,2025-09-26 10:00,61.43,20274,United Kingdom
INV500673,TH-SHOE,Canvas Sneakers,1,2025-08-08 19:00,40.84,20075,United Kingdom
INV502889,TH-JEAN,Slim Fit Jeans,2,2026-06-11 16:00,82.64,20318,United Kingdom
INV505436,TH-JACK,Denim Jacket,3,2025-10-11 12:00,104.97,20612,United Kingdom
INV505427,TH-JACK,Denim Jacket,3,2026-06-06 14:00,113.35,20610,United Kingdom
INV503949,TH-HOOD,Fleece Hoodie,1,2025-08-17 18:00,80.71,20443,United Kingdom
INV503018,TH-SHOE,Canvas Sneakers,3,2025-09-14 13:00,69.54,20335,United Kingdom
INV503817,TH-JACK,Denim Jacket,1,2026-05-15 09:00,87.11,20429,United Kingdom
INV503679,TH-TSHIRT,Cotton Crew T-Shirt,2,2025-08-19 18:00,18.58,20409,United Kingdom
INV504088,TH-SHIRT,Oxford Shirt,3,2026-06-02 11:00,48.28,20459,United Kingdom
INV501461,TH-JEAN,Slim Fit Jeans,1,2025-08-06 10:00,59.93,20163,United Kingdom
INV500168,TH-JEAN,Slim Fit Jeans,1,2025-07-02 11:00,85.22,20021,United Kingdom
INV502434,TH-DRESS,Summer Dress,2,2026-03-31 08:00,63.79,20267,United Kingdom
INV503859,TH-CAP,Logo Cap,2,2026-01-04 08:00,23.59,20433,United Kingdom
INV504867,TH-TSHIRT,Cotton Crew T-Shirt,1,2026-02-17 19:00,17.19,20544,United Kingdom
INV500368,TH-JEAN,Slim Fit Jeans,2,2025-12-21 10:00,55.44,20043,United Kingdom
INV500617,TH-DRESS,Summer Dress,3,2026-02-23 20:00,94.48,20069,United Kingdom
INV500239,TH-SHIRT,Oxford Shirt,3,2025-05-16 09:00,55.16,20029,United Kingdom
INV505052,TH-SHIRT,Oxford Shirt,2,2026-02-21 10:00,27.13,20567,United Kingdom
INV504500,TH-DRESS,Summer Dress,1,2025-06-03 19:00,100.67,20504,United Kingdom
INV502620,TH-DRESS,Summer Dress,3,2026-06-23 17:00,92.71,20289,United Kingdom
INV504656,TH-JEAN,Slim Fit Jeans,3,2025-11-09 18:00,79.07,20522,United Kingdom
INV503745,TH-CAP,Logo Cap,1,2026-01-26 09:00,24.52,20419,United Kingdom
INV505752,TH-JACK,Denim Jacket,3,2025-11-16 10:00,102.58,20647,United Kingdom
INV506085,TH-JEAN,Slim Fit Jeans,3,2025-05-27 18:00,90.82,20682,United Kingdom
INV505773,TH-SHOE,Canvas Sneakers,3,2025-08-02 10:00,61.71,20650,United Kingdom
INV502588,TH-CAP,Logo Cap,3,2026-01-24 13:00,21.34,20285,United Kingdom
INV503581,TH-SHOE,Canvas Sneakers,1,2026-02-13 19:00,51.55,20395,United Kingdom
INV504767,TH-CAP,Logo Cap,1,2026-06-25 14:00,28.58,20536,United Kingdom
INV502937,TH-SHOE,Canvas Sneakers,1,2026-06-07 19:00,31.3,20327,United Kingdom
INV505566,TH-JACK,Denim Jacket,1,2025-07-05 11:00,85.01,20627,United Kingdom
INV502699,TH-SHOE,Canvas Sneakers,2,2026-04-08 11:00,49.06,20297,United Kingdom
INV500624,TH-JEAN,Slim Fit Jeans,2,2026-02-07 18:00,86.03,20070,United Kingdom
INV501608,TH-JEAN,Slim Fit Jeans,2,2026-01-09 09:00,46.46,20178,United Kingdom
INV505133,TH-JEAN,Slim Fit Jeans,1,2025-05-15 08:00,30.81,20575,United Kingdom
INV500463,TH-TSHIRT,Cotton Crew T-Shirt,2,2026-06-29 17:00,17.15,20053,United Kingdom
INV503091,TH-JEAN,Slim Fit Jeans,3,2026-02-21 18:00,82.67,20340,United Kingdom
INV503259,TH-SHOE,Canvas Sneakers,1,2025-10-10 16:00,55.49,20360,United Kingdom
INV501319,TH-TSHIRT,Cotton Crew T-Shirt,1,2026-05-29 13:00,23.92,20148,United Kingdom
INV500255,TH-JACK,Denim Jacket,3,2026-03-02 12:00,88.55,20031,United Kingdom
INV504412,TH-SHIRT,Oxford Shirt,2,2026-06-10 10:00,35.56,20494,United Kingdom
INV501193,TH-JEAN,Slim Fit Jeans,2,2025-09-08 17:00,56.05,20133,United Kingdom
INV504475,TH-HOOD,Fleece Hoodie,1,2026-01-24 11:00,33.61,20502,United Kingdom
INV501275,TH-SHIRT,Oxford Shirt,1,2025-09-19 20:00,59.49,20143,United Kingdom
INV505809,TH-JACK,Denim Jacket,2,2026-01-06 12:00,58.66,20654,United Kingdom
INV500159,TH-JACK,Denim Jacket,2,2025-08-06 14:00,102.44,20020,United Kingdom
INV502879,TH-HOOD,Fleece Hoodie,1,2025-08-18 13:00,54.2,20318,United Kingdom
INV500760,TH-SHIRT,Oxford Shirt,1,2026-07-02 16:00,56.37,20083,United Kingdom
INV502184,TH-TSHIRT,Cotton Crew T-Shirt,1,2026-04-06 18:00,9.66,20242,United Kingdom
INV503028,TH-CAP,Logo Cap,2,2025-12-19 08:00,26.68,20335,United Kingdom
INV501084,TH-CAP,Logo Cap,2,2025-09-29 20:00,13.37,20118,United Kingdom
INV503950,TH-CAP,Logo Cap,2,2025-11-23 16:00,32.32,20443,United Kingdom
INV500878,TH-TSHIRT,Cotton Crew T-Shirt,3,2026-05-27 16:00,20.61,20097,United Kingdom
INV504283,TH-HOOD,Fleece Hoodie,2,2026-03-02 16:00,52.99,20482,United Kingdom
INV505617,TH-CAP,Logo Cap,3,2025-06-28 11:00,26.82,20633,United Kingdom
INV503705,TH-TSHIRT,Cotton Crew T-Shirt,3,2026-04-23 08:00,19.56,20412,United Kingdom
INV500461,TH-DRESS,Summer Dress,1,2026-01-23 08:00,65.49,20053,United Kingdom
INV500746,TH-TSHIRT,Cotton Crew T-Shirt,2,2026-04-18 08:00,25.18,20083,United Kingdom
INV501509,TH-SHIRT,Oxford Shirt,1,2026-01-21 08:00,47.39,20167,United Kingdom
INV501425,TH-SHOE,Canvas Sneakers,1,2026-02-07 18:00,64.51,20159,United Kingdom
INV503491,TH-SHIRT,Oxford Shirt,1,2026-03-03 20:00,51.0,20385,United Kingdom
INV506185,TH-JACK,Denim Jacket,2,2026-07-09 18:00,82.41,20691,United Kingdom
INV504687,TH-SHIRT,Oxford Shirt,1,2026-04-23 09:00,33.78,20527,United Kingdom
INV500370,TH-TSHIRT,Cotton Crew T-Shirt,1,2025-06-26 14:00,14.84,20043,United Kingdom
INV501825,TH-DRESS,Summer Dress,1,2025-10-15 13:00,90.94,20202,United Kingdom
INV502862,TH-HOOD,Fleece Hoodie,2,2025-10-07 08:00,67.98,20315,United Kingdom
INV504895,TH-CAP,Logo Cap,2,2025-07-02 19:00,21.83,20548,United Kingdom
INV500061,TH-SHOE,Canvas Sneakers,1,2026-05-27 19:00,68.98,20007,United Kingdom
INV505913,TH-HOOD,Fleece Hoodie,1,2025-05-31 15:00,62.97,20665,United Kingdom
INV503630,TH-TSHIRT,Cotton Crew T-Shirt,2,2026-06-21 19:00,16.7,20402,United Kingdom
INV504134,TH-DRESS,Summer Dress,3,2026-05-29 17:00,99.76,20464,United Kingdom
INV505908,TH-JEAN,Slim Fit Jeans,1,2025-08-24 15:00,88.75,20665,United Kingdom
INV503850,TH-DRESS,Summer Dress,2,2025-07-24 14:00,75.46,20433,United Kingdom
INV503388,TH-DRESS,Summer Dress,3,2026-06-29 11:00,76.29,20375,United Kingdom
INV504921,TH-SHOE,Canvas Sneakers,2,2026-01-19 09:00,50.53,20550,United Kingdom
INV504780,TH-CAP,Logo Cap,2,2026-01-02 10:00,27.82,20537,United Kingdom
INV500026,TH-CAP,Logo Cap,1,2026-05-30 11:00,18.06,20004,United Kingdom
INV500156,TH-TSHIRT,Cotton Crew T-Shirt,2,2026-06-04 13:00,19.1,20020,United Kingdom
INV500602,TH-CAP,Logo Cap,1,2026-04-04 20:00,13.95,20068,United Kingdom
INV502214,TH-SHOE,Canvas Sneakers,1,2026-03-29 17:00,66.22,20245,United Kingdom
INV500689,TH-JEAN,Slim Fit Jeans,2,2025-06-28 20:00,53.03,20077,United Kingdom
INV500744,TH-HOOD,Fleece Hoodie,2,2025-06-13 15:00,38.31,20082,United Kingdom
INV500342,TH-JEAN,Slim Fit Jeans,3,2025-10-02 20:00,61.43,20040,United Kingdom
INV505531,TH-TSHIRT,Cotton Crew T-Shirt,2,2025-08-25 12:00,9.66,20622,United Kingdom
INV505648,TH-JACK,Denim Jacket,1,2025-11-08 20:00,79.39,20637,United Kingdom
INV502614,TH-DRESS,Summer Dress,3,2025-10-20 09:00,95.28,20289,United Kingdom
INV504279,TH-JACK,Denim Jacket,1,2026-02-22 13:00,98.09,20482,United Kingdom
INV502770,TH-JACK,Denim Jacket,1,2025-10-15 10:00,71.76,20305,United Kingdom
INV506205,TH-TSHIRT,Cotton Crew T-Shirt,2,2025-06-28 15:00,18.29,20693,United Kingdom
INV505917,TH-CAP,Logo Cap,1,2026-02-04 16:00,28.99,20666,United Kingdom
INV502744,TH-SHOE,Canvas Sneakers,1,2026-06-09 20:00,46.39,20302,United Kingdom
INV504803,TH-HOOD,Fleece Hoodie,2,2026-06-18 11:00,72.88,20539,United Kingdom
INV504644,TH-CAP,Logo Cap,1,2025-05-27 17:00,28.77,20522,United Kingdom
INV504483,TH-SHIRT,Oxford Shirt,1,2026-05-08 10:00,42.94,20503,United Kingdom
INV505665,TH-JEAN,Slim Fit Jeans,1,2025-12-24 15:00,66.24,20639,United Kingdom
INV505069,TH-SHIRT,Oxford Shirt,1,2025-12-02 08:00,59.97,20568,United Kingdom
INV501174,TH-DRESS,Summer Dress,2,2026-03-22 14:00,80.17,20131,United Kingdom
INV505745,TH-SHOE,Canvas Sneakers,3,2025-06-23 20:00,67.99,20647,United Kingdom
INV501011,TH-SHIRT,Oxford Shirt,3,2026-04-27 11:00,64.29,20111,United Kingdom
INV500482,TH-TSHIRT,Cotton Crew T-Shirt,3,2025-09-11 11:00,21.44,20056,United Kingdom
INV500504,TH-JEAN,Slim Fit Jeans,2,2025-11-08 13:00,85.8,20058,United Kingdom
INV502954,TH-CAP,Logo Cap,2,2026-03-27 20:00,14.79,20329,United Kingdom
INV504298,TH-DRESS,Summer Dress,1,2026-07-09 17:00,89.02,20484,United Kingdom
INV502659,TH-HOOD,Fleece Hoodie,2,2025-08-15 19:00,45.07,20292,United Kingdom
INV504318,TH-CAP,Logo Cap,2,2026-05-31 18:00,23.81,20486,United Kingdom
INV501698,TH-CAP,Logo Cap,3,2025-12-12 14:00,23.95,20191,United Kingdom
INV503521,TH-HOOD,Fleece Hoodie,3,2025-12-06 11:00,53.11,20388,United Kingdom
INV501983,TH-TSHIRT,Cotton Crew T-Shirt,1,2025-10-21 12:00,21.78,20220,United Kingdom
INV501188,TH-TSHIRT,Cotton Crew T-Shirt,2,2025-12-13 09:00,10.24,20132,United Kingdom
INV503427,TH-JEAN,Slim Fit Jeans,3,2025-09-12 14:00,82.58,20380,United Kingdom
INV505326,TH-CAP,Logo Cap,2,2025-09-18 16:00,16.0,20599,United Kingdom
INV504148,TH-JEAN,Slim Fit Jeans,2,2026-03-07 18:00,66.34,20465,United Kingdom
INV500582,TH-JEAN,Slim Fit Jeans,3,2026-01-07 17:00,66.02,20066,United Kingdom
INV505091,TH-SHIRT,Oxford Shirt,3,2026-02-06 09:00,53.9,20570,United Kingdom
INV504826,TH-SHOE,Canvas Sneakers,3,2026-01-08 19:00,61.73,20541,United Kingdom
INV506223,TH-JEAN,Slim Fit Jeans,1,2026-01-14 13:00,65.31,20694,United Kingdom
INV500057,TH-JEAN,Slim Fit Jeans,1,2026-05-30 10:00,81.18,20006,United Kingdom
INV506214,TH-JACK,Denim Jacket,1,2025-10-23 09:00,88.02,20694,United Kingdom
INV501003,TH-JEAN,Slim Fit Jeans,1,2025-07-07 15:00,55.68,20110,United Kingdom
INV502795,TH-CAP,Logo Cap,1,2026-06-26 10:00,21.54,20309,United Kingdom
INV504225,TH-DRESS,Summer Dress,1,2026-02-01 19:00,48.31,20476,United Kingdom
INV503399,TH-HOOD,Fleece Hoodie,2,2025-10-01 14:00,24.91,20376,United Kingdom
INV500072,TH-JACK,Denim Jacket,2,2025-09-24 14:00,48.13,20010,United Kingdom
INV502591,TH-SHIRT,Oxford Shirt,1,2026-02-21 17:00,50.59,20285,United Kingdom
INV504932,TH-CAP,Logo Cap,1,2025-07-11 20:00,18.48,20552,United Kingdom
INV505736,TH-SHIRT,Oxford Shirt,2,2026-01-08 11:00,48.12,20646,United Kingdom
INV504497,TH-SHOE,Canvas Sneakers,3,2026-07-10 11:00,73.01,20504,United Kingdom
INV501422,TH-TSHIRT,Cotton Crew T-Shirt,3,2025-10-08 18:00,18.36,20159,United Kingdom
INV502230,TH-DRESS,Summer Dress,1,2025-05-31 16:00,75.67,20247,United Kingdom
INV503112,TH-CAP,Logo Cap,1,2026-03-22 12:00,20.98,20343,United Kingdom
INV505154,TH-CAP,Logo Cap,2,2026-03-30 19:00,11.78,20577,United Kingdom
INV501236,TH-JEAN,Slim Fit Jeans,1,2025-11-15 12:00,63.58,20139,United Kingdom
INV502451,TH-JACK,Denim Jacket,1,2025-11-21 08:00,131.32,20271,United Kingdom
INV502422,TH-DRESS,Summer Dress,2,2026-05-19 12:00,56.53,20266,United Kingdom
INV501768,TH-JACK,Denim Jacket,2,2025-12-22 11:00,39.09,20197,United Kingdom
INV500014,TH-JEAN,Slim Fit Jeans,2,2025-09-07 08:00,61.24,20002,United Kingdom
INV503437,TH-TSHIRT,Cotton Crew T-Shirt,3,2026-04-14 17:00,26.97,20380,United Kingdom
INV505340,TH-JACK,Denim Jacket,1,2026-04-24 20:00,70.41,20601,United Kingdom
INV503481,TH-SHOE,Canvas Sneakers,1,2026-06-29 11:00,52.57,20384,United Kingdom
INV504585,TH-DRESS,Summer Dress,1,2026-05-29 15:00,52.03,20513,United Kingdom
INV500421,TH-HOOD,Fleece Hoodie,2,2026-04-15 19:00,64.5,20051,United Kingdom
INV501043,TH-DRESS,Summer Dress,1,2026-01-31 10:00,61.15,20113,United Kingdom
INV506134,TH-DRESS,Summer Dress,2,2025-07-30 10:00,66.16,20686,United Kingdom
INV501232,TH-SHIRT,Oxford Shirt,2,2025-10-09 14:00,43.79,20139,United Kingdom
INV500443,TH-CAP,Logo Cap,2,2026-01-29 17:00,33.39,20052,United Kingdom
INV502493,TH-CAP,Logo Cap,2,2026-05-29 12:00,25.33,20274,United Kingdom
INV504735,TH-SHOE,Canvas Sneakers,2,2026-01-28 17:00,62.61,20533,United Kingdom
INV506184,TH-SHOE,Canvas Sneakers,1,2025-05-29 12:00,57.13,20691,United Kingdom
INV504803,TH-HOOD,Fleece Hoodie,1,2026-06-18 11:00,70.27,20539,United Kingdom
INV500339,TH-TSHIRT,Cotton Crew T-Shirt,1,2026-01-13 13:00,10.27,20039,United Kingdom
INV504865,TH-CAP,Logo Cap,1,2025-11-10 16:00,17.25,20544,United Kingdom
INV501537,TH-DRESS,Summer Dress,1,2026-04-15 10:00,105.33,20172,United Kingdom
INV505892,TH-HOOD,Fleece Hoodie,1,2025-08-28 16:00,28.43,20663,United Kingdom
INV504385,TH-JEAN,Slim Fit Jeans,1,2025-09-24 10:00,83.94,20491,United Kingdom
INV500366,TH-CAP,Logo Cap,2,2026-01-14 11:00,16.03,20043,United Kingdom
INV504826,TH-CAP,Logo Cap,2,2026-01-08 19:00,24.84,20541,United Kingdom
INV500661,TH-SHOE,Canvas Sneakers,2,2025-12-13 11:00,44.14,20074,United Kingdom
INV500884,TH-TSHIRT,Cotton Crew T-Shirt,3,2025-06-27 16:00,23.54,20097,United Kingdom
INV500572,TH-JACK,Denim Jacket,2,2026-05-27 17:00,103.76,20064,United Kingdom
INV502340,TH-CAP,Logo Cap,1,2026-05-16 16:00,21.64,20257,United Kingdom
INV503897,TH-SHIRT,Oxford Shirt,2,2026-05-14 10:00,52.81,20438,United Kingdom
INV500468,TH-JACK,Denim Jacket,2,2026-06-01 19:00,76.64,20054,United Kingdom
INV503487,TH-SHIRT,Oxford Shirt,1,2025-11-06 08:00,46.61,20384,United Kingdom
INV500392,TH-CAP,Logo Cap,1,2026-03-03 10:00,16.75,20047,United Kingdom
INV502119,TH-TSHIRT,Cotton Crew T-Shirt,3,2026-01-24 19:00,27.31,20234,United Kingdom
INV501065,TH-TSHIRT,Cotton Crew T-Shirt,3,2025-11-10 11:00,21.19,20115,United Kingdom
INV502471,TH-CAP,Logo Cap,2,2025-07-01 20:00,18.87,20272,United Kingdom
INV504563,TH-TSHIRT,Cotton Crew T-Shirt,2,2026-06-06 10:00,15.22,20511,United Kingdom
INV502103,TH-JEAN,Slim Fit Jeans,2,2025-05-27 13:00,72.35,20233,United Kingdom
INV504303,TH-JEAN,Slim Fit Jeans,3,2026-05-31 13:00,73.47,20484,United Kingdom
INV505199,TH-SHOE,Canvas Sneakers,1,2026-01-28 08:00,57.69,20582,United Kingdom
INV504927,TH-HOOD,Fleece Hoodie,1,2025-07-25 13:00,32.73,20551,United Kingdom
INV505558,TH-DRESS,Summer Dress,1,2026-07-09 13:00,90.04,20626,United Kingdom
INV504068,TH-HOOD,Fleece Hoodie,2,2026-03-30 12:00,42.96,20455,United Kingdom
INV504193,TH-CAP,Logo Cap,1,2025-07-13 10:00,20.01,20473,United Kingdom
INV505461,TH-CAP,Logo Cap,2,2025-07-15 17:00,16.98,20615,United Kingdom
INV505677,TH-CAP,Logo Cap,2,2025-10-03 12:00,22.48,20640,United Kingdom
INV500039,TH-JACK,Denim Jacket,2,2025-12-03 13:00,71.56,20005,United Kingdom
INV501081,TH-CAP,Logo Cap,2,2026-02-21 09:00,11.57,20118,United Kingdom
INV503845,TH-SHOE,Canvas Sneakers,1,2026-05-08 18:00,32.66,20432,United Kingdom
INV502020,TH-SHOE,Canvas Sneakers,2,2025-12-23 09:00,52.74,20224,United Kingdom
INV505836,TH-TSHIRT,Cotton Crew T-Shirt,2,2025-10-21 12:00,15.33,20657,United Kingdom
INV504648,TH-SHIRT,Oxford Shirt,1,2025-12-10 14:00,58.74,20522,United Kingdom
INV501100,TH-DRESS,Summer Dress,1,2026-05-04 18:00,50.78,20121,United Kingdom
INV504958,TH-SHIRT,Oxford Shirt,2,2025-12-24 08:00,35.05,20555,United Kingdom
INV505247,TH-DRESS,Summer Dress,2,2026-04-05 10:00,71.61,20587,United Kingdom
INV502001,TH-TSHIRT,Cotton Crew T-Shirt,1,2026-01-30 10:00,22.99,20223,United Kingdom
INV502295,TH-DRESS,Summer Dress,1,2025-10-23 08:00,76.77,20253,United Kingdom
INV506210,TH-SHIRT,Oxford Shirt,1,2025-06-04 10:00,49.07,20693,United Kingdom
INV502413,TH-TSHIRT,Cotton Crew T-Shirt,1,2026-03-24 17:00,19.09,20265,United Kingdom
INV502204,TH-CAP,Logo Cap,2,2026-05-22 10:00,8.72,20244,United Kingdom
INV502911,TH-CAP,Logo Cap,2,2026-01-05 18:00,15.78,20323,United Kingdom
INV501863,TH-JEAN,Slim Fit Jeans,2,2026-03-09 19:00,73.55,20207,United Kingdom
INV500187,TH-SHOE,Canvas Sneakers,2,2026-01-05 19:00,74.07,20022,United Kingdom
INV503614,TH-JEAN,Slim Fit Jeans,1,2026-03-03 10:00,47.14,20400,United Kingdom
INV505433,TH-JACK,Denim Jacket,2,2026-01-20 11:00,63.37,20611,United Kingdom
INV502329,TH-TSHIRT,Cotton Crew T-Shirt,2,2025-10-23 11:00,16.88,20256,United Kingdom
INV501066,TH-SHIRT,Oxford Shirt,2,2026-03-08 15:00,47.34,20115,United Kingdom
INV500512,TH-HOOD,Fleece Hoodie,2,2026-01-01 20:00,65.28,20058,United Kingdom
INV503408,TH-SHOE,Canvas Sneakers,1,2026-01-03 17:00,65.02,20377,United Kingdom
INV503135,TH-TSHIRT,Cotton Crew T-Shirt,1,2025-07-17 15:00,11.79,20345,United Kingdom
INV502636,TH-CAP,Logo Cap,3,2026-04-06 17:00,29.85,20290,United Kingdom
INV504634,TH-JEAN,Slim Fit Jeans,1,2025-09-17 15:00,66.86,20521,United Kingdom
INV501799,TH-SHOE,Canvas Sneakers,1,2025-08-08 16:00,33.0,20200,United Kingdom
INV505653,TH-HOOD,Fleece Hoodie,1,2025-12-03 17:00,46.9,20637,United Kingdom
INV505107,TH-CAP,Logo Cap,1,2025-07-30 10:00,15.26,20572,United Kingdom
INV500028,TH-JEAN,Slim Fit Jeans,2,2026-03-09 15:00,55.24,20004,United Kingdom
INV503050,TH-HOOD,Fleece Hoodie,2,2026-02-16 14:00,63.28,20337,United Kingdom
INV504976,TH-SHIRT,Oxford Shirt,2,2026-07-12 09:00,35.49,20558,United Kingdom
INV503530,TH-CAP,Logo Cap,2,2025-07-09 09:00,14.79,20389,United Kingdom
INV500831,TH-SHOE,Canvas Sneakers,2,2026-02-05 09:00,81.19,20092,United Kingdom
INV501223,TH-CAP,Logo Cap,1,2025-10-20 11:00,21.99,20138,United Kingdom
INV504853,TH-SHIRT,Oxford Shirt,3,2026-01-05 19:00,51.54,20543,United Kingdom
INV503554,TH-JEAN,Slim Fit Jeans,2,2026-05-07 18:00,44.19,20393,United Kingdom
INV500700,TH-DRESS,Summer Dress,3,2026-03-01 11:00,75.9,20078,United Kingdom
INV502495,TH-TSHIRT,Cotton Crew T-Shirt,2,2026-04-05 13:00,20.15,20274,United Kingdom
INV506102,TH-SHIRT,Oxford Shirt,1,2026-07-15 12:00,51.85,20683,United Kingdom
INV500828,TH-SHIRT,Oxford Shirt,1,2025-11-11 19:00,50.66,20092,United Kingdom
INV505673,TH-JEAN,Slim Fit Jeans,2,2025-06-25 20:00,72.73,20640,United Kingdom
INV500825,TH-DRESS,Summer Dress,3,2026-03-06 18:00,84.35,20092,United Kingdom
INV504893,TH-SHIRT,Oxford Shirt,1,2026-03-17 12:00,41.32,20547,United Kingdom
INV506078,TH-CAP,Logo Cap,2,2025-09-15 15:00,29.94,20682,United Kingdom
INV504298,TH-TSHIRT,Cotton Crew T-Shirt,3,2026-07-09 17:00,24.77,20484,United Kingdom
INV504557,TH-HOOD,Fleece Hoodie,2,2026-05-23 18:00,43.0,20511,United Kingdom
INV500413,TH-TSHIRT,Cotton Crew T-Shirt,2,2026-04-16 11:00,16.57,20050,United Kingdom
INV505551,TH-SHOE,Canvas Sneakers,2,2026-01-01 20:00,69.34,20626,United Kingdom
INV503159,TH-HOOD,Fleece Hoodie,1,2025-10-26 09:00,64.31,20348,United Kingdom
INV501431,TH-JACK,Denim Jacket,3,2025-08-24 09:00,94.43,20159,United Kingdom
INV500735,TH-JACK,Denim Jacket,1,2025-09-15 19:00,59.97,20082,United Kingdom
INV504838,TH-JEAN,Slim Fit Jeans,2,2025-11-28 08:00,68.01,20542,United Kingdom
INV501747,TH-JEAN,Slim Fit Jeans,2,2026-06-06 13:00,52.99,20195,United Kingdom
INV503214,TH-TSHIRT,Cotton Crew T-Shirt,2,2025-10-09 20:00,16.22,20355,United Kingdom
INV502456,TH-HOOD,Fleece Hoodie,1,2025-12-27 11:00,65.84,20271,United Kingdom
INV506176,TH-SHOE,Canvas Sneakers,1,2026-02-09 14:00,48.14,20690,United Kingdom
INV501861,TH-SHOE,Canvas Sneakers,1,2025-12-16 12:00,59.63,20207,United Kingdom
INV502219,TH-TSHIRT,Cotton Crew T-Shirt,1,2026-01-17 12:00,19.34,20245,United Kingdom
INV502967,TH-HOOD,Fleece Hoodie,1,2026-02-04 14:00,47.67,20330,United Kingdom
INV506263,TH-CAP,Logo Cap,1,2025-12-13 09:00,18.97,20700,United Kingdom
INV501041,TH-JACK,Denim Jacket,3,2025-07-14 16:00,110.31,20112,United Kingdom
INV500403,TH-TSHIRT,Cotton Crew T-Shirt,1,2025-11-21 20:00,12.29,20048,United Kingdom
INV506174,TH-SHOE,Canvas Sneakers,2,2026-06-29 12:00,66.27,20689,United Kingdom
INV501287,TH-JEAN,Slim Fit Jeans,2,2026-06-10 12:00,82.72,20144,United Kingdom
INV503858,TH-CAP,Logo Cap,2,2026-07-10 19:00,22.8,20433,United Kingdom
INV501890,TH-TSHIRT,Cotton Crew T-Shirt,2,2025-05-28 16:00,10.54,20210,United Kingdom
INV504414,TH-CAP,Logo Cap,2,2025-10-04 11:00,12.29,20495,United Kingdom
INV501684,TH-JACK,Denim Jacket,2,2025-10-03 14:00,61.18,20187,United Kingdom
INV500867,TH-HOOD,Fleece Hoodie,2,2025-06-18 18:00,57.52,20095,United Kingdom
INV502358,TH-SHIRT,Oxford Shirt,2,2025-12-30 08:00,31.81,20259,United Kingdom
INV502153,TH-DRESS,Summer Dress,2,2025-08-16 12:00,44.79,20237,United Kingdom
INV505216,TH-CAP,Logo Cap,1,2025-06-19 18:00,16.76,20584,United Kingdom
INV500811,TH-HOOD,Fleece Hoodie,2,2025-12-11 10:00,40.1,20090,United Kingdom
INV502637,TH-DRESS,Summer Dress,3,2026-06-29 20:00,91.3,20290,United Kingdom
INV502118,TH-TSHIRT,Cotton Crew T-Shirt,2,2026-02-07 15:00,27.22,20234,United Kingdom
INV501910,TH-SHOE,Canvas Sneakers,1,2026-06-14 20:00,48.24,20213,United Kingdom
INV504690,TH-CAP,Logo Cap,1,2025-10-30 19:00,17.09,20527,United Kingdom
INV503840,TH-HOOD,Fleece Hoodie,1,2025-09-12 09:00,57.15,20431,United Kingdom
INV502808,TH-SHIRT,Oxford Shirt,3,2025-05-18 19:00,56.04,20310,United Kingdom
INV500927,TH-JEAN,Slim Fit Jeans,3,2026-03-21 14:00,66.22,20102,United Kingdom
INV505771,TH-HOOD,Fleece Hoodie,3,2025-06-05 17:00,56.48,20650,United Kingdom
INV502148,TH-SHIRT,Oxford Shirt,2,2025-10-05 14:00,52.16,20236,United Kingdom
INV502085,TH-SHIRT,Oxford Shirt,1,2026-05-09 19:00,30.56,20231,United Kingdom
INV502861,TH-SHIRT,Oxford Shirt,1,2025-10-14 19:00,52.47,20315,United Kingdom
INV503340,TH-CAP,Logo Cap,2,2025-09-22 08:00,17.08,20369,United Kingdom
INV504231,TH-SHIRT,Oxford Shirt,2,2026-05-13 15:00,38.14,20477,United Kingdom
INV503793,TH-HOOD,Fleece Hoodie,1,2025-10-13 15:00,53.84,20425,United Kingdom
INV502132,TH-JACK,Denim Jacket,2,2025-11-14 14:00,61.75,20235,United Kingdom
INV503248,TH-SHOE,Canvas Sneakers,2,2025-10-18 13:00,44.37,20359,United Kingdom
INV504423,TH-SHOE,Canvas Sneakers,2,2026-06-15 10:00,75.86,20496,United Kingdom
INV502210,TH-SHOE,Canvas Sneakers,1,2025-09-08 09:00,68.08,20245,United Kingdom
INV500012,TH-SHIRT,Oxford Shirt,2,2025-09-14 14:00,46.99,20002,United Kingdom
INV502019,TH-TSHIRT,Cotton Crew T-Shirt,2,2025-08-21 11:00,17.05,20224,United Kingdom
INV503372,TH-CAP,Logo Cap,1,2026-06-04 10:00,14.92,20373,United Kingdom
INV500019,TH-TSHIRT,Cotton Crew T-Shirt,1,2026-01-11 19:00,15.08,20003,United Kingdom
INV504565,TH-JEAN,Slim Fit Jeans,3,2025-06-11 14:00,87.2,20512,United Kingdom
INV501194,TH-HOOD,Fleece Hoodie,1,2025-09-26 20:00,46.41,20133,United Kingdom
INV500765,TH-DRESS,Summer Dress,2,2025-12-24 14:00,45.77,20084,United Kingdom
INV501293,TH-JEAN,Slim Fit Jeans,3,2026-01-19 08:00,85.67,20144,United Kingdom
INV500705,TH-SHIRT,Oxford Shirt,1,2025-12-24 14:00,42.61,20079,United Kingdom
INV502610,TH-SHIRT,Oxford Shirt,1,2026-04-29 12:00,60.24,20289,United Kingdom
INV504131,TH-TSHIRT,Cotton Crew T-Shirt,2,2026-05-08 16:00,24.59,20464,United Kingdom
INV504718,TH-JEAN,Slim Fit Jeans,1,2026-02-28 16:00,38.52,20531,United Kingdom
INV501801,TH-SHOE,Canvas Sneakers,1,2026-02-19 16:00,36.62,20200,United Kingdom
INV503408,TH-TSHIRT,Cotton Crew T-Shirt,3,2026-01-03 17:00,21.78,20377,United Kingdom
INV505661,TH-TSHIRT,Cotton Crew T-Shirt,1,2026-01-11 16:00,10.78,20638,United Kingdom
INV504202,TH-SHIRT,Oxford Shirt,1,2026-05-10 12:00,54.72,20474,United Kingdom
INV505150,TH-HOOD,Fleece Hoodie,2,2026-04-29 19:00,28.38,20577,United Kingdom
INV500327,TH-DRESS,Summer Dress,2,2025-06-01 08:00,42.92,20038,United Kingdom
INV505470,TH-SHOE,Canvas Sneakers,1,2025-08-17 12:00,51.4,20615,United Kingdom
INV503622,TH-SHIRT,Oxford Shirt,1,2025-12-03 09:00,26.13,20401,United Kingdom
INV500401,TH-SHOE,Canvas Sneakers,2,2026-02-10 12:00,37.64,20048,United Kingdom
INV500936,TH-CAP,Logo Cap,2,2026-02-28 15:00,20.99,20102,United Kingdom
INV500660,TH-JACK,Denim Jacket,1,2025-10-24 16:00,100.17,20073,United Kingdom
INV503456,TH-TSHIRT,Cotton Crew T-Shirt,1,2026-04-03 17:00,27.57,20382,United Kingdom
INV500265,TH-SHOE,Canvas Sneakers,1,2026-05-27 15:00,44.21,20032,United Kingdom
INV500061,TH-JACK,Denim Jacket,3,2026-05-27 19:00,101.74,20007,United Kingdom
INV501278,TH-SHIRT,Oxford Shirt,2,2026-06-09 08:00,56.62,20143,United Kingdom
INV504521,TH-SHOE,Canvas Sneakers,2,2025-07-26 09:00,69.6,20506,United Kingdom
INV501105,TH-CAP,Logo Cap,2,2025-11-11 20:00,10.76,20122,United Kingdom
INV501657,TH-TSHIRT,Cotton Crew T-Shirt,1,2025-06-20 09:00,16.34,20184,United Kingdom
INV502976,TH-HOOD,Fleece Hoodie,1,2025-12-31 15:00,44.12,20331,United Kingdom
INV500548,TH-HOOD,Fleece Hoodie,1,2026-01-25 19:00,39.88,20062,United Kingdom
INV504266,TH-JEAN,Slim Fit Jeans,1,2025-06-17 08:00,75.19,20480,United Kingdom
INV502599,TH-DRESS,Summer Dress,2,2026-03-07 16:00,52.97,20287,United Kingdom
INV501762,TH-DRESS,Summer Dress,2,2025-05-12 18:00,95.36,20196,United Kingdom
INV504376,TH-TSHIRT,Cotton Crew T-Shirt,2,2026-05-04 10:00,27.55,20491,United Kingdom
INV500818,TH-DRESS,Summer Dress,1,2025-07-08 14:00,47.55,20091,United Kingdom
INV504737,TH-HOOD,Fleece Hoodie,1,2026-05-10 18:00,52.16,20533,United Kingdom
INV504798,TH-JACK,Denim Jacket,2,2026-05-24 12:00,111.22,20539,United Kingdom
INV504126,TH-SHIRT,Oxford Shirt,2,2025-10-11 12:00,61.53,20464,United Kingdom
INV502213,TH-HOOD,Fleece Hoodie,1,2025-10-19 10:00,57.91,20245,United Kingdom
INV504474,TH-DRESS,Summer Dress,1,2025-10-22 17:00,90.78,20501,United Kingdom
INV504232,TH-CAP,Logo Cap,2,2026-07-10 10:00,17.83,20477,United Kingdom
INV504749,TH-JACK,Denim Jacket,2,2026-06-29 11:00,67.91,20534,United Kingdom
INV500824,TH-TSHIRT,Cotton Crew T-Shirt,2,2025-08-08 18:00,22.21,20092,United Kingdom
INV505956,TH-JEAN,Slim Fit Jeans,1,2025-08-02 13:00,64.52,20669,United Kingdom
INV504962,TH-JACK,Denim Jacket,2,2025-12-24 20:00,76.63,20556,United Kingdom
INV504332,TH-HOOD,Fleece Hoodie,1,2026-02-11 19:00,30.13,20487,United Kingdom
INV503995,TH-JEAN,Slim Fit Jeans,1,2026-01-22 17:00,54.61,20446,United Kingdom
INV503476,TH-DRESS,Summer Dress,1,2025-10-10 08:00,57.94,20383,United Kingdom
INV500260,TH-DRESS,Summer Dress,2,2026-03-17 13:00,82.54,20031,United Kingdom
INV505691,TH-JACK,Denim Jacket,1,2025-08-29 10:00,87.58,20642,United Kingdom
INV503910,TH-SHOE,Canvas Sneakers,3,2026-01-13 13:00,68.9,20440,United Kingdom
INV504741,TH-CAP,Logo Cap,1,2026-03-30 12:00,22.26,20533,United Kingdom
INV501365,TH-CAP,Logo Cap,2,2026-01-20 19:00,18.52,20152,United Kingdom
INV503452,TH-JEAN,Slim Fit Jeans,1,2026-06-14 16:00,64.43,20381,United Kingdom
INV505183,TH-JEAN,Slim Fit Jeans,3,2025-05-11 08:00,88.7,20581,United Kingdom
INV504797,TH-SHIRT,Oxford Shirt,3,2025-12-02 10:00,58.43,20539,United Kingdom
INV501543,TH-TSHIRT,Cotton Crew T-Shirt,2,2025-06-20 08:00,29.08,20172,United Kingdom
INV506117,TH-JACK,Denim Jacket,2,2025-08-20 18:00,114.43,20685,United Kingdom
INV502884,TH-JACK,Denim Jacket,3,2025-06-07 20:00,113.89,20318,United Kingdom
INV505079,TH-SHIRT,Oxford Shirt,2,2025-12-19 11:00,42.99,20569,United Kingdom
INV501571,TH-SHIRT,Oxford Shirt,3,2025-09-19 18:00,49.31,20173,United Kingdom
INV505848,TH-SHIRT,Oxford Shirt,1,2025-06-28 11:00,57.38,20658,United Kingdom
INV503012,TH-JACK,Denim Jacket,3,2026-02-11 20:00,107.22,20334,United Kingdom
INV504565,TH-TSHIRT,Cotton Crew T-Shirt,3,2025-06-11 14:00,25.12,20512,United Kingdom
INV503277,TH-JACK,Denim Jacket,1,2025-07-07 09:00,77.27,20362,United Kingdom
INV500349,TH-TSHIRT,Cotton Crew T-Shirt,1,2025-06-14 15:00,20.33,20040,United Kingdom
INV501283,TH-JEAN,Slim Fit Jeans,2,2025-10-08 16:00,81.34,20143,United Kingdom
INV505955,TH-HOOD,Fleece Hoodie,1,2026-06-19 15:00,48.45,20669,United Kingdom
INV503269,TH-CAP,Logo Cap,3,2026-05-03 17:00,26.35,20361,United Kingdom
INV504465,TH-SHOE,Canvas Sneakers,1,2025-10-21 18:00,76.43,20501,United Kingdom
INV500710,TH-HOOD,Fleece Hoodie,1,2025-12-22 19:00,49.27,20079,United Kingdom
INV506138,TH-TSHIRT,Cotton Crew T-Shirt,1,2025-08-01 14:00,17.58,20686,United Kingdom
INV501182,TH-DRESS,Summer Dress,3,2026-02-24 19:00,92.18,20131,United Kingdom
INV501248,TH-SHIRT,Oxford Shirt,3,2025-10-20 16:00,49.46,20141,United Kingdom
INV501994,TH-TSHIRT,Cotton Crew T-Shirt,1,2025-07-04 12:00,13.55,20222,United Kingdom
INV503578,TH-DRESS,Summer Dress,1,2025-12-17 12:00,59.08,20395,United Kingdom
INV505086,TH-SHOE,Canvas Sneakers,3,2026-06-28 19:00,65.45,20570,United Kingdom
INV502554,TH-SHIRT,Oxford Shirt,2,2025-10-13 19:00,45.34,20281,United Kingdom
INV501695,TH-SHOE,Canvas Sneakers,1,2025-07-24 13:00,28.36,20190,United Kingdom
INV500802,TH-JACK,Denim Jacket,1,2026-04-22 17:00,78.3,20089,United Kingdom
INV502601,TH-CAP,Logo Cap,2,2026-02-28 10:00,13.16,20287,United Kingdom
INV500055,TH-HOOD,Fleece Hoodie,1,2025-05-13 09:00,58.57,20006,United Kingdom
INV505605,TH-DRESS,Summer Dress,2,2026-05-04 12:00,55.9,20632,United Kingdom
INV504249,TH-SHIRT,Oxford Shirt,2,2026-03-21 15:00,48.8,20479,United Kingdom
INV503029,TH-HOOD,Fleece Hoodie,3,2025-07-02 15:00,65.59,20335,United Kingdom
INV503857,TH-DRESS,Summer Dress,3,2025-06-07 14:00,79.4,20433,United Kingdom
INV504227,TH-CAP,Logo Cap,1,2026-02-09 09:00,12.83,20476,United Kingdom
INV506066,TH-JEAN,Slim Fit Jeans,3,2025-08-17 17:00,77.39,20681,United Kingdom
INV501857,TH-JACK,Denim Jacket,1,2025-12-22 08:00,97.85,20207,United Kingdom
INV501395,TH-SHOE,Canvas Sneakers,2,2025-06-18 15:00,53.95,20156,United Kingdom
INV502581,TH-JEAN,Slim Fit Jeans,1,2026-01-26 20:00,72.05,20285,United Kingdom
INV504056,TH-DRESS,Summer Dress,2,2026-01-12 14:00,65.3,20454,United Kingdom
INV503668,TH-CAP,Logo Cap,2,2026-03-29 10:00,26.6,20407,United Kingdom
INV503345,TH-SHOE,Canvas Sneakers,2,2026-03-23 11:00,54.11,20369,United Kingdom
INV502401,TH-SHIRT,Oxford Shirt,2,2026-07-10 15:00,59.22,20263,United Kingdom
INV501601,TH-TSHIRT,Cotton Crew T-Shirt,3,2025-07-29 11:00,20.02,20177,United Kingdom
INV503652,TH-SHIRT,Oxford Shirt,2,2025-08-02 19:00,47.07,20405,United Kingdom
INV505603,TH-JEAN,Slim Fit Jeans,1,2025-08-14 16:00,48.34,20632,United Kingdom
INV505481,TH-CAP,Logo Cap,3,2026-06-25 15:00,25.07,20616,United Kingdom
INV503494,TH-SHOE,Canvas Sneakers,1,2026-04-21 17:00,66.26,20385,United Kingdom
INV502870,TH-HOOD,Fleece Hoodie,1,2026-05-30 14:00,30.02,20317,United Kingdom
INV502076,TH-SHOE,Canvas Sneakers,1,2026-02-08 11:00,36.83,20230,United Kingdom
INV504840,TH-TSHIRT,Cotton Crew T-Shirt,1,2026-05-18 19:00,20.8,20542,United Kingdom
INV505232,TH-SHOE,Canvas Sneakers,2,2025-08-16 10:00,56.58,20585,United Kingdom
INV505393,TH-CAP,Logo Cap,1,2026-03-07 09:00,17.15,20607,United Kingdom
INV500341,TH-TSHIRT,Cotton Crew T-Shirt,1,2025-06-12 16:00,11.12,20039,United Kingdom
INV503057,TH-DRESS,Summer Dress,2,2026-04-18 18:00,87.92,20337,United Kingdom
INV501965,TH-JACK,Denim Jacket,1,2026-07-08 18:00,99.78,20219,United Kingdom
INV505073,TH-DRESS,Summer Dress,2,2025-10-05 15:00,62.85,20569,United Kingdom
INV505858,TH-SHOE,Canvas Sneakers,1,2026-01-20 18:00,35.27,20659,United Kingdom
INV505665,TH-SHIRT,Oxford Shirt,1,2025-12-24 15:00,44.81,20639,United Kingdom
INV502486,TH-DRESS,Summer Dress,2,2025-06-17 10:00,75.25,20274,United Kingdom
INV504844,TH-HOOD,Fleece Hoodie,3,2025-07-14 20:00,68.86,20543,United Kingdom
INV503327,TH-SHIRT,Oxford Shirt,1,2025-06-26 20:00,54.88,20367,United Kingdom
INV501770,TH-DRESS,Summer Dress,2,2026-04-06 10:00,100.56,20198,United Kingdom
INV500518,TH-SHIRT,Oxford Shirt,1,2026-03-05 11:00,22.86,20059,United Kingdom
INV503094,TH-HOOD,Fleece Hoodie,1,2025-10-10 19:00,52.5,20341,United Kingdom
INV500945,TH-HOOD,Fleece Hoodie,2,2026-01-13 13:00,69.48,20104,United Kingdom
INV502346,TH-JEAN,Slim Fit Jeans,2,2025-09-04 16:00,67.72,20258,United Kingdom
INV505889,TH-JACK,Denim Jacket,1,2026-01-15 13:00,80.4,20662,United Kingdom
INV505714,TH-SHIRT,Oxford Shirt,3,2025-11-01 20:00,53.88,20644,United Kingdom
INV501133,TH-DRESS,Summer Dress,2,2025-11-12 09:00,86.52,20126,United Kingdom
INV505075,TH-JACK,Denim Jacket,1,2026-01-27 12:00,79.1,20569,United Kingdom
INV502628,TH-JACK,Denim Jacket,3,2025-09-23 09:00,117.29,20290,United Kingdom
INV502801,TH-SHIRT,Oxford Shirt,1,2026-01-17 19:00,42.93,20309,United Kingdom
INV501772,TH-CAP,Logo Cap,3,2025-12-09 15:00,27.71,20198,United Kingdom
INV500580,TH-JACK,Denim Jacket,2,2025-10-13 12:00,74.87,20065,United Kingdom
INV502294,TH-TSHIRT,Cotton Crew T-Shirt,2,2025-07-24 19:00,20.96,20253,United Kingdom
INV500676,TH-TSHIRT,Cotton Crew T-Shirt,3,2025-08-03 08:00,22.64,20076,United Kingdom
INV506074,TH-SHIRT,Oxford Shirt,1,2026-03-25 15:00,52.71,20681,United Kingdom
INV503822,TH-SHIRT,Oxford Shirt,2,2026-05-20 11:00,45.42,20430,United Kingdom
INV504210,TH-JEAN,Slim Fit Jeans,2,2026-02-14 15:00,78.09,20474,United Kingdom
INV502067,TH-SHOE,Canvas Sneakers,1,2026-05-01 11:00,51.25,20229,United Kingdom
INV501538,TH-JACK,Denim Jacket,3,2025-06-01 19:00,124.31,20172,United Kingdom
INV502259,TH-SHIRT,Oxford Shirt,2,2026-01-19 18:00,37.28,20250,United Kingdom
INV504801,TH-JEAN,Slim Fit Jeans,2,2026-05-21 09:00,98.25,20539,United Kingdom
INV500512,TH-HOOD,Fleece Hoodie,1,2026-01-01 20:00,60.82,20058,United Kingdom
INV505430,TH-SHOE,Canvas Sneakers,1,2026-02-18 15:00,39.13,20611,United Kingdom
INV502862,TH-SHIRT,Oxford Shirt,2,2025-10-07 08:00,54.86,20315,United Kingdom
INV502630,TH-TSHIRT,Cotton Crew T-Shirt,1,2026-03-10 13:00,26.4,20290,United Kingdom
INV503708,TH-SHIRT,Oxford Shirt,2,2025-07-31 10:00,19.95,20413,United Kingdom
INV503267,TH-JEAN,Slim Fit Jeans,3,2026-01-28 08:00,81.25,20361,United Kingdom
INV505528,TH-DRESS,Summer Dress,1,2025-06-05 18:00,67.05,20621,United Kingdom
INV500213,TH-SHOE,Canvas Sneakers,1,2026-05-30 19:00,42.38,20026,United Kingdom
INV502750,TH-JEAN,Slim Fit Jeans,2,2026-02-14 11:00,65.68,20303,United Kingdom
INV502920,TH-SHIRT,Oxford Shirt,1,2026-07-12 08:00,33.94,20324,United Kingdom
INV504889,TH-TSHIRT,Cotton Crew T-Shirt,1,2026-05-02 20:00,18.37,20547,United Kingdom
INV503956,TH-DRESS,Summer Dress,2,2025-11-13 10:00,104.87,20443,United Kingdom
INV501463,TH-JACK,Denim Jacket,2,2026-01-13 16:00,91.44,20163,United Kingdom
INV504432,TH-SHOE,Canvas Sneakers,2,2025-12-25 14:00,81.43,20496,United Kingdom
INV502628,TH-TSHIRT,Cotton Crew T-Shirt,3,2025-09-23 09:00,25.18,20290,United Kingdom
INV501807,TH-JEAN,Slim Fit Jeans,2,2026-07-02 12:00,48.93,20201,United Kingdom
INV505164,TH-TSHIRT,Cotton Crew T-Shirt,3,2026-05-16 11:00,22.82,20578,United Kingdom
INV505690,TH-CAP,Logo Cap,2,2026-01-03 18:00,17.25,20642,United Kingdom
INV500985,TH-CAP,Logo Cap,1,2025-06-11 09:00,18.7,20108,United Kingdom
INV503989,TH-SHIRT,Oxford Shirt,1,2025-06-01 14:00,36.64,20446,United Kingdom
INV505255,TH-DRESS,Summer Dress,2,2026-04-25 19:00,75.7,20588,United Kingdom
INV505492,TH-HOOD,Fleece Hoodie,2,2025-08-30 16:00,57.16,20617,United Kingdom
INV501386,TH-CAP,Logo Cap,1,2026-01-29 14:00,12.1,20154,United Kingdom
INV503309,TH-CAP,Logo Cap,2,2025-12-26 12:00,20.82,20366,United Kingdom
INV501923,TH-HOOD,Fleece Hoodie,3,2026-05-31 17:00,59.13,20214,United Kingdom
INV505632,TH-HOOD,Fleece Hoodie,1,2026-01-13 20:00,33.09,20635,United Kingdom
INV502285,TH-DRESS,Summer Dress,2,2025-08-02 12:00,68.05,20252,United Kingdom
INV500499,TH-JEAN,Slim Fit Jeans,1,2026-05-19 09:00,67.79,20057,United Kingdom
INV501347,TH-JACK,Denim Jacket,3,2025-09-28 14:00,129.1,20150,United Kingdom
INV504321,TH-SHIRT,Oxford Shirt,1,2026-01-11 08:00,49.77,20486,United Kingdom
INV506165,TH-HOOD,Fleece Hoodie,1,2026-06-15 19:00,52.9,20689,United Kingdom
INV500966,TH-CAP,Logo Cap,1,2025-05-31 13:00,22.1,20106,United Kingdom
INV502928,TH-JACK,Denim Jacket,2,2025-11-22 11:00,56.91,20325,United Kingdom
INV504868,TH-CAP,Logo Cap,2,2025-07-13 19:00,20.84,20544,United Kingdom
INV505537,TH-CAP,Logo Cap,3,2025-09-26 11:00,20.44,20624,United Kingdom
INV503815,TH-DRESS,Summer Dress,1,2025-06-19 19:00,72.71,20429,United Kingdom
INV503552,TH-CAP,Logo Cap,1,2025-12-20 13:00,15.34,20393,United Kingdom
INV501378,TH-SHOE,Canvas Sneakers,2,2026-02-04 14:00,40.06,20153,United Kingdom
INV502052,TH-SHOE,Canvas Sneakers,2,2025-06-18 17:00,50.26,20227,United Kingdom
INV501550,TH-DRESS,Summer Dress,1,2025-06-07 11:00,109.13,20172,United Kingdom
INV505186,TH-DRESS,Summer Dress,3,2026-04-27 08:00,94.28,20581,United Kingdom
INV504581,TH-JEAN,Slim Fit Jeans,2,2026-04-21 10:00,47.88,20513,United Kingdom
INV500421,TH-CAP,Logo Cap,1,2026-04-15 19:00,29.99,20051,United Kingdom
INV500471,TH-SHOE,Canvas Sneakers,2,2025-10-30 20:00,53.31,20054,United Kingdom
INV500251,TH-TSHIRT,Cotton Crew T-Shirt,1,2025-12-12 14:00,15.64,20030,United Kingdom
INV503592,TH-SHOE,Canvas Sneakers,2,2025-08-05 15:00,37.02,20397,United Kingdom
INV504775,TH-JEAN,Slim Fit Jeans,1,2026-04-25 12:00,85.68,20537,United Kingdom
INV504371,TH-JACK,Denim Jacket,2,2026-06-01 16:00,87.24,20490,United Kingdom
INV503083,TH-TSHIRT,Cotton Crew T-Shirt,1,2026-05-31 12:00,23.09,20340,United Kingdom
INV504314,TH-HOOD,Fleece Hoodie,1,2026-05-10 15:00,55.16,20485,United Kingdom
INV505287,TH-JEAN,Slim Fit Jeans,2,2026-06-13 19:00,63.19,20594,United Kingdom
INV505023,TH-SHIRT,Oxford Shirt,3,2025-12-01 20:00,52.09,20564,United Kingdom
INV502141,TH-SHOE,Canvas Sneakers,2,2026-04-04 14:00,63.49,20236,United Kingdom
INV500964,TH-SHOE,Canvas Sneakers,1,2025-07-24 12:00,63.44,20106,United Kingdom
INV503101,TH-SHOE,Canvas Sneakers,2,2026-03-01 19:00,65.43,20341,United Kingdom
INV500616,TH-SHOE,Canvas Sneakers,2,2025-07-07 10:00,80.18,20069,United Kingdom
INV503058,TH-DRESS,Summer Dress,2,2026-04-20 10:00,97.23,20337,United Kingdom
INV505324,TH-JEAN,Slim Fit Jeans,1,2025-05-14 17:00,48.66,20599,United Kingdom
INV505686,TH-HOOD,Fleece Hoodie,1,2025-12-07 10:00,25.57,20641,United Kingdom
INV502373,TH-SHOE,Canvas Sneakers,2,2025-10-07 13:00,36.4,20260,United Kingdom
INV502130,TH-CAP,Logo Cap,2,2026-07-11 13:00,15.21,20235,United Kingdom
INV503700,TH-SHIRT,Oxford Shirt,2,2025-08-31 19:00,47.17,20411,United Kingdom
INV501790,TH-JEAN,Slim Fit Jeans,3,2026-02-02 18:00,72.55,20199,United Kingdom
INV500251,TH-SHOE,Canvas Sneakers,2,2025-12-12 14:00,54.46,20030,United Kingdom
INV504408,TH-CAP,Logo Cap,1,2026-01-04 09:00,17.24,20494,United Kingdom
INV503019,TH-JACK,Denim Jacket,2,2025-07-14 20:00,115.0,20335,United Kingdom
INV502286,TH-CAP,Logo Cap,1,2026-01-20 09:00,18.72,20252,United Kingdom
INV504681,TH-CAP,Logo Cap,2,2026-06-06 19:00,11.91,20526,United Kingdom
INV504254,TH-CAP,Logo Cap,2,2026-02-21 10:00,25.34,20479,United Kingdom
INV501628,TH-SHOE,Canvas Sneakers,1,2025-08-07 15:00,66.75,20180,United Kingdom
INV505543,TH-JEAN,Slim Fit Jeans,1,2026-04-21 10:00,72.79,20624,United Kingdom
INV503825,TH-JEAN,Slim Fit Jeans,2,2026-05-24 08:00,64.32,20430,United Kingdom
INV505604,TH-TSHIRT,Cotton Crew T-Shirt,1,2025-11-01 14:00,16.27,20632,United Kingdom
INV505325,TH-SHOE,Canvas Sneakers,1,2026-05-03 14:00,49.28,20599,United Kingdom
INV503408,TH-DRESS,Summer Dress,2,2026-01-03 17:00,73.07,20377,United Kingdom
INV500250,TH-JACK,Denim Jacket,1,2025-12-13 18:00,75.28,20030,United Kingdom
INV505552,TH-CAP,Logo Cap,3,2025-10-09 16:00,24.52,20626,United Kingdom
INV505031,TH-JEAN,Slim Fit Jeans,1,2025-07-18 19:00,88.62,20564,United Kingdom
INV503648,TH-HOOD,Fleece Hoodie,1,2025-07-20 08:00,55.0,20405,United Kingdom
INV504441,TH-CAP,Logo Cap,3,2026-01-06 18:00,22.09,20498,United Kingdom
INV501827,TH-SHIRT,Oxford Shirt,3,2025-09-21 10:00,43.75,20203,United Kingdom
INV504027,TH-CAP,Logo Cap,2,2026-07-12 09:00,22.08,20450,United Kingdom
INV502469,TH-HOOD,Fleece Hoodie,1,2026-07-06 19:00,47.15,20272,United Kingdom
INV502072,TH-DRESS,Summer Dress,1,2025-07-11 11:00,71.73,20229,United Kingdom
INV505418,TH-JACK,Denim Jacket,3,2025-08-29 11:00,114.11,20610,United Kingdom
INV504444,TH-JACK,Denim Jacket,3,2025-10-16 18:00,86.36,20498,United Kingdom
INV501089,TH-HOOD,Fleece Hoodie,2,2026-07-15 20:00,48.38,20119,United Kingdom
INV504219,TH-DRESS,Summer Dress,1,2025-12-26 13:00,62.95,20475,United Kingdom
INV503142,TH-HOOD,Fleece Hoodie,3,2026-01-30 11:00,50.77,20346,United Kingdom
INV502233,TH-TSHIRT,Cotton Crew T-Shirt,2,2025-11-01 14:00,23.02,20247,United Kingdom
INV504016,TH-JACK,Denim Jacket,1,2026-04-05 14:00,120.48,20448,United Kingdom
INV502910,TH-SHIRT,Oxford Shirt,2,2025-07-03 20:00,30.45,20323,United Kingdom
INV504383,TH-JEAN,Slim Fit Jeans,2,2026-04-19 12:00,86.63,20491,United Kingdom
INV501564,TH-TSHIRT,Cotton Crew T-Shirt,2,2025-09-18 15:00,21.29,20173,United Kingdom
INV504939,TH-HOOD,Fleece Hoodie,2,2026-03-12 15:00,40.15,20553,United Kingdom
INV506183,TH-TSHIRT,Cotton Crew T-Shirt,3,2026-01-24 10:00,19.71,20691,United Kingdom
INV502470,TH-JEAN,Slim Fit Jeans,2,2025-08-18 17:00,58.02,20272,United Kingdom
INV504881,TH-TSHIRT,Cotton Crew T-Shirt,1,2025-10-22 11:00,14.21,20546,United Kingdom
INV500893,TH-CAP,Logo Cap,3,2026-03-03 17:00,20.17,20099,United Kingdom
INV501694,TH-SHOE,Canvas Sneakers,1,2025-12-31 13:00,26.9,20190,United Kingdom
INV505697,TH-DRESS,Summer Dress,2,2026-07-10 16:00,64.46,20642,United Kingdom
INV502625,TH-JEAN,Slim Fit Jeans,3,2025-09-30 09:00,83.34,20290,United Kingdom
INV504270,TH-TSHIRT,Cotton Crew T-Shirt,1,2025-09-05 19:00,17.87,20481,United Kingdom
INV501419,TH-SHOE,Canvas Sneakers,1,2025-07-28 20:00,57.92,20159,United Kingdom
INV505493,TH-SHIRT,Oxford Shirt,1,2025-11-24 14:00,45.03,20617,United Kingdom
INV504251,TH-CAP,Logo Cap,3,2025-10-13 12:00,24.68,20479,United Kingdom
INV502087,TH-JEAN,Slim Fit Jeans,1,2026-01-06 13:00,50.14,20231,United Kingdom
INV504343,TH-DRESS,Summer Dress,1,2026-02-24 17:00,59.35,20488,United Kingdom
INV503877,TH-JACK,Denim Jacket,3,2025-10-12 11:00,130.7,20435,United Kingdom
INV501939,TH-HOOD,Fleece Hoodie,1,2026-04-16 20:00,42.53,20215,United Kingdom
INV505860,TH-TSHIRT,Cotton Crew T-Shirt,3,2025-06-07 20:00,22.44,20660,United Kingdom
INV501225,TH-JACK,Denim Jacket,2,2026-02-10 15:00,94.13,20138,United Kingdom
INV504894,TH-SHOE,Canvas Sneakers,2,2026-05-08 17:00,58.34,20547,United Kingdom
INV503902,TH-TSHIRT,Cotton Crew T-Shirt,2,2026-06-30 18:00,22.93,20438,United Kingdom
INV502169,TH-JEAN,Slim Fit Jeans,1,2025-07-19 15:00,41.8,20239,United Kingdom
INV505180,TH-SHOE,Canvas Sneakers,1,2025-06-02 13:00,77.43,20581,United Kingdom
INV505175,TH-HOOD,Fleece Hoodie,1,2026-04-28 18:00,52.34,20580,United Kingdom
INV506109,TH-SHOE,Canvas Sneakers,1,2025-08-18 12:00,38.43,20684,United Kingdom
INV501438,TH-JEAN,Slim Fit Jeans,3,2026-01-06 13:00,77.05,20160,United Kingdom
INV504294,TH-JACK,Denim Jacket,2,2025-11-01 13:00,111.67,20484,United Kingdom
INV501722,TH-SHOE,Canvas Sneakers,1,2025-12-31 09:00,73.21,20192,United Kingdom
INV504939,TH-DRESS,Summer Dress,2,2026-03-12 15:00,57.3,20553,United Kingdom
INV504463,TH-SHIRT,Oxford Shirt,3,2026-06-13 10:00,60.79,20501,United Kingdom
INV500394,TH-HOOD,Fleece Hoodie,2,2025-12-09 15:00,43.44,20047,United Kingdom
INV500464,TH-SHIRT,Oxford Shirt,2,2026-03-06 09:00,38.01,20053,United Kingdom
INV500115,TH-SHOE,Canvas Sneakers,2,2025-09-26 14:00,47.05,20015,United Kingdom
INV501112,TH-HOOD,Fleece Hoodie,1,2026-05-31 15:00,46.54,20123,United Kingdom
INV504033,TH-CAP,Logo Cap,2,2026-07-02 16:00,19.68,20450,United Kingdom
INV500887,TH-JACK,Denim Jacket,2,2025-07-15 16:00,66.27,20098,United Kingdom
INV500304,TH-JEAN,Slim Fit Jeans,3,2025-11-06 19:00,73.58,20036,United Kingdom
INV506240,TH-SHOE,Canvas Sneakers,2,2025-07-24 20:00,47.15,20697,United Kingdom
INV505705,TH-SHIRT,Oxford Shirt,3,2025-07-29 20:00,46.58,20643,United Kingdom
INV503011,TH-SHOE,Canvas Sneakers,3,2025-06-23 20:00,75.04,20334,United Kingdom
INV502780,TH-SHIRT,Oxford Shirt,1,2025-11-04 19:00,37.39,20307,United Kingdom
INV504305,TH-SHOE,Canvas Sneakers,3,2026-02-03 20:00,79.4,20484,United Kingdom
INV500687,TH-CAP,Logo Cap,2,2026-03-10 17:00,19.17,20077,United Kingdom
INV501346,TH-TSHIRT,Cotton Crew T-Shirt,3,2025-08-17 17:00,26.3,20150,United Kingdom
INV505057,TH-CAP,Logo Cap,3,2026-02-23 11:00,24.99,20568,United Kingdom
INV500656,TH-HOOD,Fleece Hoodie,2,2025-11-18 16:00,57.6,20073,United Kingdom
INV506076,TH-JACK,Denim Jacket,1,2025-07-02 17:00,111.6,20682,United Kingdom
INV503390,TH-SHOE,Canvas Sneakers,3,2025-07-21 16:00,66.46,20375,United Kingdom
INV500863,TH-JACK,Denim Jacket,1,2026-07-04 19:00,105.41,20095,United Kingdom
INV500441,TH-JEAN,Slim Fit Jeans,2,2026-01-25 20:00,102.22,20052,United Kingdom
INV503310,TH-SHOE,Canvas Sneakers,2,2026-06-30 10:00,54.54,20366,United Kingdom
INV503819,TH-DRESS,Summer Dress,1,2026-03-11 10:00,79.14,20429,United Kingdom
INV504448,TH-SHIRT,Oxford Shirt,2,2025-09-26 20:00,45.81,20498,United Kingdom
INV501165,TH-SHIRT,Oxford Shirt,2,2025-07-12 16:00,51.13,20129,United Kingdom
INV500856,TH-TSHIRT,Cotton Crew T-Shirt,3,2026-05-13 13:00,21.24,20094,United Kingdom
INV503438,TH-DRESS,Summer Dress,2,2025-05-25 13:00,94.3,20380,United Kingdom
INV500381,TH-SHOE,Canvas Sneakers,2,2026-06-20 19:00,31.41,20045,United Kingdom
INV506167,TH-JEAN,Slim Fit Jeans,1,2026-02-03 08:00,71.41,20689,United Kingdom
INV501050,TH-HOOD,Fleece Hoodie,1,2025-05-17 18:00,49.57,20113,United Kingdom
INV501702,TH-SHOE,Canvas Sneakers,2,2025-05-17 20:00,69.83,20191,United Kingdom
INV504431,TH-DRESS,Summer Dress,2,2025-11-07 14:00,87.22,20496,United Kingdom
INV504403,TH-SHOE,Canvas Sneakers,1,2026-01-27 15:00,45.77,20493,United Kingdom
INV503842,TH-TSHIRT,Cotton Crew T-Shirt,1,2025-08-23 16:00,22.93,20431,United Kingdom
INV502275,TH-SHOE,Canvas Sneakers,2,2025-10-11 16:00,77.43,20251,United Kingdom
INV503922,TH-HOOD,Fleece Hoodie,1,2026-04-04 08:00,52.25,20440,United Kingdom
INV502027,TH-JACK,Denim Jacket,1,2025-06-18 12:00,86.36,20225,United Kingdom
INV505071,TH-JEAN,Slim Fit Jeans,2,2026-02-28 16:00,60.88,20569,United Kingdom
INV501931,TH-SHIRT,Oxford Shirt,3,2026-05-29 12:00,54.31,20214,United Kingdom
INV501127,TH-SHOE,Canvas Sneakers,2,2025-05-28 20:00,35.7,20125,United Kingdom
INV505985,TH-CAP,Logo Cap,2,2025-05-20 16:00,22.7,20673,United Kingdom
INV500206,TH-DRESS,Summer Dress,2,2026-03-14 10:00,39.45,20025,United Kingdom
INV504925,TH-HOOD,Fleece Hoodie,2,2025-09-16 14:00,34.07,20551,United Kingdom
INV504862,TH-JACK,Denim Jacket,2,2025-07-13 13:00,76.58,20544,United Kingdom
INV500552,TH-HOOD,Fleece Hoodie,1,2026-03-24 08:00,38.09,20062,United Kingdom
INV501031,TH-HOOD,Fleece Hoodie,2,2025-10-07 14:00,63.33,20112,United Kingdom
INV502038,TH-DRESS,Summer Dress,2,2025-06-23 16:00,78.11,20226,United Kingdom
INV504149,TH-CAP,Logo Cap,1,2026-04-26 19:00,22.65,20465,United Kingdom
INV504285,TH-DRESS,Summer Dress,1,2026-05-19 16:00,71.26,20482,United Kingdom
INV500111,TH-HOOD,Fleece Hoodie,3,2025-08-10 15:00,59.76,20014,United Kingdom
INV502607,TH-JEAN,Slim Fit Jeans,2,2025-10-08 10:00,39.44,20288,United Kingdom
INV501581,TH-TSHIRT,Cotton Crew T-Shirt,1,2025-10-22 18:00,11.57,20175,United Kingdom
INV501554,TH-SHIRT,Oxford Shirt,2,2026-03-24 18:00,67.38,20172,United Kingdom
INV501592,TH-CAP,Logo Cap,1,2026-07-10 16:00,17.95,20176,United Kingdom
INV504364,TH-JEAN,Slim Fit Jeans,3,2025-06-19 16:00,95.48,20489,United Kingdom
INV504807,TH-SHIRT,Oxford Shirt,1,2026-04-11 17:00,66.89,20539,United Kingdom
INV501836,TH-CAP,Logo Cap,2,2025-08-31 14:00,21.61,20203,United Kingdom
INV503524,TH-TSHIRT,Cotton Crew T-Shirt,1,2025-11-03 10:00,18.73,20388,United Kingdom
INV501979,TH-CAP,Logo Cap,2,2025-10-29 16:00,21.14,20220,United Kingdom
INV503468,TH-JACK,Denim Jacket,3,2026-03-07 10:00,119.54,20382,United Kingdom
INV501414,TH-SHIRT,Oxford Shirt,2,2026-06-28 12:00,31.31,20158,United Kingdom
INV500616,TH-JEAN,Slim Fit Jeans,2,2025-07-07 10:00,95.18,20069,United Kingdom
INV500848,TH-SHIRT,Oxford Shirt,2,2026-05-11 14:00,56.46,20093,United Kingdom
INV503001,TH-JEAN,Slim Fit Jeans,1,2026-03-27 18:00,78.91,20334,United Kingdom
INV501773,TH-JEAN,Slim Fit Jeans,1,2025-12-06 14:00,85.98,20198,United Kingdom
INV504097,TH-JACK,Denim Jacket,1,2025-12-09 10:00,95.31,20459,United Kingdom
INV503123,TH-JEAN,Slim Fit Jeans,2,2026-05-18 17:00,72.01,20344,United Kingdom
INV501716,TH-JACK,Denim Jacket,1,2026-02-12 10:00,122.94,20192,United Kingdom
INV502318,TH-TSHIRT,Cotton Crew T-Shirt,2,2026-03-30 08:00,16.62,20256,United Kingdom
INV500325,TH-HOOD,Fleece Hoodie,2,2026-05-02 09:00,54.81,20037,United Kingdom
INV500853,TH-DRESS,Summer Dress,3,2026-06-04 19:00,72.25,20094,United Kingdom
INV503831,TH-JEAN,Slim Fit Jeans,2,2025-08-26 14:00,57.43,20430,United Kingdom
INV500389,TH-SHOE,Canvas Sneakers,2,2025-06-09 17:00,55.31,20046,United Kingdom
INV504508,TH-HOOD,Fleece Hoodie,3,2026-05-01 11:00,67.18,20506,United Kingdom
INV504492,TH-SHIRT,Oxford Shirt,3,2025-06-25 09:00,54.78,20504,United Kingdom
INV504536,TH-DRESS,Summer Dress,1,2026-07-15 15:00,60.6,20508,United Kingdom
INV505144,TH-JACK,Denim Jacket,2,2026-03-01 10:00,113.75,20576,United Kingdom
INV506247,TH-DRESS,Summer Dress,2,2025-12-09 14:00,50.52,20697,United Kingdom
INV501604,TH-TSHIRT,Cotton Crew T-Shirt,3,2025-12-21 10:00,22.04,20177,United Kingdom
INV500156,TH-DRESS,Summer Dress,2,2026-06-04 13:00,81.39,20020,United Kingdom
INV500311,TH-CAP,Logo Cap,2,2025-08-14 18:00,23.63,20036,United Kingdom
INV501248,TH-JEAN,Slim Fit Jeans,1,2025-10-20 16:00,79.0,20141,United Kingdom
INV501935,TH-DRESS,Summer Dress,1,2025-06-23 18:00,57.77,20215,United Kingdom
INV502783,TH-CAP,Logo Cap,1,2026-05-16 19:00,19.01,20307,United Kingdom
INV504984,TH-DRESS,Summer Dress,1,2025-10-28 14:00,63.33,20559,United Kingdom
INV502443,TH-TSHIRT,Cotton Crew T-Shirt,1,2025-07-20 10:00,13.56,20269,United Kingdom
INV500458,TH-SHIRT,Oxford Shirt,2,2025-10-02 08:00,37.25,20053,United Kingdom
INV500422,TH-SHOE,Canvas Sneakers,3,2026-04-06 15:00,83.66,20051,United Kingdom
INV503232,TH-SHIRT,Oxford Shirt,2,2025-08-12 20:00,32.14,20357,United Kingdom
INV503386,TH-SHOE,Canvas Sneakers,1,2026-03-14 12:00,59.89,20375,United Kingdom
INV505580,TH-TSHIRT,Cotton Crew T-Shirt,1,2026-06-01 14:00,19.65,20629,United Kingdom
INV504639,TH-SHOE,Canvas Sneakers,2,2026-01-09 12:00,52.91,20521,United Kingdom
INV501024,TH-DRESS,Summer Dress,1,2025-07-02 20:00,108.24,20111,United Kingdom
INV501540,TH-TSHIRT,Cotton Crew T-Shirt,1,2025-09-13 18:00,26.79,20172,United Kingdom
INV500967,TH-SHOE,Canvas Sneakers,1,2026-01-17 14:00,57.95,20106,United Kingdom
INV505345,TH-SHOE,Canvas Sneakers,3,2025-12-31 18:00,66.46,20602,United Kingdom
INV503619,TH-JACK,Denim Jacket,1,2025-11-27 13:00,46.79,20401,United Kingdom
INV500196,TH-TSHIRT,Cotton Crew T-Shirt,2,2025-12-12 20:00,13.84,20023,United Kingdom
INV501801,TH-CAP,Logo Cap,1,2026-02-19 16:00,12.06,20200,United Kingdom
INV502031,TH-CAP,Logo Cap,2,2025-09-17 12:00,22.17,20225,United Kingdom
INV504496,TH-DRESS,Summer Dress,2,2026-05-12 14:00,99.6,20504,United Kingdom
INV504335,TH-JEAN,Slim Fit Jeans,2,2026-06-19 15:00,35.94,20487,United Kingdom
INV502140,TH-DRESS,Summer Dress,2,2026-02-21 10:00,79.74,20236,United Kingdom
INV503797,TH-SHOE,Canvas Sneakers,2,2025-08-14 11:00,45.48,20426,United Kingdom
INV504644,TH-CAP,Logo Cap,1,2025-05-27 17:00,26.2,20522,United Kingdom
INV501726,TH-TSHIRT,Cotton Crew T-Shirt,1,2026-06-22 10:00,16.76,20193,United Kingdom
INV501980,TH-SHIRT,Oxford Shirt,3,2025-10-06 12:00,45.9,20220,United Kingdom
INV504484,TH-JACK,Denim Jacket,2,2025-11-27 15:00,84.04,20503,United Kingdom
INV506049,TH-JACK,Denim Jacket,1,2025-06-27 15:00,59.77,20679,United Kingdom
INV506034,TH-JACK,Denim Jacket,2,2025-09-30 15:00,72.37,20677,United Kingdom
INV505866,TH-SHIRT,Oxford Shirt,1,2025-09-02 20:00,55.84,20660,United Kingdom
INV505244,TH-TSHIRT,Cotton Crew T-Shirt,1,2026-01-26 18:00,19.88,20587,United Kingdom
INV505778,TH-CAP,Logo Cap,3,2026-04-08 18:00,22.08,20650,United Kingdom
INV503984,TH-CAP,Logo Cap,1,2026-05-02 11:00,13.84,20445,United Kingdom
INV503585,TH-TSHIRT,Cotton Crew T-Shirt,1,2025-12-10 08:00,22.01,20396,United Kingdom
INV505503,TH-TSHIRT,Cotton Crew T-Shirt,2,2026-06-01 11:00,11.62,20619,United Kingdom
INV504671,TH-CAP,Logo Cap,2,2026-04-17 08:00,13.67,20525,United Kingdom
INV501040,TH-TSHIRT,Cotton Crew T-Shirt,1,2025-10-30 19:00,23.18,20112,United Kingdom
INV501098,TH-CAP,Logo Cap,1,2025-07-30 14:00,14.17,20120,United Kingdom
INV505202,TH-CAP,Logo Cap,1,2026-02-11 08:00,21.44,20582,United Kingdom
INV500961,TH-CAP,Logo Cap,2,2025-06-19 17:00,19.6,20105,United Kingdom
INV503708,TH-JEAN,Slim Fit Jeans,1,2025-07-31 10:00,34.28,20413,United Kingdom
INV502780,TH-SHOE,Canvas Sneakers,2,2025-11-04 19:00,51.72,20307,United Kingdom
INV502053,TH-TSHIRT,Cotton Crew T-Shirt,2,2026-06-24 08:00,17.4,20227,United Kingdom
INV501064,TH-JEAN,Slim Fit Jeans,3,2025-06-01 14:00,81.33,20115,United Kingdom
INV504653,TH-TSHIRT,Cotton Crew T-Shirt,1,2025-11-20 18:00,22.76,20522,United Kingdom
INV503065,TH-DRESS,Summer Dress,1,2025-08-13 20:00,75.47,20338,United Kingdom
INV500057,TH-SHIRT,Oxford Shirt,2,2026-05-30 10:00,54.25,20006,United Kingdom
INV501560,TH-SHOE,Canvas Sneakers,1,2025-12-16 09:00,67.24,20173,United Kingdom
INV505227,TH-DRESS,Summer Dress,1,2025-09-23 11:00,60.2,20585,United Kingdom
INV502039,TH-CAP,Logo Cap,2,2025-11-04 09:00,22.69,20226,United Kingdom
INV505886,TH-SHIRT,Oxford Shirt,2,2025-06-12 20:00,40.02,20662,United Kingdom
INV500830,TH-TSHIRT,Cotton Crew T-Shirt,3,2025-10-07 12:00,25.19,20092,United Kingdom
INV504976,TH-SHOE,Canvas Sneakers,1,2026-07-12 09:00,42.29,20558,United Kingdom
INV503012,TH-SHIRT,Oxford Shirt,3,2026-02-11 20:00,53.89,20334,United Kingdom
INV504252,TH-JACK,Denim Jacket,1,2025-12-21 18:00,108.38,20479,United Kingdom
INV503117,TH-SHIRT,Oxford Shirt,2,2026-02-03 14:00,49.43,20343,United Kingdom
INV502391,TH-JACK,Denim Jacket,1,2026-02-28 08:00,72.44,20262,United Kingdom
INV505069,TH-CAP,Logo Cap,1,2025-12-02 08:00,28.65,20568,United Kingdom
INV502462,TH-SHIRT,Oxford Shirt,2,2026-04-17 20:00,65.61,20271,United Kingdom
INV502349,TH-HOOD,Fleece Hoodie,1,2026-02-13 10:00,56.15,20258,United Kingdom
INV500343,TH-CAP,Logo Cap,3,2026-06-05 13:00,22.88,20040,United Kingdom
INV503083,TH-JACK,Denim Jacket,2,2026-05-31 12:00,109.85,20340,United Kingdom
INV504413,TH-SHOE,Canvas Sneakers,2,2025-12-20 11:00,33.75,20495,United Kingdom
INV506224,TH-JEAN,Slim Fit Jeans,3,2026-02-19 10:00,73.28,20694,United Kingdom
INV505343,TH-JACK,Denim Jacket,1,2026-06-12 19:00,89.15,20602,United Kingdom
INV501449,TH-DRESS,Summer Dress,1,2025-05-29 09:00,64.18,20161,United Kingdom
INV503091,TH-CAP,Logo Cap,1,2026-02-21 18:00,27.86,20340,United Kingdom
INV500895,TH-SHOE,Canvas Sneakers,3,2025-09-20 13:00,60.73,20099,United Kingdom
INV500132,TH-SHOE,Canvas Sneakers,3,2026-01-23 15:00,66.23,20017,United Kingdom
INV505902,TH-CAP,Logo Cap,1,2025-05-23 16:00,14.27,20664,United Kingdom
INV502926,TH-SHIRT,Oxford Shirt,2,2025-12-05 14:00,30.93,20325,United Kingdom
INV504740,TH-DRESS,Summer Dress,1,2025-11-07 16:00,66.15,20533,United Kingdom
INV504583,TH-JEAN,Slim Fit Jeans,1,2025-07-19 16:00,47.95,20513,United Kingdom
INV504186,TH-JEAN,Slim Fit Jeans,2,2026-01-08 17:00,41.04,20471,United Kingdom
INV500306,TH-TSHIRT,Cotton Crew T-Shirt,1,2025-11-11 15:00,25.25,20036,United Kingdom
INV500027,TH-JEAN,Slim Fit Jeans,1,2026-05-15 14:00,48.49,20004,United Kingdom
INV502049,TH-TSHIRT,Cotton Crew T-Shirt,2,2026-05-17 20:00,16.58,20227,United Kingdom
INV505780,TH-TSHIRT,Cotton Crew T-Shirt,1,2026-05-27 16:00,12.91,20651,United Kingdom
INV502228,TH-CAP,Logo Cap,2,2025-05-18 08:00,20.76,20246,United Kingdom
INV505694,TH-JEAN,Slim Fit Jeans,1,2025-12-20 10:00,57.3,20642,United Kingdom
INV503738,TH-SHIRT,Oxford Shirt,1,2025-12-29 16:00,26.65,20418,United Kingdom
INV500598,TH-TSHIRT,Cotton Crew T-Shirt,2,2026-03-27 19:00,15.89,20067,United Kingdom
INV500530,TH-JACK,Denim Jacket,2,2025-11-13 10:00,117.86,20061,United Kingdom
INV501830,TH-DRESS,Summer Dress,3,2025-12-29 14:00,77.77,20203,United Kingdom
INV501054,TH-TSHIRT,Cotton Crew T-Shirt,3,2026-01-11 19:00,19.58,20114,United Kingdom
INV502003,TH-SHOE,Canvas Sneakers,1,2025-11-03 11:00,71.73,20223,United Kingdom
INV504236,TH-SHOE,Canvas Sneakers,1,2025-06-11 09:00,46.55,20477,United Kingdom
INV500202,TH-JACK,Denim Jacket,1,2026-04-18 09:00,46.78,20024,United Kingdom
INV500972,TH-DRESS,Summer Dress,1,2026-01-26 11:00,76.09,20106,United Kingdom
INV501503,TH-SHOE,Canvas Sneakers,2,2026-05-17 13:00,64.0,20167,United Kingdom
INV504109,TH-SHIRT,Oxford Shirt,3,2025-09-23 13:00,58.99,20462,United Kingdom
INV505413,TH-TSHIRT,Cotton Crew T-Shirt,3,2026-05-18 12:00,24.11,20610,United Kingdom
INV500768,TH-TSHIRT,Cotton Crew T-Shirt,2,2025-07-21 10:00,23.82,20085,United Kingdom
INV501626,TH-JACK,Denim Jacket,2,2025-10-14 11:00,91.82,20180,United Kingdom
INV501563,TH-TSHIRT,Cotton Crew T-Shirt,3,2025-05-31 18:00,21.93,20173,United Kingdom
INV504235,TH-SHIRT,Oxford Shirt,1,2026-01-22 15:00,37.67,20477,United Kingdom
INV502723,TH-TSHIRT,Cotton Crew T-Shirt,2,2025-06-03 20:00,25.27,20300,United Kingdom
INV501863,TH-JACK,Denim Jacket,2,2026-03-09 19:00,98.79,20207,United Kingdom
INV504539,TH-JACK,Denim Jacket,1,2026-05-18 08:00,78.51,20508,United Kingdom
INV506197,TH-DRESS,Summer Dress,2,2026-03-09 08:00,43.24,20692,United Kingdom
INV500889,TH-TSHIRT,Cotton Crew T-Shirt,3,2026-02-12 09:00,19.08,20099,United Kingdom
INV501546,TH-DRESS,Summer Dress,1,2026-05-03 15:00,110.29,20172,United Kingdom
INV500539,TH-TSHIRT,Cotton Crew T-Shirt,1,2026-05-19 13:00,29.54,20061,United Kingdom
INV505823,TH-SHOE,Canvas Sneakers,1,2025-11-16 18:00,72.48,20656,United Kingdom
INV501308,TH-TSHIRT,Cotton Crew T-Shirt,2,2026-07-10 10:00,11.46,20146,United Kingdom
INV503548,TH-HOOD,Fleece Hoodie,1,2025-12-20 17:00,42.19,20392,United Kingdom
INV504096,TH-HOOD,Fleece Hoodie,2,2025-10-05 15:00,65.11,20459,United Kingdom
INV502781,TH-DRESS,Summer Dress,2,2025-12-02 08:00,57.42,20307,United Kingdom
INV500027,TH-SHIRT,Oxford Shirt,1,2026-05-15 14:00,38.14,20004,United Kingdom
INV501310,TH-JACK,Denim Jacket,2,2026-04-15 09:00,75.58,20147,United Kingdom
INV504153,TH-TSHIRT,Cotton Crew T-Shirt,1,2026-04-14 12:00,11.71,20466,United Kingdom
INV501771,TH-HOOD,Fleece Hoodie,3,2025-06-14 13:00,69.63,20198,United Kingdom
INV505572,TH-TSHIRT,Cotton Crew T-Shirt,1,2025-11-27 11:00,11.84,20628,United Kingdom
INV503332,TH-DRESS,Summer Dress,2,2026-05-10 20:00,52.48,20368,United Kingdom
INV504183,TH-JEAN,Slim Fit Jeans,2,2025-06-11 08:00,80.72,20470,United Kingdom
INV504360,TH-DRESS,Summer Dress,3,2026-02-11 09:00,98.95,20489,United Kingdom
INV503283,TH-JACK,Denim Jacket,1,2026-05-31 16:00,72.23,20364,United Kingdom
INV502081,TH-DRESS,Summer Dress,2,2026-07-01 19:00,53.46,20231,United Kingdom
INV500320,TH-JEAN,Slim Fit Jeans,3,2025-12-26 19:00,68.54,20037,United Kingdom
INV505937,TH-JACK,Denim Jacket,2,2025-10-05 20:00,98.72,20668,United Kingdom
INV503168,TH-JEAN,Slim Fit Jeans,2,2025-05-16 13:00,83.7,20348,United Kingdom
INV500465,TH-SHIRT,Oxford Shirt,2,2025-10-26 18:00,43.99,20053,United Kingdom
INV501255,TH-JACK,Denim Jacket,2,2026-04-22 15:00,104.86,20141,United Kingdom
INV500123,TH-JEAN,Slim Fit Jeans,2,2026-03-21 11:00,42.74,20016,United Kingdom
INV501130,TH-SHOE,Canvas Sneakers,2,2025-08-15 11:00,78.44,20126,United Kingdom
INV503847,TH-JACK,Denim Jacket,2,2025-07-19 11:00,42.87,20432,United Kingdom
INV503949,TH-CAP,Logo Cap,2,2025-08-17 18:00,29.86,20443,United Kingdom
INV501674,TH-JACK,Denim Jacket,1,2026-06-05 08:00,104.67,20186,United Kingdom
INV505086,TH-JEAN,Slim Fit Jeans,1,2026-06-28 19:00,83.3,20570,United Kingdom
INV504000,TH-JEAN,Slim Fit Jeans,1,2026-01-18 18:00,57.76,20447,United Kingdom
INV502142,TH-JEAN,Slim Fit Jeans,3,2026-05-12 19:00,70.09,20236,United Kingdom
INV501420,TH-JEAN,Slim Fit Jeans,2,2026-01-16 17:00,73.26,20159,United Kingdom
INV505490,TH-CAP,Logo Cap,3,2025-12-07 17:00,20.16,20617,United Kingdom
INV503868,TH-JACK,Denim Jacket,1,2025-11-24 15:00,109.8,20434,United Kingdom
INV501610,TH-SHIRT,Oxford Shirt,1,2026-04-18 15:00,29.55,20178,United Kingdom
INV502123,TH-DRESS,Summer Dress,1,2026-02-25 08:00,94.43,20234,United Kingdom
INV504384,TH-SHOE,Canvas Sneakers,1,2025-08-28 09:00,76.58,20491,United Kingdom
INV504022,TH-DRESS,Summer Dress,1,2026-06-29 08:00,59.53,20449,United Kingdom
INV502651,TH-SHOE,Canvas Sneakers,1,2026-05-10 10:00,55.2,20292,United Kingdom
INV506062,TH-SHIRT,Oxford Shirt,3,2025-05-22 18:00,52.64,20681,United Kingdom
INV502222,TH-SHOE,Canvas Sneakers,2,2026-02-13 20:00,58.44,20246,United Kingdom
INV502265,TH-TSHIRT,Cotton Crew T-Shirt,2,2025-10-18 15:00,25.94,20251,United Kingdom
INV502065,TH-HOOD,Fleece Hoodie,1,2025-12-24 13:00,49.93,20229,United Kingdom
INV501692,TH-SHOE,Canvas Sneakers,2,2025-10-13 13:00,27.38,20189,United Kingdom
INV504181,TH-SHOE,Canvas Sneakers,1,2026-03-15 17:00,67.92,20470,United Kingdom
INV500937,TH-TSHIRT,Cotton Crew T-Shirt,2,2025-06-07 15:00,20.86,20102,United Kingdom
INV504364,TH-SHOE,Canvas Sneakers,1,2025-06-19 16:00,81.25,20489,United Kingdom
INV500970,TH-HOOD,Fleece Hoodie,1,2025-11-13 15:00,46.05,20106,United Kingdom
INV501197,TH-DRESS,Summer Dress,2,2025-08-24 13:00,65.66,20133,United Kingdom
INV501912,TH-TSHIRT,Cotton Crew T-Shirt,2,2025-08-12 15:00,17.04,20213,United Kingdom
INV502145,TH-SHIRT,Oxford Shirt,1,2025-05-14 12:00,55.2,20236,United Kingdom
INV501123,TH-DRESS,Summer Dress,1,2026-02-28 20:00,36.27,20124,United Kingdom
INV506168,TH-HOOD,Fleece Hoodie,2,2025-08-07 20:00,58.03,20689,United Kingdom
INV503525,TH-DRESS,Summer Dress,1,2025-12-02 12:00,70.98,20388,United Kingdom
INV502613,TH-HOOD,Fleece Hoodie,2,2026-04-07 16:00,65.46,20289,United Kingdom
INV500899,TH-HOOD,Fleece Hoodie,1,2026-04-20 11:00,69.25,20100,United Kingdom
INV500782,TH-DRESS,Summer Dress,2,2026-03-31 13:00,72.13,20086,United Kingdom
INV501585,TH-JACK,Denim Jacket,2,2026-03-02 15:00,71.18,20176,United Kingdom
INV501521,TH-CAP,Logo Cap,2,2025-12-22 20:00,13.32,20169,United Kingdom
INV502901,TH-HOOD,Fleece Hoodie,1,2025-11-13 18:00,34.29,20321,United Kingdom
INV504871,TH-SHOE,Canvas Sneakers,1,2025-11-25 11:00,55.54,20545,United Kingdom
INV506047,TH-CAP,Logo Cap,2,2026-03-16 13:00,28.11,20678,United Kingdom
INV500067,TH-JEAN,Slim Fit Jeans,2,2025-08-26 09:00,42.61,20008,United Kingdom
INV504296,TH-CAP,Logo Cap,2,2025-06-30 08:00,28.19,20484,United Kingdom
INV500716,TH-DRESS,Summer Dress,2,2026-04-02 18:00,75.82,20080,United Kingdom
INV504435,TH-CAP,Logo Cap,2,2025-12-31 12:00,11.2,20497,United Kingdom
INV500988,TH-CAP,Logo Cap,2,2025-09-03 09:00,19.1,20108,United Kingdom
INV504741,TH-HOOD,Fleece Hoodie,1,2026-03-30 12:00,45.66,20533,United Kingdom
INV503851,TH-TSHIRT,Cotton Crew T-Shirt,1,2026-06-02 20:00,19.61,20433,United Kingdom
INV504729,TH-JEAN,Slim Fit Jeans,2,2025-05-23 12:00,83.51,20532,United Kingdom
INV504081,TH-SHIRT,Oxford Shirt,2,2025-12-23 16:00,18.02,20457,United Kingdom
INV502324,TH-TSHIRT,Cotton Crew T-Shirt,2,2025-12-10 09:00,18.9,20256,United Kingdom
INV500296,TH-SHOE,Canvas Sneakers,2,2025-05-31 16:00,57.11,20035,United Kingdom
INV502294,TH-DRESS,Summer Dress,1,2025-07-24 19:00,71.46,20253,United Kingdom
INV504945,TH-HOOD,Fleece Hoodie,2,2025-11-19 19:00,40.04,20553,United Kingdom
INV504748,TH-SHIRT,Oxford Shirt,1,2025-08-19 20:00,31.49,20534,United Kingdom
INV500397,TH-HOOD,Fleece Hoodie,1,2025-05-31 18:00,37.73,20047,United Kingdom
INV504116,TH-JEAN,Slim Fit Jeans,2,2026-01-25 15:00,88.79,20462,United Kingdom
INV500318,TH-CAP,Logo Cap,2,2026-02-24 17:00,22.14,20037,United Kingdom
INV504494,TH-HOOD,Fleece Hoodie,3,2026-03-30 15:00,76.6,20504,United Kingdom
INV504389,TH-CAP,Logo Cap,2,2026-01-12 17:00,29.58,20491,United Kingdom
INV500048,TH-JACK,Denim Jacket,2,2025-08-16 16:00,95.75,20006,United Kingdom
INV504100,TH-DRESS,Summer Dress,2,2026-02-08 18:00,58.49,20460,United Kingdom
INV503526,TH-HOOD,Fleece Hoodie,1,2026-05-25 19:00,52.44,20388,United Kingdom
INV502223,TH-HOOD,Fleece Hoodie,2,2026-03-19 13:00,51.72,20246,United Kingdom
INV505610,TH-TSHIRT,Cotton Crew T-Shirt,2,2025-06-25 11:00,24.98,20633,United Kingdom
INV503305,TH-CAP,Logo Cap,2,2025-05-30 13:00,18.8,20366,United Kingdom
INV504388,TH-JEAN,Slim Fit Jeans,3,2026-05-06 09:00,83.03,20491,United Kingdom
INV501279,TH-SHOE,Canvas Sneakers,1,2025-06-01 10:00,70.64,20143,United Kingdom
INV501049,TH-SHOE,Canvas Sneakers,2,2026-05-17 20:00,58.54,20113,United Kingdom
INV500472,TH-JACK,Denim Jacket,2,2025-09-16 18:00,92.47,20054,United Kingdom
INV501736,TH-TSHIRT,Cotton Crew T-Shirt,3,2026-01-07 14:00,23.46,20194,United Kingdom
INV500562,TH-SHOE,Canvas Sneakers,2,2025-09-04 08:00,53.36,20063,United Kingdom
INV503712,TH-JEAN,Slim Fit Jeans,1,2026-03-03 17:00,86.25,20414,United Kingdom
INV504305,TH-JACK,Denim Jacket,3,2026-02-03 20:00,113.07,20484,United Kingdom
INV500125,TH-DRESS,Summer Dress,2,2025-10-23 09:00,50.44,20016,United Kingdom
INV501517,TH-JACK,Denim Jacket,2,2026-01-19 08:00,61.66,20168,United Kingdom
INV501304,TH-SHIRT,Oxford Shirt,2,2026-04-27 16:00,30.06,20145,United Kingdom
INV503129,TH-SHIRT,Oxford Shirt,1,2025-05-29 18:00,51.71,20344,United Kingdom
INV504995,TH-CAP,Logo Cap,2,2026-01-16 09:00,24.71,20561,United Kingdom
INV500608,TH-CAP,Logo Cap,3,2026-03-15 16:00,30.75,20069,United Kingdom
INV505530,TH-TSHIRT,Cotton Crew T-Shirt,1,2025-10-01 14:00,10.23,20622,United Kingdom
INV502721,TH-SHIRT,Oxford Shirt,2,2026-04-04 16:00,53.27,20300,United Kingdom
INV501814,TH-DRESS,Summer Dress,1,2026-06-05 19:00,85.73,20202,United Kingdom
INV506043,TH-SHOE,Canvas Sneakers,2,2026-01-11 09:00,83.55,20678,United Kingdom
INV502711,TH-JEAN,Slim Fit Jeans,2,2025-05-28 10:00,73.8,20298,United Kingdom
INV501010,TH-SHOE,Canvas Sneakers,2,2026-07-04 15:00,55.91,20110,United Kingdom
INV500833,TH-SHIRT,Oxford Shirt,2,2025-06-02 09:00,60.22,20092,United Kingdom
INV504327,TH-SHOE,Canvas Sneakers,1,2026-06-25 18:00,70.76,20486,United Kingdom
INV504843,TH-CAP,Logo Cap,3,2025-10-05 09:00,25.29,20543,United Kingdom
INV501971,TH-JEAN,Slim Fit Jeans,1,2025-05-18 19:00,75.4,20219,United Kingdom
INV502280,TH-SHIRT,Oxford Shirt,2,2025-07-22 12:00,42.98,20252,United Kingdom
INV504001,TH-HOOD,Fleece Hoodie,1,2026-07-05 08:00,44.07,20447,United Kingdom
INV502862,TH-SHOE,Canvas Sneakers,3,2025-10-07 08:00,68.62,20315,United Kingdom
INV504418,TH-HOOD,Fleece Hoodie,1,2026-06-26 14:00,28.59,20495,United Kingdom
INV503071,TH-SHOE,Canvas Sneakers,1,2026-02-20 14:00,68.12,20338,United Kingdom
INV501241,TH-SHIRT,Oxford Shirt,2,2026-01-16 17:00,22.62,20140,United Kingdom
INV502495,TH-JEAN,Slim Fit Jeans,2,2026-04-05 13:00,75.09,20274,United Kingdom
INV502561,TH-DRESS,Summer Dress,1,2025-09-30 12:00,66.44,20282,United Kingdom
INV504579,TH-SHOE,Canvas Sneakers,1,2025-05-27 18:00,40.91,20513,United Kingdom
INV500912,TH-SHOE,Canvas Sneakers,1,2026-02-15 09:00,74.96,20100,United Kingdom
INV500429,TH-SHIRT,Oxford Shirt,2,2025-08-08 12:00,56.41,20051,United Kingdom
INV504030,TH-DRESS,Summer Dress,1,2025-07-27 10:00,75.41,20450,United Kingdom
INV505405,TH-JEAN,Slim Fit Jeans,3,2025-11-01 17:00,62.98,20609,United Kingdom
INV505880,TH-HOOD,Fleece Hoodie,1,2025-09-15 15:00,26.16,20661,United Kingdom
INV505025,TH-SHIRT,Oxford Shirt,1,2025-09-24 20:00,50.32,20564,United Kingdom
INV501482,TH-SHOE,Canvas Sneakers,1,2026-04-13 15:00,49.9,20165,United Kingdom
INV505070,TH-TSHIRT,Cotton Crew T-Shirt,2,2026-03-09 11:00,27.23,20568,United Kingdom
INV503667,TH-TSHIRT,Cotton Crew T-Shirt,3,2025-10-09 20:00,24.05,20407,United Kingdom
INV500986,TH-DRESS,Summer Dress,2,2026-07-14 17:00,60.57,20108,United Kingdom
INV505539,TH-JEAN,Slim Fit Jeans,3,2025-10-03 17:00,75.61,20624,United Kingdom
INV501031,TH-CAP,Logo Cap,2,2025-10-07 14:00,24.56,20112,United Kingdom
INV500161,TH-JACK,Denim Jacket,2,2026-07-10 16:00,90.83,20020,United Kingdom
INV500433,TH-DRESS,Summer Dress,3,2025-11-05 17:00,107.2,20051,United Kingdom
INV500692,TH-CAP,Logo Cap,2,2026-06-14 12:00,21.44,20078,United Kingdom
INV504361,TH-SHOE,Canvas Sneakers,1,2025-05-27 17:00,79.4,20489,United Kingdom
INV502520,TH-SHOE,Canvas Sneakers,1,2026-07-14 20:00,55.46,20278,United Kingdom
INV504864,TH-SHOE,Canvas Sneakers,1,2026-01-20 20:00,55.35,20544,United Kingdom
INV500431,TH-CAP,Logo Cap,1,2025-08-31 18:00,30.51,20051,United Kingdom
INV502498,TH-HOOD,Fleece Hoodie,2,2025-05-12 16:00,36.81,20276,United Kingdom
INV504964,TH-CAP,Logo Cap,1,2026-05-30 08:00,18.02,20556,United Kingdom
INV501708,TH-TSHIRT,Cotton Crew T-Shirt,1,2026-02-07 12:00,26.67,20192,United Kingdom
INV505560,TH-DRESS,Summer Dress,1,2026-02-03 19:00,84.47,20626,United Kingdom
INV503373,TH-SHIRT,Oxford Shirt,1,2025-06-17 12:00,31.43,20373,United Kingdom
INV504880,TH-HOOD,Fleece Hoodie,2,2026-01-05 17:00,41.17,20546,United Kingdom
INV505259,TH-CAP,Logo Cap,2,2026-03-25 11:00,12.29,20589,United Kingdom
INV500674,TH-JEAN,Slim Fit Jeans,2,2026-05-21 17:00,67.88,20076,United Kingdom
INV504836,TH-CAP,Logo Cap,3,2025-07-07 13:00,23.84,20542,United Kingdom
INV504313,TH-TSHIRT,Cotton Crew T-Shirt,2,2026-02-24 19:00,19.59,20485,United Kingdom
INV500758,TH-TSHIRT,Cotton Crew T-Shirt,3,2025-08-12 10:00,28.14,20083,United Kingdom
INV505335,TH-JACK,Denim Jacket,2,2026-07-05 18:00,88.9,20600,United Kingdom
INV500139,TH-HOOD,Fleece Hoodie,2,2026-02-25 13:00,49.68,20018,United Kingdom
INV502445,TH-DRESS,Summer Dress,2,2026-03-19 09:00,50.21,20269,United Kingdom
INV503670,TH-JEAN,Slim Fit Jeans,3,2026-01-20 14:00,78.19,20407,United Kingdom
INV503110,TH-TSHIRT,Cotton Crew T-Shirt,3,2025-06-10 10:00,20.53,20343,United Kingdom
INV504903,TH-JACK,Denim Jacket,2,2025-09-20 18:00,89.08,20548,United Kingdom
INV503681,TH-SHIRT,Oxford Shirt,1,2025-05-15 09:00,44.57,20409,United Kingdom
INV500758,TH-JACK,Denim Jacket,2,2025-08-12 10:00,127.39,20083,United Kingdom
INV504817,TH-JACK,Denim Jacket,2,2026-07-12 20:00,93.38,20541,United Kingdom
INV502779,TH-JACK,Denim Jacket,2,2026-03-15 20:00,81.23,20307,United Kingdom
INV501826,TH-JACK,Denim Jacket,1,2025-09-02 09:00,99.79,20202,United Kingdom
INV502919,TH-HOOD,Fleece Hoodie,2,2025-06-22 10:00,36.41,20324,United Kingdom
INV500469,TH-SHOE,Canvas Sneakers,2,2026-04-04 19:00,58.05,20054,United Kingdom
INV502885,TH-JEAN,Slim Fit Jeans,3,2026-04-30 17:00,72.74,20318,United Kingdom
INV501819,TH-DRESS,Summer Dress,3,2025-10-09 08:00,90.85,20202,United Kingdom
INV502175,TH-DRESS,Summer Dress,2,2026-06-08 13:00,62.51,20240,United Kingdom
INV506096,TH-SHOE,Canvas Sneakers,1,2026-07-10 13:00,72.96,20683,United Kingdom
INV500881,TH-CAP,Logo Cap,1,2025-07-30 18:00,21.14,20097,United Kingdom
INV505988,TH-SHIRT,Oxford Shirt,2,2025-12-11 19:00,56.99,20673,United Kingdom
INV501867,TH-DRESS,Summer Dress,1,2025-06-20 20:00,62.86,20208,United Kingdom
INV504059,TH-TSHIRT,Cotton Crew T-Shirt,1,2025-11-24 11:00,20.57,20454,United Kingdom
INV503861,TH-SHOE,Canvas Sneakers,2,2026-07-04 13:00,60.67,20433,United Kingdom
INV502796,TH-CAP,Logo Cap,2,2026-01-28 20:00,21.94,20309,United Kingdom
INV501173,TH-TSHIRT,Cotton Crew T-Shirt,2,2026-03-12 18:00,23.91,20131,United Kingdom
INV503564,TH-DRESS,Summer Dress,1,2025-11-17 15:00,98.71,20394,United Kingdom
INV500858,TH-TSHIRT,Cotton Crew T-Shirt,2,2025-06-17 17:00,20.94,20095,United Kingdom
INV504387,TH-HOOD,Fleece Hoodie,3,2025-08-15 15:00,76.13,20491,United Kingdom
INV504719,TH-JEAN,Slim Fit Jeans,2,2026-03-27 11:00,33.79,20531,United Kingdom
INV501278,TH-TSHIRT,Cotton Crew T-Shirt,1,2026-06-09 08:00,23.82,20143,United Kingdom
INV503980,TH-DRESS,Summer Dress,1,2025-08-08 09:00,55.67,20445,United Kingdom
INV502349,TH-JEAN,Slim Fit Jeans,3,2026-02-13 10:00,71.84,20258,United Kingdom
INV501170,TH-SHIRT,Oxford Shirt,1,2026-02-26 17:00,29.21,20130,United Kingdom
INV500992,TH-DRESS,Summer Dress,2,2025-08-14 11:00,57.05,20108,United Kingdom
INV503493,TH-SHIRT,Oxford Shirt,1,2026-04-29 13:00,49.33,20385,United Kingdom
INV504359,TH-CAP,Logo Cap,2,2026-03-04 17:00,28.59,20489,United Kingdom
INV505738,TH-JACK,Denim Jacket,2,2025-12-28 14:00,87.9,20646,United Kingdom
INV500079,TH-JACK,Denim Jacket,2,2025-12-08 14:00,84.96,20011,United Kingdom
INV503726,TH-JEAN,Slim Fit Jeans,1,2025-08-13 15:00,54.81,20415,United Kingdom
INV504855,TH-SHIRT,Oxford Shirt,2,2026-07-13 09:00,51.28,20543,United Kingdom
INV505934,TH-TSHIRT,Cotton Crew T-Shirt,3,2025-11-01 14:00,24.24,20668,United Kingdom
INV500138,TH-TSHIRT,Cotton Crew T-Shirt,1,2025-07-17 15:00,16.92,20018,United Kingdom
INV502141,TH-DRESS,Summer Dress,1,2026-04-04 14:00,77.5,20236,United Kingdom
INV502612,TH-TSHIRT,Cotton Crew T-Shirt,2,2026-02-14 12:00,23.13,20289,United Kingdom
INV500865,TH-JEAN,Slim Fit Jeans,2,2025-08-17 08:00,71.31,20095,United Kingdom
INV505418,TH-JACK,Denim Jacket,3,2025-08-29 11:00,107.39,20610,United Kingdom
INV505396,TH-TSHIRT,Cotton Crew T-Shirt,1,2025-09-27 12:00,16.13,20608,United Kingdom
INV505440,TH-JEAN,Slim Fit Jeans,3,2025-08-31 17:00,70.53,20612,United Kingdom
INV500678,TH-CAP,Logo Cap,2,2025-08-12 11:00,20.51,20076,United Kingdom
INV501492,TH-JACK,Denim Jacket,2,2026-05-20 11:00,108.49,20166,United Kingdom
INV501745,TH-JACK,Denim Jacket,1,2026-05-31 20:00,69.73,20195,United Kingdom
INV500465,TH-HOOD,Fleece Hoodie,2,2025-10-26 18:00,46.96,20053,United Kingdom
INV504799,TH-JEAN,Slim Fit Jeans,1,2025-06-21 20:00,80.65,20539,United Kingdom
INV501413,TH-JACK,Denim Jacket,2,2025-08-19 19:00,67.13,20158,United Kingdom
INV501893,TH-HOOD,Fleece Hoodie,2,2026-03-06 16:00,47.97,20211,United Kingdom
INV503836,TH-JEAN,Slim Fit Jeans,3,2025-06-26 14:00,76.35,20431,United Kingdom
INV502786,TH-CAP,Logo Cap,1,2025-09-23 14:00,17.69,20307,United Kingdom
INV502658,TH-TSHIRT,Cotton Crew T-Shirt,2,2025-11-04 14:00,17.04,20292,United Kingdom
INV500449,TH-DRESS,Summer Dress,2,2025-11-23 20:00,104.35,20052,United Kingdom
INV504371,TH-JACK,Denim Jacket,1,2026-06-01 16:00,79.25,20490,United Kingdom
INV504959,TH-SHOE,Canvas Sneakers,2,2025-10-24 09:00,45.83,20555,United Kingdom
INV504390,TH-SHIRT,Oxford Shirt,3,2025-10-03 08:00,57.22,20491,United Kingdom
INV501738,TH-JACK,Denim Jacket,1,2025-10-15 18:00,104.49,20194,United Kingdom
INV503199,TH-CAP,Logo Cap,1,2026-01-10 09:00,22.66,20353,United Kingdom
INV504966,TH-DRESS,Summer Dress,2,2025-07-06 08:00,62.38,20556,United Kingdom
INV500782,TH-SHIRT,Oxford Shirt,1,2026-03-31 13:00,45.57,20086,United Kingdom
INV503592,TH-JACK,Denim Jacket,2,2025-08-05 15:00,55.67,20397,United Kingdom
INV505069,TH-DRESS,Summer Dress,3,2025-12-02 08:00,105.28,20568,United Kingdom
INV505312,TH-SHOE,Canvas Sneakers,2,2025-10-31 11:00,39.19,20597,United Kingdom
INV505093,TH-JACK,Denim Jacket,2,2025-05-30 12:00,106.42,20570,United Kingdom
INV503279,TH-JACK,Denim Jacket,1,2025-06-08 19:00,75.87,20362,United Kingdom
INV501510,TH-JEAN,Slim Fit Jeans,1,2025-06-03 18:00,73.05,20167,United Kingdom
INV501954,TH-CAP,Logo Cap,3,2025-10-22 16:00,23.02,20218,United Kingdom
INV505944,TH-JEAN,Slim Fit Jeans,2,2026-05-25 16:00,72.61,20668,United Kingdom
INV504725,TH-JACK,Denim Jacket,2,2026-06-22 09:00,102.48,20532,United Kingdom
INV504497,TH-SHOE,Canvas Sneakers,1,2026-07-10 11:00,77.51,20504,United Kingdom
INV501660,TH-HOOD,Fleece Hoodie,1,2025-09-04 13:00,47.66,20184,United Kingdom
INV501811,TH-CAP,Logo Cap,2,2025-07-28 19:00,25.45,20202,United Kingdom
INV501352,TH-DRESS,Summer Dress,2,2025-09-10 19:00,94.76,20150,United Kingdom
INV502297,TH-SHOE,Canvas Sneakers,2,2025-06-30 20:00,60.33,20253,United Kingdom
INV501519,TH-HOOD,Fleece Hoodie,1,2025-06-30 16:00,32.46,20169,United Kingdom
INV503059,TH-DRESS,Summer Dress,2,2026-02-08 12:00,84.38,20337,United Kingdom
INV501634,TH-SHIRT,Oxford Shirt,2,2025-06-11 14:00,37.27,20181,United Kingdom
INV503340,TH-JEAN,Slim Fit Jeans,1,2025-09-22 08:00,59.45,20369,United Kingdom
INV501260,TH-DRESS,Summer Dress,2,2025-08-17 15:00,98.93,20142,United Kingdom
INV502828,TH-JEAN,Slim Fit Jeans,1,2026-03-01 15:00,61.61,20312,United Kingdom
INV502737,TH-HOOD,Fleece Hoodie,2,2025-09-15 14:00,58.02,20301,United Kingdom
INV502018,TH-JACK,Denim Jacket,2,2026-06-27 17:00,70.66,20224,United Kingdom
INV504406,TH-TSHIRT,Cotton Crew T-Shirt,1,2026-05-20 10:00,14.79,20493,United Kingdom
INV501701,TH-CAP,Logo Cap,2,2025-10-02 10:00,22.24,20191,United Kingdom
INV503219,TH-SHOE,Canvas Sneakers,2,2026-05-31 10:00,47.48,20355,United Kingdom
INV501764,TH-CAP,Logo Cap,2,2026-02-21 19:00,27.02,20196,United Kingdom
INV500688,TH-JEAN,Slim Fit Jeans,2,2026-06-23 12:00,58.7,20077,United Kingdom
INV503570,TH-HOOD,Fleece Hoodie,2,2026-01-10 18:00,59.26,20394,United Kingdom
INV501819,TH-CAP,Logo Cap,3,2025-10-09 08:00,23.86,20202,United Kingdom
INV503258,TH-JACK,Denim Jacket,1,2025-09-06 11:00,94.07,20360,United Kingdom
INV503736,TH-TSHIRT,Cotton Crew T-Shirt,1,2025-10-07 14:00,11.23,20418,United Kingdom
INV500153,TH-HOOD,Fleece Hoodie,1,2026-04-30 18:00,33.45,20019,United Kingdom
INV502129,TH-JEAN,Slim Fit Jeans,2,2026-02-11 13:00,83.94,20234,United Kingdom
INV501781,TH-SHIRT,Oxford Shirt,2,2025-09-22 13:00,63.43,20198,United Kingdom
INV504208,TH-JACK,Denim Jacket,3,2025-12-26 17:00,108.27,20474,United Kingdom
INV504493,TH-JACK,Denim Jacket,2,2026-04-16 18:00,131.82,20504,United Kingdom
INV500012,TH-DRESS,Summer Dress,1,2025-09-14 14:00,66.55,20002,United Kingdom
INV502811,TH-HOOD,Fleece Hoodie,1,2025-12-18 13:00,71.65,20310,United Kingdom
INV503630,TH-DRESS,Summer Dress,1,2026-06-21 19:00,58.22,20402,United Kingdom
INV500501,TH-TSHIRT,Cotton Crew T-Shirt,1,2025-08-24 08:00,21.9,20058,United Kingdom
INV504499,TH-HOOD,Fleece Hoodie,3,2025-11-11 18:00,75.8,20504,United Kingdom
INV504169,TH-SHIRT,Oxford Shirt,1,2025-10-26 08:00,37.82,20469,United Kingdom
INV504116,TH-JEAN,Slim Fit Jeans,3,2026-01-25 15:00,91.03,20462,United Kingdom
INV503216,TH-CAP,Logo Cap,1,2026-07-06 10:00,18.01,20355,United Kingdom
INV505671,TH-HOOD,Fleece Hoodie,3,2025-09-07 17:00,62.9,20640,United Kingdom
INV501791,TH-CAP,Logo Cap,3,2025-09-15 13:00,20.92,20199,United Kingdom
INV500187,TH-CAP,Logo Cap,3,2026-01-05 19:00,27.37,20022,United Kingdom
INV505021,TH-DRESS,Summer Dress,1,2025-12-20 20:00,94.24,20564,United Kingdom
INV504575,TH-JACK,Denim Jacket,1,2026-06-26 19:00,117.65,20512,United Kingdom
INV501508,TH-TSHIRT,Cotton Crew T-Shirt,2,2025-08-18 19:00,22.72,20167,United Kingdom
INV500566,TH-CAP,Logo Cap,1,2026-06-22 08:00,23.01,20064,United Kingdom
INV503054,TH-JEAN,Slim Fit Jeans,3,2025-08-04 08:00,86.94,20337,United Kingdom
INV500172,TH-SHIRT,Oxford Shirt,3,2025-12-11 11:00,56.77,20021,United Kingdom
INV500923,TH-SHIRT,Oxford Shirt,1,2026-01-08 17:00,50.39,20101,United Kingdom
INV504670,TH-SHOE,Canvas Sneakers,2,2026-03-25 13:00,56.72,20524,United Kingdom
INV502631,TH-CAP,Logo Cap,3,2026-06-12 13:00,26.12,20290,United Kingdom
INV504449,TH-TSHIRT,Cotton Crew T-Shirt,1,2025-10-29 13:00,18.46,20498,United Kingdom
INV501512,TH-HOOD,Fleece Hoodie,2,2026-01-29 10:00,56.71,20167,United Kingdom
INV500595,TH-SHIRT,Oxford Shirt,2,2025-08-20 17:00,35.66,20067,United Kingdom
INV500806,TH-JEAN,Slim Fit Jeans,2,2026-04-01 18:00,51.71,20089,United Kingdom
INV504248,TH-HOOD,Fleece Hoodie,2,2026-05-25 09:00,64.58,20479,United Kingdom
INV501885,TH-SHIRT,Oxford Shirt,2,2026-01-08 11:00,27.32,20210,United Kingdom
INV503820,TH-SHIRT,Oxford Shirt,2,2026-01-24 18:00,43.36,20429,United Kingdom
INV504487,TH-SHOE,Canvas Sneakers,2,2025-09-22 20:00,55.87,20503,United Kingdom
INV500828,TH-JACK,Denim Jacket,1,2025-11-11 19:00,103.73,20092,United Kingdom
INV500050,TH-HOOD,Fleece Hoodie,3,2025-06-07 10:00,62.65,20006,United Kingdom
INV503600,TH-SHIRT,Oxford Shirt,1,2026-03-23 17:00,48.31,20399,United Kingdom
INV503647,TH-CAP,Logo Cap,1,2025-05-16 20:00,24.53,20405,United Kingdom
INV503945,TH-SHOE,Canvas Sneakers,1,2026-01-15 20:00,74.87,20442,United Kingdom
INV503079,TH-CAP,Logo Cap,3,2026-04-15 12:00,24.74,20340,United Kingdom
INV502273,TH-DRESS,Summer Dress,1,2026-02-13 13:00,86.06,20251,United Kingdom
INV505081,TH-JACK,Denim Jacket,1,2026-03-30 13:00,81.71,20569,United Kingdom
INV505600,TH-JEAN,Slim Fit Jeans,2,2026-05-11 10:00,77.46,20631,United Kingdom
INV501063,TH-SHOE,Canvas Sneakers,1,2026-01-10 13:00,73.77,20115,United Kingdom
INV504649,TH-HOOD,Fleece Hoodie,3,2026-03-08 17:00,64.92,20522,United Kingdom
INV502792,TH-SHIRT,Oxford Shirt,2,2025-06-06 12:00,23.14,20308,United Kingdom
INV502726,TH-JACK,Denim Jacket,2,2025-12-24 08:00,106.05,20300,United Kingdom
INV502495,TH-CAP,Logo Cap,1,2026-04-05 13:00,21.76,20274,United Kingdom
INV502709,TH-TSHIRT,Cotton Crew T-Shirt,2,2025-10-10 10:00,22.5,20298,United Kingdom
INV501189,TH-HOOD,Fleece Hoodie,1,2026-05-26 15:00,30.65,20132,United Kingdom
INV501359,TH-SHOE,Canvas Sneakers,2,2025-05-28 19:00,41.11,20151,United Kingdom
INV500911,TH-JEAN,Slim Fit Jeans,2,2025-12-10 18:00,93.65,20100,United Kingdom
INV503665,TH-DRESS,Summer Dress,2,2026-01-28 10:00,99.01,20407,United Kingdom
INV501638,TH-CAP,Logo Cap,2,2025-10-03 14:00,19.18,20182,United Kingdom
INV502830,TH-JEAN,Slim Fit Jeans,1,2026-01-28 19:00,58.79,20312,United Kingdom
INV500246,TH-JACK,Denim Jacket,1,2026-01-04 15:00,74.03,20030,United Kingdom
INV503625,TH-DRESS,Summer Dress,1,2026-01-31 09:00,66.99,20402,United Kingdom
INV504147,TH-JACK,Denim Jacket,1,2025-06-02 16:00,98.11,20465,United Kingdom
INV504085,TH-JACK,Denim Jacket,3,2026-03-26 19:00,108.56,20459,United Kingdom
INV505571,TH-JACK,Denim Jacket,1,2025-12-18 13:00,82.28,20627,United Kingdom
INV505331,TH-SHIRT,Oxford Shirt,2,2026-06-08 15:00,46.77,20600,United Kingdom
INV504224,TH-HOOD,Fleece Hoodie,2,2026-04-12 19:00,35.04,20476,United Kingdom
INV501985,TH-TSHIRT,Cotton Crew T-Shirt,2,2025-12-24 08:00,22.14,20220,United Kingdom
INV501035,TH-SHIRT,Oxford Shirt,1,2026-07-10 11:00,47.71,20112,United Kingdom
INV504874,TH-SHIRT,Oxford Shirt,2,2025-08-15 11:00,42.34,20545,United Kingdom
INV504091,TH-SHIRT,Oxford Shirt,2,2025-12-26 16:00,53.92,20459,United Kingdom
INV505301,TH-JEAN,Slim Fit Jeans,1,2025-11-28 12:00,51.46,20596,United Kingdom
INV506061,TH-DRESS,Summer Dress,2,2026-01-17 18:00,75.69,20681,United Kingdom
INV501152,TH-HOOD,Fleece Hoodie,2,2025-11-04 10:00,42.26,20127,United Kingdom
INV505790,TH-DRESS,Summer Dress,1,2026-06-15 13:00,83.27,20652,United Kingdom
INV500215,TH-JACK,Denim Jacket,1,2026-03-08 11:00,82.51,20027,United Kingdom
INV504517,TH-TSHIRT,Cotton Crew T-Shirt,2,2025-09-26 08:00,23.14,20506,United Kingdom
INV503838,TH-TSHIRT,Cotton Crew T-Shirt,3,2026-01-11 10:00,19.67,20431,United Kingdom
INV503727,TH-JEAN,Slim Fit Jeans,1,2025-06-05 13:00,55.15,20415,United Kingdom
INV501021,TH-CAP,Logo Cap,1,2026-02-10 20:00,32.45,20111,United Kingdom
INV503714,TH-TSHIRT,Cotton Crew T-Shirt,3,2026-03-28 13:00,22.3,20414,United Kingdom
INV501273,TH-DRESS,Summer Dress,2,2025-12-08 17:00,90.13,20143,United Kingdom
INV501983,TH-HOOD,Fleece Hoodie,3,2025-10-21 12:00,57.33,20220,United Kingdom
INV502712,TH-DRESS,Summer Dress,1,2026-03-08 12:00,55.29,20299,United Kingdom
INV504039,TH-JEAN,Slim Fit Jeans,2,2025-10-08 18:00,47.69,20451,United Kingdom
INV504887,TH-JACK,Denim Jacket,1,2026-03-09 18:00,74.0,20546,United Kingdom
INV500949,TH-DRESS,Summer Dress,1,2026-01-16 11:00,102.11,20104,United Kingdom
INV504058,TH-CAP,Logo Cap,1,2026-05-12 15:00,19.66,20454,United Kingdom
INV500743,TH-CAP,Logo Cap,1,2025-11-18 09:00,16.22,20082,United Kingdom
INV505784,TH-JACK,Denim Jacket,1,2025-09-11 10:00,65.54,20651,United Kingdom
INV506039,TH-SHIRT,Oxford Shirt,1,2026-04-19 17:00,58.4,20678,United Kingdom
INV504838,TH-SHOE,Canvas Sneakers,3,2025-11-28 08:00,64.26,20542,United Kingdom
INV501448,TH-DRESS,Summer Dress,1,2026-06-23 16:00,61.04,20161,United Kingdom
INV501145,TH-SHIRT,Oxford Shirt,1,2025-06-07 12:00,40.24,20127,United Kingdom
INV506002,TH-JACK,Denim Jacket,2,2026-03-29 17:00,72.96,20674,United Kingdom
INV501205,TH-JEAN,Slim Fit Jeans,1,2025-05-19 19:00,30.14,20135,United Kingdom
INV500712,TH-SHIRT,Oxford Shirt,2,2025-06-21 09:00,46.63,20080,United Kingdom
INV502762,TH-CAP,Logo Cap,1,2025-05-26 19:00,17.23,20304,United Kingdom
INV504491,TH-HOOD,Fleece Hoodie,2,2025-07-04 10:00,48.22,20503,United Kingdom
INV502732,TH-JEAN,Slim Fit Jeans,3,2026-01-11 15:00,84.49,20300,United Kingdom
INV501873,TH-SHIRT,Oxford Shirt,2,2026-04-29 20:00,38.89,20208,United Kingdom
INV502566,TH-SHOE,Canvas Sneakers,2,2026-06-30 08:00,46.39,20283,United Kingdom
INV504963,TH-SHOE,Canvas Sneakers,2,2025-09-21 19:00,45.91,20556,United Kingdom
INV505618,TH-DRESS,Summer Dress,1,2026-07-04 17:00,84.19,20633,United Kingdom
INV505769,TH-DRESS,Summer Dress,2,2025-06-25 10:00,63.09,20649,United Kingdom
INV503760,TH-CAP,Logo Cap,1,2026-04-29 11:00,21.92,20420,United Kingdom
INV500820,TH-DRESS,Summer Dress,2,2025-06-09 11:00,49.74,20091,United Kingdom
INV505842,TH-HOOD,Fleece Hoodie,2,2025-10-25 17:00,45.3,20657,United Kingdom
INV505266,TH-JEAN,Slim Fit Jeans,1,2026-03-26 13:00,32.59,20590,United Kingdom
INV501256,TH-HOOD,Fleece Hoodie,3,2026-03-10 12:00,67.81,20142,United Kingdom
INV501707,TH-SHIRT,Oxford Shirt,2,2025-08-28 20:00,47.97,20191,United Kingdom
INV501193,TH-DRESS,Summer Dress,2,2025-09-08 17:00,57.8,20133,United Kingdom
INV504891,TH-HOOD,Fleece Hoodie,2,2025-06-01 17:00,44.18,20547,United Kingdom
INV504926,TH-HOOD,Fleece Hoodie,2,2025-07-26 14:00,30.92,20551,United Kingdom
INV505018,TH-SHIRT,Oxford Shirt,1,2025-07-27 09:00,57.22,20564,United Kingdom
INV502898,TH-CAP,Logo Cap,1,2025-08-20 09:00,15.11,20321,United Kingdom
INV503639,TH-CAP,Logo Cap,1,2026-04-11 14:00,12.32,20404,United Kingdom
INV503839,TH-JACK,Denim Jacket,3,2026-05-10 13:00,98.87,20431,United Kingdom
INV501625,TH-HOOD,Fleece Hoodie,1,2025-11-08 13:00,49.55,20180,United Kingdom
INV503766,TH-JACK,Denim Jacket,2,2026-06-14 19:00,97.32,20421,United Kingdom
INV504571,TH-CAP,Logo Cap,2,2025-09-27 13:00,24.7,20512,United Kingdom
INV502064,TH-DRESS,Summer Dress,1,2026-07-01 13:00,62.4,20229,United Kingdom
INV502287,TH-TSHIRT,Cotton Crew T-Shirt,2,2025-07-09 15:00,18.06,20252,United Kingdom
INV500853,TH-JEAN,Slim Fit Jeans,2,2026-06-04 19:00,66.65,20094,United Kingdom
INV502696,TH-CAP,Logo Cap,1,2025-08-14 19:00,18.24,20297,United Kingdom
INV502039,TH-TSHIRT,Cotton Crew T-Shirt,3,2025-11-04 09:00,23.22,20226,United Kingdom
INV503307,TH-CAP,Logo Cap,2,2026-01-30 15:00,19.06,20366,United Kingdom
INV503651,TH-DRESS,Summer Dress,2,2025-09-16 09:00,79.64,20405,United Kingdom
INV501670,TH-JACK,Denim Jacket,1,2026-04-20 16:00,100.8,20186,United Kingdom
INV501095,TH-JEAN,Slim Fit Jeans,2,2025-10-23 19:00,66.29,20119,United Kingdom
INV500060,TH-HOOD,Fleece Hoodie,3,2025-12-30 20:00,55.95,20007,United Kingdom
INV500451,TH-CAP,Logo Cap,3,2025-09-30 20:00,35.05,20052,United Kingdom
INV506113,TH-SHOE,Canvas Sneakers,2,2026-05-18 14:00,82.87,20685,United Kingdom
INV502701,TH-TSHIRT,Cotton Crew T-Shirt,2,2026-04-10 09:00,22.36,20298,United Kingdom
INV502058,TH-TSHIRT,Cotton Crew T-Shirt,2,2026-06-23 11:00,16.33,20228,United Kingdom
INV503190,TH-SHIRT,Oxford Shirt,1,2026-02-01 10:00,32.6,20352,United Kingdom
INV501083,TH-JACK,Denim Jacket,1,2025-11-25 12:00,48.75,20118,United Kingdom
INV503174,TH-SHOE,Canvas Sneakers,1,2025-11-21 11:00,55.68,20349,United Kingdom
INV504744,TH-SHIRT,Oxford Shirt,2,2026-01-17 16:00,44.34,20533,United Kingdom
INV502557,TH-CAP,Logo Cap,1,2026-05-30 08:00,16.58,20282,United Kingdom
INV504285,TH-SHIRT,Oxford Shirt,1,2026-05-19 16:00,43.14,20482,United Kingdom
INV503632,TH-SHIRT,Oxford Shirt,1,2026-07-12 18:00,26.63,20403,United Kingdom
INV502403,TH-SHIRT,Oxford Shirt,2,2025-08-22 16:00,57.46,20263,United Kingdom
INV505317,TH-SHOE,Canvas Sneakers,2,2026-02-24 09:00,30.93,20598,United Kingdom
INV502975,TH-CAP,Logo Cap,1,2026-02-16 11:00,18.35,20331,United Kingdom
INV501569,TH-SHOE,Canvas Sneakers,1,2025-05-24 18:00,72.19,20173,United Kingdom
INV505901,TH-SHIRT,Oxford Shirt,2,2026-06-06 08:00,29.23,20664,United Kingdom
INV502630,TH-DRESS,Summer Dress,2,2026-03-10 13:00,91.9,20290,United Kingdom
INV501990,TH-SHOE,Canvas Sneakers,1,2025-06-07 19:00,33.97,20221,United Kingdom
INV501712,TH-CAP,Logo Cap,1,2025-07-21 19:00,24.61,20192,United Kingdom
INV503491,TH-JEAN,Slim Fit Jeans,2,2026-03-03 20:00,76.35,20385,United Kingdom
INV504929,TH-HOOD,Fleece Hoodie,1,2026-06-10 11:00,51.02,20552,United Kingdom
INV501711,TH-HOOD,Fleece Hoodie,3,2025-06-01 18:00,66.09,20192,United Kingdom
INV501822,TH-HOOD,Fleece Hoodie,3,2026-03-28 18:00,63.73,20202,United Kingdom
INV504720,TH-SHOE,Canvas Sneakers,2,2026-07-04 20:00,30.99,20531,United Kingdom
INV500898,TH-CAP,Logo Cap,1,2026-02-22 09:00,29.09,20100,United Kingdom
INV503164,TH-DRESS,Summer Dress,2,2025-11-07 13:00,93.29,20348,United Kingdom
INV505774,TH-DRESS,Summer Dress,1,2026-02-15 15:00,76.45,20650,United Kingdom
INV505798,TH-HOOD,Fleece Hoodie,1,2026-05-31 09:00,58.74,20652,United Kingdom
INV502887,TH-JACK,Denim Jacket,3,2026-04-18 16:00,103.29,20318,United Kingdom
INV502729,TH-SHIRT,Oxford Shirt,2,2026-07-01 09:00,59.03,20300,United Kingdom
INV500304,TH-HOOD,Fleece Hoodie,3,2025-11-06 19:00,61.21,20036,United Kingdom
INV504288,TH-HOOD,Fleece Hoodie,2,2026-06-20 15:00,30.67,20483,United Kingdom
INV503552,TH-JACK,Denim Jacket,2,2025-12-20 13:00,62.68,20393,United Kingdom
INV501035,TH-TSHIRT,Cotton Crew T-Shirt,3,2026-07-10 11:00,21.71,20112,United Kingdom
INV501398,TH-SHIRT,Oxford Shirt,1,2026-02-12 08:00,37.71,20156,United Kingdom
INV501655,TH-DRESS,Summer Dress,1,2025-06-21 17:00,69.19,20184,United Kingdom
INV503531,TH-JEAN,Slim Fit Jeans,1,2025-06-13 12:00,51.72,20389,United Kingdom
INV500231,TH-JACK,Denim Jacket,1,2026-02-18 10:00,92.18,20029,United Kingdom
INV505386,TH-JACK,Denim Jacket,1,2026-05-23 15:00,75.79,20607,United Kingdom
INV502954,TH-SHOE,Canvas Sneakers,2,2026-03-27 20:00,42.59,20329,United Kingdom
INV503416,TH-JACK,Denim Jacket,1,2026-01-17 15:00,48.64,20378,United Kingdom
INV502207,TH-TSHIRT,Cotton Crew T-Shirt,2,2026-06-13 13:00,20.2,20245,United Kingdom
INV501285,TH-JACK,Denim Jacket,2,2026-01-15 09:00,122.33,20143,United Kingdom
INV500270,TH-JACK,Denim Jacket,2,2026-01-22 14:00,67.0,20032,United Kingdom
INV502381,TH-CAP,Logo Cap,2,2025-10-02 12:00,20.75,20261,United Kingdom
INV501591,TH-JEAN,Slim Fit Jeans,1,2026-07-07 14:00,59.77,20176,United Kingdom
INV501550,TH-DRESS,Summer Dress,1,2025-06-07 11:00,103.33,20172,United Kingdom
INV504004,TH-JEAN,Slim Fit Jeans,2,2025-05-29 12:00,88.56,20448,United Kingdom
INV501115,TH-DRESS,Summer Dress,1,2026-04-23 11:00,59.01,20123,United Kingdom
INV505995,TH-CAP,Logo Cap,2,2025-07-06 11:00,25.61,20673,United Kingdom
INV503945,TH-HOOD,Fleece Hoodie,2,2026-01-15 20:00,56.66,20442,United Kingdom
INV504000,TH-DRESS,Summer Dress,2,2026-01-18 18:00,63.85,20447,United Kingdom
INV502101,TH-TSHIRT,Cotton Crew T-Shirt,1,2025-07-05 10:00,22.69,20233,United Kingdom
INV502055,TH-JACK,Denim Jacket,1,2025-10-10 17:00,69.87,20227,United Kingdom
INV502256,TH-HOOD,Fleece Hoodie,2,2026-02-18 18:00,37.86,20249,United Kingdom
INV500957,TH-CAP,Logo Cap,2,2026-03-04 09:00,22.14,20105,United Kingdom
INV505161,TH-DRESS,Summer Dress,1,2026-05-15 12:00,83.53,20578,United Kingdom
INV506188,TH-JACK,Denim Jacket,2,2025-08-14 11:00,87.48,20691,United Kingdom
INV504569,TH-TSHIRT,Cotton Crew T-Shirt,1,2025-10-24 14:00,23.97,20512,United Kingdom
INV500986,TH-TSHIRT,Cotton Crew T-Shirt,1,2026-07-14 17:00,16.64,20108,United Kingdom
INV502614,TH-SHOE,Canvas Sneakers,2,2025-10-20 09:00,67.86,20289,United Kingdom
INV502045,TH-SHOE,Canvas Sneakers,3,2026-07-12 12:00,73.85,20226,United Kingdom
INV503239,TH-JEAN,Slim Fit Jeans,2,2026-05-09 17:00,62.7,20358,United Kingdom
INV501670,TH-JEAN,Slim Fit Jeans,3,2026-04-20 16:00,75.08,20186,United Kingdom
INV502149,TH-CAP,Logo Cap,1,2026-06-05 08:00,22.36,20236,United Kingdom
INV500217,TH-CAP,Logo Cap,2,2026-01-18 13:00,22.17,20027,United Kingdom
INV502412,TH-JEAN,Slim Fit Jeans,1,2026-06-15 18:00,75.71,20265,United Kingdom
INV502025,TH-SHIRT,Oxford Shirt,1,2026-02-23 11:00,47.75,20225,United Kingdom
INV506136,TH-CAP,Logo Cap,2,2025-08-01 10:00,17.37,20686,United Kingdom
INV501699,TH-DRESS,Summer Dress,1,2025-09-30 20:00,76.39,20191,United Kingdom
INV504351,TH-HOOD,Fleece Hoodie,1,2026-02-11 20:00,67.91,20489,United Kingdom
INV500748,TH-DRESS,Summer Dress,2,2026-03-31 19:00,101.44,20083,United Kingdom
INV503457,TH-CAP,Logo Cap,3,2025-07-23 12:00,28.1,20382,United Kingdom
INV500834,TH-TSHIRT,Cotton Crew T-Shirt,1,2025-07-06 16:00,23.38,20092,United Kingdom
INV502712,TH-TSHIRT,Cotton Crew T-Shirt,2,2026-03-08 12:00,13.84,20299,United Kingdom
INV504983,TH-JEAN,Slim Fit Jeans,1,2025-07-11 20:00,52.21,20559,United Kingdom
INV500329,TH-CAP,Logo Cap,1,2025-11-08 10:00,14.13,20038,United Kingdom
INV501961,TH-SHOE,Canvas Sneakers,2,2025-05-28 14:00,60.94,20218,United Kingdom
INV502839,TH-DRESS,Summer Dress,2,2026-05-09 17:00,83.24,20313,United Kingdom
INV505517,TH-TSHIRT,Cotton Crew T-Shirt,2,2025-09-26 18:00,22.81,20620,United Kingdom
INV506129,TH-TSHIRT,Cotton Crew T-Shirt,3,2025-10-20 11:00,24.38,20685,United Kingdom
INV502181,TH-HOOD,Fleece Hoodie,2,2025-09-02 17:00,43.49,20241,United Kingdom
INV500970,TH-HOOD,Fleece Hoodie,2,2025-11-13 15:00,48.28,20106,United Kingdom
INV501637,TH-SHIRT,Oxford Shirt,2,2026-05-03 16:00,36.18,20181,United Kingdom
INV500528,TH-CAP,Logo Cap,3,2025-05-15 15:00,31.37,20061,United Kingdom
INV502037,TH-SHOE,Canvas Sneakers,2,2025-08-31 20:00,72.64,20226,United Kingdom
INV503465,TH-JEAN,Slim Fit Jeans,1,2025-05-22 08:00,79.74,20382,United Kingdom
INV500914,TH-TSHIRT,Cotton Crew T-Shirt,2,2025-09-22 19:00,24.24,20101,United Kingdom
INV505887,TH-TSHIRT,Cotton Crew T-Shirt,2,2025-11-17 15:00,16.93,20662,United Kingdom
INV502119,TH-HOOD,Fleece Hoodie,1,2026-01-24 19:00,64.97,20234,United Kingdom
INV500287,TH-SHOE,Canvas Sneakers,2,2025-12-04 14:00,40.46,20034,United Kingdom
INV504950,TH-TSHIRT,Cotton Crew T-Shirt,2,2025-08-26 13:00,17.03,20553,United Kingdom
INV500178,TH-JACK,Denim Jacket,1,2026-03-31 11:00,110.61,20022,United Kingdom
INV500273,TH-HOOD,Fleece Hoodie,2,2026-03-29 17:00,43.33,20033,United Kingdom
INV504238,TH-HOOD,Fleece Hoodie,1,2025-10-21 19:00,50.05,20478,United Kingdom
INV503142,TH-JEAN,Slim Fit Jeans,2,2026-01-30 11:00,60.99,20346,United Kingdom
INV502940,TH-SHOE,Canvas Sneakers,1,2025-05-17 09:00,30.13,20327,United Kingdom
INV504769,TH-SHIRT,Oxford Shirt,3,2025-06-05 14:00,56.25,20536,United Kingdom
INV500810,TH-CAP,Logo Cap,1,2025-06-27 13:00,15.1,20090,United Kingdom
INV503393,TH-SHIRT,Oxford Shirt,2,2025-10-06 18:00,48.99,20375,United Kingdom
INV506271,TH-JEAN,Slim Fit Jeans,1,2026-04-17 19:00,67.29,20700,United Kingdom
INV501090,TH-TSHIRT,Cotton Crew T-Shirt,2,2025-09-01 20:00,19.25,20119,United Kingdom
INV503380,TH-JEAN,Slim Fit Jeans,2,2026-02-20 08:00,30.47,20374,United Kingdom
INV500183,TH-HOOD,Fleece Hoodie,3,2025-12-03 20:00,70.8,20022,United Kingdom
INV502626,TH-CAP,Logo Cap,3,2026-06-28 11:00,26.86,20290,United Kingdom
INV504606,TH-SHOE,Canvas Sneakers,1,2025-12-12 14:00,48.29,20517,United Kingdom
INV500277,TH-JACK,Denim Jacket,2,2026-03-03 13:00,70.96,20033,United Kingdom
INV504011,TH-SHIRT,Oxford Shirt,2,2025-07-27 17:00,67.24,20448,United Kingdom
INV502162,TH-SHOE,Canvas Sneakers,2,2025-10-01 17:00,43.49,20238,United Kingdom
INV505058,TH-JACK,Denim Jacket,2,2025-10-07 09:00,116.13,20568,United Kingdom
INV506025,TH-DRESS,Summer Dress,1,2026-01-06 14:00,65.18,20676,United Kingdom
INV504842,TH-CAP,Logo Cap,3,2025-06-05 10:00,24.46,20542,United Kingdom
INV502765,TH-TSHIRT,Cotton Crew T-Shirt,1,2026-05-01 09:00,15.28,20305,United Kingdom
INV505713,TH-SHOE,Canvas Sneakers,1,2025-12-17 16:00,68.1,20644,United Kingdom
INV501962,TH-JEAN,Slim Fit Jeans,1,2026-04-14 12:00,74.27,20218,United Kingdom
INV500944,TH-SHIRT,Oxford Shirt,2,2025-09-18 18:00,63.27,20104,United Kingdom
INV504673,TH-HOOD,Fleece Hoodie,1,2026-04-27 12:00,35.72,20525,United Kingdom
INV504604,TH-SHIRT,Oxford Shirt,1,2025-07-30 15:00,35.17,20517,United Kingdom
INV505297,TH-SHOE,Canvas Sneakers,2,2026-01-24 19:00,51.36,20596,United Kingdom
INV503548,TH-CAP,Logo Cap,1,2025-12-20 17:00,16.81,20392,United Kingdom
INV501443,TH-JEAN,Slim Fit Jeans,2,2025-05-17 16:00,63.82,20161,United Kingdom
INV500023,TH-DRESS,Summer Dress,2,2026-04-30 17:00,65.06,20004,United Kingdom
INV504120,TH-JACK,Denim Jacket,2,2025-09-18 17:00,120.79,20462,United Kingdom
INV502515,TH-JACK,Denim Jacket,1,2025-06-18 13:00,76.44,20278,United Kingdom
INV505379,TH-JEAN,Slim Fit Jeans,1,2026-06-13 17:00,46.79,20606,United Kingdom
INV501390,TH-DRESS,Summer Dress,2,2025-05-29 13:00,55.01,20155,United Kingdom
INV503265,TH-SHIRT,Oxford Shirt,3,2026-05-21 13:00,57.04,20361,United Kingdom
INV502942,TH-HOOD,Fleece Hoodie,2,2025-10-14 17:00,60.23,20328,United Kingdom
INV504257,TH-JEAN,Slim Fit Jeans,3,2025-08-02 19:00,72.46,20480,United Kingdom
INV505567,TH-JACK,Denim Jacket,2,2025-12-23 19:00,70.91,20627,United Kingdom
INV504326,TH-DRESS,Summer Dress,1,2026-02-22 08:00,73.55,20486,United Kingdom
INV500531,TH-CAP,Logo Cap,2,2026-04-06 09:00,31.03,20061,United Kingdom
INV505084,TH-CAP,Logo Cap,1,2025-05-15 09:00,22.08,20570,United Kingdom
INV504373,TH-SHIRT,Oxford Shirt,2,2026-01-06 13:00,45.98,20490,United Kingdom
INV501354,TH-SHOE,Canvas Sneakers,3,2026-06-10 08:00,84.95,20150,United Kingdom
INV505729,TH-SHOE,Canvas Sneakers,2,2025-12-17 20:00,60.05,20645,United Kingdom
INV501898,TH-CAP,Logo Cap,1,2025-06-09 19:00,19.53,20211,United Kingdom
INV500998,TH-SHOE,Canvas Sneakers,1,2025-05-21 20:00,54.91,20110,United Kingdom
INV505190,TH-HOOD,Fleece Hoodie,1,2025-11-24 10:00,76.18,20581,United Kingdom
INV505282,TH-TSHIRT,Cotton Crew T-Shirt,1,2025-07-17 18:00,10.07,20593,United Kingdom
INV505403,TH-HOOD,Fleece Hoodie,1,2026-02-01 10:00,38.42,20608,United Kingdom
INV504397,TH-TSHIRT,Cotton Crew T-Shirt,2,2026-04-11 20:00,17.23,20492,United Kingdom
INV501326,TH-JACK,Denim Jacket,2,2025-09-12 11:00,105.52,20148,United Kingdom
INV502807,TH-SHOE,Canvas Sneakers,3,2025-12-04 16:00,73.74,20310,United Kingdom
INV503204,TH-SHIRT,Oxford Shirt,2,2025-12-31 09:00,49.79,20353,United Kingdom
INV503224,TH-SHOE,Canvas Sneakers,2,2026-01-12 13:00,33.29,20356,United Kingdom
INV506232,TH-JEAN,Slim Fit Jeans,1,2026-07-05 10:00,58.55,20696,United Kingdom
INV502124,TH-JACK,Denim Jacket,3,2026-06-18 09:00,118.84,20234,United Kingdom
INV500801,TH-HOOD,Fleece Hoodie,1,2026-06-30 13:00,44.23,20089,United Kingdom
INV500030,TH-SHOE,Canvas Sneakers,1,2025-08-18 11:00,46.66,20004,United Kingdom
INV500464,TH-TSHIRT,Cotton Crew T-Shirt,2,2026-03-06 09:00,19.03,20053,United Kingdom
INV503445,TH-JEAN,Slim Fit Jeans,1,2026-04-08 13:00,61.77,20381,United Kingdom
INV505893,TH-JACK,Denim Jacket,2,2025-06-18 20:00,55.95,20663,United Kingdom
INV500289,TH-TSHIRT,Cotton Crew T-Shirt,1,2025-09-26 19:00,17.26,20035,United Kingdom
INV500884,TH-JACK,Denim Jacket,2,2025-06-27 16:00,106.22,20097,United Kingdom
INV500987,TH-HOOD,Fleece Hoodie,1,2025-06-29 16:00,47.9,20108,United Kingdom
INV503538,TH-CAP,Logo Cap,1,2025-05-13 20:00,13.99,20390,United Kingdom
INV503848,TH-JEAN,Slim Fit Jeans,1,2026-04-07 10:00,34.95,20432,United Kingdom
INV501382,TH-SHIRT,Oxford Shirt,2,2025-09-14 08:00,23.6,20154,United Kingdom
INV500238,TH-JACK,Denim Jacket,3,2026-07-09 09:00,97.94,20029,United Kingdom
INV502518,TH-TSHIRT,Cotton Crew T-Shirt,2,2025-11-13 17:00,18.52,20278,United Kingdom
INV503327,TH-SHOE,Canvas Sneakers,1,2025-06-26 20:00,75.71,20367,United Kingdom
INV500310,TH-SHIRT,Oxford Shirt,1,2025-06-26 18:00,51.82,20036,United Kingdom
INV500278,TH-DRESS,Summer Dress,2,2025-05-27 12:00,54.86,20033,United Kingdom
INV505476,TH-DRESS,Summer Dress,3,2026-04-28 13:00,77.73,20616,United Kingdom
INV503952,TH-SHOE,Canvas Sneakers,3,2025-12-12 18:00,80.81,20443,United Kingdom
INV500721,TH-SHIRT,Oxford Shirt,2,2025-08-13 15:00,50.88,20080,United Kingdom
INV505306,TH-SHIRT,Oxford Shirt,2,2026-01-26 18:00,26.72,20597,United Kingdom
INV502630,TH-SHOE,Canvas Sneakers,3,2026-03-10 13:00,72.5,20290,United Kingdom
INV503656,TH-JACK,Denim Jacket,2,2025-07-20 19:00,76.25,20406,United Kingdom
INV502564,TH-HOOD,Fleece Hoodie,2,2025-06-12 20:00,39.98,20283,United Kingdom
INV503970,TH-JEAN,Slim Fit Jeans,1,2025-12-25 18:00,70.59,20444,United Kingdom
INV505009,TH-JEAN,Slim Fit Jeans,1,2026-05-22 15:00,47.6,20562,United Kingdom
INV504138,TH-HOOD,Fleece Hoodie,2,2025-08-13 18:00,69.31,20464,United Kingdom
INV500886,TH-CAP,Logo Cap,2,2025-09-03 10:00,15.49,20098,United Kingdom
INV503142,TH-CAP,Logo Cap,1,2026-01-30 11:00,19.28,20346,United Kingdom
INV503230,TH-SHIRT,Oxford Shirt,2,2025-06-13 11:00,29.85,20357,United Kingdom
INV500511,TH-DRESS,Summer Dress,2,2026-05-27 11:00,89.78,20058,United Kingdom
INV501457,TH-CAP,Logo Cap,2,2026-04-20 18:00,16.83,20162,United Kingdom
INV503747,TH-SHIRT,Oxford Shirt,2,2026-02-24 09:00,58.59,20419,United Kingdom
INV502899,TH-HOOD,Fleece Hoodie,1,2026-07-01 19:00,34.94,20321,United Kingdom
INV501013,TH-SHIRT,Oxford Shirt,1,2025-06-11 09:00,61.18,20111,United Kingdom
INV505036,TH-SHIRT,Oxford Shirt,2,2025-08-17 09:00,31.46,20565,United Kingdom
INV501228,TH-JACK,Denim Jacket,3,2025-11-15 19:00,91.18,20138,United Kingdom
INV503939,TH-SHOE,Canvas Sneakers,1,2026-06-24 12:00,71.12,20442,United Kingdom
INV501458,TH-TSHIRT,Cotton Crew T-Shirt,2,2026-06-12 13:00,18.46,20163,United Kingdom
INV504567,TH-TSHIRT,Cotton Crew T-Shirt,2,2026-06-16 17:00,23.94,20512,United Kingdom
INV500273,TH-TSHIRT,Cotton Crew T-Shirt,2,2026-03-29 17:00,16.77,20033,United Kingdom
INV503103,TH-DRESS,Summer Dress,3,2025-08-21 15:00,79.06,20341,United Kingdom
INV503737,TH-DRESS,Summer Dress,2,2026-06-18 11:00,47.38,20418,United Kingdom
INV505201,TH-SHIRT,Oxford Shirt,1,2026-01-03 10:00,44.15,20582,United Kingdom
INV501326,TH-JEAN,Slim Fit Jeans,3,2025-09-12 11:00,75.02,20148,United Kingdom
INV500910,TH-JACK,Denim Jacket,2,2025-07-16 17:00,126.4,20100,United Kingdom
INV500386,TH-SHOE,Canvas Sneakers,2,2025-11-09 18:00,48.92,20046,United Kingdom
INV501234,TH-CAP,Logo Cap,1,2026-05-27 16:00,20.04,20139,United Kingdom
INV503158,TH-HOOD,Fleece Hoodie,3,2026-07-07 13:00,66.3,20348,United Kingdom
INV504525,TH-JEAN,Slim Fit Jeans,2,2025-08-28 11:00,44.49,20507,United Kingdom
INV505799,TH-TSHIRT,Cotton Crew T-Shirt,3,2026-04-14 19:00,19.33,20652,United Kingdom
INV504518,TH-CAP,Logo Cap,1,2025-09-15 13:00,27.99,20506,United Kingdom
INV501319,TH-HOOD,Fleece Hoodie,3,2026-05-29 13:00,55.48,20148,United Kingdom
INV500179,TH-JEAN,Slim Fit Jeans,2,2026-04-27 12:00,75.27,20022,United Kingdom
INV501177,TH-JEAN,Slim Fit Jeans,2,2025-08-28 20:00,80.6,20131,United Kingdom
INV505462,TH-TSHIRT,Cotton Crew T-Shirt,2,2025-10-30 13:00,17.44,20615,United Kingdom
INV502432,TH-JEAN,Slim Fit Jeans,1,2025-08-26 10:00,57.28,20267,United Kingdom
INV502513,TH-TSHIRT,Cotton Crew T-Shirt,1,2026-01-31 14:00,17.85,20278,United Kingdom
INV501970,TH-TSHIRT,Cotton Crew T-Shirt,3,2026-04-27 13:00,22.49,20219,United Kingdom
INV503011,TH-JACK,Denim Jacket,1,2025-06-23 20:00,115.46,20334,United Kingdom
INV501025,TH-JEAN,Slim Fit Jeans,3,2025-10-11 09:00,90.49,20111,United Kingdom
INV506166,TH-SHIRT,Oxford Shirt,2,2026-03-15 12:00,44.94,20689,United Kingdom
INV500501,TH-CAP,Logo Cap,3,2025-08-24 08:00,24.96,20058,United Kingdom
INV502812,TH-TSHIRT,Cotton Crew T-Shirt,1,2025-11-23 17:00,24.49,20310,United Kingdom
INV505711,TH-DRESS,Summer Dress,1,2025-06-07 14:00,88.49,20644,United Kingdom
INV502276,TH-DRESS,Summer Dress,1,2026-03-10 10:00,92.3,20251,United Kingdom
INV500463,TH-HOOD,Fleece Hoodie,2,2026-06-29 17:00,48.34,20053,United Kingdom
INV502279,TH-JEAN,Slim Fit Jeans,1,2026-04-02 18:00,53.7,20252,United Kingdom
INV504932,TH-JACK,Denim Jacket,1,2025-07-11 20:00,76.67,20552,United Kingdom
INV505983,TH-TSHIRT,Cotton Crew T-Shirt,3,2025-10-30 20:00,23.56,20673,United Kingdom
INV504395,TH-SHIRT,Oxford Shirt,2,2025-08-20 19:00,36.76,20492,United Kingdom
INV500716,TH-HOOD,Fleece Hoodie,2,2026-04-02 18:00,56.55,20080,United Kingdom
INV504316,TH-JACK,Denim Jacket,3,2025-10-21 15:00,85.69,20485,United Kingdom
INV501438,TH-CAP,Logo Cap,1,2026-01-06 13:00,21.68,20160,United Kingdom
INV501479,TH-HOOD,Fleece Hoodie,1,2026-02-04 09:00,48.6,20165,United Kingdom
INV506254,TH-CAP,Logo Cap,3,2026-06-11 08:00,24.41,20699,United Kingdom
INV503281,TH-TSHIRT,Cotton Crew T-Shirt,2,2025-09-13 18:00,15.27,20363,United Kingdom
INV505969,TH-SHOE,Canvas Sneakers,1,2026-03-09 18:00,53.63,20671,United Kingdom
INV505500,TH-HOOD,Fleece Hoodie,2,2025-10-24 16:00,26.49,20619,United Kingdom
INV505142,TH-TSHIRT,Cotton Crew T-Shirt,3,2025-10-24 08:00,21.92,20576,United Kingdom
INV505465,TH-HOOD,Fleece Hoodie,1,2026-01-02 16:00,46.29,20615,United Kingdom
INV505826,TH-DRESS,Summer Dress,1,2026-05-13 08:00,99.64,20656,United Kingdom
INV500786,TH-CAP,Logo Cap,1,2026-05-20 12:00,21.18,20086,United Kingdom
INV503060,TH-JACK,Denim Jacket,3,2026-01-28 19:00,112.6,20337,United Kingdom
INV500500,TH-JEAN,Slim Fit Jeans,2,2025-07-01 12:00,71.25,20057,United Kingdom
INV504635,TH-SHOE,Canvas Sneakers,2,2026-05-26 19:00,59.07,20521,United Kingdom
INV502966,TH-SHOE,Canvas Sneakers,2,2025-10-05 18:00,59.55,20330,United Kingdom
INV501108,TH-DRESS,Summer Dress,2,2026-06-04 19:00,40.17,20122,United Kingdom
INV505941,TH-JACK,Denim Jacket,1,2026-02-10 08:00,115.45,20668,United Kingdom
INV505771,TH-DRESS,Summer Dress,1,2025-06-05 17:00,80.89,20650,United Kingdom
INV503222,TH-JACK,Denim Jacket,1,2026-06-09 12:00,75.73,20355,United Kingdom
INV504652,TH-TSHIRT,Cotton Crew T-Shirt,2,2025-12-19 19:00,21.95,20522,United Kingdom
INV506177,TH-SHOE,Canvas Sneakers,1,2026-03-24 13:00,47.6,20690,United Kingdom
INV503674,TH-SHOE,Canvas Sneakers,1,2026-07-09 12:00,83.61,20407,United Kingdom
INV500793,TH-DRESS,Summer Dress,2,2026-02-03 11:00,65.48,20088,United Kingdom
INV504438,TH-TSHIRT,Cotton Crew T-Shirt,1,2026-04-22 20:00,20.67,20498,United Kingdom
INV503022,TH-CAP,Logo Cap,2,2025-07-28 13:00,28.72,20335,United Kingdom
INV500497,TH-SHOE,Canvas Sneakers,1,2025-07-10 10:00,54.17,20057,United Kingdom
INV500298,TH-JACK,Denim Jacket,2,2025-05-30 20:00,113.45,20036,United Kingdom
INV505445,TH-DRESS,Summer Dress,2,2026-04-27 09:00,90.49,20612,United Kingdom
INV506062,TH-SHIRT,Oxford Shirt,1,2025-05-22 18:00,52.24,20681,United Kingdom
INV500679,TH-HOOD,Fleece Hoodie,1,2025-06-16 08:00,51.57,20076,United Kingdom
INV506069,TH-SHIRT,Oxford Shirt,1,2026-05-24 11:00,53.14,20681,United Kingdom
INV502781,TH-JEAN,Slim Fit Jeans,1,2025-12-02 08:00,57.04,20307,United Kingdom
INV504146,TH-CAP,Logo Cap,1,2026-04-10 11:00,20.91,20465,United Kingdom
INV502533,TH-SHOE,Canvas Sneakers,2,2026-05-05 13:00,68.67,20279,United Kingdom
INV503076,TH-SHIRT,Oxford Shirt,1,2025-09-23 20:00,30.41,20339,United Kingdom
INV500835,TH-JEAN,Slim Fit Jeans,1,2026-05-18 14:00,78.16,20092,United Kingdom
INV501991,TH-JACK,Denim Jacket,1,2025-07-15 13:00,54.35,20221,United Kingdom
INV500852,TH-SHOE,Canvas Sneakers,3,2025-05-18 16:00,64.65,20094,United Kingdom
INV503459,TH-CAP,Logo Cap,1,2026-04-16 16:00,25.4,20382,United Kingdom
INV505951,TH-JEAN,Slim Fit Jeans,1,2025-10-17 15:00,68.4,20669,United Kingdom
INV501372,TH-SHOE,Canvas Sneakers,1,2025-10-26 08:00,56.11,20152,United Kingdom
INV500316,TH-JEAN,Slim Fit Jeans,2,2025-10-23 16:00,73.71,20037,United Kingdom
INV505788,TH-JACK,Denim Jacket,1,2025-12-21 13:00,89.57,20652,United Kingdom
INV501196,TH-SHIRT,Oxford Shirt,2,2026-01-24 20:00,34.44,20133,United Kingdom
INV504377,TH-TSHIRT,Cotton Crew T-Shirt,3,2025-09-06 20:00,25.91,20491,United Kingdom
INV502496,TH-TSHIRT,Cotton Crew T-Shirt,2,2026-03-05 17:00,10.17,20275,United Kingdom
INV502251,TH-SHIRT,Oxford Shirt,2,2026-03-09 11:00,38.26,20249,United Kingdom
INV500223,TH-JACK,Denim Jacket,1,2025-07-31 13:00,81.54,20027,United Kingdom
INV500881,TH-DRESS,Summer Dress,1,2025-07-30 18:00,77.54,20097,United Kingdom
INV502488,TH-DRESS,Summer Dress,1,2026-01-28 11:00,76.39,20274,United Kingdom
INV505174,TH-DRESS,Summer Dress,1,2026-01-17 09:00,67.37,20580,United Kingdom
INV505037,TH-DRESS,Summer Dress,3,2025-07-25 13:00,73.18,20566,United Kingdom
INV501105,TH-JEAN,Slim Fit Jeans,2,2025-11-11 20:00,32.6,20122,United Kingdom
INV500082,TH-HOOD,Fleece Hoodie,1,2026-06-26 15:00,47.67,20011,United Kingdom
INV501784,TH-JEAN,Slim Fit Jeans,2,2025-12-28 11:00,98.97,20198,United Kingdom
INV504941,TH-JEAN,Slim Fit Jeans,2,2025-05-27 20:00,58.12,20553,United Kingdom
INV500638,TH-SHOE,Canvas Sneakers,1,2026-04-18 15:00,42.79,20071,United Kingdom
INV500433,TH-DRESS,Summer Dress,1,2025-11-05 17:00,96.78,20051,United Kingdom
INV503885,TH-JEAN,Slim Fit Jeans,1,2026-05-12 13:00,101.47,20435,United Kingdom
INV504769,TH-JACK,Denim Jacket,1,2025-06-05 14:00,125.79,20536,United Kingdom
INV501492,TH-JEAN,Slim Fit Jeans,2,2026-05-20 11:00,82.77,20166,United Kingdom
INV500487,TH-HOOD,Fleece Hoodie,1,2026-02-14 16:00,53.94,20056,United Kingdom
INV502845,TH-TSHIRT,Cotton Crew T-Shirt,1,2026-01-24 20:00,20.52,20314,United Kingdom
INV504845,TH-SHIRT,Oxford Shirt,3,2025-08-18 18:00,52.32,20543,United Kingdom
INV504688,TH-SHIRT,Oxford Shirt,1,2025-11-11 11:00,39.76,20527,United Kingdom
INV502295,TH-TSHIRT,Cotton Crew T-Shirt,3,2025-10-23 08:00,19.55,20253,United Kingdom
INV500691,TH-HOOD,Fleece Hoodie,3,2025-08-17 15:00,56.62,20078,United Kingdom
INV505614,TH-SHOE,Canvas Sneakers,3,2025-11-13 16:00,73.0,20633,United Kingdom
INV504370,TH-HOOD,Fleece Hoodie,1,2026-01-19 17:00,48.34,20490,United Kingdom
INV505004,TH-SHOE,Canvas Sneakers,2,2025-11-22 13:00,64.73,20561,United Kingdom
INV503265,TH-HOOD,Fleece Hoodie,3,2026-05-21 13:00,65.98,20361,United Kingdom
INV505410,TH-CAP,Logo Cap,2,2025-06-28 10:00,23.21,20609,United Kingdom
INV502115,TH-JACK,Denim Jacket,2,2026-05-13 17:00,125.58,20234,United Kingdom
INV501619,TH-JEAN,Slim Fit Jeans,2,2025-07-15 13:00,53.35,20179,United Kingdom
INV503429,TH-SHIRT,Oxford Shirt,2,2026-01-10 13:00,67.82,20380,United Kingdom
INV504157,TH-JACK,Denim Jacket,2,2026-01-18 08:00,49.42,20467,United Kingdom
INV501659,TH-TSHIRT,Cotton Crew T-Shirt,1,2025-09-29 19:00,15.27,20184,United Kingdom
INV501276,TH-TSHIRT,Cotton Crew T-Shirt,3,2026-03-16 08:00,25.65,20143,United Kingdom
INV505832,TH-DRESS,Summer Dress,3,2026-01-30 20:00,99.83,20656,United Kingdom
INV501732,TH-CAP,Logo Cap,1,2026-02-15 09:00,19.19,20193,United Kingdom
INV502194,TH-HOOD,Fleece Hoodie,2,2025-08-09 13:00,64.38,20243,United Kingdom
INV505339,TH-DRESS,Summer Dress,1,2026-03-19 18:00,57.22,20601,United Kingdom
INV500598,TH-TSHIRT,Cotton Crew T-Shirt,2,2026-03-27 19:00,15.6,20067,United Kingdom
INV500897,TH-DRESS,Summer Dress,3,2025-10-16 19:00,70.64,20099,United Kingdom
INV500178,TH-JEAN,Slim Fit Jeans,2,2026-03-31 11:00,81.16,20022,United Kingdom
INV504394,TH-SHIRT,Oxford Shirt,2,2025-10-30 18:00,42.65,20492,United Kingdom
INV501063,TH-DRESS,Summer Dress,2,2026-01-10 13:00,80.47,20115,United Kingdom
INV503391,TH-TSHIRT,Cotton Crew T-Shirt,1,2026-07-04 09:00,23.6,20375,United Kingdom
INV505205,TH-TSHIRT,Cotton Crew T-Shirt,2,2025-10-24 11:00,19.51,20583,United Kingdom
INV501982,TH-SHIRT,Oxford Shirt,3,2025-12-01 10:00,46.27,20220,United Kingdom
INV501947,TH-CAP,Logo Cap,2,2026-04-26 09:00,16.64,20217,United Kingdom
INV505682,TH-SHOE,Canvas Sneakers,3,2025-10-15 10:00,71.2,20640,United Kingdom
INV504185,TH-DRESS,Summer Dress,1,2025-08-16 11:00,52.98,20471,United Kingdom
INV504274,TH-HOOD,Fleece Hoodie,2,2025-11-13 09:00,51.88,20481,United Kingdom
INV504775,TH-JACK,Denim Jacket,1,2026-04-25 12:00,119.3,20537,United Kingdom
INV506068,TH-CAP,Logo Cap,1,2025-12-23 08:00,21.59,20681,United Kingdom
INV501596,TH-JEAN,Slim Fit Jeans,2,2026-07-12 15:00,68.55,20177,United Kingdom
INV503002,TH-DRESS,Summer Dress,1,2025-07-11 16:00,82.11,20334,United Kingdom
INV500706,TH-SHOE,Canvas Sneakers,1,2025-08-21 13:00,59.22,20079,United Kingdom
INV501645,TH-CAP,Logo Cap,2,2025-07-13 13:00,20.43,20182,United Kingdom
INV503687,TH-JEAN,Slim Fit Jeans,1,2026-02-18 15:00,45.71,20410,United Kingdom
INV504807,TH-TSHIRT,Cotton Crew T-Shirt,3,2026-04-11 17:00,26.95,20539,United Kingdom
INV506193,TH-SHIRT,Oxford Shirt,3,2025-06-28 16:00,46.31,20691,United Kingdom
INV503266,TH-TSHIRT,Cotton Crew T-Shirt,3,2026-04-10 11:00,24.73,20361,United Kingdom
INV504710,TH-CAP,Logo Cap,1,2025-06-04 15:00,16.19,20530,United Kingdom
INV506229,TH-JEAN,Slim Fit Jeans,1,2026-07-10 19:00,39.96,20695,United Kingdom
INV504498,TH-CAP,Logo Cap,3,2025-06-24 09:00,26.9,20504,United Kingdom
INV505106,TH-SHOE,Canvas Sneakers,1,2026-05-28 08:00,52.44,20572,United Kingdom
INV503935,TH-JACK,Denim Jacket,2,2025-12-03 09:00,103.02,20442,United Kingdom
INV503326,TH-TSHIRT,Cotton Crew T-Shirt,2,2025-06-22 15:00,22.48,20367,United Kingdom
INV501298,TH-CAP,Logo Cap,3,2026-06-15 17:00,23.52,20144,United Kingdom
INV502113,TH-DRESS,Summer Dress,1,2025-07-03 17:00,89.85,20234,United Kingdom
INV503880,TH-JEAN,Slim Fit Jeans,3,2026-06-04 14:00,102.81,20435,United Kingdom
INV503460,TH-CAP,Logo Cap,3,2026-05-15 15:00,30.26,20382,United Kingdom
INV503051,TH-HOOD,Fleece Hoodie,1,2025-05-11 12:00,62.64,20337,United Kingdom
INV505122,TH-JEAN,Slim Fit Jeans,2,2025-11-11 12:00,71.48,20574,United Kingdom
INV502106,TH-JACK,Denim Jacket,2,2025-11-20 18:00,94.22,20233,United Kingdom
INV500497,TH-DRESS,Summer Dress,1,2025-07-10 10:00,75.03,20057,United Kingdom
INV506196,TH-HOOD,Fleece Hoodie,2,2026-02-28 15:00,35.51,20692,United Kingdom
INV502321,TH-SHIRT,Oxford Shirt,2,2025-09-12 14:00,44.85,20256,United Kingdom
INV503572,TH-HOOD,Fleece Hoodie,3,2025-10-09 09:00,68.98,20394,United Kingdom
INV501087,TH-DRESS,Summer Dress,1,2026-02-02 10:00,71.88,20119,United Kingdom
INV504354,TH-JEAN,Slim Fit Jeans,1,2025-07-17 15:00,92.1,20489,United Kingdom
INV503704,TH-JACK,Denim Jacket,2,2025-07-27 13:00,107.14,20412,United Kingdom
INV506209,TH-DRESS,Summer Dress,1,2025-11-25 16:00,76.33,20693,United Kingdom
INV505030,TH-SHIRT,Oxford Shirt,3,2025-07-05 11:00,53.34,20564,United Kingdom
INV504786,TH-CAP,Logo Cap,3,2025-11-20 15:00,29.5,20537,United Kingdom
INV502617,TH-TSHIRT,Cotton Crew T-Shirt,1,2025-06-09 18:00,24.46,20289,United Kingdom
INV505488,TH-JACK,Denim Jacket,1,2026-03-28 11:00,86.45,20617,United Kingdom
INV506128,TH-SHOE,Canvas Sneakers,2,2026-05-06 13:00,77.24,20685,United Kingdom
INV502883,TH-JACK,Denim Jacket,3,2026-06-28 20:00,107.52,20318,United Kingdom
INV500860,TH-CAP,Logo Cap,1,2026-04-10 15:00,23.1,20095,United Kingdom
INV501661,TH-JACK,Denim Jacket,2,2026-02-14 14:00,76.68,20184,United Kingdom
INV505044,TH-SHIRT,Oxford Shirt,2,2025-12-07 11:00,41.53,20566,United Kingdom
INV502511,TH-SHOE,Canvas Sneakers,1,2025-12-11 12:00,55.55,20277,United Kingdom
INV501275,TH-JEAN,Slim Fit Jeans,2,2025-09-19 20:00,77.83,20143,United Kingdom
INV503948,TH-CAP,Logo Cap,3,2026-06-10 12:00,29.68,20443,United Kingdom
INV500803,TH-TSHIRT,Cotton Crew T-Shirt,2,2025-05-19 16:00,16.85,20089,United Kingdom
INV500473,TH-SHIRT,Oxford Shirt,1,2026-01-31 14:00,39.38,20054,United Kingdom
INV504996,TH-DRESS,Summer Dress,1,2025-11-23 19:00,94.54,20561,United Kingdom
INV503239,TH-DRESS,Summer Dress,2,2026-05-09 17:00,68.83,20358,United Kingdom
INV500852,TH-SHIRT,Oxford Shirt,3,2025-05-18 16:00,47.93,20094,United Kingdom
INV500772,TH-JEAN,Slim Fit Jeans,1,2026-06-04 14:00,82.07,20085,United Kingdom
INV504694,TH-TSHIRT,Cotton Crew T-Shirt,1,2025-06-10 10:00,13.38,20528,United Kingdom
INV502992,TH-JEAN,Slim Fit Jeans,1,2025-07-14 17:00,81.78,20333,United Kingdom
INV505757,TH-SHOE,Canvas Sneakers,1,2025-08-29 20:00,34.32,20648,United Kingdom
INV502965,TH-SHOE,Canvas Sneakers,1,2026-05-22 09:00,56.71,20330,United Kingdom
INV500536,TH-TSHIRT,Cotton Crew T-Shirt,1,2025-09-23 19:00,25.53,20061,United Kingdom
INV500809,TH-JEAN,Slim Fit Jeans,1,2025-09-10 09:00,47.59,20090,United Kingdom
INV505167,TH-TSHIRT,Cotton Crew T-Shirt,1,2025-11-03 11:00,14.96,20579,United Kingdom
INV504396,TH-DRESS,Summer Dress,2,2025-09-03 08:00,64.38,20492,United Kingdom
INV504764,TH-SHIRT,Oxford Shirt,1,2026-04-19 18:00,62.24,20536,United Kingdom
INV501873,TH-CAP,Logo Cap,2,2026-04-29 20:00,15.46,20208,United Kingdom
INV501623,TH-JEAN,Slim Fit Jeans,2,2026-02-16 20:00,74.29,20180,United Kingdom
INV503570,TH-SHIRT,Oxford Shirt,2,2026-01-10 18:00,52.67,20394,United Kingdom
INV503673,TH-TSHIRT,Cotton Crew T-Shirt,3,2026-01-06 19:00,24.97,20407,United Kingdom
INV501302,TH-SHOE,Canvas Sneakers,2,2025-09-30 14:00,47.62,20145,United Kingdom
INV503590,TH-CAP,Logo Cap,2,2026-01-11 13:00,12.57,20397,United Kingdom
INV501543,TH-TSHIRT,Cotton Crew T-Shirt,1,2025-06-20 08:00,28.06,20172,United Kingdom
INV505542,TH-HOOD,Fleece Hoodie,1,2026-03-30 19:00,51.45,20624,United Kingdom
INV502449,TH-JEAN,Slim Fit Jeans,2,2025-10-18 18:00,38.3,20270,United Kingdom
INV501436,TH-TSHIRT,Cotton Crew T-Shirt,3,2026-04-11 13:00,21.19,20160,United Kingdom
INV506155,TH-CAP,Logo Cap,2,2025-11-05 10:00,20.13,20688,United Kingdom
INV501381,TH-DRESS,Summer Dress,1,2026-03-09 19:00,50.08,20153,United Kingdom
INV501803,TH-DRESS,Summer Dress,1,2026-07-05 14:00,50.53,20201,United Kingdom
INV500780,TH-DRESS,Summer Dress,2,2025-10-21 08:00,71.68,20086,United Kingdom
INV504785,TH-JACK,Denim Jacket,2,2025-09-26 12:00,115.16,20537,United Kingdom
INV501891,TH-TSHIRT,Cotton Crew T-Shirt,1,2025-08-29 08:00,15.48,20211,United Kingdom
INV505256,TH-JACK,Denim Jacket,3,2025-06-25 16:00,90.41,20588,United Kingdom
INV504145,TH-JEAN,Slim Fit Jeans,1,2025-10-25 14:00,75.3,20465,United Kingdom
INV500750,TH-CAP,Logo Cap,3,2026-04-07 10:00,28.72,20083,United Kingdom
INV501614,TH-JEAN,Slim Fit Jeans,2,2025-12-15 08:00,43.32,20178,United Kingdom
INV501815,TH-CAP,Logo Cap,1,2025-11-03 18:00,25.64,20202,United Kingdom
INV505873,TH-CAP,Logo Cap,2,2025-05-18 19:00,25.06,20660,United Kingdom
INV501571,TH-JACK,Denim Jacket,1,2025-09-19 18:00,109.54,20173,United Kingdom
INV502084,TH-DRESS,Summer Dress,1,2026-04-12 14:00,60.06,20231,United Kingdom
INV502633,TH-JEAN,Slim Fit Jeans,1,2026-04-15 20:00,93.15,20290,United Kingdom
INV503341,TH-SHIRT,Oxford Shirt,1,2026-02-14 16:00,40.35,20369,United Kingdom
INV500616,TH-CAP,Logo Cap,1,2025-07-07 10:00,28.49,20069,United Kingdom
INV504237,TH-SHOE,Canvas Sneakers,2,2026-01-16 14:00,51.23,20477,United Kingdom
INV502679,TH-SHOE,Canvas Sneakers,1,2026-02-14 14:00,83.08,20294,United Kingdom
INV504279,TH-HOOD,Fleece Hoodie,2,2026-02-22 13:00,53.94,20482,United Kingdom
INV503712,TH-SHOE,Canvas Sneakers,2,2026-03-03 17:00,75.12,20414,United Kingdom
INV500398,TH-HOOD,Fleece Hoodie,2,2025-06-19 17:00,36.67,20047,United Kingdom
INV500959,TH-DRESS,Summer Dress,1,2026-05-12 11:00,75.68,20105,United Kingdom
INV501446,TH-JACK,Denim Jacket,2,2025-12-02 19:00,86.99,20161,United Kingdom
INV504050,TH-SHIRT,Oxford Shirt,2,2025-11-23 13:00,42.46,20453,United Kingdom
INV502233,TH-CAP,Logo Cap,3,2025-11-01 14:00,24.59,20247,United Kingdom
INV503817,TH-HOOD,Fleece Hoodie,2,2026-05-15 09:00,46.87,20429,United Kingdom
INV502183,TH-SHIRT,Oxford Shirt,1,2025-09-01 20:00,21.28,20242,United Kingdom
INV502248,TH-JEAN,Slim Fit Jeans,2,2026-06-18 11:00,48.57,20249,United Kingdom
INV504806,TH-JEAN,Slim Fit Jeans,1,2026-06-05 20:00,92.44,20539,United Kingdom
INV502061,TH-TSHIRT,Cotton Crew T-Shirt,2,2025-09-13 18:00,16.42,20228,United Kingdom
INV501627,TH-CAP,Logo Cap,1,2026-04-16 20:00,23.8,20180,United Kingdom
INV500726,TH-JEAN,Slim Fit Jeans,3,2025-07-02 16:00,74.15,20081,United Kingdom
INV503667,TH-SHOE,Canvas Sneakers,1,2025-10-09 20:00,79.49,20407,United Kingdom
INV505969,TH-HOOD,Fleece Hoodie,2,2026-03-09 18:00,49.72,20671,United Kingdom
INV504777,TH-DRESS,Summer Dress,3,2026-06-01 19:00,99.71,20537,United Kingdom
INV502866,TH-SHOE,Canvas Sneakers,2,2026-03-26 10:00,51.09,20316,United Kingdom
INV504159,TH-SHIRT,Oxford Shirt,2,2025-07-19 12:00,42.88,20468,United Kingdom
INV502404,TH-JACK,Denim Jacket,1,2025-08-02 16:00,106.59,20263,United Kingdom
INV501494,TH-JACK,Denim Jacket,3,2026-07-09 19:00,123.66,20166,United Kingdom
INV505976,TH-SHIRT,Oxford Shirt,1,2025-05-28 15:00,40.33,20671,United Kingdom
INV504467,TH-CAP,Logo Cap,1,2026-02-08 16:00,25.74,20501,United Kingdom
INV504292,TH-CAP,Logo Cap,2,2025-12-05 15:00,28.36,20484,United Kingdom
INV503412,TH-HOOD,Fleece Hoodie,3,2025-10-31 16:00,54.52,20377,United Kingdom
INV501690,TH-CAP,Logo Cap,1,2026-07-05 12:00,12.34,20188,United Kingdom
INV505170,TH-JEAN,Slim Fit Jeans,1,2025-09-13 14:00,65.32,20580,United Kingdom
INV505616,TH-HOOD,Fleece Hoodie,1,2026-06-16 20:00,59.81,20633,United Kingdom
INV505154,TH-JACK,Denim Jacket,2,2026-03-30 19:00,53.03,20577,United Kingdom
INV504189,TH-SHIRT,Oxford Shirt,2,2025-07-08 09:00,26.79,20472,United Kingdom
INV503349,TH-HOOD,Fleece Hoodie,2,2026-05-10 17:00,41.52,20370,United Kingdom
INV505391,TH-JACK,Denim Jacket,2,2025-12-21 09:00,67.28,20607,United Kingdom
INV501410,TH-JEAN,Slim Fit Jeans,1,2025-11-24 08:00,69.48,20157,United Kingdom
INV501758,TH-CAP,Logo Cap,1,2026-06-10 08:00,28.44,20196,United Kingdom
INV505520,TH-SHOE,Canvas Sneakers,3,2025-06-11 20:00,70.56,20620,United Kingdom
INV506031,TH-SHIRT,Oxford Shirt,2,2025-05-12 19:00,38.19,20677,United Kingdom
INV504114,TH-SHIRT,Oxford Shirt,3,2025-12-02 18:00,57.56,20462,United Kingdom
INV504594,TH-SHOE,Canvas Sneakers,2,2026-02-16 15:00,39.11,20515,United Kingdom
INV501471,TH-CAP,Logo Cap,1,2025-07-16 16:00,19.18,20164,United Kingdom
INV505854,TH-DRESS,Summer Dress,3,2025-11-13 17:00,81.79,20658,United Kingdom
INV504662,TH-HOOD,Fleece Hoodie,2,2026-06-10 13:00,47.54,20524,United Kingdom
INV501380,TH-TSHIRT,Cotton Crew T-Shirt,2,2026-03-19 10:00,15.08,20153,United Kingdom
INV505629,TH-TSHIRT,Cotton Crew T-Shirt,1,2025-09-13 17:00,11.54,20634,United Kingdom
INV501441,TH-SHIRT,Oxford Shirt,1,2026-05-26 11:00,40.8,20161,United Kingdom
INV504732,TH-HOOD,Fleece Hoodie,3,2026-04-01 15:00,57.94,20532,United Kingdom
INV500070,TH-SHOE,Canvas Sneakers,2,2025-08-19 19:00,39.33,20009,United Kingdom
INV500864,TH-SHIRT,Oxford Shirt,3,2025-05-23 16:00,47.16,20095,United Kingdom
INV502467,TH-TSHIRT,Cotton Crew T-Shirt,1,2025-05-11 18:00,17.29,20272,United Kingdom
INV501827,TH-SHOE,Canvas Sneakers,2,2025-09-21 10:00,57.49,20203,United Kingdom
INV506135,TH-DRESS,Summer Dress,1,2025-08-08 10:00,57.93,20686,United Kingdom
INV503168,TH-JACK,Denim Jacket,2,2025-05-16 13:00,101.11,20348,United Kingdom
INV505018,TH-TSHIRT,Cotton Crew T-Shirt,2,2025-07-27 09:00,25.63,20564,United Kingdom
INV503734,TH-HOOD,Fleece Hoodie,2,2026-01-23 19:00,32.89,20417,United Kingdom
INV505024,TH-SHOE,Canvas Sneakers,1,2025-11-26 17:00,74.42,20564,United Kingdom
INV505306,TH-JACK,Denim Jacket,1,2026-01-26 18:00,53.56,20597,United Kingdom
INV505084,TH-SHOE,Canvas Sneakers,2,2025-05-15 09:00,72.86,20570,United Kingdom
INV502040,TH-HOOD,Fleece Hoodie,1,2026-03-22 19:00,55.8,20226,United Kingdom
INV504141,TH-JACK,Denim Jacket,3,2025-12-31 11:00,94.7,20465,United Kingdom
INV504179,TH-TSHIRT,Cotton Crew T-Shirt,3,2025-09-06 11:00,21.1,20470,United Kingdom
INV502671,TH-JEAN,Slim Fit Jeans,2,2026-06-22 13:00,86.15,20294,United Kingdom
INV504251,TH-SHIRT,Oxford Shirt,1,2025-10-13 12:00,47.99,20479,United Kingdom
INV500259,TH-TSHIRT,Cotton Crew T-Shirt,1,2025-10-24 15:00,21.11,20031,United Kingdom
INV500877,TH-TSHIRT,Cotton Crew T-Shirt,1,2026-02-12 12:00,23.43,20097,United Kingdom
INV503828,TH-JACK,Denim Jacket,1,2025-12-10 16:00,89.11,20430,United Kingdom
INV504647,TH-JEAN,Slim Fit Jeans,3,2025-10-23 17:00,84.59,20522,United Kingdom
INV505090,TH-TSHIRT,Cotton Crew T-Shirt,1,2025-05-20 11:00,21.35,20570,United Kingdom
INV500294,TH-HOOD,Fleece Hoodie,1,2025-12-02 13:00,45.66,20035,United Kingdom
INV503953,TH-DRESS,Summer Dress,3,2025-05-28 12:00,112.79,20443,United Kingdom
INV505302,TH-SHIRT,Oxford Shirt,1,2026-05-08 11:00,36.15,20596,United Kingdom
INV500134,TH-CAP,Logo Cap,2,2026-04-01 12:00,21.62,20017,United Kingdom
INV505905,TH-JACK,Denim Jacket,2,2026-05-03 12:00,121.52,20665,United Kingdom
INV506271,TH-SHOE,Canvas Sneakers,1,2026-04-17 19:00,55.98,20700,United Kingdom
INV502312,TH-DRESS,Summer Dress,2,2025-07-01 20:00,57.43,20255,United Kingdom
INV503889,TH-SHOE,Canvas Sneakers,2,2026-05-04 15:00,31.85,20437,United Kingdom
INV502761,TH-JEAN,Slim Fit Jeans,2,2026-05-01 18:00,57.53,20304,United Kingdom
INV504574,TH-JACK,Denim Jacket,2,2026-05-16 11:00,105.13,20512,United Kingdom
INV500218,TH-DRESS,Summer Dress,1,2025-07-29 13:00,69.88,20027,United Kingdom
INV505767,TH-SHIRT,Oxford Shirt,2,2026-01-28 18:00,42.47,20649,United Kingdom
INV505757,TH-CAP,Logo Cap,2,2025-08-29 20:00,11.83,20648,United Kingdom
INV505249,TH-JEAN,Slim Fit Jeans,1,2025-10-03 12:00,64.13,20588,United Kingdom
INV504094,TH-TSHIRT,Cotton Crew T-Shirt,3,2026-07-06 08:00,20.93,20459,United Kingdom
INV504419,TH-DRESS,Summer Dress,2,2025-11-13 10:00,96.0,20496,United Kingdom
INV503959,TH-TSHIRT,Cotton Crew T-Shirt,3,2026-02-01 09:00,30.97,20443,United Kingdom
INV506017,TH-SHIRT,Oxford Shirt,2,2025-10-06 19:00,53.9,20675,United Kingdom
INV501247,TH-JEAN,Slim Fit Jeans,3,2026-05-15 17:00,74.85,20141,United Kingdom
INV502151,TH-DRESS,Summer Dress,2,2025-12-07 14:00,39.55,20237,United Kingdom
INV502312,TH-TSHIRT,Cotton Crew T-Shirt,1,2025-07-01 20:00,16.57,20255,United Kingdom
INV501899,TH-HOOD,Fleece Hoodie,2,2026-04-07 12:00,40.06,20211,United Kingdom
INV505660,TH-JEAN,Slim Fit Jeans,1,2025-06-17 14:00,38.99,20638,United Kingdom
INV502351,TH-JEAN,Slim Fit Jeans,1,2026-05-18 08:00,68.85,20258,United Kingdom
INV503114,TH-CAP,Logo Cap,3,2025-11-17 16:00,25.15,20343,United Kingdom
INV506097,TH-JEAN,Slim Fit Jeans,1,2025-12-26 19:00,73.88,20683,United Kingdom
INV504184,TH-JACK,Denim Jacket,2,2025-06-09 08:00,116.4,20470,United Kingdom
INV503291,TH-DRESS,Summer Dress,1,2026-02-12 09:00,64.5,20364,United Kingdom
INV500551,TH-JEAN,Slim Fit Jeans,1,2025-12-30 09:00,53.19,20062,United Kingdom
INV503663,TH-TSHIRT,Cotton Crew T-Shirt,2,2026-01-14 19:00,25.55,20407,United Kingdom
INV503416,TH-TSHIRT,Cotton Crew T-Shirt,2,2026-01-17 15:00,11.86,20378,United Kingdom
INV503968,TH-DRESS,Summer Dress,1,2025-08-27 17:00,65.58,20444,United Kingdom
INV501745,TH-CAP,Logo Cap,2,2026-05-31 20:00,16.72,20195,United Kingdom
INV505501,TH-SHOE,Canvas Sneakers,2,2025-05-18 18:00,33.04,20619,United Kingdom
INV505767,TH-SHIRT,Oxford Shirt,1,2026-01-28 18:00,39.02,20649,United Kingdom
INV502057,TH-HOOD,Fleece Hoodie,1,2025-10-02 16:00,37.78,20228,United Kingdom
INV505381,TH-DRESS,Summer Dress,1,2026-06-14 19:00,56.76,20606,United Kingdom
INV502445,TH-CAP,Logo Cap,2,2026-03-19 09:00,14.53,20269,United Kingdom
INV504029,TH-CAP,Logo Cap,2,2025-09-26 18:00,22.0,20450,United Kingdom
INV503449,TH-CAP,Logo Cap,1,2025-05-31 16:00,19.86,20381,United Kingdom
INV500555,TH-DRESS,Summer Dress,1,2025-12-15 19:00,59.99,20063,United Kingdom
INV500783,TH-CAP,Logo Cap,2,2026-04-30 14:00,18.25,20086,United Kingdom
INV503232,TH-JEAN,Slim Fit Jeans,2,2025-08-12 20:00,43.34,20357,United Kingdom
INV500968,TH-JACK,Denim Jacket,1,2025-11-05 10:00,93.09,20106,United Kingdom
INV506203,TH-JEAN,Slim Fit Jeans,2,2026-02-12 20:00,66.35,20693,United Kingdom
INV502439,TH-TSHIRT,Cotton Crew T-Shirt,3,2026-04-15 11:00,23.42,20268,United Kingdom
INV501621,TH-SHIRT,Oxford Shirt,1,2025-11-06 11:00,33.84,20179,United Kingdom
INV501034,TH-TSHIRT,Cotton Crew T-Shirt,2,2026-04-10 18:00,21.93,20112,United Kingdom
INV502051,TH-JACK,Denim Jacket,2,2025-08-11 10:00,75.79,20227,United Kingdom
INV505750,TH-SHIRT,Oxford Shirt,3,2026-04-18 16:00,58.18,20647,United Kingdom
INV501713,TH-JEAN,Slim Fit Jeans,2,2025-10-28 12:00,86.42,20192,United Kingdom
INV501548,TH-HOOD,Fleece Hoodie,2,2025-12-07 16:00,63.86,20172,United Kingdom
INV505594,TH-SHIRT,Oxford Shirt,1,2025-10-07 12:00,58.48,20631,United Kingdom
INV504545,TH-CAP,Logo Cap,3,2025-09-11 15:00,20.75,20509,United Kingdom
INV500179,TH-SHOE,Canvas Sneakers,2,2026-04-27 12:00,72.09,20022,United Kingdom
INV502390,TH-HOOD,Fleece Hoodie,2,2025-06-22 20:00,37.03,20262,United Kingdom
INV504465,TH-JEAN,Slim Fit Jeans,2,2025-10-21 18:00,82.02,20501,United Kingdom
INV505941,TH-CAP,Logo Cap,2,2026-02-10 08:00,25.91,20668,United Kingdom
INV503192,TH-DRESS,Summer Dress,1,2025-11-05 10:00,48.47,20352,United Kingdom
INV500256,TH-SHOE,Canvas Sneakers,3,2026-02-26 11:00,64.05,20031,United Kingdom
INV502528,TH-SHOE,Canvas Sneakers,1,2025-09-21 13:00,65.97,20279,United Kingdom
INV501821,TH-CAP,Logo Cap,3,2026-03-07 16:00,26.81,20202,United Kingdom
INV502699,TH-TSHIRT,Cotton Crew T-Shirt,1,2026-04-08 11:00,15.79,20297,United Kingdom
INV501602,TH-CAP,Logo Cap,2,2026-03-05 18:00,21.44,20177,United Kingdom
INV505645,TH-JACK,Denim Jacket,2,2026-03-26 14:00,68.38,20636,United Kingdom
INV501574,TH-SHOE,Canvas Sneakers,2,2026-03-04 11:00,40.4,20174,United Kingdom
INV502887,TH-SHOE,Canvas Sneakers,3,2026-04-18 16:00,70.18,20318,United Kingdom
INV504143,TH-TSHIRT,Cotton Crew T-Shirt,3,2026-01-21 08:00,18.93,20465,United Kingdom
INV500473,TH-HOOD,Fleece Hoodie,1,2026-01-31 14:00,51.06,20054,United Kingdom
INV501234,TH-JACK,Denim Jacket,2,2026-05-27 16:00,81.0,20139,United Kingdom
INV500437,TH-JACK,Denim Jacket,3,2026-06-21 18:00,128.76,20051,United Kingdom
INV500094,TH-TSHIRT,Cotton Crew T-Shirt,1,2025-12-23 10:00,14.75,20012,United Kingdom
INV504346,TH-JEAN,Slim Fit Jeans,2,2026-01-20 18:00,51.56,20488,United Kingdom
INV500137,TH-SHOE,Canvas Sneakers,2,2025-06-04 12:00,68.0,20017,United Kingdom
INV504458,TH-TSHIRT,Cotton Crew T-Shirt,2,2025-06-27 12:00,17.54,20500,United Kingdom
INV504774,TH-DRESS,Summer Dress,3,2025-10-25 10:00,88.23,20537,United Kingdom
INV503472,TH-HOOD,Fleece Hoodie,2,2026-04-04 08:00,38.12,20383,United Kingdom
INV504527,TH-DRESS,Summer Dress,1,2026-07-03 08:00,56.11,20507,United Kingdom
INV501590,TH-SHOE,Canvas Sneakers,2,2025-06-27 17:00,49.09,20176,United Kingdom
INV500610,TH-SHOE,Canvas Sneakers,2,2026-03-18 10:00,76.56,20069,United Kingdom
INV504579,TH-CAP,Logo Cap,1,2025-05-27 18:00,14.0,20513,United Kingdom
INV501752,TH-TSHIRT,Cotton Crew T-Shirt,1,2026-01-08 20:00,27.26,20196,United Kingdom
INV500866,TH-HOOD,Fleece Hoodie,2,2026-06-01 08:00,53.27,20095,United Kingdom
INV503754,TH-DRESS,Summer Dress,3,2025-06-02 08:00,80.39,20420,United Kingdom
INV501273,TH-HOOD,Fleece Hoodie,3,2025-12-08 17:00,66.97,20143,United Kingdom
INV504182,TH-HOOD,Fleece Hoodie,3,2026-01-25 12:00,63.68,20470,United Kingdom
INV503764,TH-DRESS,Summer Dress,2,2026-07-13 15:00,82.01,20421,United Kingdom
INV503428,TH-JEAN,Slim Fit Jeans,1,2026-02-28 16:00,82.55,20380,United Kingdom
INV503968,TH-JACK,Denim Jacket,1,2025-08-27 17:00,90.66,20444,United Kingdom
INV505993,TH-JEAN,Slim Fit Jeans,1,2026-05-08 10:00,81.74,20673,United Kingdom
INV504143,TH-JEAN,Slim Fit Jeans,1,2026-01-21 08:00,68.47,20465,United Kingdom
INV502501,TH-TSHIRT,Cotton Crew T-Shirt,2,2025-09-25 08:00,16.4,20276,United Kingdom
INV501096,TH-JACK,Denim Jacket,2,2025-12-29 19:00,56.69,20120,United Kingdom
INV504551,TH-HOOD,Fleece Hoodie,1,2026-04-06 16:00,26.59,20510,United Kingdom
INV505990,TH-JACK,Denim Jacket,3,2026-06-19 14:00,99.54,20673,United Kingdom
INV503356,TH-JEAN,Slim Fit Jeans,2,2026-05-04 09:00,38.54,20371,United Kingdom
INV506200,TH-HOOD,Fleece Hoodie,2,2026-07-01 15:00,35.84,20692,United Kingdom
INV501238,TH-JACK,Denim Jacket,2,2026-05-12 19:00,78.69,20139,United Kingdom
INV505954,TH-JEAN,Slim Fit Jeans,1,2025-10-21 09:00,61.7,20669,United Kingdom
INV503494,TH-DRESS,Summer Dress,2,2026-04-21 17:00,90.14,20385,United Kingdom
INV502861,TH-JACK,Denim Jacket,3,2025-10-14 19:00,117.39,20315,United Kingdom
INV504875,TH-CAP,Logo Cap,1,2025-05-15 14:00,17.73,20545,United Kingdom
INV503872,TH-CAP,Logo Cap,3,2026-06-11 12:00,27.39,20435,United Kingdom
INV500788,TH-CAP,Logo Cap,1,2026-06-23 14:00,17.36,20087,United Kingdom
INV502849,TH-JACK,Denim Jacket,2,2025-10-27 08:00,97.9,20314,United Kingdom
INV504469,TH-HOOD,Fleece Hoodie,1,2026-06-08 08:00,60.4,20501,United Kingdom
INV500167,TH-JACK,Denim Jacket,2,2025-09-14 19:00,120.14,20021,United Kingdom
INV503485,TH-SHIRT,Oxford Shirt,1,2025-05-30 10:00,43.75,20384,United Kingdom
INV503125,TH-JEAN,Slim Fit Jeans,3,2025-05-21 10:00,72.12,20344,United Kingdom
INV502272,TH-DRESS,Summer Dress,3,2025-10-15 12:00,89.3,20251,United Kingdom
INV504773,TH-JEAN,Slim Fit Jeans,1,2026-07-13 18:00,81.55,20537,United Kingdom
INV502365,TH-DRESS,Summer Dress,2,2025-05-19 16:00,51.76,20259,United Kingdom
INV505825,TH-CAP,Logo Cap,2,2026-02-27 20:00,28.87,20656,United Kingdom
INV502832,TH-JEAN,Slim Fit Jeans,2,2025-09-22 17:00,63.3,20312,United Kingdom
INV502321,TH-SHOE,Canvas Sneakers,2,2025-09-12 14:00,57.19,20256,United Kingdom
INV503806,TH-JACK,Denim Jacket,2,2025-08-02 17:00,66.02,20428,United Kingdom
INV501734,TH-JACK,Denim Jacket,2,2026-02-27 18:00,103.0,20194,United Kingdom
INV500125,TH-SHOE,Canvas Sneakers,1,2025-10-23 09:00,39.38,20016,United Kingdom
INV505345,TH-CAP,Logo Cap,1,2025-12-31 18:00,20.28,20602,United Kingdom
INV505953,TH-CAP,Logo Cap,2,2025-10-17 16:00,19.21,20669,United Kingdom
INV504728,TH-CAP,Logo Cap,1,2025-10-16 16:00,26.25,20532,United Kingdom
INV501946,TH-SHIRT,Oxford Shirt,2,2026-05-05 18:00,34.85,20217,United Kingdom
INV502315,TH-SHOE,Canvas Sneakers,2,2025-12-06 17:00,44.51,20255,United Kingdom
INV504172,TH-HOOD,Fleece Hoodie,1,2026-07-01 14:00,62.03,20470,United Kingdom
INV502503,TH-HOOD,Fleece Hoodie,1,2025-05-20 16:00,39.3,20276,United Kingdom
INV500635,TH-SHIRT,Oxford Shirt,1,2025-12-29 09:00,50.84,20070,United Kingdom
INV501382,TH-CAP,Logo Cap,1,2025-09-14 08:00,12.27,20154,United Kingdom
INV504399,TH-JEAN,Slim Fit Jeans,2,2025-06-09 09:00,61.93,20492,United Kingdom
INV500391,TH-SHIRT,Oxford Shirt,2,2025-11-14 08:00,35.77,20047,United Kingdom
INV503312,TH-HOOD,Fleece Hoodie,2,2026-04-06 12:00,52.04,20366,United Kingdom
INV504961,TH-DRESS,Summer Dress,1,2025-08-22 14:00,59.39,20556,United Kingdom
INV505650,TH-TSHIRT,Cotton Crew T-Shirt,2,2025-08-10 17:00,18.84,20637,United Kingdom
INV505297,TH-JEAN,Slim Fit Jeans,1,2026-01-24 19:00,58.38,20596,United Kingdom
INV500087,TH-JACK,Denim Jacket,1,2025-09-30 13:00,97.25,20011,United Kingdom
INV503866,TH-SHIRT,Oxford Shirt,2,2026-06-16 13:00,47.79,20434,United Kingdom
INV502430,TH-HOOD,Fleece Hoodie,1,2025-06-14 14:00,39.59,20267,United Kingdom
INV501018,TH-CAP,Logo Cap,3,2025-06-06 17:00,32.37,20111,United Kingdom
INV505466,TH-SHIRT,Oxford Shirt,1,2026-01-10 15:00,38.3,20615,United Kingdom
INV500636,TH-JEAN,Slim Fit Jeans,1,2026-04-28 14:00,39.6,20071,United Kingdom
INV503591,TH-HOOD,Fleece Hoodie,2,2026-01-07 14:00,27.14,20397,United Kingdom
INV500732,TH-CAP,Logo Cap,3,2025-12-01 10:00,23.05,20081,United Kingdom
INV506076,TH-SHIRT,Oxford Shirt,1,2025-07-02 17:00,62.41,20682,United Kingdom
INV503001,TH-SHOE,Canvas Sneakers,2,2026-03-27 18:00,70.57,20334,United Kingdom
INV505211,TH-SHIRT,Oxford Shirt,1,2025-06-15 13:00,47.67,20583,United Kingdom
INV500173,TH-JACK,Denim Jacket,3,2025-05-16 14:00,106.38,20021,United Kingdom
INV502625,TH-SHIRT,Oxford Shirt,3,2025-09-30 09:00,59.93,20290,United Kingdom
INV502623,TH-CAP,Logo Cap,2,2025-07-31 18:00,23.6,20289,United Kingdom
INV504556,TH-CAP,Logo Cap,1,2025-08-22 15:00,15.3,20511,United Kingdom
INV502558,TH-HOOD,Fleece Hoodie,2,2025-07-20 09:00,46.34,20282,United Kingdom
INV504489,TH-JEAN,Slim Fit Jeans,1,2026-02-13 13:00,67.69,20503,United Kingdom
INV501160,TH-SHOE,Canvas Sneakers,2,2025-11-30 20:00,67.16,20129,United Kingdom
INV501683,TH-JEAN,Slim Fit Jeans,1,2026-02-07 15:00,83.7,20186,United Kingdom
INV500479,TH-JACK,Denim Jacket,1,2025-06-12 19:00,94.26,20056,United Kingdom
INV504125,TH-JACK,Denim Jacket,3,2025-09-04 09:00,111.52,20464,United Kingdom
INV502986,TH-JEAN,Slim Fit Jeans,3,2026-05-12 08:00,76.01,20333,United Kingdom
INV500134,TH-TSHIRT,Cotton Crew T-Shirt,3,2026-04-01 12:00,23.03,20017,United Kingdom
INV501777,TH-SHIRT,Oxford Shirt,2,2025-05-22 18:00,65.52,20198,United Kingdom
INV502490,TH-HOOD,Fleece Hoodie,1,2025-09-26 10:00,61.14,20274,United Kingdom
INV505017,TH-JACK,Denim Jacket,1,2026-04-25 20:00,52.27,20563,United Kingdom
INV503855,TH-JACK,Denim Jacket,1,2026-05-23 11:00,105.15,20433,United Kingdom
INV505417,TH-HOOD,Fleece Hoodie,3,2026-03-17 08:00,61.26,20610,United Kingdom
INV506251,TH-TSHIRT,Cotton Crew T-Shirt,2,2025-09-16 11:00,15.1,20698,United Kingdom
INV502232,TH-CAP,Logo Cap,2,2026-05-19 08:00,24.02,20247,United Kingdom
INV502581,TH-CAP,Logo Cap,3,2026-01-26 20:00,23.73,20285,United Kingdom
INV503314,TH-DRESS,Summer Dress,1,2026-06-18 11:00,88.5,20367,United Kingdom
INV505972,TH-JEAN,Slim Fit Jeans,1,2025-09-28 09:00,54.68,20671,United Kingdom
INV500530,TH-JEAN,Slim Fit Jeans,2,2025-11-13 10:00,95.87,20061,United Kingdom
INV505922,TH-SHIRT,Oxford Shirt,1,2025-09-24 10:00,58.75,20666,United Kingdom
INV500066,TH-DRESS,Summer Dress,2,2026-01-08 08:00,42.52,20008,United Kingdom
INV501320,TH-SHIRT,Oxford Shirt,1,2025-11-05 10:00,49.5,20148,United Kingdom
INV501488,TH-DRESS,Summer Dress,3,2026-01-16 08:00,89.04,20166,United Kingdom
INV501258,TH-SHIRT,Oxford Shirt,2,2025-09-22 19:00,60.09,20142,United Kingdom
INV503879,TH-DRESS,Summer Dress,2,2026-05-18 11:00,107.52,20435,United Kingdom
INV506091,TH-SHIRT,Oxford Shirt,2,2025-10-23 16:00,58.98,20682,United Kingdom
INV501265,TH-SHIRT,Oxford Shirt,1,2025-10-10 09:00,55.85,20142,United Kingdom
INV505421,TH-DRESS,Summer Dress,2,2025-09-20 13:00,85.74,20610,United Kingdom
INV501368,TH-HOOD,Fleece Hoodie,1,2025-06-16 18:00,44.63,20152,United Kingdom
INV505799,TH-HOOD,Fleece Hoodie,1,2026-04-14 19:00,57.77,20652,United Kingdom
INV503921,TH-TSHIRT,Cotton Crew T-Shirt,3,2025-12-07 12:00,19.85,20440,United Kingdom
INV502491,TH-SHOE,Canvas Sneakers,1,2026-01-30 13:00,60.4,20274,United Kingdom
INV505797,TH-CAP,Logo Cap,2,2025-05-15 12:00,23.67,20652,United Kingdom
INV505436,TH-TSHIRT,Cotton Crew T-Shirt,1,2025-10-11 12:00,21.77,20612,United Kingdom
INV504627,TH-JEAN,Slim Fit Jeans,2,2025-12-15 08:00,36.23,20520,United Kingdom
INV506231,TH-HOOD,Fleece Hoodie,2,2025-09-10 15:00,48.82,20696,United Kingdom
INV505830,TH-DRESS,Summer Dress,1,2025-06-10 14:00,101.93,20656,United Kingdom
INV503573,TH-JACK,Denim Jacket,1,2026-05-25 16:00,116.86,20394,United Kingdom
INV505215,TH-SHIRT,Oxford Shirt,1,2026-01-14 09:00,44.64,20583,United Kingdom
INV505487,TH-JACK,Denim Jacket,2,2025-06-21 09:00,99.32,20617,United Kingdom
INV503042,TH-SHIRT,Oxford Shirt,1,2026-04-22 15:00,57.18,20337,United Kingdom
INV503328,TH-TSHIRT,Cotton Crew T-Shirt,2,2026-02-04 11:00,14.1,20368,United Kingdom
INV504493,TH-DRESS,Summer Dress,2,2026-04-16 18:00,104.73,20504,United Kingdom
INV503116,TH-JEAN,Slim Fit Jeans,2,2026-04-12 19:00,73.73,20343,United Kingdom
INV504516,TH-SHIRT,Oxford Shirt,2,2025-11-29 10:00,56.22,20506,United Kingdom
INV505637,TH-TSHIRT,Cotton Crew T-Shirt,2,2025-11-23 18:00,13.21,20635,United Kingdom
INV500722,TH-SHIRT,Oxford Shirt,3,2026-02-22 19:00,48.04,20080,United Kingdom
INV504514,TH-CAP,Logo Cap,1,2025-05-26 11:00,25.93,20506,United Kingdom
INV501668,TH-JACK,Denim Jacket,1,2025-10-13 10:00,57.82,20185,United Kingdom
INV505219,TH-JACK,Denim Jacket,2,2025-10-04 09:00,81.91,20584,United Kingdom
INV506020,TH-TSHIRT,Cotton Crew T-Shirt,1,2025-06-25 18:00,24.82,20675,United Kingdom
INV504796,TH-HOOD,Fleece Hoodie,3,2026-02-27 16:00,75.72,20539,United Kingdom
INV500438,TH-JACK,Denim Jacket,1,2025-05-19 09:00,134.56,20052,United Kingdom
INV501314,TH-CAP,Logo Cap,1,2025-10-04 16:00,19.83,20147,United Kingdom
INV502382,TH-HOOD,Fleece Hoodie,1,2026-05-08 10:00,47.07,20261,United Kingdom
INV502146,TH-JEAN,Slim Fit Jeans,3,2025-08-13 18:00,80.83,20236,United Kingdom
INV504648,TH-DRESS,Summer Dress,3,2025-12-10 14:00,95.1,20522,United Kingdom
INV502723,TH-JEAN,Slim Fit Jeans,2,2025-06-03 20:00,81.36,20300,United Kingdom
INV505764,TH-SHIRT,Oxford Shirt,2,2025-07-25 17:00,39.2,20649,United Kingdom
INV501459,TH-SHOE,Canvas Sneakers,1,2025-08-31 10:00,50.24,20163,United Kingdom
INV504161,TH-SHOE,Canvas Sneakers,1,2026-07-07 09:00,63.36,20468,United Kingdom
INV500564,TH-DRESS,Summer Dress,3,2025-06-04 20:00,84.54,20064,United Kingdom
INV502848,TH-TSHIRT,Cotton Crew T-Shirt,3,2025-09-03 15:00,19.1,20314,United Kingdom
INV501598,TH-JACK,Denim Jacket,3,2026-01-13 13:00,93.53,20177,United Kingdom
INV500714,TH-SHOE,Canvas Sneakers,3,2025-12-06 12:00,65.39,20080,United Kingdom
INV504909,TH-CAP,Logo Cap,2,2026-02-01 14:00,9.59,20549,United Kingdom
INV502908,TH-JACK,Denim Jacket,1,2026-05-29 15:00,66.78,20323,United Kingdom
INV504116,TH-JEAN,Slim Fit Jeans,2,2026-01-25 15:00,92.96,20462,United Kingdom
INV503898,TH-SHOE,Canvas Sneakers,1,2025-11-10 20:00,63.6,20438,United Kingdom
INV504440,TH-DRESS,Summer Dress,2,2025-09-30 19:00,76.07,20498,United Kingdom
INV504575,TH-CAP,Logo Cap,1,2026-06-26 19:00,28.88,20512,United Kingdom
INV503606,TH-JEAN,Slim Fit Jeans,3,2026-01-01 16:00,66.99,20399,United Kingdom
INV502025,TH-JEAN,Slim Fit Jeans,1,2026-02-23 11:00,65.74,20225,United Kingdom
INV501469,TH-CAP,Logo Cap,2,2026-04-28 12:00,17.39,20164,United Kingdom
INV501294,TH-CAP,Logo Cap,1,2026-02-13 20:00,27.41,20144,United Kingdom
INV501032,TH-JEAN,Slim Fit Jeans,1,2026-05-18 14:00,70.85,20112,United Kingdom
INV505002,TH-JEAN,Slim Fit Jeans,1,2025-10-12 20:00,80.85,20561,United Kingdom
INV500305,TH-DRESS,Summer Dress,2,2025-08-05 18:00,94.11,20036,United Kingdom
INV506142,TH-TSHIRT,Cotton Crew T-Shirt,1,2025-08-19 19:00,13.72,20687,United Kingdom
INV504615,TH-SHOE,Canvas Sneakers,1,2025-08-30 14:00,32.51,20518,United Kingdom
INV501440,TH-JACK,Denim Jacket,2,2025-10-21 14:00,92.27,20160,United Kingdom
INV501443,TH-DRESS,Summer Dress,1,2025-05-17 16:00,63.69,20161,United Kingdom
INV502638,TH-HOOD,Fleece Hoodie,3,2026-04-26 11:00,70.01,20290,United Kingdom
INV503400,TH-SHIRT,Oxford Shirt,2,2026-04-12 09:00,22.61,20376,United Kingdom
INV502941,TH-HOOD,Fleece Hoodie,1,2025-06-14 18:00,64.53,20328,United Kingdom
INV503601,TH-SHOE,Canvas Sneakers,2,2025-09-05 13:00,60.29,20399,United Kingdom
INV502267,TH-SHOE,Canvas Sneakers,1,2026-03-18 13:00,84.27,20251,United Kingdom
INV500547,TH-JACK,Denim Jacket,2,2025-09-13 15:00,62.53,20062,United Kingdom
INV504003,TH-HOOD,Fleece Hoodie,3,2025-08-26 10:00,73.34,20448,United Kingdom
INV506080,TH-DRESS,Summer Dress,2,2025-09-22 20:00,103.23,20682,United Kingdom
INV500533,TH-CAP,Logo Cap,2,2026-03-31 11:00,30.7,20061,United Kingdom
INV503223,TH-JACK,Denim Jacket,1,2026-03-09 18:00,48.21,20356,United Kingdom
INV505478,TH-JACK,Denim Jacket,3,2025-08-16 16:00,97.56,20616,United Kingdom
INV500475,TH-TSHIRT,Cotton Crew T-Shirt,1,2026-01-02 15:00,9.42,20055,United Kingdom
INV504080,TH-JACK,Denim Jacket,2,2025-05-26 09:00,38.29,20457,United Kingdom
INV501698,TH-JEAN,Slim Fit Jeans,3,2025-12-12 14:00,68.17,20191,United Kingdom
INV500169,TH-SHIRT,Oxford Shirt,2,2026-01-03 08:00,56.97,20021,United Kingdom
INV501374,TH-DRESS,Summer Dress,2,2026-01-16 13:00,64.6,20152,United Kingdom
INV500309,TH-HOOD,Fleece Hoodie,3,2025-10-27 19:00,62.0,20036,United Kingdom
INV502841,TH-SHIRT,Oxford Shirt,3,2025-06-30 09:00,52.36,20313,United Kingdom
INV504997,TH-SHOE,Canvas Sneakers,1,2025-06-01 13:00,64.38,20561,United Kingdom
INV505609,TH-SHOE,Canvas Sneakers,1,2025-07-20 09:00,49.9,20632,United Kingdom
INV505962,TH-TSHIRT,Cotton Crew T-Shirt,2,2026-01-14 13:00,17.19,20669,United Kingdom
INV504802,TH-HOOD,Fleece Hoodie,3,2025-05-28 15:00,76.89,20539,United Kingdom
INV500226,TH-CAP,Logo Cap,2,2025-07-03 15:00,15.34,20028,United Kingdom
INV500682,TH-SHOE,Canvas Sneakers,2,2025-12-30 11:00,67.29,20076,United Kingdom
INV501957,TH-SHOE,Canvas Sneakers,1,2026-04-24 16:00,69.88,20218,United Kingdom
INV500775,TH-HOOD,Fleece Hoodie,1,2025-12-23 16:00,61.9,20085,United Kingdom
INV506105,TH-SHIRT,Oxford Shirt,1,2026-06-19 18:00,50.19,20683,United Kingdom
INV502466,TH-SHOE,Canvas Sneakers,1,2025-05-13 12:00,87.22,20271,United Kingdom
INV501546,TH-JEAN,Slim Fit Jeans,1,2026-05-03 15:00,91.45,20172,United Kingdom
INV503988,TH-JACK,Denim Jacket,1,2025-09-27 09:00,71.27,20446,United Kingdom
INV502886,TH-JEAN,Slim Fit Jeans,1,2025-09-02 19:00,70.39,20318,United Kingdom
INV503021,TH-SHIRT,Oxford Shirt,1,2026-02-02 10:00,52.13,20335,United Kingdom
INV501631,TH-SHOE,Canvas Sneakers,1,2025-12-18 16:00,52.34,20181,United Kingdom
INV504858,TH-DRESS,Summer Dress,2,2026-04-03 15:00,68.96,20544,United Kingdom
INV504207,TH-DRESS,Summer Dress,1,2025-09-21 18:00,80.4,20474,United Kingdom
INV500519,TH-JACK,Denim Jacket,1,2025-05-17 13:00,43.95,20059,United Kingdom
INV501042,TH-TSHIRT,Cotton Crew T-Shirt,1,2025-05-30 17:00,21.82,20112,United Kingdom
INV500789,TH-CAP,Logo Cap,1,2025-09-27 10:00,17.06,20087,United Kingdom
INV501604,TH-HOOD,Fleece Hoodie,1,2025-12-21 10:00,53.25,20177,United Kingdom
INV502088,TH-SHIRT,Oxford Shirt,1,2026-04-13 11:00,34.99,20231,United Kingdom
INV503950,TH-SHIRT,Oxford Shirt,3,2025-11-23 16:00,68.35,20443,United Kingdom
INV503675,TH-SHIRT,Oxford Shirt,1,2026-05-13 09:00,22.05,20408,United Kingdom
INV505019,TH-SHIRT,Oxford Shirt,3,2026-06-26 17:00,59.84,20564,United Kingdom
INV503751,TH-SHOE,Canvas Sneakers,2,2025-06-30 14:00,68.26,20419,United Kingdom
INV501316,TH-SHIRT,Oxford Shirt,1,2025-07-12 15:00,41.95,20147,United Kingdom
INV502355,TH-JEAN,Slim Fit Jeans,3,2026-05-18 08:00,72.26,20258,United Kingdom
INV503853,TH-JACK,Denim Jacket,1,2026-06-09 10:00,96.59,20433,United Kingdom
INV500829,TH-CAP,Logo Cap,3,2025-09-21 09:00,24.58,20092,United Kingdom
INV504537,TH-DRESS,Summer Dress,1,2025-12-11 12:00,68.26,20508,United Kingdom
INV501403,TH-JACK,Denim Jacket,2,2025-06-05 12:00,86.55,20156,United Kingdom
INV501709,TH-SHIRT,Oxford Shirt,1,2026-04-21 17:00,58.23,20192,United Kingdom
INV503966,TH-HOOD,Fleece Hoodie,1,2025-05-23 08:00,78.26,20443,United Kingdom
INV505252,TH-JEAN,Slim Fit Jeans,3,2026-04-10 13:00,63.57,20588,United Kingdom
INV502369,TH-TSHIRT,Cotton Crew T-Shirt,2,2025-08-14 15:00,11.69,20260,United Kingdom
INV501334,TH-HOOD,Fleece Hoodie,2,2025-11-12 10:00,62.22,20149,United Kingdom
INV504974,TH-SHIRT,Oxford Shirt,1,2025-11-17 17:00,28.62,20557,United Kingdom
INV504185,TH-DRESS,Summer Dress,2,2025-08-16 11:00,47.64,20471,United Kingdom
INV502407,TH-JACK,Denim Jacket,2,2026-02-27 09:00,39.95,20264,United Kingdom
INV501657,TH-CAP,Logo Cap,2,2025-06-20 09:00,19.72,20184,United Kingdom
INV502270,TH-CAP,Logo Cap,1,2026-04-09 14:00,29.45,20251,United Kingdom
INV500002,TH-SHIRT,Oxford Shirt,1,2025-06-15 11:00,33.43,20001,United Kingdom
INV501409,TH-HOOD,Fleece Hoodie,2,2026-01-04 12:00,56.47,20157,United Kingdom
INV503265,TH-TSHIRT,Cotton Crew T-Shirt,3,2026-05-21 13:00,24.63,20361,United Kingdom
INV504560,TH-TSHIRT,Cotton Crew T-Shirt,1,2026-04-29 09:00,15.85,20511,United Kingdom
INV505062,TH-JEAN,Slim Fit Jeans,3,2025-05-20 08:00,84.56,20568,United Kingdom
INV505088,TH-JACK,Denim Jacket,3,2026-05-06 17:00,110.4,20570,United Kingdom
INV504491,TH-CAP,Logo Cap,2,2025-07-04 10:00,20.54,20503,United Kingdom
INV501439,TH-HOOD,Fleece Hoodie,1,2025-07-10 20:00,54.15,20160,United Kingdom
INV504110,TH-JEAN,Slim Fit Jeans,1,2025-10-29 08:00,78.44,20462,United Kingdom
INV505603,TH-DRESS,Summer Dress,2,2025-08-14 16:00,54.68,20632,United Kingdom
INV503059,TH-JACK,Denim Jacket,3,2026-02-08 12:00,120.14,20337,United Kingdom
INV501315,TH-SHOE,Canvas Sneakers,1,2025-08-26 14:00,55.95,20147,United Kingdom
INV503725,TH-SHOE,Canvas Sneakers,1,2025-08-09 17:00,48.77,20415,United Kingdom
INV501521,TH-JEAN,Slim Fit Jeans,2,2025-12-22 20:00,44.43,20169,United Kingdom
INV504352,TH-HOOD,Fleece Hoodie,3,2025-10-01 08:00,73.36,20489,United Kingdom
INV502604,TH-JEAN,Slim Fit Jeans,1,2025-08-17 11:00,45.62,20288,United Kingdom
INV501360,TH-TSHIRT,Cotton Crew T-Shirt,1,2025-07-01 18:00,14.25,20151,United Kingdom
INV501908,TH-JEAN,Slim Fit Jeans,1,2026-01-28 08:00,46.95,20212,United Kingdom
INV505486,TH-SHIRT,Oxford Shirt,2,2026-02-14 09:00,48.29,20616,United Kingdom
INV501779,TH-JEAN,Slim Fit Jeans,3,2026-03-14 12:00,85.33,20198,United Kingdom
INV505692,TH-SHIRT,Oxford Shirt,1,2026-06-18 13:00,36.07,20642,United Kingdom
INV505072,TH-JACK,Denim Jacket,1,2025-11-26 19:00,84.19,20569,United Kingdom
INV502996,TH-TSHIRT,Cotton Crew T-Shirt,3,2026-05-15 09:00,22.33,20333,United Kingdom
INV500102,TH-JACK,Denim Jacket,2,2026-06-15 17:00,68.52,20013,United Kingdom
INV501825,TH-JEAN,Slim Fit Jeans,2,2025-10-15 13:00,75.72,20202,United Kingdom
INV504463,TH-DRESS,Summer Dress,2,2026-06-13 10:00,93.84,20501,United Kingdom
INV502972,TH-CAP,Logo Cap,2,2025-11-17 09:00,16.59,20331,United Kingdom
INV502487,TH-CAP,Logo Cap,1,2025-05-14 16:00,24.42,20274,United Kingdom
INV500784,TH-JACK,Denim Jacket,2,2026-06-13 08:00,83.65,20086,United Kingdom
INV503924,TH-DRESS,Summer Dress,2,2025-09-21 09:00,60.05,20441,United Kingdom
INV503880,TH-CAP,Logo Cap,1,2026-06-04 14:00,29.66,20435,United Kingdom
INV502328,TH-JACK,Denim Jacket,1,2025-12-17 10:00,75.01,20256,United Kingdom
INV502511,TH-CAP,Logo Cap,2,2025-12-11 12:00,19.9,20277,United Kingdom
INV501018,TH-HOOD,Fleece Hoodie,1,2025-06-06 17:00,76.74,20111,United Kingdom
INV500835,TH-JEAN,Slim Fit Jeans,1,2026-05-18 14:00,79.26,20092,United Kingdom
INV503505,TH-JEAN,Slim Fit Jeans,2,2025-07-08 10:00,67.14,20386,United Kingdom
INV505369,TH-DRESS,Summer Dress,1,2025-07-26 14:00,50.25,20604,United Kingdom
INV503021,TH-JACK,Denim Jacket,2,2026-02-02 10:00,104.46,20335,United Kingdom
INV505775,TH-TSHIRT,Cotton Crew T-Shirt,1,2025-11-04 14:00,20.6,20650,United Kingdom
INV500974,TH-HOOD,Fleece Hoodie,1,2026-04-09 12:00,51.02,20107,United Kingdom
INV501094,TH-JEAN,Slim Fit Jeans,2,2025-09-14 19:00,70.12,20119,United Kingdom
INV505432,TH-TSHIRT,Cotton Crew T-Shirt,1,2026-01-26 19:00,13.45,20611,United Kingdom
INV500546,TH-TSHIRT,Cotton Crew T-Shirt,2,2025-10-19 09:00,14.69,20062,United Kingdom
INV505071,TH-CAP,Logo Cap,1,2026-02-28 16:00,18.38,20569,United Kingdom
INV503144,TH-DRESS,Summer Dress,3,2026-05-02 08:00,77.56,20346,United Kingdom
INV500870,TH-DRESS,Summer Dress,2,2026-04-22 20:00,43.38,20096,United Kingdom
INV502975,TH-HOOD,Fleece Hoodie,1,2026-02-16 11:00,43.97,20331,United Kingdom
INV501280,TH-JEAN,Slim Fit Jeans,1,2026-04-17 18:00,87.98,20143,United Kingdom
INV501591,TH-DRESS,Summer Dress,1,2026-07-07 14:00,69.06,20176,United Kingdom
INV500100,TH-DRESS,Summer Dress,1,2025-07-04 15:00,57.83,20013,United Kingdom
INV502443,TH-CAP,Logo Cap,2,2025-07-20 10:00,13.8,20269,United Kingdom
INV501551,TH-CAP,Logo Cap,3,2025-08-14 12:00,26.47,20172,United Kingdom
INV505607,TH-JEAN,Slim Fit Jeans,1,2025-12-02 14:00,55.48,20632,United Kingdom
INV504795,TH-JACK,Denim Jacket,2,2026-04-25 12:00,121.29,20539,United Kingdom
INV503744,TH-CAP,Logo Cap,3,2025-10-07 15:00,23.38,20419,United Kingdom
INV500697,TH-SHIRT,Oxford Shirt,1,2026-06-02 14:00,47.99,20078,United Kingdom
INV501028,TH-TSHIRT,Cotton Crew T-Shirt,3,2026-03-05 19:00,22.63,20112,United Kingdom
INV502885,TH-JEAN,Slim Fit Jeans,1,2026-04-30 17:00,81.02,20318,United Kingdom
INV501798,TH-DRESS,Summer Dress,1,2025-07-31 12:00,78.55,20199,United Kingdom
INV504114,TH-SHOE,Canvas Sneakers,3,2025-12-02 18:00,80.2,20462,United Kingdom
INV506014,TH-CAP,Logo Cap,1,2025-12-18 18:00,28.0,20675,United Kingdom
INV501719,TH-JACK,Denim Jacket,1,2025-05-13 16:00,121.36,20192,United Kingdom
INV504178,TH-TSHIRT,Cotton Crew T-Shirt,3,2026-03-24 08:00,25.12,20470,United Kingdom
INV504031,TH-DRESS,Summer Dress,3,2026-05-09 08:00,76.32,20450,United Kingdom
INV504634,TH-JACK,Denim Jacket,1,2025-09-17 15:00,86.44,20521,United Kingdom
INV503998,TH-DRESS,Summer Dress,2,2025-06-27 13:00,72.36,20447,United Kingdom
INV500009,TH-SHOE,Canvas Sneakers,2,2025-11-06 17:00,60.49,20002,United Kingdom
INV505221,TH-HOOD,Fleece Hoodie,2,2025-10-18 17:00,49.0,20584,United Kingdom
INV505970,TH-JEAN,Slim Fit Jeans,2,2025-12-08 13:00,56.9,20671,United Kingdom
INV500681,TH-JEAN,Slim Fit Jeans,2,2026-04-14 16:00,73.39,20076,United Kingdom
INV504970,TH-SHOE,Canvas Sneakers,2,2025-07-16 19:00,43.16,20557,United Kingdom
INV503566,TH-CAP,Logo Cap,3,2025-07-07 12:00,25.25,20394,United Kingdom
INV501715,TH-SHIRT,Oxford Shirt,2,2025-12-01 16:00,61.62,20192,United Kingdom
INV503414,TH-SHIRT,Oxford Shirt,2,2026-03-02 12:00,27.13,20378,United Kingdom
INV504302,TH-SHOE,Canvas Sneakers,1,2026-01-27 11:00,70.63,20484,United Kingdom
INV500748,TH-TSHIRT,Cotton Crew T-Shirt,3,2026-03-31 19:00,25.09,20083,United Kingdom
INV503593,TH-JACK,Denim Jacket,2,2025-09-03 09:00,51.01,20397,United Kingdom
INV502126,TH-TSHIRT,Cotton Crew T-Shirt,1,2025-11-28 17:00,27.79,20234,United Kingdom
INV502148,TH-JEAN,Slim Fit Jeans,2,2025-10-05 14:00,74.59,20236,United Kingdom
INV500784,TH-SHOE,Canvas Sneakers,2,2026-06-13 08:00,57.21,20086,United Kingdom
INV506166,TH-CAP,Logo Cap,1,2026-03-15 12:00,24.15,20689,United Kingdom
INV504379,TH-TSHIRT,Cotton Crew T-Shirt,3,2025-07-10 18:00,27.32,20491,United Kingdom
INV502110,TH-CAP,Logo Cap,3,2026-06-04 17:00,26.51,20234,United Kingdom
INV505496,TH-CAP,Logo Cap,1,2026-06-01 10:00,22.05,20617,United Kingdom
INV500096,TH-JACK,Denim Jacket,2,2026-07-05 12:00,71.84,20012,United Kingdom
INV504869,TH-DRESS,Summer Dress,1,2025-07-07 12:00,63.25,20544,United Kingdom
INV503843,TH-JACK,Denim Jacket,1,2026-02-26 14:00,89.75,20431,United Kingdom
INV502781,TH-TSHIRT,Cotton Crew T-Shirt,1,2025-12-02 08:00,15.4,20307,United Kingdom
INV505224,TH-CAP,Logo Cap,2,2026-02-23 18:00,19.67,20584,United Kingdom
INV503402,TH-CAP,Logo Cap,1,2025-10-06 18:00,25.16,20377,United Kingdom
INV505689,TH-SHOE,Canvas Sneakers,1,2025-06-17 19:00,54.58,20642,United Kingdom
INV503095,TH-SHIRT,Oxford Shirt,1,2025-12-21 19:00,44.01,20341,United Kingdom
INV500599,TH-JEAN,Slim Fit Jeans,1,2025-05-22 17:00,57.93,20067,United Kingdom
INV500667,TH-CAP,Logo Cap,1,2025-11-25 13:00,13.37,20075,United Kingdom
INV500379,TH-JACK,Denim Jacket,1,2025-09-18 19:00,55.69,20044,United Kingdom
INV501511,TH-CAP,Logo Cap,3,2026-03-02 14:00,26.19,20167,United Kingdom
INV504270,TH-HOOD,Fleece Hoodie,1,2025-09-05 19:00,55.76,20481,United Kingdom
INV505222,TH-JACK,Denim Jacket,1,2026-02-22 20:00,72.83,20584,United Kingdom
INV502427,TH-HOOD,Fleece Hoodie,1,2026-01-13 11:00,37.12,20266,United Kingdom
INV500922,TH-JEAN,Slim Fit Jeans,3,2026-05-12 19:00,76.55,20101,United Kingdom
INV500189,TH-SHOE,Canvas Sneakers,2,2025-11-01 15:00,38.4,20023,United Kingdom
INV505353,TH-SHIRT,Oxford Shirt,1,2026-04-21 11:00,41.52,20602,United Kingdom
INV505776,TH-DRESS,Summer Dress,3,2025-06-09 16:00,71.11,20650,United Kingdom
INV503464,TH-JACK,Denim Jacket,1,2026-02-19 09:00,129.4,20382,United Kingdom
INV504108,TH-JEAN,Slim Fit Jeans,3,2026-01-03 09:00,82.21,20462,United Kingdom
INV503874,TH-SHOE,Canvas Sneakers,3,2025-08-17 08:00,93.22,20435,United Kingdom
INV505678,TH-JACK,Denim Jacket,3,2026-02-12 13:00,103.44,20640,United Kingdom
INV500068,TH-DRESS,Summer Dress,2,2025-07-17 17:00,39.37,20008,United Kingdom
INV505527,TH-DRESS,Summer Dress,2,2025-05-25 20:00,64.81,20621,United Kingdom
INV502414,TH-TSHIRT,Cotton Crew T-Shirt,1,2026-03-26 11:00,20.62,20265,United Kingdom
INV500563,TH-CAP,Logo Cap,1,2025-10-24 14:00,18.09,20063,United Kingdom
INV504991,TH-CAP,Logo Cap,1,2026-01-19 16:00,16.38,20560,United Kingdom
INV502024,TH-DRESS,Summer Dress,2,2025-12-18 19:00,75.48,20225,United Kingdom
INV505445,TH-HOOD,Fleece Hoodie,1,2026-04-27 09:00,61.23,20612,United Kingdom
INV502107,TH-SHIRT,Oxford Shirt,1,2025-12-31 17:00,46.84,20233,United Kingdom
INV505652,TH-HOOD,Fleece Hoodie,1,2025-09-23 12:00,43.41,20637,United Kingdom
INV504398,TH-TSHIRT,Cotton Crew T-Shirt,1,2025-09-22 18:00,18.04,20492,United Kingdom
INV501421,TH-CAP,Logo Cap,2,2026-03-29 17:00,20.09,20159,United Kingdom
INV504092,TH-CAP,Logo Cap,3,2025-07-20 10:00,22.02,20459,United Kingdom
INV501374,TH-JEAN,Slim Fit Jeans,2,2026-01-16 13:00,51.11,20152,United Kingdom
INV504539,TH-JACK,Denim Jacket,2,2026-05-18 08:00,83.48,20508,United Kingdom
INV502682,TH-SHOE,Canvas Sneakers,1,2026-07-05 16:00,84.15,20294,United Kingdom
INV505881,TH-SHOE,Canvas Sneakers,1,2026-07-12 20:00,33.09,20661,United Kingdom
INV502335,TH-JEAN,Slim Fit Jeans,1,2026-01-30 19:00,64.61,20257,United Kingdom
INV505662,TH-SHIRT,Oxford Shirt,1,2025-11-09 09:00,24.22,20638,United Kingdom
INV503930,TH-JEAN,Slim Fit Jeans,2,2025-12-10 19:00,64.11,20441,United Kingdom
INV500935,TH-HOOD,Fleece Hoodie,1,2026-06-17 09:00,57.24,20102,United Kingdom
INV505602,TH-CAP,Logo Cap,1,2026-06-18 11:00,17.44,20632,United Kingdom
INV504551,TH-DRESS,Summer Dress,1,2026-04-06 16:00,41.37,20510,United Kingdom
INV504524,TH-TSHIRT,Cotton Crew T-Shirt,3,2026-02-16 10:00,23.11,20506,United Kingdom
INV503908,TH-JACK,Denim Jacket,2,2026-03-24 18:00,45.37,20439,United Kingdom
INV505775,TH-HOOD,Fleece Hoodie,3,2025-11-04 14:00,55.83,20650,United Kingdom
INV502813,TH-JACK,Denim Jacket,1,2025-07-03 11:00,117.35,20310,United Kingdom
INV504699,TH-SHIRT,Oxford Shirt,1,2026-06-12 17:00,40.02,20529,United Kingdom
INV500444,TH-TSHIRT,Cotton Crew T-Shirt,1,2025-06-10 18:00,32.27,20052,United Kingdom
INV506255,TH-SHIRT,Oxford Shirt,2,2025-10-04 16:00,50.55,20699,United Kingdom
INV500357,TH-DRESS,Summer Dress,2,2026-03-23 12:00,51.99,20042,United Kingdom
INV501031,TH-DRESS,Summer Dress,3,2025-10-07 14:00,85.12,20112,United Kingdom
INV504381,TH-JEAN,Slim Fit Jeans,3,2025-09-19 15:00,98.35,20491,United Kingdom
INV501337,TH-DRESS,Summer Dress,1,2025-07-16 17:00,75.47,20149,United Kingdom
INV502149,TH-JACK,Denim Jacket,3,2026-06-05 08:00,93.96,20236,United Kingdom
INV505474,TH-DRESS,Summer Dress,1,2026-03-08 13:00,81.83,20616,United Kingdom
INV503726,TH-CAP,Logo Cap,2,2025-08-13 15:00,18.5,20415,United Kingdom
INV506271,TH-JACK,Denim Jacket,1,2026-04-17 19:00,92.83,20700,United Kingdom
INV506208,TH-SHIRT,Oxford Shirt,2,2026-03-21 13:00,46.0,20693,United Kingdom
INV501069,TH-JEAN,Slim Fit Jeans,1,2025-08-17 13:00,80.65,20115,United Kingdom
INV502733,TH-SHIRT,Oxford Shirt,3,2025-09-05 18:00,57.49,20300,United Kingdom
INV505344,TH-SHIRT,Oxford Shirt,1,2025-06-26 17:00,46.76,20602,United Kingdom
INV505207,TH-SHOE,Canvas Sneakers,1,2026-02-01 15:00,56.78,20583,United Kingdom
INV505335,TH-SHIRT,Oxford Shirt,2,2026-07-05 18:00,44.79,20600,United Kingdom
INV504513,TH-DRESS,Summer Dress,3,2026-03-30 13:00,99.64,20506,United Kingdom
INV504077,TH-DRESS,Summer Dress,2,2025-08-16 12:00,58.05,20456,United Kingdom
INV500238,TH-JEAN,Slim Fit Jeans,3,2026-07-09 09:00,77.24,20029,United Kingdom
INV504433,TH-JACK,Denim Jacket,2,2025-06-20 11:00,117.62,20496,United Kingdom
INV503664,TH-TSHIRT,Cotton Crew T-Shirt,2,2026-02-23 14:00,26.25,20407,United Kingdom
INV501441,TH-JACK,Denim Jacket,2,2026-05-26 11:00,80.8,20161,United Kingdom
INV504289,TH-HOOD,Fleece Hoodie,1,2026-02-22 10:00,27.77,20483,United Kingdom
INV505527,TH-DRESS,Summer Dress,2,2025-05-25 20:00,70.7,20621,United Kingdom
INV503358,TH-DRESS,Summer Dress,1,2025-12-24 09:00,44.07,20371,United Kingdom
INV501366,TH-JACK,Denim Jacket,2,2025-10-28 11:00,81.31,20152,United Kingdom
INV502293,TH-JACK,Denim Jacket,3,2026-01-28 16:00,86.32,20253,United Kingdom
INV503581,TH-SHIRT,Oxford Shirt,1,2026-02-13 19:00,39.46,20395,United Kingdom
INV501882,TH-DRESS,Summer Dress,2,2025-07-12 17:00,75.23,20209,United Kingdom
INV502168,TH-JEAN,Slim Fit Jeans,2,2025-09-20 19:00,38.16,20239,United Kingdom
INV505460,TH-HOOD,Fleece Hoodie,2,2026-07-10 17:00,30.69,20614,United Kingdom
INV505025,TH-HOOD,Fleece Hoodie,2,2025-09-24 20:00,64.55,20564,United Kingdom
INV500034,TH-DRESS,Summer Dress,1,2025-06-12 15:00,63.07,20005,United Kingdom
INV501015,TH-CAP,Logo Cap,3,2026-04-23 20:00,32.43,20111,United Kingdom
INV502075,TH-TSHIRT,Cotton Crew T-Shirt,2,2025-11-11 18:00,11.88,20230,United Kingdom
INV502543,TH-DRESS,Summer Dress,1,2025-11-04 11:00,44.88,20280,United Kingdom
INV501183,TH-CAP,Logo Cap,2,2025-07-06 18:00,25.87,20131,United Kingdom
INV502817,TH-JACK,Denim Jacket,1,2025-06-13 20:00,74.44,20311,United Kingdom
INV503626,TH-DRESS,Summer Dress,1,2026-02-05 13:00,58.57,20402,United Kingdom
INV503716,TH-JEAN,Slim Fit Jeans,2,2025-11-29 19:00,79.7,20414,United Kingdom
INV505463,TH-TSHIRT,Cotton Crew T-Shirt,2,2026-04-20 15:00,16.94,20615,United Kingdom
INV500614,TH-JACK,Denim Jacket,2,2026-04-25 08:00,114.75,20069,United Kingdom
INV501341,TH-JEAN,Slim Fit Jeans,3,2025-10-01 16:00,96.5,20150,United Kingdom
INV500686,TH-HOOD,Fleece Hoodie,2,2025-08-20 18:00,42.55,20077,United Kingdom
INV500761,TH-HOOD,Fleece Hoodie,3,2025-06-17 20:00,68.18,20083,United Kingdom
INV500200,TH-HOOD,Fleece Hoodie,2,2025-12-08 16:00,27.39,20024,United Kingdom
INV501325,TH-SHIRT,Oxford Shirt,3,2025-12-09 11:00,54.73,20148,United Kingdom
INV505583,TH-JEAN,Slim Fit Jeans,2,2026-07-12 13:00,72.68,20629,United Kingdom
INV506022,TH-TSHIRT,Cotton Crew T-Shirt,3,2025-12-27 09:00,25.55,20675,United Kingdom
INV505398,TH-JACK,Denim Jacket,2,2025-10-07 14:00,64.93,20608,United Kingdom
INV501346,TH-SHIRT,Oxford Shirt,2,2025-08-17 17:00,56.05,20150,United Kingdom
INV505185,TH-CAP,Logo Cap,1,2025-10-04 18:00,28.15,20581,United Kingdom
INV502246,TH-JEAN,Slim Fit Jeans,1,2026-05-15 15:00,50.58,20248,United Kingdom
INV505891,TH-JACK,Denim Jacket,1,2026-02-13 17:00,85.5,20662,United Kingdom
INV504659,TH-JACK,Denim Jacket,1,2026-06-11 20:00,77.39,20523,United Kingdom
INV500771,TH-HOOD,Fleece Hoodie,3,2026-04-27 15:00,62.1,20085,United Kingdom
INV504108,TH-SHOE,Canvas Sneakers,3,2026-01-03 09:00,70.93,20462,United Kingdom
INV501545,TH-CAP,Logo Cap,3,2025-12-01 09:00,30.34,20172,United Kingdom
INV503529,TH-JACK,Denim Jacket,2,2025-10-19 15:00,72.76,20389,United Kingdom
INV504840,TH-CAP,Logo Cap,2,2026-05-18 19:00,22.72,20542,United Kingdom
INV500770,TH-JACK,Denim Jacket,2,2026-05-03 20:00,100.29,20085,United Kingdom
INV503079,TH-CAP,Logo Cap,3,2026-04-15 12:00,23.47,20340,United Kingdom
INV502331,TH-JACK,Denim Jacket,1,2025-06-07 15:00,84.48,20257,United Kingdom
INV501714,TH-JACK,Denim Jacket,3,2026-07-11 08:00,122.33,20192,United Kingdom
INV505764,TH-TSHIRT,Cotton Crew T-Shirt,2,2025-07-25 17:00,19.31,20649,United Kingdom
INV502674,TH-DRESS,Summer Dress,3,2025-08-31 17:00,93.53,20294,United Kingdom
INV502111,TH-JACK,Denim Jacket,3,2026-05-07 20:00,120.83,20234,United Kingdom
INV500690,TH-JEAN,Slim Fit Jeans,2,2026-05-15 17:00,74.42,20078,United Kingdom
INV502729,TH-SHIRT,Oxford Shirt,2,2026-07-01 09:00,59.71,20300,United Kingdom
INV501125,TH-CAP,Logo Cap,1,2025-07-18 08:00,11.79,20125,United Kingdom
INV505859,TH-SHOE,Canvas Sneakers,3,2025-07-19 17:00,78.31,20660,United Kingdom
INV504911,TH-JEAN,Slim Fit Jeans,2,2025-06-05 10:00,33.74,20549,United Kingdom
INV505557,TH-SHOE,Canvas Sneakers,3,2026-06-26 17:00,68.97,20626,United Kingdom
INV500540,TH-DRESS,Summer Dress,2,2025-05-19 11:00,110.42,20061,United Kingdom
INV502608,TH-DRESS,Summer Dress,1,2025-06-16 17:00,86.34,20289,United Kingdom
INV504612,TH-HOOD,Fleece Hoodie,2,2025-10-17 11:00,32.71,20518,United Kingdom
INV505452,TH-TSHIRT,Cotton Crew T-Shirt,1,2026-04-03 16:00,21.9,20613,United Kingdom
INV504705,TH-DRESS,Summer Dress,1,2025-05-18 15:00,70.69,20529,United Kingdom
INV501498,TH-DRESS,Summer Dress,3,2026-05-20 13:00,93.7,20166,United Kingdom
INV502131,TH-HOOD,Fleece Hoodie,1,2026-03-27 09:00,35.87,20235,United Kingdom
INV506232,TH-CAP,Logo Cap,2,2026-07-05 10:00,19.31,20696,United Kingdom
INV504796,TH-DRESS,Summer Dress,2,2026-02-27 16:00,105.83,20539,United Kingdom
INV506183,TH-JEAN,Slim Fit Jeans,2,2026-01-24 10:00,60.11,20691,United Kingdom
INV504256,TH-HOOD,Fleece Hoodie,2,2025-08-14 16:00,57.32,20479,United Kingdom
INV503304,TH-JACK,Denim Jacket,2,2025-09-10 13:00,88.1,20366,United Kingdom
INV506051,TH-JACK,Denim Jacket,2,2025-07-23 09:00,62.05,20679,United Kingdom
INV502128,TH-HOOD,Fleece Hoodie,1,2025-08-18 11:00,65.06,20234,United Kingdom
INV501626,TH-DRESS,Summer Dress,3,2025-10-14 11:00,74.23,20180,United Kingdom
INV504763,TH-SHIRT,Oxford Shirt,2,2026-04-03 15:00,61.08,20536,United Kingdom
INV500219,TH-JEAN,Slim Fit Jeans,2,2026-06-13 12:00,70.42,20027,United Kingdom
INV501059,TH-TSHIRT,Cotton Crew T-Shirt,3,2025-09-12 17:00,19.63,20114,United Kingdom
INV503477,TH-SHOE,Canvas Sneakers,2,2026-05-17 10:00,48.44,20383,United Kingdom
INV503882,TH-SHIRT,Oxford Shirt,2,2026-01-11 12:00,65.8,20435,United Kingdom
INV500092,TH-DRESS,Summer Dress,2,2025-06-10 10:00,60.9,20012,United Kingdom
INV500333,TH-JEAN,Slim Fit Jeans,2,2026-06-24 12:00,44.82,20038,United Kingdom
INV503322,TH-SHOE,Canvas Sneakers,3,2025-09-05 16:00,71.46,20367,United Kingdom
INV505689,TH-DRESS,Summer Dress,1,2025-06-17 19:00,62.45,20642,United Kingdom
INV503451,TH-TSHIRT,Cotton Crew T-Shirt,1,2026-04-01 18:00,17.55,20381,United Kingdom
INV505804,TH-JEAN,Slim Fit Jeans,2,2025-05-15 11:00,30.47,20653,United Kingdom
INV503081,TH-JACK,Denim Jacket,1,2025-10-27 12:00,101.23,20340,United Kingdom
INV506154,TH-SHIRT,Oxford Shirt,1,2025-12-03 12:00,48.41,20688,United Kingdom
INV504455,TH-SHOE,Canvas Sneakers,1,2025-12-22 13:00,50.91,20500,United Kingdom
INV504654,TH-TSHIRT,Cotton Crew T-Shirt,2,2026-03-10 10:00,22.48,20522,United Kingdom
INV506256,TH-JACK,Denim Jacket,3,2026-03-17 20:00,93.72,20699,United Kingdom
INV501990,TH-CAP,Logo Cap,1,2025-06-07 19:00,13.74,20221,United Kingdom
INV501915,TH-HOOD,Fleece Hoodie,1,2026-01-15 08:00,48.0,20213,United Kingdom
INV500469,TH-CAP,Logo Cap,2,2026-04-04 19:00,19.05,20054,United Kingdom
INV502612,TH-SHIRT,Oxford Shirt,2,2026-02-14 12:00,57.06,20289,United Kingdom
INV503644,TH-CAP,Logo Cap,2,2026-01-17 09:00,22.72,20405,United Kingdom
INV500847,TH-DRESS,Summer Dress,3,2025-07-16 17:00,104.27,20093,United Kingdom
INV503712,TH-DRESS,Summer Dress,1,2026-03-03 17:00,98.7,20414,United Kingdom
INV503689,TH-TSHIRT,Cotton Crew T-Shirt,1,2025-12-24 09:00,17.5,20411,United Kingdom
INV503448,TH-SHOE,Canvas Sneakers,1,2026-02-20 13:00,55.93,20381,United Kingdom
INV506091,TH-JEAN,Slim Fit Jeans,3,2025-10-23 16:00,85.51,20682,United Kingdom
INV500052,TH-SHOE,Canvas Sneakers,1,2025-11-22 16:00,68.72,20006,United Kingdom
INV505651,TH-JEAN,Slim Fit Jeans,2,2026-04-19 11:00,53.39,20637,United Kingdom
INV503074,TH-CAP,Logo Cap,2,2025-07-03 20:00,13.15,20339,United Kingdom
INV504414,TH-SHIRT,Oxford Shirt,2,2025-10-04 11:00,24.67,20495,United Kingdom
INV501405,TH-SHOE,Canvas Sneakers,1,2026-04-23 19:00,56.88,20157,United Kingdom
INV505348,TH-DRESS,Summer Dress,2,2026-04-07 14:00,81.79,20602,United Kingdom
INV504666,TH-JACK,Denim Jacket,2,2026-05-24 13:00,81.22,20524,United Kingdom
INV503567,TH-SHIRT,Oxford Shirt,2,2026-06-27 14:00,53.34,20394,United Kingdom
INV505094,TH-TSHIRT,Cotton Crew T-Shirt,3,2025-10-04 17:00,22.08,20570,United Kingdom
INV505675,TH-SHIRT,Oxford Shirt,2,2026-05-25 15:00,52.93,20640,United Kingdom
INV505165,TH-TSHIRT,Cotton Crew T-Shirt,1,2025-12-09 20:00,22.77,20578,United Kingdom
INV501287,TH-JACK,Denim Jacket,1,2026-06-10 12:00,102.15,20144,United Kingdom
INV504151,TH-HOOD,Fleece Hoodie,1,2025-05-17 13:00,49.51,20465,United Kingdom
INV505141,TH-TSHIRT,Cotton Crew T-Shirt,1,2026-06-12 17:00,22.87,20576,United Kingdom
INV502132,TH-TSHIRT,Cotton Crew T-Shirt,1,2025-11-14 14:00,15.24,20235,United Kingdom
INV506092,TH-HOOD,Fleece Hoodie,1,2025-09-17 09:00,70.72,20682,United Kingdom
INV500842,TH-CAP,Logo Cap,2,2026-05-01 16:00,26.58,20093,United Kingdom
INV504565,TH-DRESS,Summer Dress,1,2025-06-11 14:00,94.6,20512,United Kingdom
INV503292,TH-CAP,Logo Cap,2,2026-06-11 10:00,16.11,20364,United Kingdom
INV504875,TH-CAP,Logo Cap,1,2025-05-15 14:00,19.99,20545,United Kingdom
INV504127,TH-JEAN,Slim Fit Jeans,3,2025-09-03 12:00,88.12,20464,United Kingdom
INV501565,TH-DRESS,Summer Dress,1,2026-07-15 08:00,75.06,20173,United Kingdom
INV503724,TH-DRESS,Summer Dress,2,2025-05-13 08:00,58.56,20415,United Kingdom
INV505746,TH-TSHIRT,Cotton Crew T-Shirt,2,2025-05-15 17:00,26.16,20647,United Kingdom
INV500488,TH-JEAN,Slim Fit Jeans,2,2025-10-12 12:00,72.16,20056,United Kingdom
INV503929,TH-CAP,Logo Cap,1,2026-04-11 11:00,19.06,20441,United Kingdom
INV501012,TH-TSHIRT,Cotton Crew T-Shirt,2,2026-04-28 09:00,26.72,20111,United Kingdom
INV503034,TH-DRESS,Summer Dress,1,2025-11-22 10:00,77.52,20336,United Kingdom
INV504616,TH-TSHIRT,Cotton Crew T-Shirt,2,2025-10-24 11:00,10.48,20518,United Kingdom
INV505839,TH-SHIRT,Oxford Shirt,2,2026-06-11 12:00,37.57,20657,United Kingdom
INV504794,TH-DRESS,Summer Dress,1,2025-06-23 20:00,65.01,20538,United Kingdom
INV503603,TH-SHIRT,Oxford Shirt,1,2025-06-17 10:00,41.58,20399,United Kingdom
INV504115,TH-DRESS,Summer Dress,3,2025-11-08 14:00,94.44,20462,United Kingdom
INV505273,TH-SHIRT,Oxford Shirt,2,2025-09-09 20:00,26.94,20591,United Kingdom
INV505459,TH-SHOE,Canvas Sneakers,2,2025-10-30 16:00,32.91,20614,United Kingdom
INV502815,TH-SHOE,Canvas Sneakers,2,2025-12-21 08:00,78.61,20310,United Kingdom
INV501367,TH-HOOD,Fleece Hoodie,1,2026-06-15 09:00,45.68,20152,United Kingdom
INV501930,TH-DRESS,Summer Dress,3,2026-01-07 11:00,82.58,20214,United Kingdom
INV500361,TH-JEAN,Slim Fit Jeans,1,2025-11-14 19:00,48.29,20042,United Kingdom
INV502367,TH-JEAN,Slim Fit Jeans,1,2025-07-19 18:00,38.57,20260,United Kingdom
INV503916,TH-SHOE,Canvas Sneakers,3,2025-10-28 12:00,64.64,20440,United Kingdom
INV500855,TH-CAP,Logo Cap,2,2025-11-16 19:00,20.92,20094,United Kingdom
INV500403,TH-SHOE,Canvas Sneakers,2,2025-11-21 20:00,35.32,20048,United Kingdom
INV500592,TH-HOOD,Fleece Hoodie,1,2026-05-19 14:00,42.76,20067,United Kingdom
INV501166,TH-SHIRT,Oxford Shirt,1,2026-03-03 19:00,54.68,20129,United Kingdom
INV503698,TH-JEAN,Slim Fit Jeans,2,2026-07-02 13:00,68.39,20411,United Kingdom
INV504533,TH-DRESS,Summer Dress,2,2026-07-05 17:00,47.02,20507,United Kingdom
INV505499,TH-CAP,Logo Cap,1,2025-09-29 09:00,15.17,20618,United Kingdom
INV502161,TH-CAP,Logo Cap,2,2025-05-28 08:00,13.52,20238,United Kingdom
INV504145,TH-SHOE,Canvas Sneakers,2,2025-10-25 14:00,64.99,20465,United Kingdom
INV503404,TH-TSHIRT,Cotton Crew T-Shirt,1,2026-07-07 10:00,20.23,20377,United Kingdom
INV500561,TH-SHOE,Canvas Sneakers,2,2025-10-20 12:00,54.57,20063,United Kingdom
INV500284,TH-JACK,Denim Jacket,1,2025-12-20 08:00,55.7,20034,United Kingdom
INV505781,TH-HOOD,Fleece Hoodie,1,2026-04-22 17:00,34.4,20651,United Kingdom
INV501876,TH-DRESS,Summer Dress,2,2025-05-24 11:00,75.7,20209,United Kingdom
INV503769,TH-JEAN,Slim Fit Jeans,1,2026-01-18 14:00,63.86,20421,United Kingdom
INV500501,TH-JACK,Denim Jacket,1,2025-08-24 08:00,118.47,20058,United Kingdom
INV503931,TH-SHIRT,Oxford Shirt,1,2025-10-23 14:00,39.14,20441,United Kingdom
INV501727,TH-DRESS,Summer Dress,1,2025-12-18 13:00,58.1,20193,United Kingdom
INV505173,TH-DRESS,Summer Dress,1,2025-11-13 20:00,75.01,20580,United Kingdom
INV505241,TH-SHIRT,Oxford Shirt,1,2025-12-02 20:00,41.38,20587,United Kingdom
INV503013,TH-JACK,Denim Jacket,1,2026-02-22 15:00,106.02,20334,United Kingdom
INV503420,TH-TSHIRT,Cotton Crew T-Shirt,2,2026-03-17 14:00,11.82,20379,United Kingdom
INV502325,TH-JEAN,Slim Fit Jeans,1,2025-08-17 13:00,66.63,20256,United Kingdom
INV500059,TH-JACK,Denim Jacket,2,2025-07-03 14:00,92.21,20007,United Kingdom
INV506182,TH-JEAN,Slim Fit Jeans,1,2026-07-15 16:00,72.83,20691,United Kingdom
INV500015,TH-JEAN,Slim Fit Jeans,1,2026-03-19 17:00,63.47,20002,United Kingdom
INV503888,TH-CAP,Logo Cap,1,2026-02-16 12:00,12.75,20436,United Kingdom
INV503366,TH-SHIRT,Oxford Shirt,1,2025-11-05 18:00,55.35,20372,United Kingdom
INV502002,TH-HOOD,Fleece Hoodie,2,2025-07-11 18:00,63.93,20223,United Kingdom
INV503023,TH-SHIRT,Oxford Shirt,3,2026-02-02 13:00,62.45,20335,United Kingdom
INV504899,TH-CAP,Logo Cap,2,2025-12-23 20:00,20.62,20548,United Kingdom
INV504753,TH-TSHIRT,Cotton Crew T-Shirt,2,2025-06-23 11:00,9.36,20535,United Kingdom
INV501812,TH-HOOD,Fleece Hoodie,3,2025-06-14 19:00,60.52,20202,United Kingdom
INV501843,TH-CAP,Logo Cap,2,2026-06-20 14:00,15.49,20204,United Kingdom
INV504818,TH-JACK,Denim Jacket,1,2025-06-16 10:00,94.81,20541,United Kingdom
INV505454,TH-JEAN,Slim Fit Jeans,1,2025-07-01 15:00,62.9,20613,United Kingdom
INV501217,TH-HOOD,Fleece Hoodie,3,2026-05-30 13:00,53.87,20138,United Kingdom
INV503083,TH-JACK,Denim Jacket,3,2026-05-31 12:00,110.15,20340,United Kingdom
INV505115,TH-JEAN,Slim Fit Jeans,1,2026-05-02 11:00,61.9,20573,United Kingdom
INV502198,TH-JEAN,Slim Fit Jeans,2,2025-11-10 08:00,69.34,20243,United Kingdom
INV502173,TH-SHOE,Canvas Sneakers,2,2025-09-01 15:00,43.88,20240,United Kingdom
INV503855,TH-DRESS,Summer Dress,3,2026-05-23 11:00,78.78,20433,United Kingdom
INV504721,TH-CAP,Logo Cap,1,2026-05-06 10:00,12.92,20531,United Kingdom
INV500222,TH-CAP,Logo Cap,1,2026-05-07 09:00,21.55,20027,United Kingdom
INV505827,TH-HOOD,Fleece Hoodie,3,2026-02-20 08:00,64.73,20656,United Kingdom
INV500284,TH-TSHIRT,Cotton Crew T-Shirt,2,2025-12-20 08:00,13.93,20034,United Kingdom
INV502411,TH-TSHIRT,Cotton Crew T-Shirt,2,2025-07-05 16:00,20.38,20265,United Kingdom
INV502208,TH-DRESS,Summer Dress,1,2026-07-13 12:00,75.07,20245,United Kingdom
INV504387,TH-JACK,Denim Jacket,3,2025-08-15 15:00,127.19,20491,United Kingdom
INV505269,TH-TSHIRT,Cotton Crew T-Shirt,2,2025-05-11 16:00,11.77,20591,United Kingdom
INV503348,TH-SHOE,Canvas Sneakers,1,2025-09-13 20:00,48.98,20370,United Kingdom
INV505233,TH-TSHIRT,Cotton Crew T-Shirt,2,2026-02-20 12:00,18.31,20585,United Kingdom
INV503663,TH-JACK,Denim Jacket,1,2026-01-14 19:00,108.56,20407,United Kingdom
INV501008,TH-CAP,Logo Cap,1,2026-05-04 12:00,19.66,20110,United Kingdom
INV503053,TH-SHOE,Canvas Sneakers,1,2025-12-11 15:00,72.57,20337,United Kingdom
INV505622,TH-CAP,Logo Cap,1,2025-07-15 19:00,26.35,20633,United Kingdom
INV501045,TH-JACK,Denim Jacket,1,2025-08-29 18:00,73.23,20113,United Kingdom
INV500099,TH-HOOD,Fleece Hoodie,1,2026-04-29 13:00,39.95,20013,United Kingdom
INV502993,TH-HOOD,Fleece Hoodie,2,2025-09-11 11:00,59.0,20333,United Kingdom
INV500077,TH-DRESS,Summer Dress,1,2025-08-01 09:00,36.84,20010,United Kingdom
INV500550,TH-CAP,Logo Cap,1,2026-01-10 19:00,14.55,20062,United Kingdom
INV505529,TH-JEAN,Slim Fit Jeans,2,2026-05-12 12:00,64.87,20621,United Kingdom
INV504231,TH-CAP,Logo Cap,2,2026-05-13 15:00,18.43,20477,United Kingdom
INV503921,TH-SHOE,Canvas Sneakers,3,2025-12-07 12:00,63.79,20440,United Kingdom
INV504609,TH-TSHIRT,Cotton Crew T-Shirt,2,2025-07-19 14:00,14.43,20517,United Kingdom
INV505416,TH-HOOD,Fleece Hoodie,3,2025-10-05 20:00,62.5,20610,United Kingdom
INV500948,TH-TSHIRT,Cotton Crew T-Shirt,2,2026-02-25 16:00,28.88,20104,United Kingdom
INV504139,TH-JACK,Denim Jacket,3,2026-07-10 15:00,93.86,20465,United Kingdom
INV500788,TH-SHOE,Canvas Sneakers,2,2026-06-23 14:00,42.8,20087,United Kingdom
INV504121,TH-JACK,Denim Jacket,1,2026-02-01 16:00,72.04,20463,United Kingdom
INV501869,TH-CAP,Logo Cap,2,2025-12-22 12:00,15.97,20208,United Kingdom
INV502829,TH-CAP,Logo Cap,2,2026-01-19 20:00,20.64,20312,United Kingdom
INV505034,TH-SHOE,Canvas Sneakers,2,2026-02-08 10:00,35.47,20565,United Kingdom
INV500483,TH-JEAN,Slim Fit Jeans,3,2025-07-03 20:00,70.83,20056,United Kingdom
INV505486,TH-HOOD,Fleece Hoodie,2,2026-02-14 09:00,64.03,20616,United Kingdom
INV505906,TH-HOOD,Fleece Hoodie,1,2025-09-10 15:00,59.98,20665,United Kingdom
INV502250,TH-DRESS,Summer Dress,2,2026-03-10 19:00,62.7,20249,United Kingdom
INV500560,TH-TSHIRT,Cotton Crew T-Shirt,2,2025-09-06 17:00,16.38,20063,United Kingdom
INV501245,TH-DRESS,Summer Dress,1,2025-12-19 20:00,90.03,20141,United Kingdom
INV504065,TH-JEAN,Slim Fit Jeans,1,2025-10-26 10:00,50.01,20455,United Kingdom
INV502808,TH-TSHIRT,Cotton Crew T-Shirt,2,2025-05-18 19:00,26.74,20310,United Kingdom
INV504878,TH-SHIRT,Oxford Shirt,2,2025-05-27 18:00,44.67,20545,United Kingdom
INV501462,TH-CAP,Logo Cap,1,2026-02-12 11:00,21.24,20163,United Kingdom
INV504988,TH-CAP,Logo Cap,1,2025-09-30 10:00,15.26,20559,United Kingdom
INV502001,TH-HOOD,Fleece Hoodie,2,2026-01-30 10:00,60.42,20223,United Kingdom
INV504216,TH-CAP,Logo Cap,2,2026-07-09 17:00,16.71,20475,United Kingdom
INV505325,TH-TSHIRT,Cotton Crew T-Shirt,1,2026-05-03 14:00,14.17,20599,United Kingdom
INV502178,TH-SHOE,Canvas Sneakers,2,2026-02-02 10:00,56.5,20241,United Kingdom
INV500084,TH-JACK,Denim Jacket,1,2025-05-31 08:00,91.64,20011,United Kingdom
INV506153,TH-SHOE,Canvas Sneakers,2,2025-10-07 20:00,69.04,20688,United Kingdom
INV503347,TH-TSHIRT,Cotton Crew T-Shirt,2,2026-05-31 18:00,16.38,20370,United Kingdom
INV502854,TH-SHIRT,Oxford Shirt,3,2026-05-04 17:00,55.62,20315,United Kingdom
INV501730,TH-TSHIRT,Cotton Crew T-Shirt,1,2026-02-08 13:00,17.07,20193,United Kingdom
INV504629,TH-DRESS,Summer Dress,2,2025-06-14 09:00,47.59,20520,United Kingdom
INV505812,TH-JACK,Denim Jacket,1,2026-04-14 16:00,65.86,20654,United Kingdom
INV505182,TH-SHIRT,Oxford Shirt,2,2025-07-20 17:00,58.31,20581,United Kingdom
INV502265,TH-CAP,Logo Cap,1,2025-10-18 15:00,25.83,20251,United Kingdom
INV503615,TH-SHIRT,Oxford Shirt,2,2025-06-22 14:00,34.09,20400,United Kingdom
INV502146,TH-DRESS,Summer Dress,1,2025-08-13 18:00,76.93,20236,United Kingdom
INV503170,TH-JEAN,Slim Fit Jeans,1,2026-03-01 08:00,69.01,20349,United Kingdom
INV505155,TH-SHIRT,Oxford Shirt,1,2025-11-20 14:00,53.09,20578,United Kingdom
INV506047,TH-CAP,Logo Cap,1,2026-03-16 13:00,25.3,20678,United Kingdom
INV505925,TH-DRESS,Summer Dress,3,2026-01-15 16:00,105.33,20666,United Kingdom
INV501390,TH-HOOD,Fleece Hoodie,2,2025-05-29 13:00,34.47,20155,United Kingdom
INV505189,TH-SHIRT,Oxford Shirt,1,2026-01-11 11:00,64.99,20581,United Kingdom
INV502460,TH-DRESS,Summer Dress,2,2026-02-12 16:00,95.07,20271,United Kingdom
INV503330,TH-TSHIRT,Cotton Crew T-Shirt,2,2025-08-05 12:00,14.59,20368,United Kingdom
INV501221,TH-HOOD,Fleece Hoodie,3,2025-12-31 20:00,50.53,20138,United Kingdom
INV501622,TH-SHOE,Canvas Sneakers,2,2025-06-27 20:00,62.53,20180,United Kingdom
INV500823,TH-SHOE,Canvas Sneakers,2,2025-10-24 09:00,80.37,20092,United Kingdom
INV504794,TH-JEAN,Slim Fit Jeans,2,2025-06-23 20:00,55.26,20538,United Kingdom
INV503013,TH-HOOD,Fleece Hoodie,2,2026-02-22 15:00,59.54,20334,United Kingdom
INV503458,TH-HOOD,Fleece Hoodie,1,2026-01-29 10:00,67.61,20382,United Kingdom
INV502977,TH-CAP,Logo Cap,2,2026-06-24 13:00,17.05,20331,United Kingdom
INV503081,TH-SHOE,Canvas Sneakers,3,2025-10-27 12:00,77.15,20340,United Kingdom
INV502021,TH-HOOD,Fleece Hoodie,2,2026-06-05 13:00,43.53,20224,United Kingdom
INV501489,TH-SHIRT,Oxford Shirt,1,2026-01-16 13:00,61.28,20166,United Kingdom
INV504301,TH-JEAN,Slim Fit Jeans,3,2025-09-06 10:00,75.62,20484,United Kingdom
INV502731,TH-JACK,Denim Jacket,2,2025-10-24 19:00,115.99,20300,United Kingdom
INV502870,TH-SHIRT,Oxford Shirt,1,2026-05-30 14:00,27.96,20317,United Kingdom
INV505202,TH-TSHIRT,Cotton Crew T-Shirt,2,2026-02-11 08:00,19.21,20582,United Kingdom
INV504509,TH-JEAN,Slim Fit Jeans,2,2025-12-22 17:00,77.71,20506,United Kingdom
INV501903,TH-JACK,Denim Jacket,2,2026-06-08 11:00,73.66,20212,United Kingdom
INV501940,TH-HOOD,Fleece Hoodie,2,2025-08-07 09:00,39.75,20215,United Kingdom
INV504499,TH-SHOE,Canvas Sneakers,2,2025-11-11 18:00,78.94,20504,United Kingdom
INV504470,TH-DRESS,Summer Dress,2,2025-06-21 16:00,100.96,20501,United Kingdom
INV503957,TH-SHIRT,Oxford Shirt,2,2025-11-02 14:00,69.25,20443,United Kingdom
INV502122,TH-DRESS,Summer Dress,2,2025-12-12 09:00,86.8,20234,United Kingdom
INV502733,TH-HOOD,Fleece Hoodie,3,2025-09-05 18:00,61.03,20300,United Kingdom
INV501339,TH-HOOD,Fleece Hoodie,3,2025-12-27 11:00,59.86,20149,United Kingdom
INV500771,TH-SHIRT,Oxford Shirt,2,2026-04-27 15:00,50.28,20085,United Kingdom
INV500969,TH-HOOD,Fleece Hoodie,1,2026-05-28 17:00,51.94,20106,United Kingdom
INV504471,TH-TSHIRT,Cotton Crew T-Shirt,1,2025-10-19 16:00,26.07,20501,United Kingdom
INV503446,TH-CAP,Logo Cap,1,2025-10-19 11:00,21.3,20381,United Kingdom
INV504500,TH-DRESS,Summer Dress,1,2025-06-03 19:00,108.79,20504,United Kingdom
INV505790,TH-HOOD,Fleece Hoodie,1,2026-06-15 13:00,51.95,20652,United Kingdom
INV501655,TH-JEAN,Slim Fit Jeans,2,2025-06-21 17:00,51.77,20184,United Kingdom
INV502045,TH-SHIRT,Oxford Shirt,2,2026-07-12 12:00,55.46,20226,United Kingdom
INV500449,TH-DRESS,Summer Dress,1,2025-11-23 20:00,115.95,20052,United Kingdom
INV506087,TH-CAP,Logo Cap,1,2026-03-03 16:00,29.23,20682,United Kingdom
INV500752,TH-DRESS,Summer Dress,1,2025-11-24 13:00,105.59,20083,United Kingdom
INV506115,TH-SHOE,Canvas Sneakers,2,2026-06-21 12:00,79.53,20685,United Kingdom
INV504781,TH-JEAN,Slim Fit Jeans,3,2026-01-20 19:00,79.54,20537,United Kingdom
INV503914,TH-JEAN,Slim Fit Jeans,2,2025-05-21 18:00,69.4,20440,United Kingdom
INV503658,TH-JEAN,Slim Fit Jeans,1,2025-12-28 14:00,49.5,20406,United Kingdom
INV502202,TH-SHOE,Canvas Sneakers,1,2026-01-03 09:00,71.74,20243,United Kingdom
INV500899,TH-HOOD,Fleece Hoodie,1,2026-04-20 11:00,70.92,20100,United Kingdom
INV501438,TH-JACK,Denim Jacket,3,2026-01-06 13:00,106.76,20160,United Kingdom
INV502835,TH-JEAN,Slim Fit Jeans,1,2026-04-02 08:00,76.56,20313,United Kingdom
INV505184,TH-HOOD,Fleece Hoodie,1,2026-06-21 18:00,70.68,20581,United Kingdom
INV500064,TH-JEAN,Slim Fit Jeans,1,2026-05-26 19:00,70.73,20007,United Kingdom
INV501483,TH-SHIRT,Oxford Shirt,1,2025-07-28 14:00,59.9,20166,United Kingdom
INV501926,TH-SHOE,Canvas Sneakers,3,2025-08-13 08:00,72.67,20214,United Kingdom
INV503926,TH-HOOD,Fleece Hoodie,2,2025-11-23 19:00,50.11,20441,United Kingdom
INV504122,TH-TSHIRT,Cotton Crew T-Shirt,2,2026-04-29 17:00,16.96,20463,United Kingdom
INV502460,TH-SHIRT,Oxford Shirt,1,2026-02-12 16:00,66.33,20271,United Kingdom
INV501591,TH-TSHIRT,Cotton Crew T-Shirt,2,2026-07-07 14:00,16.81,20176,United Kingdom
INV505111,TH-DRESS,Summer Dress,2,2026-06-14 08:00,67.8,20573,United Kingdom
INV500775,TH-JEAN,Slim Fit Jeans,3,2025-12-23 16:00,71.02,20085,United Kingdom
INV504228,TH-JACK,Denim Jacket,1,2026-02-20 09:00,60.92,20476,United Kingdom
INV502923,TH-HOOD,Fleece Hoodie,1,2025-12-17 20:00,32.74,20325,United Kingdom
INV503543,TH-HOOD,Fleece Hoodie,1,2025-06-13 08:00,45.17,20391,United Kingdom
INV504646,TH-DRESS,Summer Dress,1,2026-03-08 20:00,96.59,20522,United Kingdom
INV505562,TH-DRESS,Summer Dress,3,2026-01-12 09:00,80.24,20626,United Kingdom
INV501968,TH-DRESS,Summer Dress,2,2025-09-28 09:00,93.2,20219,United Kingdom
INV502826,TH-SHIRT,Oxford Shirt,1,2025-10-23 17:00,42.64,20312,United Kingdom
INV502636,TH-JEAN,Slim Fit Jeans,2,2026-04-06 17:00,90.11,20290,United Kingdom
INV500579,TH-JACK,Denim Jacket,2,2026-01-01 10:00,80.15,20065,United Kingdom
INV502395,TH-DRESS,Summer Dress,1,2025-07-07 10:00,100.41,20263,United Kingdom
INV505766,TH-HOOD,Fleece Hoodie,2,2026-05-19 08:00,43.82,20649,United Kingdom
INV503638,TH-TSHIRT,Cotton Crew T-Shirt,1,2025-07-16 14:00,10.49,20404,United Kingdom
INV504394,TH-DRESS,Summer Dress,1,2025-10-30 18:00,65.97,20492,United Kingdom
INV502342,TH-JACK,Denim Jacket,2,2026-05-31 11:00,81.79,20257,United Kingdom
INV500170,TH-SHIRT,Oxford Shirt,3,2026-01-22 18:00,55.66,20021,United Kingdom
INV502013,TH-JEAN,Slim Fit Jeans,2,2025-11-15 18:00,59.55,20224,United Kingdom
INV501472,TH-TSHIRT,Cotton Crew T-Shirt,1,2026-04-23 19:00,17.14,20164,United Kingdom
INV503450,TH-DRESS,Summer Dress,1,2025-08-07 10:00,67.25,20381,United Kingdom
INV500868,TH-SHIRT,Oxford Shirt,2,2026-01-09 10:00,46.06,20095,United Kingdom
INV502601,TH-JEAN,Slim Fit Jeans,1,2026-02-28 10:00,44.38,20287,United Kingdom
INV502252,TH-DRESS,Summer Dress,1,2026-01-08 19:00,60.64,20249,United Kingdom
INV500293,TH-DRESS,Summer Dress,1,2025-08-09 08:00,74.44,20035,United Kingdom
INV500772,TH-CAP,Logo Cap,3,2026-06-04 14:00,23.61,20085,United Kingdom
INV505891,TH-DRESS,Summer Dress,2,2026-02-13 17:00,62.79,20662,United Kingdom
INV502681,TH-DRESS,Summer Dress,3,2025-07-30 11:00,96.82,20294,United Kingdom
INV505858,TH-DRESS,Summer Dress,2,2026-01-20 18:00,47.56,20659,United Kingdom
INV504735,TH-JEAN,Slim Fit Jeans,1,2026-01-28 17:00,61.72,20533,United Kingdom
INV503230,TH-JACK,Denim Jacket,2,2025-06-13 11:00,59.28,20357,United Kingdom
INV503915,TH-DRESS,Summer Dress,3,2025-11-02 13:00,86.73,20440,United Kingdom
INV505018,TH-CAP,Logo Cap,1,2025-07-27 09:00,25.68,20564,United Kingdom
INV505201,TH-HOOD,Fleece Hoodie,1,2026-01-03 10:00,51.39,20582,United Kingdom
INV500218,TH-TSHIRT,Cotton Crew T-Shirt,1,2025-07-29 13:00,17.64,20027,United Kingdom
INV503032,TH-JACK,Denim Jacket,3,2025-09-23 15:00,111.94,20335,United Kingdom
INV500112,TH-JACK,Denim Jacket,2,2025-11-01 10:00,92.53,20014,United Kingdom
INV505698,TH-CAP,Logo Cap,3,2026-02-12 20:00,22.65,20643,United Kingdom
INV505986,TH-DRESS,Summer Dress,3,2026-05-09 08:00,95.35,20673,United Kingdom
INV501852,TH-HOOD,Fleece Hoodie,1,2026-02-08 20:00,31.86,20205,United Kingdom
INV500588,TH-HOOD,Fleece Hoodie,2,2025-09-28 13:00,52.71,20066,United Kingdom
INV502182,TH-CAP,Logo Cap,1,2025-12-10 18:00,17.52,20241,United Kingdom
INV500571,TH-CAP,Logo Cap,1,2025-12-18 08:00,21.24,20064,United Kingdom
INV503181,TH-JACK,Denim Jacket,1,2025-06-05 18:00,90.11,20351,United Kingdom
INV504540,TH-CAP,Logo Cap,2,2026-05-09 12:00,19.03,20508,United Kingdom
INV501484,TH-HOOD,Fleece Hoodie,3,2026-02-01 14:00,69.96,20166,United Kingdom
INV500541,TH-DRESS,Summer Dress,3,2025-09-06 17:00,103.0,20061,United Kingdom
INV502402,TH-SHIRT,Oxford Shirt,1,2026-05-27 09:00,51.14,20263,United Kingdom
INV501955,TH-CAP,Logo Cap,1,2026-02-04 14:00,20.87,20218,United Kingdom
INV502360,TH-JACK,Denim Jacket,2,2025-07-01 18:00,73.3,20259,United Kingdom
INV502961,TH-JACK,Denim Jacket,2,2025-06-28 15:00,66.21,20329,United Kingdom
INV504675,TH-DRESS,Summer Dress,1,2026-06-17 15:00,56.08,20525,United Kingdom
INV501132,TH-SHOE,Canvas Sneakers,2,2025-06-06 11:00,68.3,20126,United Kingdom
INV503516,TH-JEAN,Slim Fit Jeans,2,2026-02-15 20:00,70.29,20388,United Kingdom
INV502856,TH-DRESS,Summer Dress,1,2026-05-14 13:00,86.42,20315,United Kingdom
INV504220,TH-SHIRT,Oxford Shirt,1,2025-12-04 15:00,35.05,20475,United Kingdom
INV501161,TH-TSHIRT,Cotton Crew T-Shirt,3,2026-05-31 16:00,20.86,20129,United Kingdom
INV505510,TH-HOOD,Fleece Hoodie,3,2025-05-24 18:00,52.04,20620,United Kingdom
INV506118,TH-JACK,Denim Jacket,1,2026-04-25 08:00,107.14,20685,United Kingdom
INV501149,TH-SHOE,Canvas Sneakers,1,2026-04-16 12:00,49.21,20127,United Kingdom
INV501033,TH-DRESS,Summer Dress,2,2025-10-20 13:00,80.21,20112,United Kingdom
INV505005,TH-TSHIRT,Cotton Crew T-Shirt,1,2025-12-02 12:00,22.02,20561,United Kingdom
INV506183,TH-SHIRT,Oxford Shirt,3,2026-01-24 10:00,48.39,20691,United Kingdom
INV501594,TH-SHOE,Canvas Sneakers,2,2026-04-07 09:00,50.34,20176,United Kingdom
INV503549,TH-TSHIRT,Cotton Crew T-Shirt,2,2026-06-30 14:00,15.7,20392,United Kingdom
INV504607,TH-CAP,Logo Cap,1,2026-04-11 14:00,15.08,20517,United Kingdom
INV506214,TH-JACK,Denim Jacket,1,2025-10-23 09:00,100.63,20694,United Kingdom
INV504272,TH-SHOE,Canvas Sneakers,1,2025-11-10 13:00,57.66,20481,United Kingdom
INV503861,TH-TSHIRT,Cotton Crew T-Shirt,2,2026-07-04 13:00,21.68,20433,United Kingdom
INV503792,TH-JEAN,Slim Fit Jeans,2,2026-01-28 10:00,59.51,20425,United Kingdom
INV505991,TH-HOOD,Fleece Hoodie,3,2025-07-11 19:00,67.21,20673,United Kingdom
INV506153,TH-JEAN,Slim Fit Jeans,1,2025-10-07 20:00,66.1,20688,United Kingdom
INV501937,TH-DRESS,Summer Dress,1,2025-10-06 19:00,57.71,20215,United Kingdom
INV503376,TH-JACK,Denim Jacket,2,2026-05-09 09:00,58.4,20373,United Kingdom
INV501878,TH-SHIRT,Oxford Shirt,1,2025-05-17 16:00,45.17,20209,United Kingdom
INV502037,TH-JACK,Denim Jacket,2,2025-08-31 20:00,110.85,20226,United Kingdom
INV500675,TH-CAP,Logo Cap,2,2026-04-23 11:00,22.22,20076,United Kingdom
INV505358,TH-JEAN,Slim Fit Jeans,2,2026-02-18 16:00,68.83,20603,United Kingdom
INV506200,TH-JACK,Denim Jacket,2,2026-07-01 15:00,58.68,20692,United Kingdom
INV505280,TH-HOOD,Fleece Hoodie,1,2026-05-02 10:00,26.64,20593,United Kingdom
INV501555,TH-CAP,Logo Cap,3,2025-09-15 15:00,31.11,20172,United Kingdom
INV505914,TH-HOOD,Fleece Hoodie,2,2025-09-22 09:00,58.9,20665,United Kingdom
INV506173,TH-SHIRT,Oxford Shirt,2,2025-08-09 13:00,47.89,20689,United Kingdom
INV501594,TH-CAP,Logo Cap,2,2026-04-07 09:00,16.55,20176,United Kingdom
INV501335,TH-HOOD,Fleece Hoodie,3,2025-12-17 15:00,58.25,20149,United Kingdom
INV500148,TH-JACK,Denim Jacket,2,2025-07-31 19:00,68.88,20019,United Kingdom
INV506037,TH-TSHIRT,Cotton Crew T-Shirt,2,2026-02-21 09:00,27.69,20678,United Kingdom
INV501047,TH-JEAN,Slim Fit Jeans,1,2025-07-07 08:00,59.51,20113,United Kingdom
INV503754,TH-SHOE,Canvas Sneakers,2,2025-06-02 08:00,61.99,20420,United Kingdom
INV503003,TH-JACK,Denim Jacket,3,2026-02-06 16:00,99.58,20334,United Kingdom
INV503856,TH-TSHIRT,Cotton Crew T-Shirt,2,2026-03-26 09:00,18.92,20433,United Kingdom
INV505655,TH-JEAN,Slim Fit Jeans,2,2026-03-25 17:00,60.14,20637,United Kingdom
INV501375,TH-DRESS,Summer Dress,2,2025-10-03 20:00,64.12,20152,United Kingdom
INV500926,TH-JACK,Denim Jacket,3,2025-07-07 09:00,108.77,20102,United Kingdom
INV502438,TH-JEAN,Slim Fit Jeans,3,2025-10-11 15:00,69.9,20268,United Kingdom
INV504689,TH-SHIRT,Oxford Shirt,1,2026-05-20 12:00,38.44,20527,United Kingdom
INV502336,TH-JEAN,Slim Fit Jeans,1,2025-08-17 12:00,63.34,20257,United Kingdom
INV506171,TH-JACK,Denim Jacket,1,2025-12-26 19:00,93.55,20689,United Kingdom
INV502241,TH-TSHIRT,Cotton Crew T-Shirt,3,2025-07-27 10:00,19.61,20247,United Kingdom
INV503476,TH-HOOD,Fleece Hoodie,1,2025-10-10 08:00,36.75,20383,United Kingdom
INV501145,TH-SHOE,Canvas Sneakers,1,2025-06-07 12:00,53.14,20127,United Kingdom
INV505340,TH-HOOD,Fleece Hoodie,2,2026-04-24 20:00,35.48,20601,United Kingdom
INV503303,TH-HOOD,Fleece Hoodie,2,2025-10-03 20:00,49.24,20366,United Kingdom
INV502665,TH-TSHIRT,Cotton Crew T-Shirt,1,2025-06-07 12:00,15.08,20293,United Kingdom
INV506119,TH-CAP,Logo Cap,1,2025-08-04 14:00,27.02,20685,United Kingdom
INV502395,TH-SHIRT,Oxford Shirt,3,2025-07-07 10:00,61.03,20263,United Kingdom
INV503744,TH-SHOE,Canvas Sneakers,2,2025-10-07 15:00,76.22,20419,United Kingdom
INV506234,TH-DRESS,Summer Dress,1,2026-03-07 13:00,62.89,20696,United Kingdom
INV504035,TH-JACK,Denim Jacket,1,2025-09-17 08:00,99.36,20450,United Kingdom
INV503036,TH-DRESS,Summer Dress,3,2026-01-18 13:00,79.85,20336,United Kingdom
INV504690,TH-DRESS,Summer Dress,2,2025-10-30 19:00,65.49,20527,United Kingdom
INV502328,TH-JEAN,Slim Fit Jeans,2,2025-12-17 10:00,58.64,20256,United Kingdom
INV505803,TH-SHIRT,Oxford Shirt,2,2025-09-10 09:00,21.27,20653,United Kingdom
INV504569,TH-JACK,Denim Jacket,1,2025-10-24 14:00,123.54,20512,United Kingdom
INV506162,TH-JEAN,Slim Fit Jeans,3,2026-05-05 11:00,68.38,20689,United Kingdom
INV503611,TH-JACK,Denim Jacket,1,2026-01-31 09:00,100.05,20399,United Kingdom
INV500724,TH-SHOE,Canvas Sneakers,3,2026-01-01 15:00,64.96,20081,United Kingdom
INV503123,TH-JEAN,Slim Fit Jeans,1,2026-05-18 17:00,68.33,20344,United Kingdom
INV504488,TH-CAP,Logo Cap,2,2026-05-08 12:00,19.53,20503,United Kingdom
INV505655,TH-JEAN,Slim Fit Jeans,2,2026-03-25 17:00,53.08,20637,United Kingdom
INV500602,TH-DRESS,Summer Dress,2,2026-04-04 20:00,51.57,20068,United Kingdom
INV504716,TH-SHIRT,Oxford Shirt,2,2025-11-18 19:00,27.34,20531,United Kingdom
INV505047,TH-TSHIRT,Cotton Crew T-Shirt,3,2025-08-01 10:00,20.8,20566,United Kingdom
INV500365,TH-SHOE,Canvas Sneakers,1,2026-01-21 11:00,51.73,20043,United Kingdom
INV503219,TH-JACK,Denim Jacket,2,2026-05-31 10:00,77.3,20355,United Kingdom
INV505933,TH-SHIRT,Oxford Shirt,1,2025-11-30 20:00,30.78,20667,United Kingdom
INV501873,TH-DRESS,Summer Dress,2,2026-04-29 20:00,60.1,20208,United Kingdom
INV504370,TH-SHOE,Canvas Sneakers,1,2026-01-19 17:00,56.95,20490,United Kingdom
INV503338,TH-DRESS,Summer Dress,2,2026-02-15 15:00,68.77,20369,United Kingdom
INV503507,TH-HOOD,Fleece Hoodie,2,2025-10-26 15:00,53.21,20386,United Kingdom
INV504273,TH-SHOE,Canvas Sneakers,2,2025-11-25 19:00,58.76,20481,United Kingdom
INV500792,TH-JACK,Denim Jacket,1,2025-07-18 11:00,70.24,20088,United Kingdom
INV500893,TH-JACK,Denim Jacket,3,2026-03-03 17:00,99.06,20099,United Kingdom
INV502464,TH-CAP,Logo Cap,2,2025-10-11 12:00,25.65,20271,United Kingdom
INV500347,TH-JACK,Denim Jacket,3,2026-04-13 13:00,99.37,20040,United Kingdom
INV503755,TH-SHOE,Canvas Sneakers,1,2025-08-20 17:00,54.24,20420,United Kingdom
INV501133,TH-HOOD,Fleece Hoodie,1,2025-11-12 09:00,63.2,20126,United Kingdom
INV505875,TH-SHOE,Canvas Sneakers,2,2026-02-15 19:00,32.62,20661,United Kingdom
INV502022,TH-HOOD,Fleece Hoodie,3,2025-06-12 12:00,49.7,20225,United Kingdom
INV504356,TH-CAP,Logo Cap,1,2026-06-30 11:00,26.16,20489,United Kingdom
INV501753,TH-JEAN,Slim Fit Jeans,1,2025-07-08 15:00,86.45,20196,United Kingdom
INV504564,TH-CAP,Logo Cap,1,2025-11-03 09:00,25.11,20512,United Kingdom
INV500235,TH-CAP,Logo Cap,3,2025-08-02 08:00,22.06,20029,United Kingdom
INV504721,TH-SHIRT,Oxford Shirt,2,2026-05-06 10:00,23.35,20531,United Kingdom
INV502322,TH-TSHIRT,Cotton Crew T-Shirt,1,2025-06-16 12:00,18.88,20256,United Kingdom
INV505463,TH-JEAN,Slim Fit Jeans,2,2026-04-20 15:00,52.1,20615,United Kingdom
INV502921,TH-TSHIRT,Cotton Crew T-Shirt,1,2026-02-04 17:00,12.37,20325,United Kingdom
INV504947,TH-DRESS,Summer Dress,1,2025-08-31 13:00,67.3,20553,United Kingdom
INV502569,TH-TSHIRT,Cotton Crew T-Shirt,2,2025-09-28 15:00,14.8,20283,United Kingdom
INV501459,TH-JEAN,Slim Fit Jeans,2,2025-08-31 10:00,67.32,20163,United Kingdom
INV501281,TH-SHIRT,Oxford Shirt,2,2026-06-24 09:00,63.69,20143,United Kingdom
INV502003,TH-JACK,Denim Jacket,2,2025-11-03 11:00,103.26,20223,United Kingdom
INV505868,TH-JEAN,Slim Fit Jeans,3,2025-12-04 13:00,86.3,20660,United Kingdom
INV500216,TH-JEAN,Slim Fit Jeans,1,2026-06-27 19:00,59.89,20027,United Kingdom
INV505211,TH-JACK,Denim Jacket,1,2025-06-15 13:00,80.86,20583,United Kingdom
INV504158,TH-TSHIRT,Cotton Crew T-Shirt,1,2025-11-09 12:00,17.69,20468,United Kingdom
INV502609,TH-CAP,Logo Cap,1,2025-07-03 18:00,27.27,20289,United Kingdom
INV501153,TH-JEAN,Slim Fit Jeans,1,2026-05-22 09:00,41.83,20128,United Kingdom
INV504047,TH-DRESS,Summer Dress,2,2025-07-22 18:00,75.19,20453,United Kingdom
INV504302,TH-SHOE,Canvas Sneakers,1,2026-01-27 11:00,72.8,20484,United Kingdom
INV500206,TH-TSHIRT,Cotton Crew T-Shirt,2,2026-03-14 10:00,9.83,20025,United Kingdom
INV500140,TH-JACK,Denim Jacket,1,2025-08-23 13:00,84.96,20018,United Kingdom
INV501006,TH-JEAN,Slim Fit Jeans,2,2026-07-02 20:00,61.55,20110,United Kingdom
INV502996,TH-DRESS,Summer Dress,1,2026-05-15 09:00,79.96,20333,United Kingdom
INV503459,TH-CAP,Logo Cap,1,2026-04-16 16:00,29.13,20382,United Kingdom
INV505849,TH-JEAN,Slim Fit Jeans,3,2026-02-21 20:00,84.13,20658,United Kingdom
INV505132,TH-JACK,Denim Jacket,1,2025-08-04 12:00,41.36,20575,United Kingdom
INV502409,TH-JACK,Denim Jacket,1,2025-06-23 15:00,94.01,20265,United Kingdom
INV500714,TH-HOOD,Fleece Hoodie,3,2025-12-06 12:00,58.63,20080,United Kingdom
INV501134,TH-DRESS,Summer Dress,3,2026-02-09 17:00,81.06,20126,United Kingdom
INV505874,TH-CAP,Logo Cap,3,2025-08-04 16:00,28.64,20660,United Kingdom
INV502694,TH-HOOD,Fleece Hoodie,2,2026-05-29 08:00,41.4,20297,United Kingdom
INV503977,TH-SHOE,Canvas Sneakers,1,2025-05-22 20:00,61.54,20444,United Kingdom
INV500683,TH-JEAN,Slim Fit Jeans,3,2026-07-10 16:00,67.83,20076,United Kingdom
INV503807,TH-SHIRT,Oxford Shirt,2,2026-06-10 15:00,29.93,20428,United Kingdom
INV505861,TH-JEAN,Slim Fit Jeans,2,2025-12-03 12:00,87.84,20660,United Kingdom
INV500514,TH-TSHIRT,Cotton Crew T-Shirt,3,2026-01-12 12:00,23.81,20058,United Kingdom
INV501007,TH-DRESS,Summer Dress,1,2025-10-26 08:00,72.23,20110,United Kingdom
INV500589,TH-SHOE,Canvas Sneakers,1,2026-03-19 17:00,62.59,20066,United Kingdom
INV502225,TH-JEAN,Slim Fit Jeans,2,2026-07-08 10:00,62.99,20246,United Kingdom
INV500589,TH-SHIRT,Oxford Shirt,1,2026-03-19 17:00,46.87,20066,United Kingdom
INV500681,TH-DRESS,Summer Dress,2,2026-04-14 16:00,83.09,20076,United Kingdom
INV501520,TH-SHIRT,Oxford Shirt,2,2025-11-01 20:00,27.58,20169,United Kingdom
INV502143,TH-TSHIRT,Cotton Crew T-Shirt,3,2025-08-01 20:00,24.08,20236,United Kingdom
INV505087,TH-CAP,Logo Cap,2,2025-07-05 09:00,23.32,20570,United Kingdom
INV504008,TH-HOOD,Fleece Hoodie,1,2025-08-10 17:00,73.16,20448,United Kingdom
INV503165,TH-TSHIRT,Cotton Crew T-Shirt,3,2026-05-22 15:00,25.69,20348,United Kingdom
INV504569,TH-SHOE,Canvas Sneakers,1,2025-10-24 14:00,76.16,20512,United Kingdom
INV500846,TH-JEAN,Slim Fit Jeans,3,2026-06-03 19:00,89.67,20093,United Kingdom
INV500046,TH-SHOE,Canvas Sneakers,2,2026-02-06 20:00,69.28,20006,United Kingdom
INV505777,TH-DRESS,Summer Dress,3,2025-07-15 10:00,81.63,20650,United Kingdom
INV500675,TH-JACK,Denim Jacket,3,2026-04-23 11:00,95.12,20076,United Kingdom
INV504840,TH-SHOE,Canvas Sneakers,1,2026-05-18 19:00,67.18,20542,United Kingdom
INV505050,TH-HOOD,Fleece Hoodie,2,2025-08-24 15:00,32.53,20567,United Kingdom
INV503207,TH-DRESS,Summer Dress,1,2026-02-01 19:00,79.05,20354,United Kingdom
INV505379,TH-SHOE,Canvas Sneakers,1,2026-06-13 17:00,41.02,20606,United Kingdom
INV503649,TH-HOOD,Fleece Hoodie,3,2025-06-05 09:00,55.75,20405,United Kingdom
INV501687,TH-JEAN,Slim Fit Jeans,2,2025-10-17 09:00,45.41,20187,United Kingdom
INV503284,TH-CAP,Logo Cap,2,2025-07-12 09:00,17.6,20364,United Kingdom
INV502319,TH-TSHIRT,Cotton Crew T-Shirt,1,2026-01-13 12:00,18.38,20256,United Kingdom
INV502625,TH-SHIRT,Oxford Shirt,3,2025-09-30 09:00,60.79,20290,United Kingdom
INV501144,TH-CAP,Logo Cap,2,2026-04-12 11:00,24.11,20126,United Kingdom
INV500309,TH-CAP,Logo Cap,1,2025-10-27 19:00,24.51,20036,United Kingdom
INV504248,TH-SHIRT,Oxford Shirt,1,2026-05-25 09:00,54.14,20479,United Kingdom
INV503893,TH-CAP,Logo Cap,3,2025-06-06 12:00,23.39,20438,United Kingdom
INV503427,TH-HOOD,Fleece Hoodie,2,2025-09-12 14:00,76.77,20380,United Kingdom
INV500258,TH-SHIRT,Oxford Shirt,1,2026-01-28 16:00,52.34,20031,United Kingdom
INV505779,TH-TSHIRT,Cotton Crew T-Shirt,3,2025-09-17 13:00,20.07,20650,United Kingdom
INV500170,TH-SHIRT,Oxford Shirt,1,2026-01-22 18:00,57.49,20021,United Kingdom
INV500473,TH-SHIRT,Oxford Shirt,1,2026-01-31 14:00,45.1,20054,United Kingdom
INV503396,TH-TSHIRT,Cotton Crew T-Shirt,2,2026-04-19 19:00,10.75,20376,United Kingdom
INV505552,TH-SHIRT,Oxford Shirt,2,2025-10-09 16:00,49.17,20626,United Kingdom
INV504513,TH-JACK,Denim Jacket,2,2026-03-30 13:00,113.93,20506,United Kingdom
INV502218,TH-SHIRT,Oxford Shirt,3,2025-09-03 16:00,44.86,20245,United Kingdom
INV504733,TH-SHOE,Canvas Sneakers,1,2025-06-28 09:00,78.97,20532,United Kingdom
INV502463,TH-SHIRT,Oxford Shirt,2,2026-01-27 15:00,65.13,20271,United Kingdom
INV502124,TH-DRESS,Summer Dress,3,2026-06-18 09:00,101.91,20234,United Kingdom
INV500068,TH-HOOD,Fleece Hoodie,2,2025-07-17 17:00,28.99,20008,United Kingdom
INV505702,TH-JEAN,Slim Fit Jeans,2,2025-12-23 12:00,65.41,20643,United Kingdom
INV501321,TH-JACK,Denim Jacket,3,2026-03-12 16:00,100.07,20148,United Kingdom
INV504369,TH-DRESS,Summer Dress,1,2025-09-27 09:00,71.42,20490,United Kingdom
INV503506,TH-SHOE,Canvas Sneakers,3,2025-07-26 11:00,56.63,20386,United Kingdom
INV504256,TH-SHOE,Canvas Sneakers,3,2025-08-14 16:00,63.42,20479,United Kingdom
INV506173,TH-SHIRT,Oxford Shirt,2,2025-08-09 13:00,46.14,20689,United Kingdom
INV505355,TH-JEAN,Slim Fit Jeans,2,2025-09-26 14:00,70.72,20603,United Kingdom
INV501343,TH-TSHIRT,Cotton Crew T-Shirt,1,2025-05-28 19:00,24.55,20150,United Kingdom
INV501437,TH-HOOD,Fleece Hoodie,3,2025-08-22 12:00,60.75,20160,United Kingdom
INV502812,TH-SHOE,Canvas Sneakers,2,2025-11-23 17:00,83.27,20310,United Kingdom
INV501507,TH-TSHIRT,Cotton Crew T-Shirt,1,2026-03-04 19:00,24.93,20167,United Kingdom
INV503368,TH-TSHIRT,Cotton Crew T-Shirt,2,2026-03-26 16:00,22.48,20372,United Kingdom
INV500225,TH-TSHIRT,Cotton Crew T-Shirt,1,2025-07-01 10:00,15.1,20028,United Kingdom
INV501296,TH-JACK,Denim Jacket,1,2026-03-17 14:00,112.39,20144,United Kingdom
INV504936,TH-SHOE,Canvas Sneakers,2,2025-12-21 20:00,52.35,20552,United Kingdom
INV504650,TH-JACK,Denim Jacket,3,2026-05-07 10:00,109.34,20522,United Kingdom
INV501564,TH-JACK,Denim Jacket,3,2025-09-18 15:00,108.1,20173,United Kingdom
INV502755,TH-DRESS,Summer Dress,1,2025-05-26 12:00,73.45,20303,United Kingdom
INV503466,TH-HOOD,Fleece Hoodie,3,2026-07-12 18:00,65.72,20382,United Kingdom
INV500028,TH-CAP,Logo Cap,1,2026-03-09 15:00,17.2,20004,United Kingdom
INV504054,TH-JACK,Denim Jacket,2,2026-04-26 20:00,83.55,20453,United Kingdom
INV502322,TH-SHOE,Canvas Sneakers,1,2025-06-16 12:00,60.25,20256,United Kingdom
INV502603,TH-TSHIRT,Cotton Crew T-Shirt,1,2025-07-17 08:00,12.5,20288,United Kingdom
INV505242,TH-SHIRT,Oxford Shirt,1,2025-08-07 08:00,45.44,20587,United Kingdom
INV504633,TH-DRESS,Summer Dress,1,2025-05-25 09:00,70.61,20521,United Kingdom
INV504531,TH-JACK,Denim Jacket,1,2026-02-11 13:00,68.03,20507,United Kingdom
INV505577,TH-HOOD,Fleece Hoodie,2,2025-06-15 14:00,51.03,20629,United Kingdom
INV505851,TH-HOOD,Fleece Hoodie,2,2025-09-05 16:00,58.09,20658,United Kingdom
INV503646,TH-HOOD,Fleece Hoodie,2,2025-07-04 10:00,59.87,20405,United Kingdom
INV506176,TH-JACK,Denim Jacket,2,2026-02-09 14:00,68.45,20690,United Kingdom
INV504907,TH-DRESS,Summer Dress,3,2025-08-20 16:00,79.42,20548,United Kingdom
INV503447,TH-JEAN,Slim Fit Jeans,1,2026-03-19 14:00,60.13,20381,United Kingdom
INV500110,TH-HOOD,Fleece Hoodie,2,2026-03-14 17:00,58.78,20014,United Kingdom
INV504007,TH-DRESS,Summer Dress,2,2025-06-30 20:00,103.5,20448,United Kingdom
INV504772,TH-DRESS,Summer Dress,1,2026-03-10 08:00,101.03,20537,United Kingdom
INV505928,TH-DRESS,Summer Dress,2,2025-12-24 14:00,49.47,20667,United Kingdom
INV500178,TH-JACK,Denim Jacket,2,2026-03-31 11:00,118.62,20022,United Kingdom
INV506216,TH-DRESS,Summer Dress,2,2025-05-27 18:00,78.0,20694,United Kingdom
INV500076,TH-SHIRT,Oxford Shirt,1,2025-10-10 12:00,21.86,20010,United Kingdom
INV501061,TH-DRESS,Summer Dress,1,2026-03-21 09:00,71.57,20114,United Kingdom
INV501485,TH-JACK,Denim Jacket,1,2025-11-20 12:00,108.24,20166,United Kingdom
INV504717,TH-JACK,Denim Jacket,1,2025-07-19 17:00,51.69,20531,United Kingdom
INV501026,TH-DRESS,Summer Dress,1,2026-01-14 11:00,102.68,20111,United Kingdom
INV504350,TH-JACK,Denim Jacket,2,2026-02-27 17:00,124.52,20489,United Kingdom
INV504505,TH-SHIRT,Oxford Shirt,1,2025-05-17 20:00,28.47,20505,United Kingdom
INV502822,TH-SHOE,Canvas Sneakers,1,2025-11-22 18:00,47.1,20311,United Kingdom
INV505301,TH-TSHIRT,Cotton Crew T-Shirt,1,2025-11-28 12:00,16.8,20596,United Kingdom
INV505946,TH-CAP,Logo Cap,3,2025-05-19 19:00,26.8,20668,United Kingdom
INV500499,TH-TSHIRT,Cotton Crew T-Shirt,1,2026-05-19 09:00,18.63,20057,United Kingdom
INV501839,TH-TSHIRT,Cotton Crew T-Shirt,1,2025-12-11 17:00,12.94,20204,United Kingdom
INV504093,TH-HOOD,Fleece Hoodie,3,2025-06-05 14:00,58.27,20459,United Kingdom
INV506124,TH-JEAN,Slim Fit Jeans,2,2026-05-02 09:00,76.86,20685,United Kingdom
INV501671,TH-TSHIRT,Cotton Crew T-Shirt,1,2025-10-24 14:00,24.54,20186,United Kingdom
INV504898,TH-SHOE,Canvas Sneakers,3,2026-06-09 14:00,62.06,20548,United Kingdom
INV501445,TH-SHOE,Canvas Sneakers,1,2025-07-03 10:00,49.81,20161,United Kingdom
INV500542,TH-SHOE,Canvas Sneakers,3,2025-05-17 11:00,83.85,20061,United Kingdom
INV504487,TH-TSHIRT,Cotton Crew T-Shirt,2,2025-09-22 20:00,18.85,20503,United Kingdom
INV502324,TH-JACK,Denim Jacket,1,2025-12-10 09:00,90.52,20256,United Kingdom
INV502087,TH-JEAN,Slim Fit Jeans,2,2026-01-06 13:00,47.21,20231,United Kingdom
INV504454,TH-JACK,Denim Jacket,2,2026-04-03 19:00,86.64,20500,United Kingdom
INV505444,TH-SHOE,Canvas Sneakers,1,2026-05-23 10:00,63.58,20612,United Kingdom
INV504226,TH-SHOE,Canvas Sneakers,2,2026-03-18 11:00,36.98,20476,United Kingdom
INV505083,TH-SHIRT,Oxford Shirt,2,2026-01-14 16:00,55.72,20570,United Kingdom
INV503637,TH-HOOD,Fleece Hoodie,1,2025-05-31 17:00,31.23,20404,United Kingdom
INV504040,TH-JACK,Denim Jacket,1,2025-09-07 14:00,60.95,20451,United Kingdom
INV505257,TH-JACK,Denim Jacket,2,2025-10-22 09:00,54.83,20589,United Kingdom
INV501268,TH-SHIRT,Oxford Shirt,2,2025-12-28 12:00,57.31,20142,United Kingdom
INV506118,TH-JEAN,Slim Fit Jeans,3,2026-04-25 08:00,79.78,20685,United Kingdom
INV504697,TH-HOOD,Fleece Hoodie,1,2026-04-02 09:00,47.51,20529,United Kingdom
INV503875,TH-JEAN,Slim Fit Jeans,3,2026-03-04 16:00,86.79,20435,United Kingdom
INV500959,TH-HOOD,Fleece Hoodie,2,2026-05-12 11:00,49.45,20105,United Kingdom
INV500278,TH-HOOD,Fleece Hoodie,1,2025-05-27 12:00,41.44,20033,United Kingdom
INV500451,TH-SHIRT,Oxford Shirt,1,2025-09-30 20:00,66.18,20052,United Kingdom
INV500904,TH-SHIRT,Oxford Shirt,3,2025-09-11 17:00,59.94,20100,United Kingdom
INV503390,TH-DRESS,Summer Dress,3,2025-07-21 16:00,81.59,20375,United Kingdom
INV503564,TH-TSHIRT,Cotton Crew T-Shirt,2,2025-11-17 15:00,21.88,20394,United Kingdom
INV505074,TH-SHOE,Canvas Sneakers,2,2026-01-13 09:00,50.68,20569,United Kingdom
INV502854,TH-DRESS,Summer Dress,2,2026-05-04 17:00,96.5,20315,United Kingdom
INV503964,TH-SHOE,Canvas Sneakers,1,2025-06-14 12:00,96.62,20443,United Kingdom
INV502823,TH-DRESS,Summer Dress,2,2026-04-06 10:00,56.68,20311,United Kingdom
INV505077,TH-TSHIRT,Cotton Crew T-Shirt,2,2025-10-19 13:00,15.75,20569,United Kingdom
INV502437,TH-JACK,Denim Jacket,2,2025-06-09 16:00,94.44,20268,United Kingdom
INV503607,TH-HOOD,Fleece Hoodie,3,2025-07-04 17:00,54.46,20399,United Kingdom
INV500620,TH-SHIRT,Oxford Shirt,1,2025-10-04 09:00,67.32,20069,United Kingdom
INV500817,TH-DRESS,Summer Dress,1,2025-10-10 17:00,45.05,20091,United Kingdom
INV501971,TH-JACK,Denim Jacket,3,2025-05-18 19:00,115.93,20219,United Kingdom
INV500354,TH-CAP,Logo Cap,2,2026-01-03 08:00,13.92,20042,United Kingdom
INV500680,TH-TSHIRT,Cotton Crew T-Shirt,1,2025-12-22 17:00,21.8,20076,United Kingdom
INV504076,TH-JEAN,Slim Fit Jeans,2,2026-01-15 20:00,55.29,20456,United Kingdom
INV503772,TH-JEAN,Slim Fit Jeans,2,2025-07-06 13:00,48.8,20422,United Kingdom
INV500313,TH-DRESS,Summer Dress,3,2026-03-28 19:00,82.21,20036,United Kingdom
INV504781,TH-SHOE,Canvas Sneakers,3,2026-01-20 19:00,70.82,20537,United Kingdom
INV503156,TH-JACK,Denim Jacket,2,2025-11-15 09:00,104.29,20348,United Kingdom
INV501449,TH-JACK,Denim Jacket,2,2025-05-29 09:00,81.54,20161,United Kingdom
INV501043,TH-SHIRT,Oxford Shirt,2,2026-01-31 10:00,42.06,20113,United Kingdom
INV501800,TH-CAP,Logo Cap,2,2025-10-18 18:00,11.18,20200,United Kingdom
INV501974,TH-DRESS,Summer Dress,2,2025-05-21 16:00,85.83,20219,United Kingdom
INV506040,TH-JEAN,Slim Fit Jeans,1,2025-12-09 15:00,92.16,20678,United Kingdom
INV503050,TH-CAP,Logo Cap,2,2026-02-16 14:00,27.77,20337,United Kingdom
INV504764,TH-HOOD,Fleece Hoodie,3,2026-04-19 18:00,70.06,20536,United Kingdom
INV505125,TH-JEAN,Slim Fit Jeans,2,2026-06-23 19:00,69.41,20574,United Kingdom
INV505062,TH-JEAN,Slim Fit Jeans,3,2025-05-20 08:00,95.56,20568,United Kingdom
INV500779,TH-JACK,Denim Jacket,1,2025-11-12 18:00,83.98,20086,United Kingdom
INV502150,TH-CAP,Logo Cap,1,2025-10-01 20:00,22.78,20236,United Kingdom
INV500432,TH-HOOD,Fleece Hoodie,3,2026-04-01 09:00,74.7,20051,United Kingdom
INV502514,TH-CAP,Logo Cap,2,2026-02-14 17:00,18.4,20278,United Kingdom
INV505529,TH-SHOE,Canvas Sneakers,2,2026-05-12 12:00,51.93,20621,United Kingdom
INV501925,TH-CAP,Logo Cap,2,2025-07-19 20:00,25.32,20214,United Kingdom
INV501888,TH-SHIRT,Oxford Shirt,2,2025-08-15 20:00,23.95,20210,United Kingdom
INV502302,TH-DRESS,Summer Dress,1,2025-06-05 18:00,67.09,20254,United Kingdom
INV502905,TH-DRESS,Summer Dress,2,2025-09-29 11:00,44.86,20322,United Kingdom
INV504549,TH-JACK,Denim Jacket,3,2025-09-23 09:00,102.46,20509,United Kingdom
INV501341,TH-JEAN,Slim Fit Jeans,1,2025-10-01 16:00,86.33,20150,United Kingdom
INV502392,TH-TSHIRT,Cotton Crew T-Shirt,1,2026-02-01 10:00,14.1,20262,United Kingdom
INV502905,TH-JACK,Denim Jacket,1,2025-09-29 11:00,56.83,20322,United Kingdom
INV503346,TH-DRESS,Summer Dress,2,2026-03-20 09:00,58.25,20370,United Kingdom
INV503300,TH-DRESS,Summer Dress,2,2026-05-17 11:00,74.15,20365,United Kingdom
INV504083,TH-SHOE,Canvas Sneakers,2,2026-02-06 17:00,43.77,20458,United Kingdom
INV505149,TH-JACK,Denim Jacket,1,2025-08-02 08:00,47.42,20577,United Kingdom
INV500762,TH-SHIRT,Oxford Shirt,3,2025-07-14 11:00,58.61,20083,United Kingdom
INV504320,TH-TSHIRT,Cotton Crew T-Shirt,1,2025-10-17 14:00,22.78,20486,United Kingdom
INV500698,TH-DRESS,Summer Dress,2,2026-01-28 19:00,76.23,20078,United Kingdom
INV504420,TH-CAP,Logo Cap,2,2025-07-19 14:00,24.64,20496,United Kingdom
INV501559,TH-JACK,Denim Jacket,3,2026-04-05 16:00,101.35,20173,United Kingdom
INV504895,TH-JEAN,Slim Fit Jeans,2,2025-07-02 19:00,72.47,20548,United Kingdom
INV503026,TH-HOOD,Fleece Hoodie,3,2025-10-24 17:00,66.95,20335,United Kingdom
INV502877,TH-CAP,Logo Cap,1,2026-06-17 08:00,22.54,20318,United Kingdom
INV500010,TH-SHIRT,Oxford Shirt,2,2025-06-13 08:00,39.47,20002,United Kingdom
INV505681,TH-TSHIRT,Cotton Crew T-Shirt,1,2025-12-20 11:00,22.96,20640,United Kingdom
INV506184,TH-SHOE,Canvas Sneakers,2,2025-05-29 12:00,60.03,20691,United Kingdom
INV503515,TH-JEAN,Slim Fit Jeans,1,2026-05-27 20:00,39.71,20387,United Kingdom
INV505630,TH-HOOD,Fleece Hoodie,2,2026-02-22 11:00,26.68,20634,United Kingdom
INV501603,TH-SHIRT,Oxford Shirt,3,2026-03-03 18:00,48.76,20177,United Kingdom
INV500528,TH-JEAN,Slim Fit Jeans,2,2025-05-15 15:00,102.29,20061,United Kingdom
INV506014,TH-SHOE,Canvas Sneakers,1,2025-12-18 18:00,74.17,20675,United Kingdom
INV500749,TH-CAP,Logo Cap,3,2026-04-17 08:00,30.35,20083,United Kingdom
INV503594,TH-DRESS,Summer Dress,1,2025-07-09 18:00,39.47,20397,United Kingdom
INV504327,TH-HOOD,Fleece Hoodie,2,2026-06-25 18:00,53.13,20486,United Kingdom
INV504045,TH-JEAN,Slim Fit Jeans,2,2025-09-26 18:00,32.78,20452,United Kingdom
INV502979,TH-DRESS,Summer Dress,2,2025-06-09 15:00,63.88,20332,United Kingdom
INV505233,TH-DRESS,Summer Dress,1,2026-02-20 12:00,65.84,20585,United Kingdom
INV502074,TH-CAP,Logo Cap,1,2026-05-08 13:00,12.16,20230,United Kingdom
INV503280,TH-TSHIRT,Cotton Crew T-Shirt,2,2025-12-20 17:00,16.81,20363,United Kingdom
INV502008,TH-SHOE,Canvas Sneakers,1,2026-06-10 08:00,71.35,20223,United Kingdom
INV505588,TH-JEAN,Slim Fit Jeans,2,2025-07-31 19:00,41.13,20630,United Kingdom
INV504317,TH-TSHIRT,Cotton Crew T-Shirt,3,2025-12-04 09:00,19.91,20485,United Kingdom
INV506022,TH-DRESS,Summer Dress,3,2025-12-27 09:00,90.06,20675,United Kingdom
INV504304,TH-SHIRT,Oxford Shirt,1,2025-11-09 18:00,50.85,20484,United Kingdom
INV502488,TH-JEAN,Slim Fit Jeans,3,2026-01-28 11:00,68.13,20274,United Kingdom
INV503126,TH-HOOD,Fleece Hoodie,3,2026-02-07 20:00,58.15,20344,United Kingdom
INV505276,TH-JEAN,Slim Fit Jeans,1,2026-04-24 08:00,41.87,20592,United Kingdom
INV500303,TH-DRESS,Summer Dress,1,2026-05-07 11:00,95.95,20036,United Kingdom
INV504358,TH-CAP,Logo Cap,3,2025-06-14 11:00,31.0,20489,United Kingdom
INV502105,TH-CAP,Logo Cap,2,2026-06-14 17:00,24.5,20233,United Kingdom
INV505205,TH-TSHIRT,Cotton Crew T-Shirt,1,2025-10-24 11:00,18.99,20583,United Kingdom
INV505981,TH-SHIRT,Oxford Shirt,1,2025-08-02 14:00,23.26,20672,United Kingdom
INV500257,TH-JACK,Denim Jacket,2,2026-07-04 12:00,91.13,20031,United Kingdom
INV501626,TH-HOOD,Fleece Hoodie,3,2025-10-14 11:00,56.91,20180,United Kingdom
INV503656,TH-CAP,Logo Cap,1,2025-07-20 19:00,16.9,20406,United Kingdom
INV504598,TH-SHIRT,Oxford Shirt,1,2026-05-20 15:00,28.88,20515,United Kingdom
INV502033,TH-SHOE,Canvas Sneakers,1,2025-09-04 10:00,70.6,20226,United Kingdom
INV504649,TH-DRESS,Summer Dress,3,2026-03-08 17:00,84.76,20522,United Kingdom
INV501254,TH-DRESS,Summer Dress,1,2026-07-11 09:00,93.31,20141,United Kingdom
INV504342,TH-TSHIRT,Cotton Crew T-Shirt,1,2025-10-29 13:00,15.7,20488,United Kingdom
INV505944,TH-SHOE,Canvas Sneakers,3,2026-05-25 16:00,77.11,20668,United Kingdom
INV500122,TH-TSHIRT,Cotton Crew T-Shirt,2,2025-06-02 15:00,11.91,20016,United Kingdom
INV500857,TH-CAP,Logo Cap,1,2025-06-12 15:00,23.27,20094,United Kingdom
INV503808,TH-CAP,Logo Cap,1,2025-10-06 10:00,14.95,20428,United Kingdom
INV504771,TH-JEAN,Slim Fit Jeans,3,2025-08-02 13:00,93.7,20536,United Kingdom
INV503109,TH-TSHIRT,Cotton Crew T-Shirt,1,2026-06-08 09:00,10.15,20342,United Kingdom
INV504740,TH-HOOD,Fleece Hoodie,2,2025-11-07 16:00,47.76,20533,United Kingdom
INV502382,TH-DRESS,Summer Dress,2,2026-05-08 10:00,73.24,20261,United Kingdom
INV504631,TH-DRESS,Summer Dress,2,2026-03-17 10:00,74.28,20521,United Kingdom
INV501973,TH-SHIRT,Oxford Shirt,1,2026-03-22 12:00,59.42,20219,United Kingdom
INV503154,TH-DRESS,Summer Dress,2,2025-10-22 18:00,55.59,20347,United Kingdom
INV501853,TH-CAP,Logo Cap,2,2025-09-02 11:00,8.8,20206,United Kingdom
INV504714,TH-TSHIRT,Cotton Crew T-Shirt,1,2025-09-07 10:00,11.28,20531,United Kingdom
INV505534,TH-TSHIRT,Cotton Crew T-Shirt,2,2025-11-09 15:00,9.99,20622,United Kingdom
INV502714,TH-TSHIRT,Cotton Crew T-Shirt,2,2025-06-26 10:00,14.08,20299,United Kingdom
INV501113,TH-DRESS,Summer Dress,1,2026-01-02 16:00,67.6,20123,United Kingdom
INV500505,TH-JACK,Denim Jacket,1,2026-02-02 18:00,105.86,20058,United Kingdom
INV503049,TH-CAP,Logo Cap,2,2026-06-03 11:00,26.68,20337,United Kingdom
INV503991,TH-CAP,Logo Cap,1,2026-04-03 20:00,18.18,20446,United Kingdom
INV504280,TH-JACK,Denim Jacket,2,2026-06-27 15:00,86.72,20482,United Kingdom
INV504262,TH-HOOD,Fleece Hoodie,3,2026-01-11 13:00,58.45,20480,United Kingdom
INV503742,TH-SHOE,Canvas Sneakers,1,2025-06-13 17:00,72.17,20419,United Kingdom
INV503137,TH-TSHIRT,Cotton Crew T-Shirt,1,2026-02-21 10:00,12.07,20345,United Kingdom
INV500190,TH-SHOE,Canvas Sneakers,2,2025-09-16 16:00,38.51,20023,United Kingdom
INV501590,TH-HOOD,Fleece Hoodie,2,2025-06-27 17:00,47.78,20176,United Kingdom
INV505303,TH-SHIRT,Oxford Shirt,1,2025-12-15 09:00,41.24,20596,United Kingdom
INV503073,TH-SHIRT,Oxford Shirt,1,2025-08-22 20:00,46.71,20338,United Kingdom
INV501927,TH-SHIRT,Oxford Shirt,2,2026-05-02 13:00,54.55,20214,United Kingdom
INV500029,TH-JEAN,Slim Fit Jeans,2,2026-05-17 18:00,58.76,20004,United Kingdom
INV500703,TH-HOOD,Fleece Hoodie,2,2026-06-19 12:00,45.45,20079,United Kingdom
INV506198,TH-SHOE,Canvas Sneakers,2,2025-08-03 15:00,41.06,20692,United Kingdom
INV504460,TH-DRESS,Summer Dress,2,2026-01-19 16:00,63.55,20500,United Kingdom
INV505679,TH-JEAN,Slim Fit Jeans,1,2026-07-01 18:00,71.27,20640,United Kingdom
INV505300,TH-JEAN,Slim Fit Jeans,2,2025-06-01 13:00,55.97,20596,United Kingdom
INV502048,TH-SHOE,Canvas Sneakers,1,2026-03-03 11:00,48.59,20227,United Kingdom
INV505467,TH-DRESS,Summer Dress,2,2026-05-26 12:00,69.49,20615,United Kingdom
INV503876,TH-TSHIRT,Cotton Crew T-Shirt,3,2026-01-11 17:00,30.45,20435,United Kingdom
INV500610,TH-HOOD,Fleece Hoodie,3,2026-03-18 10:00,66.35,20069,United Kingdom
INV500680,TH-JACK,Denim Jacket,2,2025-12-22 17:00,88.36,20076,United Kingdom
INV500655,TH-JACK,Denim Jacket,1,2025-10-01 08:00,106.91,20073,United Kingdom
INV501406,TH-JEAN,Slim Fit Jeans,3,2025-09-21 09:00,72.41,20157,United Kingdom
INV502670,TH-SHIRT,Oxford Shirt,1,2026-05-03 12:00,60.9,20294,United Kingdom
INV503274,TH-JEAN,Slim Fit Jeans,1,2026-06-12 13:00,52.62,20362,United Kingdom
INV501283,TH-DRESS,Summer Dress,2,2025-10-08 16:00,95.9,20143,United Kingdom
INV500932,TH-SHOE,Canvas Sneakers,3,2026-01-21 11:00,71.94,20102,United Kingdom
INV504358,TH-SHIRT,Oxford Shirt,1,2025-06-14 11:00,60.21,20489,United Kingdom
INV500486,TH-HOOD,Fleece Hoodie,3,2025-05-23 10:00,60.68,20056,United Kingdom
INV502412,TH-SHIRT,Oxford Shirt,2,2026-06-15 18:00,51.99,20265,United Kingdom
INV502327,TH-DRESS,Summer Dress,2,2026-01-06 12:00,65.24,20256,United Kingdom
INV504198,TH-JACK,Denim Jacket,1,2026-05-22 20:00,84.43,20473,United Kingdom
INV500236,TH-JEAN,Slim Fit Jeans,1,2025-05-11 20:00,79.83,20029,United Kingdom
INV503812,TH-JEAN,Slim Fit Jeans,2,2026-03-18 08:00,69.08,20429,United Kingdom
INV503693,TH-SHIRT,Oxford Shirt,2,2026-02-07 16:00,40.22,20411,United Kingdom
INV502255,TH-CAP,Logo Cap,1,2026-04-26 14:00,15.39,20249,United Kingdom
INV503413,TH-CAP,Logo Cap,2,2025-08-30 10:00,12.16,20378,United Kingdom
INV505681,TH-JEAN,Slim Fit Jeans,2,2025-12-20 11:00,80.82,20640,United Kingdom
INV504390,TH-SHOE,Canvas Sneakers,2,2025-10-03 08:00,81.84,20491,United Kingdom
INV500583,TH-SHIRT,Oxford Shirt,3,2026-05-21 14:00,44.84,20066,United Kingdom
INV505448,TH-SHIRT,Oxford Shirt,2,2025-11-29 18:00,46.69,20613,United Kingdom
INV503939,TH-HOOD,Fleece Hoodie,3,2026-06-24 12:00,62.64,20442,United Kingdom
INV505347,TH-CAP,Logo Cap,1,2026-07-06 17:00,19.49,20602,United Kingdom
INV505899,TH-SHIRT,Oxford Shirt,1,2026-04-11 19:00,29.61,20664,United Kingdom
INV501480,TH-JACK,Denim Jacket,2,2025-11-21 16:00,71.53,20165,United Kingdom
INV505847,TH-SHIRT,Oxford Shirt,1,2026-03-06 09:00,51.19,20658,United Kingdom
INV505375,TH-JEAN,Slim Fit Jeans,2,2025-08-10 11:00,65.95,20605,United Kingdom
INV505772,TH-SHOE,Canvas Sneakers,2,2026-04-24 11:00,64.8,20650,United Kingdom
INV501330,TH-HOOD,Fleece Hoodie,1,2025-05-16 13:00,57.6,20148,United Kingdom
INV504003,TH-SHIRT,Oxford Shirt,2,2025-08-26 10:00,62.04,20448,United Kingdom
INV500218,TH-TSHIRT,Cotton Crew T-Shirt,2,2025-07-29 13:00,18.6,20027,United Kingdom
INV501635,TH-TSHIRT,Cotton Crew T-Shirt,1,2025-10-11 09:00,16.37,20181,United Kingdom
INV506022,TH-DRESS,Summer Dress,2,2025-12-27 09:00,97.39,20675,United Kingdom
INV505725,TH-JACK,Denim Jacket,2,2025-07-11 16:00,91.57,20645,United Kingdom
INV502897,TH-HOOD,Fleece Hoodie,2,2026-02-08 20:00,35.83,20321,United Kingdom
INV502144,TH-DRESS,Summer Dress,3,2026-06-07 13:00,92.12,20236,United Kingdom
INV505813,TH-CAP,Logo Cap,1,2025-07-24 13:00,14.49,20654,United Kingdom
INV501703,TH-SHIRT,Oxford Shirt,1,2025-07-07 19:00,50.15,20191,United Kingdom
INV505862,TH-JACK,Denim Jacket,2,2026-02-24 11:00,107.3,20660,United Kingdom
INV504011,TH-SHOE,Canvas Sneakers,1,2025-07-27 17:00,84.78,20448,United Kingdom
INV503641,TH-JACK,Denim Jacket,2,2025-08-20 16:00,53.07,20404,United Kingdom
INV500779,TH-SHIRT,Oxford Shirt,1,2025-11-12 18:00,42.52,20086,United Kingdom
INV505487,TH-JACK,Denim Jacket,3,2025-06-21 09:00,98.18,20617,United Kingdom
INV505822,TH-HOOD,Fleece Hoodie,3,2025-07-09 10:00,65.37,20656,United Kingdom
INV505114,TH-SHOE,Canvas Sneakers,1,2025-07-28 11:00,55.19,20573,United Kingdom
INV502717,TH-JACK,Denim Jacket,2,2025-06-24 08:00,63.81,20299,United Kingdom
INV503205,TH-DRESS,Summer Dress,2,2025-10-25 11:00,70.11,20354,United Kingdom
INV500923,TH-DRESS,Summer Dress,2,2026-01-08 17:00,78.19,20101,United Kingdom
INV503335,TH-CAP,Logo Cap,1,2026-07-13 17:00,16.79,20369,United Kingdom
INV501281,TH-SHIRT,Oxford Shirt,3,2026-06-24 09:00,63.23,20143,United Kingdom
INV505820,TH-JACK,Denim Jacket,1,2026-01-16 18:00,58.48,20655,United Kingdom
INV503104,TH-DRESS,Summer Dress,1,2025-06-20 15:00,42.39,20342,United Kingdom
INV503438,TH-SHOE,Canvas Sneakers,3,2025-05-25 13:00,85.15,20380,United Kingdom
INV505679,TH-CAP,Logo Cap,3,2026-07-01 18:00,21.57,20640,United Kingdom
INV504198,TH-DRESS,Summer Dress,1,2026-05-22 20:00,66.84,20473,United Kingdom
INV500829,TH-HOOD,Fleece Hoodie,2,2025-09-21 09:00,64.41,20092,United Kingdom
INV503435,TH-JACK,Denim Jacket,3,2026-07-04 08:00,113.42,20380,United Kingdom
INV502119,TH-DRESS,Summer Dress,3,2026-01-24 19:00,90.47,20234,United Kingdom
INV504743,TH-TSHIRT,Cotton Crew T-Shirt,2,2026-02-09 20:00,17.33,20533,United Kingdom
INV505626,TH-JACK,Denim Jacket,1,2025-09-21 14:00,49.35,20634,United Kingdom
INV502298,TH-JACK,Denim Jacket,3,2026-02-01 20:00,94.59,20253,United Kingdom
INV503691,TH-TSHIRT,Cotton Crew T-Shirt,1,2026-02-16 08:00,17.66,20411,United Kingdom
INV504307,TH-CAP,Logo Cap,3,2025-10-23 14:00,22.08,20485,United Kingdom
INV504423,TH-JACK,Denim Jacket,2,2026-06-15 10:00,104.83,20496,United Kingdom
INV504170,TH-SHOE,Canvas Sneakers,1,2025-06-18 17:00,54.28,20469,United Kingdom
INV504042,TH-TSHIRT,Cotton Crew T-Shirt,1,2026-07-06 08:00,14.29,20451,United Kingdom
INV505367,TH-TSHIRT,Cotton Crew T-Shirt,1,2025-09-22 16:00,13.32,20604,United Kingdom
INV500730,TH-JACK,Denim Jacket,2,2026-04-17 16:00,95.81,20081,United Kingdom
INV502030,TH-JEAN,Slim Fit Jeans,1,2025-12-28 16:00,70.41,20225,United Kingdom
INV500109,TH-JACK,Denim Jacket,1,2026-01-09 11:00,92.78,20014,United Kingdom
INV505456,TH-DRESS,Summer Dress,3,2025-09-04 12:00,74.93,20613,United Kingdom
INV503245,TH-SHIRT,Oxford Shirt,1,2025-08-16 11:00,36.71,20359,United Kingdom
INV500773,TH-DRESS,Summer Dress,1,2025-10-19 15:00,92.07,20085,United Kingdom
INV504601,TH-SHIRT,Oxford Shirt,1,2026-06-12 13:00,20.73,20516,United Kingdom
INV506106,TH-TSHIRT,Cotton Crew T-Shirt,2,2025-11-23 20:00,25.67,20683,United Kingdom
INV501022,TH-SHOE,Canvas Sneakers,2,2026-02-09 13:00,78.31,20111,United Kingdom
INV504064,TH-JACK,Denim Jacket,1,2025-06-26 13:00,87.38,20454,United Kingdom
INV500393,TH-DRESS,Summer Dress,2,2025-10-26 09:00,55.55,20047,United Kingdom
INV502692,TH-SHOE,Canvas Sneakers,2,2026-06-18 19:00,44.85,20297,United Kingdom
INV500232,TH-JEAN,Slim Fit Jeans,2,2026-02-27 12:00,74.57,20029,United Kingdom
INV505043,TH-TSHIRT,Cotton Crew T-Shirt,3,2026-04-23 08:00,17.8,20566,United Kingdom
INV503173,TH-SHOE,Canvas Sneakers,1,2026-01-05 12:00,58.23,20349,United Kingdom
INV500471,TH-DRESS,Summer Dress,1,2025-10-30 20:00,74.21,20054,United Kingdom
INV505171,TH-DRESS,Summer Dress,2,2025-12-27 11:00,69.94,20580,United Kingdom
INV500867,TH-JACK,Denim Jacket,1,2025-06-18 18:00,93.04,20095,United Kingdom
INV503132,TH-JEAN,Slim Fit Jeans,2,2026-01-25 19:00,78.09,20344,United Kingdom
INV503439,TH-JEAN,Slim Fit Jeans,1,2025-12-01 11:00,89.62,20380,United Kingdom
INV504382,TH-SHIRT,Oxford Shirt,3,2026-02-26 14:00,61.32,20491,United Kingdom
INV502330,TH-TSHIRT,Cotton Crew T-Shirt,2,2025-08-07 12:00,17.88,20256,United Kingdom
INV505756,TH-HOOD,Fleece Hoodie,2,2025-11-06 16:00,32.16,20648,United Kingdom
INV500154,TH-SHIRT,Oxford Shirt,1,2026-03-09 20:00,30.22,20019,United Kingdom
INV500233,TH-SHOE,Canvas Sneakers,1,2025-07-08 10:00,64.61,20029,United Kingdom
INV505170,TH-DRESS,Summer Dress,2,2025-09-13 14:00,68.98,20580,United Kingdom
INV504493,TH-DRESS,Summer Dress,1,2026-04-16 18:00,108.34,20504,United Kingdom
INV501738,TH-SHOE,Canvas Sneakers,2,2025-10-15 18:00,65.92,20194,United Kingdom
INV505535,TH-SHIRT,Oxford Shirt,2,2026-05-29 19:00,23.08,20623,United Kingdom
INV504055,TH-JACK,Denim Jacket,1,2025-12-22 17:00,82.35,20453,United Kingdom
INV501303,TH-CAP,Logo Cap,1,2025-09-22 13:00,14.2,20145,United Kingdom
INV501897,TH-TSHIRT,Cotton Crew T-Shirt,1,2026-01-30 18:00,16.21,20211,United Kingdom
INV502504,TH-JACK,Denim Jacket,1,2026-05-11 09:00,77.14,20276,United Kingdom
INV504303,TH-JACK,Denim Jacket,3,2026-05-31 13:00,108.54,20484,United Kingdom
INV500908,TH-HOOD,Fleece Hoodie,2,2026-02-06 13:00,66.97,20100,United Kingdom
INV502655,TH-JACK,Denim Jacket,1,2025-06-10 11:00,90.12,20292,United Kingdom
INV505000,TH-SHIRT,Oxford Shirt,2,2025-11-04 14:00,49.98,20561,United Kingdom
INV505760,TH-TSHIRT,Cotton Crew T-Shirt,2,2026-04-01 16:00,17.37,20649,United Kingdom
INV504547,TH-CAP,Logo Cap,2,2025-11-17 18:00,20.22,20509,United Kingdom
INV502743,TH-JEAN,Slim Fit Jeans,1,2025-09-06 10:00,53.5,20302,United Kingdom
INV504479,TH-HOOD,Fleece Hoodie,1,2026-01-27 12:00,35.64,20502,United Kingdom
INV504793,TH-DRESS,Summer Dress,2,2026-02-21 20:00,65.48,20538,United Kingdom
INV503186,TH-HOOD,Fleece Hoodie,2,2026-03-06 17:00,35.72,20352,United Kingdom
INV503869,TH-SHOE,Canvas Sneakers,2,2025-10-07 12:00,72.93,20434,United Kingdom
INV500401,TH-HOOD,Fleece Hoodie,2,2026-02-10 12:00,31.65,20048,United Kingdom
INV501715,TH-TSHIRT,Cotton Crew T-Shirt,3,2025-12-01 16:00,25.69,20192,United Kingdom
INV504005,TH-CAP,Logo Cap,3,2026-06-10 19:00,27.95,20448,United Kingdom
INV500075,TH-DRESS,Summer Dress,2,2026-02-16 10:00,36.03,20010,United Kingdom
INV500420,TH-HOOD,Fleece Hoodie,2,2026-06-18 10:00,73.69,20051,United Kingdom
INV501162,TH-SHOE,Canvas Sneakers,1,2026-06-01 08:00,62.53,20129,United Kingdom
INV502673,TH-JEAN,Slim Fit Jeans,1,2025-10-25 10:00,90.21,20294,United Kingdom
INV501834,TH-SHIRT,Oxford Shirt,1,2026-01-22 19:00,51.17,20203,United Kingdom
INV505237,TH-HOOD,Fleece Hoodie,1,2025-05-12 19:00,27.54,20586,United Kingdom
INV501930,TH-JACK,Denim Jacket,1,2026-01-07 11:00,100.52,20214,United Kingdom
INV500385,TH-SHIRT,Oxford Shirt,1,2026-01-01 10:00,37.6,20046,United Kingdom
INV504033,TH-SHIRT,Oxford Shirt,3,2026-07-02 16:00,49.19,20450,United Kingdom
INV503279,TH-DRESS,Summer Dress,2,2025-06-08 19:00,62.3,20362,United Kingdom
INV504401,TH-TSHIRT,Cotton Crew T-Shirt,2,2026-03-24 16:00,15.43,20492,United Kingdom
INV503780,TH-SHOE,Canvas Sneakers,1,2025-11-09 12:00,34.19,20423,United Kingdom
INV504650,TH-SHOE,Canvas Sneakers,1,2026-05-07 10:00,82.26,20522,United Kingdom
INV501989,TH-CAP,Logo Cap,1,2026-04-21 15:00,23.1,20220,United Kingdom
INV505444,TH-TSHIRT,Cotton Crew T-Shirt,3,2026-05-23 10:00,23.62,20612,United Kingdom
INV501127,TH-CAP,Logo Cap,2,2025-05-28 20:00,13.55,20125,United Kingdom
INV505094,TH-SHOE,Canvas Sneakers,2,2025-10-04 17:00,65.02,20570,United Kingdom
INV502102,TH-SHOE,Canvas Sneakers,3,2025-12-22 18:00,60.4,20233,United Kingdom
INV504473,TH-DRESS,Summer Dress,2,2025-07-23 19:00,95.81,20501,United Kingdom
INV502932,TH-SHIRT,Oxford Shirt,1,2026-02-09 13:00,34.84,20326,United Kingdom
INV504674,TH-JEAN,Slim Fit Jeans,2,2026-05-19 09:00,47.22,20525,United Kingdom
INV503143,TH-JACK,Denim Jacket,3,2025-09-16 17:00,87.02,20346,United Kingdom
INV502006,TH-SHIRT,Oxford Shirt,3,2025-08-05 14:00,49.7,20223,United Kingdom
INV504001,TH-DRESS,Summer Dress,1,2026-07-05 08:00,72.51,20447,United Kingdom
INV501505,TH-CAP,Logo Cap,2,2026-01-19 15:00,26.48,20167,United Kingdom
INV504669,TH-DRESS,Summer Dress,2,2026-01-25 13:00,72.44,20524,United Kingdom
INV503075,TH-JACK,Denim Jacket,2,2025-09-03 20:00,60.79,20339,United Kingdom
INV503695,TH-HOOD,Fleece Hoodie,1,2026-03-14 08:00,54.36,20411,United Kingdom
INV504483,TH-JACK,Denim Jacket,2,2026-05-08 10:00,85.02,20503,United Kingdom
INV505176,TH-CAP,Logo Cap,2,2026-03-02 17:00,20.15,20580,United Kingdom
INV505755,TH-CAP,Logo Cap,1,2025-10-13 10:00,11.66,20648,United Kingdom
INV500615,TH-CAP,Logo Cap,1,2026-01-06 15:00,27.83,20069,United Kingdom
INV500391,TH-SHOE,Canvas Sneakers,2,2025-11-14 08:00,43.9,20047,United Kingdom
INV504897,TH-SHOE,Canvas Sneakers,1,2026-05-28 20:00,65.5,20548,United Kingdom
INV502129,TH-HOOD,Fleece Hoodie,1,2026-02-11 13:00,68.1,20234,United Kingdom
INV501354,TH-DRESS,Summer Dress,2,2026-06-10 08:00,104.83,20150,United Kingdom
INV501498,TH-JEAN,Slim Fit Jeans,3,2026-05-20 13:00,80.44,20166,United Kingdom
INV500500,TH-SHIRT,Oxford Shirt,2,2025-07-01 12:00,45.98,20057,United Kingdom
INV504904,TH-TSHIRT,Cotton Crew T-Shirt,1,2026-03-05 10:00,20.86,20548,United Kingdom
INV501412,TH-JEAN,Slim Fit Jeans,2,2025-11-12 20:00,49.96,20158,United Kingdom
INV505480,TH-DRESS,Summer Dress,1,2026-05-24 15:00,89.21,20616,United Kingdom
INV500914,TH-SHOE,Canvas Sneakers,1,2025-09-22 19:00,75.76,20101,United Kingdom
INV505708,TH-HOOD,Fleece Hoodie,1,2025-10-13 20:00,65.06,20644,United Kingdom
INV503851,TH-DRESS,Summer Dress,1,2026-06-02 20:00,79.68,20433,United Kingdom
INV502626,TH-SHOE,Canvas Sneakers,3,2026-06-28 11:00,85.77,20290,United Kingdom
INV501538,TH-DRESS,Summer Dress,3,2025-06-01 19:00,96.98,20172,United Kingdom
INV503037,TH-DRESS,Summer Dress,1,2026-05-02 16:00,68.89,20336,United Kingdom
INV502142,TH-SHOE,Canvas Sneakers,2,2026-05-12 19:00,65.05,20236,United Kingdom
INV501045,TH-JACK,Denim Jacket,1,2025-08-29 18:00,84.33,20113,United Kingdom
INV500039,TH-CAP,Logo Cap,1,2025-12-03 13:00,16.77,20005,United Kingdom
INV500833,TH-CAP,Logo Cap,3,2025-06-02 09:00,24.26,20092,United Kingdom
INV500456,TH-HOOD,Fleece Hoodie,2,2025-12-08 18:00,72.81,20052,United Kingdom
INV502240,TH-SHIRT,Oxford Shirt,1,2025-07-09 13:00,49.04,20247,United Kingdom
INV505501,TH-JACK,Denim Jacket,1,2025-05-18 18:00,50.29,20619,United Kingdom
INV501566,TH-HOOD,Fleece Hoodie,2,2025-10-11 10:00,54.14,20173,United Kingdom
INV500444,TH-SHOE,Canvas Sneakers,3,2025-06-10 18:00,99.63,20052,United Kingdom
INV506104,TH-CAP,Logo Cap,2,2026-02-27 10:00,27.02,20683,United Kingdom
INV504917,TH-DRESS,Summer Dress,2,2025-07-27 15:00,69.53,20550,United Kingdom
INV500274,TH-TSHIRT,Cotton Crew T-Shirt,1,2026-02-18 08:00,15.04,20033,United Kingdom
INV501754,TH-JACK,Denim Jacket,1,2026-06-18 19:00,130.49,20196,United Kingdom
INV503025,TH-JEAN,Slim Fit Jeans,3,2026-01-15 09:00,88.51,20335,United Kingdom
INV502177,TH-CAP,Logo Cap,1,2025-07-05 11:00,16.92,20240,United Kingdom
INV504155,TH-JEAN,Slim Fit Jeans,2,2025-07-18 12:00,41.44,20466,United Kingdom
INV502035,TH-JACK,Denim Jacket,1,2026-03-18 09:00,96.42,20226,United Kingdom
INV501832,TH-JEAN,Slim Fit Jeans,3,2026-03-03 10:00,76.21,20203,United Kingdom
INV505426,TH-JEAN,Slim Fit Jeans,3,2026-04-13 13:00,80.14,20610,United Kingdom
INV500271,TH-JEAN,Slim Fit Jeans,1,2025-06-18 12:00,56.19,20033,United Kingdom
INV502633,TH-JACK,Denim Jacket,3,2026-04-15 20:00,125.61,20290,United Kingdom
INV501670,TH-SHOE,Canvas Sneakers,2,2026-04-20 16:00,67.89,20186,United Kingdom
INV505042,TH-JACK,Denim Jacket,2,2026-05-12 19:00,91.71,20566,United Kingdom
INV502504,TH-SHIRT,Oxford Shirt,1,2026-05-11 09:00,36.44,20276,United Kingdom
INV500544,TH-DRESS,Summer Dress,3,2025-09-01 16:00,97.92,20061,United Kingdom
INV504005,TH-JACK,Denim Jacket,3,2026-06-10 19:00,140.44,20448,United Kingdom
INV500698,TH-SHIRT,Oxford Shirt,3,2026-01-28 19:00,52.54,20078,United Kingdom
INV504926,TH-JEAN,Slim Fit Jeans,1,2025-07-26 14:00,40.16,20551,United Kingdom
INV502641,TH-SHOE,Canvas Sneakers,1,2026-06-08 08:00,37.02,20291,United Kingdom
INV501700,TH-TSHIRT,Cotton Crew T-Shirt,3,2026-01-06 14:00,18.96,20191,United Kingdom
INV503865,TH-TSHIRT,Cotton Crew T-Shirt,1,2025-11-11 08:00,19.63,20434,United Kingdom
INV504780,TH-HOOD,Fleece Hoodie,3,2026-01-02 10:00,68.44,20537,United Kingdom
INV506138,TH-SHIRT,Oxford Shirt,2,2025-08-01 14:00,36.16,20686,United Kingdom
INV504238,TH-JEAN,Slim Fit Jeans,1,2025-10-21 19:00,70.57,20478,United Kingdom
INV503339,TH-SHOE,Canvas Sneakers,1,2025-12-19 17:00,51.08,20369,United Kingdom
INV500275,TH-HOOD,Fleece Hoodie,1,2026-06-08 16:00,39.31,20033,United Kingdom
INV500614,TH-JEAN,Slim Fit Jeans,1,2026-04-25 08:00,97.5,20069,United Kingdom
INV500411,TH-SHIRT,Oxford Shirt,1,2026-07-11 12:00,31.02,20049,United Kingdom
INV506242,TH-CAP,Logo Cap,2,2026-02-08 19:00,16.24,20697,United Kingdom
INV503933,TH-SHIRT,Oxford Shirt,1,2025-09-10 10:00,41.89,20441,United Kingdom
INV504148,TH-SHIRT,Oxford Shirt,2,2026-03-07 18:00,44.25,20465,United Kingdom
INV500913,TH-JACK,Denim Jacket,2,2025-07-01 13:00,111.51,20100,United Kingdom
INV501148,TH-TSHIRT,Cotton Crew T-Shirt,1,2026-06-10 19:00,17.21,20127,United Kingdom
INV504283,TH-JACK,Denim Jacket,3,2026-03-02 16:00,85.2,20482,United Kingdom
INV503575,TH-JEAN,Slim Fit Jeans,2,2025-12-22 15:00,50.81,20395,United Kingdom
INV503729,TH-SHOE,Canvas Sneakers,2,2026-03-21 08:00,52.65,20415,United Kingdom
INV506129,TH-JACK,Denim Jacket,2,2025-10-20 11:00,119.33,20685,United Kingdom
INV504706,TH-DRESS,Summer Dress,1,2025-05-19 19:00,68.68,20529,United Kingdom
INV502302,TH-JACK,Denim Jacket,1,2025-06-05 18:00,72.1,20254,United Kingdom
INV504421,TH-TSHIRT,Cotton Crew T-Shirt,3,2026-02-02 10:00,26.53,20496,United Kingdom
INV502370,TH-JEAN,Slim Fit Jeans,1,2025-07-06 14:00,39.13,20260,United Kingdom
INV504296,TH-CAP,Logo Cap,1,2025-06-30 08:00,26.89,20484,United Kingdom
INV504505,TH-HOOD,Fleece Hoodie,1,2025-05-17 20:00,26.97,20505,United Kingdom
INV500972,TH-TSHIRT,Cotton Crew T-Shirt,1,2026-01-26 11:00,17.73,20106,United Kingdom
INV504857,TH-JEAN,Slim Fit Jeans,1,2025-11-04 08:00,83.48,20543,United Kingdom
INV500146,TH-HOOD,Fleece Hoodie,2,2025-12-28 10:00,46.7,20018,United Kingdom
INV502487,TH-HOOD,Fleece Hoodie,2,2025-05-14 16:00,55.6,20274,United Kingdom
INV501633,TH-CAP,Logo Cap,1,2026-02-13 18:00,18.02,20181,United Kingdom
INV502951,TH-JACK,Denim Jacket,1,2025-05-25 11:00,105.37,20328,United Kingdom
INV506189,TH-TSHIRT,Cotton Crew T-Shirt,1,2026-01-01 10:00,20.55,20691,United Kingdom
INV504650,TH-DRESS,Summer Dress,3,2026-05-07 10:00,90.26,20522,United Kingdom
INV503086,TH-DRESS,Summer Dress,1,2025-06-21 13:00,86.53,20340,United Kingdom
INV501231,TH-DRESS,Summer Dress,1,2025-08-28 14:00,62.46,20139,United Kingdom
INV502042,TH-JACK,Denim Jacket,2,2026-07-13 12:00,104.48,20226,United Kingdom
INV506099,TH-TSHIRT,Cotton Crew T-Shirt,2,2025-11-07 12:00,24.51,20683,United Kingdom
INV505138,TH-DRESS,Summer Dress,3,2025-11-16 14:00,82.5,20576,United Kingdom
INV503180,TH-DRESS,Summer Dress,2,2026-01-16 10:00,36.58,20350,United Kingdom
INV502329,TH-JACK,Denim Jacket,1,2025-10-23 11:00,79.56,20256,United Kingdom
INV505251,TH-DRESS,Summer Dress,1,2025-07-11 20:00,82.03,20588,United Kingdom
INV502264,TH-SHIRT,Oxford Shirt,1,2025-06-06 20:00,35.63,20250,United Kingdom
INV502968,TH-HOOD,Fleece Hoodie,1,2026-05-24 15:00,48.91,20330,United Kingdom
INV504384,TH-JACK,Denim Jacket,3,2025-08-28 09:00,119.67,20491,United Kingdom
INV503881,TH-SHIRT,Oxford Shirt,3,2026-02-02 15:00,66.76,20435,United Kingdom
INV502944,TH-DRESS,Summer Dress,2,2025-07-17 18:00,87.59,20328,United Kingdom
INV503791,TH-JACK,Denim Jacket,2,2025-06-21 10:00,92.66,20425,United Kingdom
INV505978,TH-JACK,Denim Jacket,2,2025-11-18 14:00,45.97,20672,United Kingdom
INV500409,TH-JACK,Denim Jacket,1,2026-05-14 18:00,53.71,20049,United Kingdom
INV500700,TH-SHIRT,Oxford Shirt,1,2026-03-01 11:00,45.01,20078,United Kingdom
INV501919,TH-CAP,Logo Cap,2,2026-05-02 14:00,19.6,20213,United Kingdom
INV501053,TH-SHIRT,Oxford Shirt,1,2025-07-08 12:00,44.36,20114,United Kingdom
INV502742,TH-JEAN,Slim Fit Jeans,2,2025-10-06 20:00,50.3,20302,United Kingdom
INV504836,TH-HOOD,Fleece Hoodie,3,2025-07-07 13:00,57.94,20542,United Kingdom
INV504443,TH-HOOD,Fleece Hoodie,2,2026-06-24 15:00,51.83,20498,United Kingdom
INV506216,TH-HOOD,Fleece Hoodie,1,2025-05-27 18:00,58.4,20694,United Kingdom
INV504511,TH-HOOD,Fleece Hoodie,1,2025-07-03 17:00,59.02,20506,United Kingdom
INV504123,TH-SHIRT,Oxford Shirt,2,2025-07-12 11:00,39.42,20463,United Kingdom
INV502260,TH-CAP,Logo Cap,1,2025-11-28 12:00,18.68,20250,United Kingdom
INV504040,TH-DRESS,Summer Dress,2,2025-09-07 14:00,49.29,20451,United Kingdom
INV505631,TH-JEAN,Slim Fit Jeans,2,2026-06-15 11:00,35.66,20634,United Kingdom
INV504276,TH-HOOD,Fleece Hoodie,1,2025-12-13 18:00,55.36,20481,United Kingdom
INV500958,TH-CAP,Logo Cap,1,2025-05-18 11:00,21.94,20105,United Kingdom
INV506177,TH-HOOD,Fleece Hoodie,1,2026-03-24 13:00,46.66,20690,United Kingdom
INV505048,TH-JACK,Denim Jacket,2,2026-05-28 11:00,85.17,20566,United Kingdom
INV505173,TH-JACK,Denim Jacket,2,2025-11-13 20:00,85.89,20580,United Kingdom
INV502113,TH-DRESS,Summer Dress,1,2025-07-03 17:00,99.41,20234,United Kingdom
INV504331,TH-SHOE,Canvas Sneakers,2,2026-07-01 16:00,34.9,20487,United Kingdom
INV502902,TH-HOOD,Fleece Hoodie,2,2025-05-30 13:00,38.18,20321,United Kingdom
INV500626,TH-SHIRT,Oxford Shirt,1,2026-03-01 09:00,51.25,20070,United Kingdom
INV500848,TH-HOOD,Fleece Hoodie,2,2026-05-11 14:00,62.8,20093,United Kingdom
INV503715,TH-SHOE,Canvas Sneakers,1,2025-08-05 17:00,72.03,20414,United Kingdom
INV500405,TH-CAP,Logo Cap,1,2026-05-07 16:00,13.24,20048,United Kingdom
INV500462,TH-JACK,Denim Jacket,2,2025-10-08 18:00,85.91,20053,United Kingdom
INV503429,TH-SHIRT,Oxford Shirt,1,2026-01-10 13:00,57.12,20380,United Kingdom
INV501178,TH-JACK,Denim Jacket,2,2025-12-21 16:00,101.66,20131,United Kingdom
INV503750,TH-CAP,Logo Cap,1,2025-05-23 14:00,23.76,20419,United Kingdom
INV504091,TH-CAP,Logo Cap,3,2025-12-26 16:00,22.54,20459,United Kingdom
INV502540,TH-SHOE,Canvas Sneakers,2,2026-04-14 15:00,36.88,20280,United Kingdom
INV502464,TH-SHIRT,Oxford Shirt,2,2025-10-11 12:00,64.6,20271,United Kingdom
INV505412,TH-DRESS,Summer Dress,2,2025-05-17 14:00,77.31,20609,United Kingdom
INV503295,TH-SHIRT,Oxford Shirt,1,2026-04-26 12:00,37.94,20365,United Kingdom
INV502804,TH-SHIRT,Oxford Shirt,1,2026-07-13 17:00,58.15,20310,United Kingdom
INV504680,TH-JEAN,Slim Fit Jeans,2,2026-03-03 19:00,43.48,20526,United Kingdom
INV502942,TH-TSHIRT,Cotton Crew T-Shirt,1,2025-10-14 17:00,22.74,20328,United Kingdom
INV504075,TH-HOOD,Fleece Hoodie,1,2026-06-04 12:00,44.76,20456,United Kingdom
INV502192,TH-JEAN,Slim Fit Jeans,1,2025-12-18 18:00,77.78,20243,United Kingdom
INV501403,TH-SHIRT,Oxford Shirt,2,2025-06-05 12:00,41.04,20156,United Kingdom
INV505715,TH-DRESS,Summer Dress,2,2026-04-30 17:00,92.98,20644,United Kingdom
INV505625,TH-TSHIRT,Cotton Crew T-Shirt,1,2026-03-16 18:00,23.25,20633,United Kingdom
INV505721,TH-CAP,Logo Cap,2,2026-03-09 15:00,23.11,20645,United Kingdom
INV505289,TH-JEAN,Slim Fit Jeans,1,2026-05-28 19:00,47.75,20595,United Kingdom
INV503131,TH-SHOE,Canvas Sneakers,3,2025-06-16 16:00,58.63,20344,United Kingdom
INV505958,TH-SHOE,Canvas Sneakers,2,2025-12-05 09:00,58.94,20669,United Kingdom
INV505049,TH-DRESS,Summer Dress,3,2026-03-25 10:00,73.72,20566,United Kingdom
INV503233,TH-SHOE,Canvas Sneakers,2,2026-01-13 11:00,40.6,20357,United Kingdom
INV505184,TH-CAP,Logo Cap,3,2026-06-21 18:00,29.94,20581,United Kingdom
INV501829,TH-JACK,Denim Jacket,2,2025-10-28 10:00,102.47,20203,United Kingdom
INV504461,TH-JACK,Denim Jacket,2,2026-01-24 10:00,77.44,20500,United Kingdom
INV501970,TH-JACK,Denim Jacket,3,2026-04-27 13:00,118.94,20219,United Kingdom
INV504318,TH-SHIRT,Oxford Shirt,2,2026-05-31 18:00,46.24,20486,United Kingdom
INV502955,TH-DRESS,Summer Dress,1,2026-04-16 12:00,60.12,20329,United Kingdom
INV504831,TH-JACK,Denim Jacket,3,2025-11-13 10:00,100.55,20542,United Kingdom
INV500645,TH-JEAN,Slim Fit Jeans,2,2026-01-13 19:00,48.69,20072,United Kingdom
INV505229,TH-SHOE,Canvas Sneakers,2,2025-10-18 08:00,52.32,20585,United Kingdom
INV505112,TH-SHOE,Canvas Sneakers,2,2025-09-08 20:00,58.28,20573,United Kingdom
INV501220,TH-DRESS,Summer Dress,2,2026-03-02 19:00,80.79,20138,United Kingdom
INV505785,TH-JACK,Denim Jacket,1,2025-10-25 20:00,63.14,20651,United Kingdom
INV505611,TH-JEAN,Slim Fit Jeans,1,2026-04-10 11:00,79.19,20633,United Kingdom
INV503383,TH-TSHIRT,Cotton Crew T-Shirt,2,2025-08-12 13:00,20.63,20375,United Kingdom
INV502681,TH-TSHIRT,Cotton Crew T-Shirt,1,2025-07-30 11:00,25.67,20294,United Kingdom
INV502851,TH-SHIRT,Oxford Shirt,1,2025-11-12 08:00,46.62,20314,United Kingdom
INV502237,TH-DRESS,Summer Dress,3,2026-06-16 10:00,87.65,20247,United Kingdom
INV503889,TH-SHIRT,Oxford Shirt,2,2026-05-04 15:00,24.63,20437,United Kingdom
INV504585,TH-SHIRT,Oxford Shirt,2,2026-05-29 15:00,30.04,20513,United Kingdom
INV504595,TH-TSHIRT,Cotton Crew T-Shirt,2,2025-08-24 17:00,13.03,20515,United Kingdom
INV500446,TH-SHIRT,Oxford Shirt,3,2025-10-07 20:00,75.92,20052,United Kingdom
INV503780,TH-HOOD,Fleece Hoodie,2,2025-11-09 12:00,28.97,20423,United Kingdom
INV500745,TH-SHIRT,Oxford Shirt,3,2026-06-03 12:00,61.63,20083,United Kingdom
INV501339,TH-HOOD,Fleece Hoodie,2,2025-12-27 11:00,53.39,20149,United Kingdom
INV500628,TH-JACK,Denim Jacket,3,2025-10-29 15:00,118.89,20070,United Kingdom
INV504957,TH-CAP,Logo Cap,1,2026-04-07 14:00,16.83,20555,United Kingdom
INV504677,TH-HOOD,Fleece Hoodie,2,2025-08-28 08:00,30.83,20526,United Kingdom
INV503923,TH-TSHIRT,Cotton Crew T-Shirt,3,2026-04-23 16:00,20.34,20440,United Kingdom
INV504849,TH-JEAN,Slim Fit Jeans,2,2026-04-16 15:00,80.3,20543,United Kingdom
INV502261,TH-SHOE,Canvas Sneakers,2,2026-02-18 08:00,45.83,20250,United Kingdom
INV503373,TH-JACK,Denim Jacket,2,2025-06-17 12:00,62.41,20373,United Kingdom
INV500997,TH-SHIRT,Oxford Shirt,1,2026-03-22 10:00,21.3,20109,United Kingdom
INV500431,TH-DRESS,Summer Dress,1,2025-08-31 18:00,101.62,20051,United Kingdom
INV501213,TH-SHIRT,Oxford Shirt,2,2026-01-18 10:00,25.28,20137,United Kingdom
INV504940,TH-SHOE,Canvas Sneakers,1,2025-09-28 17:00,49.91,20553,United Kingdom
INV504624,TH-HOOD,Fleece Hoodie,2,2026-03-26 14:00,33.8,20519,United Kingdom
INV500522,TH-HOOD,Fleece Hoodie,2,2026-02-15 19:00,47.67,20060,United Kingdom
INV500691,TH-JACK,Denim Jacket,2,2025-08-17 15:00,90.53,20078,United Kingdom
INV501021,TH-SHOE,Canvas Sneakers,2,2026-02-10 20:00,81.89,20111,United Kingdom
INV502110,TH-CAP,Logo Cap,1,2026-06-04 17:00,26.35,20234,United Kingdom
INV505185,TH-TSHIRT,Cotton Crew T-Shirt,3,2025-10-04 18:00,26.01,20581,United Kingdom
INV502220,TH-JACK,Denim Jacket,1,2025-07-18 12:00,83.14,20246,United Kingdom
INV506084,TH-HOOD,Fleece Hoodie,2,2025-05-29 18:00,71.69,20682,United Kingdom
INV505551,TH-DRESS,Summer Dress,3,2026-01-01 20:00,84.65,20626,United Kingdom
INV504824,TH-HOOD,Fleece Hoodie,2,2026-03-18 14:00,59.79,20541,United Kingdom
INV504277,TH-CAP,Logo Cap,3,2026-04-11 17:00,21.58,20482,United Kingdom
INV502687,TH-SHIRT,Oxford Shirt,1,2025-05-21 20:00,40.4,20295,United Kingdom
INV502455,TH-HOOD,Fleece Hoodie,1,2025-10-18 10:00,73.72,20271,United Kingdom
INV501692,TH-CAP,Logo Cap,2,2025-10-13 13:00,9.8,20189,United Kingdom
INV503085,TH-DRESS,Summer Dress,1,2026-02-08 15:00,89.34,20340,United Kingdom
INV504428,TH-SHOE,Canvas Sneakers,1,2026-07-03 08:00,73.7,20496,United Kingdom
INV501332,TH-SHIRT,Oxford Shirt,2,2026-07-10 13:00,47.56,20149,United Kingdom
INV502904,TH-JACK,Denim Jacket,1,2025-11-15 15:00,51.8,20322,United Kingdom
INV501578,TH-TSHIRT,Cotton Crew T-Shirt,1,2025-08-18 16:00,12.81,20174,United Kingdom
INV504039,TH-JACK,Denim Jacket,2,2025-10-08 18:00,66.59,20451,United Kingdom
INV501139,TH-SHIRT,Oxford Shirt,1,2026-01-25 08:00,59.28,20126,United Kingdom
INV502653,TH-SHIRT,Oxford Shirt,1,2026-06-05 08:00,39.51,20292,United Kingdom
INV501734,TH-TSHIRT,Cotton Crew T-Shirt,3,2026-02-27 18:00,22.92,20194,United Kingdom
INV500724,TH-JEAN,Slim Fit Jeans,3,2026-01-01 15:00,75.89,20081,United Kingdom
INV505674,TH-JEAN,Slim Fit Jeans,2,2026-05-28 14:00,76.33,20640,United Kingdom
INV500534,TH-JACK,Denim Jacket,1,2026-04-16 20:00,130.19,20061,United Kingdom
INV501847,TH-SHIRT,Oxford Shirt,1,2025-07-08 10:00,30.39,20205,United Kingdom
INV506024,TH-DRESS,Summer Dress,1,2026-06-27 15:00,100.16,20675,United Kingdom
INV504452,TH-CAP,Logo Cap,1,2025-06-03 20:00,17.2,20500,United Kingdom
INV502814,TH-SHIRT,Oxford Shirt,3,2025-08-16 12:00,55.21,20310,United Kingdom
INV503025,TH-TSHIRT,Cotton Crew T-Shirt,1,2026-01-15 09:00,23.7,20335,United Kingdom
INV504405,TH-CAP,Logo Cap,1,2026-02-08 08:00,16.37,20493,United Kingdom
INV500676,TH-HOOD,Fleece Hoodie,1,2025-08-03 08:00,56.58,20076,United Kingdom
INV501509,TH-DRESS,Summer Dress,3,2026-01-21 08:00,82.91,20167,United Kingdom
INV503375,TH-SHOE,Canvas Sneakers,1,2026-07-15 12:00,37.43,20373,United Kingdom
INV502389,TH-JACK,Denim Jacket,2,2025-11-14 16:00,72.86,20262,United Kingdom
INV503696,TH-CAP,Logo Cap,2,2025-11-28 14:00,20.33,20411,United Kingdom
INV503845,TH-JACK,Denim Jacket,2,2026-05-08 18:00,48.4,20432,United Kingdom
INV500575,TH-SHOE,Canvas Sneakers,1,2026-03-15 19:00,53.56,20065,United Kingdom
INV502209,TH-SHOE,Canvas Sneakers,1,2025-08-21 17:00,65.91,20245,United Kingdom
INV501861,TH-JEAN,Slim Fit Jeans,1,2025-12-16 12:00,68.72,20207,United Kingdom
INV503488,TH-TSHIRT,Cotton Crew T-Shirt,2,2025-09-19 14:00,18.01,20384,United Kingdom
INV501673,TH-SHIRT,Oxford Shirt,3,2026-06-21 08:00,52.06,20186,United Kingdom
INV503877,TH-SHOE,Canvas Sneakers,3,2025-10-12 11:00,91.09,20435,United Kingdom
INV500458,TH-SHOE,Canvas Sneakers,1,2025-10-02 08:00,57.96,20053,United Kingdom
INV501394,TH-JEAN,Slim Fit Jeans,1,2026-04-25 16:00,64.74,20156,United Kingdom
INV504592,TH-HOOD,Fleece Hoodie,1,2026-01-21 15:00,33.58,20514,United Kingdom
INV504738,TH-JEAN,Slim Fit Jeans,2,2026-04-09 10:00,65.54,20533,United Kingdom
INV502240,TH-SHOE,Canvas Sneakers,3,2025-07-09 13:00,70.44,20247,United Kingdom
INV504635,TH-JEAN,Slim Fit Jeans,1,2026-05-26 19:00,58.57,20521,United Kingdom
INV503872,TH-JACK,Denim Jacket,1,2026-06-11 12:00,118.75,20435,United Kingdom
INV501744,TH-SHIRT,Oxford Shirt,2,2025-05-29 18:00,40.04,20195,United Kingdom
INV504899,TH-DRESS,Summer Dress,3,2025-12-23 20:00,70.04,20548,United Kingdom
INV501350,TH-CAP,Logo Cap,1,2025-11-23 18:00,29.97,20150,United Kingdom
INV500777,TH-HOOD,Fleece Hoodie,2,2026-02-18 13:00,57.08,20085,United Kingdom
INV502609,TH-SHIRT,Oxford Shirt,3,2025-07-03 18:00,55.09,20289,United Kingdom
INV505140,TH-CAP,Logo Cap,3,2025-09-19 11:00,25.38,20576,United Kingdom
INV504983,TH-SHIRT,Oxford Shirt,2,2025-07-11 20:00,32.3,20559,United Kingdom
INV503788,TH-SHOE,Canvas Sneakers,1,2026-04-11 16:00,56.18,20425,United Kingdom
INV505498,TH-TSHIRT,Cotton Crew T-Shirt,1,2025-06-25 14:00,14.31,20618,United Kingdom
INV503896,TH-HOOD,Fleece Hoodie,3,2025-06-27 16:00,57.42,20438,United Kingdom
INV503895,TH-SHIRT,Oxford Shirt,2,2025-09-16 14:00,55.1,20438,United Kingdom
INV504074,TH-JACK,Denim Jacket,2,2025-10-21 12:00,81.43,20456,United Kingdom
INV504766,TH-SHOE,Canvas Sneakers,1,2025-11-01 17:00,76.46,20536,United Kingdom
INV502738,TH-JEAN,Slim Fit Jeans,1,2025-11-02 08:00,71.99,20301,United Kingdom
INV500216,TH-CAP,Logo Cap,2,2026-06-27 19:00,20.56,20027,United Kingdom
INV505409,TH-CAP,Logo Cap,3,2025-11-05 11:00,20.79,20609,United Kingdom
INV500351,TH-TSHIRT,Cotton Crew T-Shirt,1,2026-03-01 13:00,9.79,20041,United Kingdom
INV505591,TH-SHIRT,Oxford Shirt,2,2026-03-10 19:00,52.18,20631,United Kingdom
INV501563,TH-SHOE,Canvas Sneakers,2,2025-05-31 18:00,68.39,20173,United Kingdom
INV501532,TH-SHOE,Canvas Sneakers,1,2026-04-22 15:00,35.92,20170,United Kingdom
INV505200,TH-HOOD,Fleece Hoodie,2,2025-10-27 15:00,46.04,20582,United Kingdom
INV500752,TH-SHOE,Canvas Sneakers,2,2025-11-24 13:00,72.86,20083,United Kingdom
INV504497,TH-SHIRT,Oxford Shirt,3,2026-07-10 11:00,58.17,20504,United Kingdom
INV504784,TH-JEAN,Slim Fit Jeans,3,2026-03-03 15:00,81.07,20537,United Kingdom
INV505356,TH-DRESS,Summer Dress,1,2026-03-05 19:00,76.55,20603,United Kingdom
INV504066,TH-JEAN,Slim Fit Jeans,2,2025-12-14 14:00,51.09,20455,United Kingdom
INV500968,TH-JEAN,Slim Fit Jeans,2,2025-11-05 10:00,60.59,20106,United Kingdom
INV505158,TH-SHIRT,Oxford Shirt,2,2026-06-22 08:00,54.45,20578,United Kingdom
INV502000,TH-JACK,Denim Jacket,1,2026-05-25 08:00,109.95,20223,United Kingdom
INV501671,TH-SHOE,Canvas Sneakers,3,2025-10-24 14:00,64.83,20186,United Kingdom
INV503800,TH-JACK,Denim Jacket,1,2025-09-28 19:00,50.49,20427,United Kingdom
INV506118,TH-JEAN,Slim Fit Jeans,1,2026-04-25 08:00,85.51,20685,United Kingdom
INV501897,TH-JEAN,Slim Fit Jeans,2,2026-01-30 18:00,53.69,20211,United Kingdom
INV500052,TH-JEAN,Slim Fit Jeans,2,2025-11-22 16:00,75.4,20006,United Kingdom
INV503008,TH-SHOE,Canvas Sneakers,3,2026-01-16 09:00,70.01,20334,United Kingdom
INV503243,TH-DRESS,Summer Dress,2,2025-08-25 13:00,69.34,20358,United Kingdom
INV503224,TH-JEAN,Slim Fit Jeans,2,2026-01-12 13:00,37.42,20356,United Kingdom
INV505783,TH-SHIRT,Oxford Shirt,2,2026-03-16 13:00,30.33,20651,United Kingdom
INV500456,TH-JEAN,Slim Fit Jeans,1,2025-12-08 18:00,98.39,20052,United Kingdom
INV502554,TH-HOOD,Fleece Hoodie,1,2025-10-13 19:00,48.03,20281,United Kingdom
INV502299,TH-HOOD,Fleece Hoodie,2,2026-07-11 10:00,51.71,20253,United Kingdom
INV501606,TH-JEAN,Slim Fit Jeans,2,2025-08-13 17:00,78.08,20177,United Kingdom
INV504845,TH-JACK,Denim Jacket,2,2025-08-18 18:00,111.84,20543,United Kingdom
INV505214,TH-SHIRT,Oxford Shirt,2,2025-11-06 11:00,47.61,20583,United Kingdom
INV501144,TH-HOOD,Fleece Hoodie,2,2026-04-12 11:00,62.24,20126,United Kingdom
INV505447,TH-SHIRT,Oxford Shirt,2,2026-01-09 12:00,46.46,20613,United Kingdom
INV505500,TH-TSHIRT,Cotton Crew T-Shirt,1,2025-10-24 16:00,10.61,20619,United Kingdom
INV504137,TH-SHOE,Canvas Sneakers,2,2026-02-07 09:00,71.83,20464,United Kingdom
INV502832,TH-JACK,Denim Jacket,2,2025-09-22 17:00,78.88,20312,United Kingdom
INV501041,TH-JACK,Denim Jacket,2,2025-07-14 16:00,101.33,20112,United Kingdom
INV501125,TH-JEAN,Slim Fit Jeans,1,2025-07-18 08:00,36.16,20125,United Kingdom
INV501706,TH-TSHIRT,Cotton Crew T-Shirt,3,2025-12-21 18:00,18.84,20191,United Kingdom
INV501820,TH-SHIRT,Oxford Shirt,1,2026-04-09 08:00,58.92,20202,United Kingdom
INV505357,TH-SHOE,Canvas Sneakers,2,2026-04-25 10:00,57.63,20603,United Kingdom
INV503959,TH-CAP,Logo Cap,1,2026-02-01 09:00,32.43,20443,United Kingdom
INV503843,TH-DRESS,Summer Dress,1,2026-02-26 14:00,75.74,20431,United Kingdom
INV505271,TH-SHIRT,Oxford Shirt,2,2026-03-05 13:00,23.49,20591,United Kingdom
INV505742,TH-SHIRT,Oxford Shirt,1,2025-06-08 11:00,59.57,20647,United Kingdom
INV500244,TH-HOOD,Fleece Hoodie,1,2026-02-19 08:00,43.62,20030,United Kingdom
INV503519,TH-SHIRT,Oxford Shirt,1,2025-11-02 11:00,45.84,20388,United Kingdom
INV505787,TH-HOOD,Fleece Hoodie,2,2025-09-16 18:00,52.7,20652,United Kingdom
INV504497,TH-TSHIRT,Cotton Crew T-Shirt,3,2026-07-10 11:00,26.76,20504,United Kingdom
INV501370,TH-TSHIRT,Cotton Crew T-Shirt,2,2025-09-29 11:00,15.03,20152,United Kingdom
INV500054,TH-JACK,Denim Jacket,1,2025-05-11 13:00,104.03,20006,United Kingdom
INV501659,TH-JACK,Denim Jacket,1,2025-09-29 19:00,84.07,20184,United Kingdom
INV503210,TH-JACK,Denim Jacket,3,2025-11-05 17:00,89.49,20354,United Kingdom
INV505545,TH-JACK,Denim Jacket,3,2026-05-09 13:00,90.15,20624,United Kingdom
INV500913,TH-JEAN,Slim Fit Jeans,3,2025-07-01 13:00,96.01,20100,United Kingdom
INV500963,TH-HOOD,Fleece Hoodie,2,2026-02-18 12:00,48.96,20105,United Kingdom
INV500736,TH-CAP,Logo Cap,2,2026-04-17 13:00,14.81,20082,United Kingdom
INV503587,TH-JEAN,Slim Fit Jeans,1,2025-10-06 13:00,73.34,20396,United Kingdom
INV501913,TH-SHIRT,Oxford Shirt,1,2025-05-18 20:00,42.68,20213,United Kingdom
INV504484,TH-DRESS,Summer Dress,2,2025-11-27 15:00,76.79,20503,United Kingdom
INV505377,TH-TSHIRT,Cotton Crew T-Shirt,2,2026-01-04 18:00,18.67,20605,United Kingdom
INV503558,TH-TSHIRT,Cotton Crew T-Shirt,2,2026-03-08 15:00,12.88,20393,United Kingdom
INV500637,TH-DRESS,Summer Dress,2,2026-02-13 11:00,45.29,20071,United Kingdom
INV503919,TH-JEAN,Slim Fit Jeans,2,2025-05-12 19:00,72.67,20440,United Kingdom
INV505024,TH-JACK,Denim Jacket,3,2025-11-26 17:00,104.5,20564,United Kingdom
INV500753,TH-TSHIRT,Cotton Crew T-Shirt,1,2025-09-26 20:00,24.43,20083,United Kingdom
INV500355,TH-JEAN,Slim Fit Jeans,1,2026-03-21 19:00,43.39,20042,United Kingdom
INV500317,TH-CAP,Logo Cap,3,2026-03-24 09:00,22.15,20037,United Kingdom
INV501913,TH-TSHIRT,Cotton Crew T-Shirt,2,2025-05-18 20:00,17.93,20213,United Kingdom
INV500356,TH-CAP,Logo Cap,2,2026-07-15 09:00,14.8,20042,United Kingdom
INV501543,TH-CAP,Logo Cap,1,2025-06-20 08:00,29.94,20172,United Kingdom
INV505621,TH-SHOE,Canvas Sneakers,3,2025-10-06 10:00,69.26,20633,United Kingdom
INV500191,TH-DRESS,Summer Dress,1,2026-01-18 14:00,46.95,20023,United Kingdom
INV505021,TH-HOOD,Fleece Hoodie,2,2025-12-20 20:00,63.06,20564,United Kingdom
INV503692,TH-DRESS,Summer Dress,1,2025-05-30 15:00,77.59,20411,United Kingdom
INV502529,TH-SHIRT,Oxford Shirt,2,2025-12-25 09:00,56.13,20279,United Kingdom
INV505655,TH-HOOD,Fleece Hoodie,1,2026-03-25 17:00,43.24,20637,United Kingdom
INV502283,TH-TSHIRT,Cotton Crew T-Shirt,1,2025-11-07 16:00,17.85,20252,United Kingdom
INV503829,TH-TSHIRT,Cotton Crew T-Shirt,2,2026-06-21 18:00,18.44,20430,United Kingdom
INV505411,TH-TSHIRT,Cotton Crew T-Shirt,3,2025-11-08 20:00,20.97,20609,United Kingdom
INV501943,TH-CAP,Logo Cap,2,2026-06-06 16:00,13.44,20216,United Kingdom
INV500943,TH-CAP,Logo Cap,1,2026-03-04 16:00,17.35,20103,United Kingdom
INV504853,TH-TSHIRT,Cotton Crew T-Shirt,1,2026-01-05 19:00,25.51,20543,United Kingdom
INV502738,TH-JACK,Denim Jacket,3,2025-11-02 08:00,110.26,20301,United Kingdom
INV502126,TH-SHIRT,Oxford Shirt,2,2025-11-28 17:00,62.57,20234,United Kingdom
INV503450,TH-CAP,Logo Cap,1,2025-08-07 10:00,18.3,20381,United Kingdom
INV500675,TH-CAP,Logo Cap,3,2026-04-23 11:00,20.78,20076,United Kingdom
INV504977,TH-JACK,Denim Jacket,1,2025-06-20 14:00,63.5,20558,United Kingdom
INV504217,TH-JACK,Denim Jacket,1,2026-07-02 08:00,76.84,20475,United Kingdom
INV503543,TH-CAP,Logo Cap,2,2025-06-13 08:00,16.31,20391,United Kingdom
INV504482,TH-CAP,Logo Cap,1,2026-04-15 12:00,19.57,20503,United Kingdom
INV501971,TH-JACK,Denim Jacket,1,2025-05-18 19:00,110.27,20219,United Kingdom
INV506079,TH-CAP,Logo Cap,2,2025-09-06 12:00,29.8,20682,United Kingdom
INV501337,TH-TSHIRT,Cotton Crew T-Shirt,2,2025-07-16 17:00,21.96,20149,United Kingdom
INV502994,TH-CAP,Logo Cap,3,2025-10-29 12:00,25.36,20333,United Kingdom
INV502599,TH-SHOE,Canvas Sneakers,2,2026-03-07 16:00,38.48,20287,United Kingdom
INV505597,TH-SHIRT,Oxford Shirt,3,2026-01-29 08:00,52.43,20631,United Kingdom
INV500091,TH-JEAN,Slim Fit Jeans,2,2025-06-07 11:00,47.57,20012,United Kingdom
INV505294,TH-HOOD,Fleece Hoodie,1,2026-06-17 18:00,44.26,20595,United Kingdom
INV503022,TH-HOOD,Fleece Hoodie,3,2025-07-28 13:00,62.71,20335,United Kingdom
INV505967,TH-SHOE,Canvas Sneakers,2,2025-11-05 08:00,26.52,20670,United Kingdom
INV502438,TH-JEAN,Slim Fit Jeans,3,2025-10-11 15:00,79.19,20268,United Kingdom
INV501176,TH-JEAN,Slim Fit Jeans,1,2025-08-29 17:00,79.44,20131,United Kingdom
INV505187,TH-JEAN,Slim Fit Jeans,1,2026-06-20 13:00,92.19,20581,United Kingdom
INV503341,TH-HOOD,Fleece Hoodie,2,2026-02-14 16:00,45.1,20369,United Kingdom
INV500199,TH-SHIRT,Oxford Shirt,2,2026-06-11 20:00,23.08,20024,United Kingdom
INV500742,TH-SHIRT,Oxford Shirt,2,2025-05-24 09:00,33.09,20082,United Kingdom
INV500502,TH-SHOE,Canvas Sneakers,1,2026-04-14 17:00,67.04,20058,United Kingdom
INV504774,TH-DRESS,Summer Dress,1,2025-10-25 10:00,90.01,20537,United Kingdom
INV501204,TH-HOOD,Fleece Hoodie,2,2026-01-07 17:00,28.38,20134,United Kingdom
INV504078,TH-JEAN,Slim Fit Jeans,2,2026-03-04 09:00,29.32,20457,United Kingdom
INV502753,TH-CAP,Logo Cap,1,2026-04-12 20:00,21.36,20303,United Kingdom
INV502663,TH-HOOD,Fleece Hoodie,1,2025-08-30 12:00,38.94,20293,United Kingdom
INV502339,TH-DRESS,Summer Dress,1,2026-04-29 08:00,67.28,20257,United Kingdom
INV500731,TH-DRESS,Summer Dress,3,2025-06-09 13:00,75.96,20081,United Kingdom
INV503908,TH-SHOE,Canvas Sneakers,1,2026-03-24 18:00,31.67,20439,United Kingdom
INV500294,TH-TSHIRT,Cotton Crew T-Shirt,2,2025-12-02 13:00,16.29,20035,United Kingdom
INV506221,TH-JACK,Denim Jacket,2,2026-02-20 17:00,107.13,20694,United Kingdom
INV501431,TH-TSHIRT,Cotton Crew T-Shirt,2,2025-08-24 09:00,21.07,20159,United Kingdom
INV505472,TH-HOOD,Fleece Hoodie,3,2025-10-13 12:00,61.35,20616,United Kingdom
INV504335,TH-SHIRT,Oxford Shirt,1,2026-06-19 15:00,24.99,20487,United Kingdom
INV506131,TH-SHIRT,Oxford Shirt,1,2025-05-18 17:00,57.48,20685,United Kingdom
INV500555,TH-CAP,Logo Cap,1,2025-12-15 19:00,20.12,20063,United Kingdom
INV506211,TH-HOOD,Fleece Hoodie,1,2025-12-20 13:00,52.9,20693,United Kingdom
INV501333,TH-TSHIRT,Cotton Crew T-Shirt,2,2025-05-19 11:00,22.35,20149,United Kingdom
INV504255,TH-SHOE,Canvas Sneakers,2,2025-06-03 14:00,67.27,20479,United Kingdom
INV501452,TH-HOOD,Fleece Hoodie,1,2026-04-07 12:00,39.59,20162,United Kingdom
INV502866,TH-SHIRT,Oxford Shirt,2,2026-03-26 10:00,33.36,20316,United Kingdom
INV500304,TH-JACK,Denim Jacket,2,2025-11-06 19:00,110.85,20036,United Kingdom
INV500038,TH-JEAN,Slim Fit Jeans,2,2025-08-02 18:00,59.85,20005,United Kingdom
INV505404,TH-JEAN,Slim Fit Jeans,1,2025-08-07 15:00,69.75,20609,United Kingdom
INV500619,TH-JACK,Denim Jacket,3,2025-06-16 11:00,113.52,20069,United Kingdom
INV501104,TH-JEAN,Slim Fit Jeans,2,2025-08-20 19:00,39.98,20121,United Kingdom
INV501037,TH-JEAN,Slim Fit Jeans,1,2026-06-30 19:00,73.73,20112,United Kingdom
INV500266,TH-HOOD,Fleece Hoodie,2,2025-11-20 17:00,37.28,20032,United Kingdom
INV504076,TH-SHIRT,Oxford Shirt,1,2026-01-15 20:00,34.25,20456,United Kingdom
INV504664,TH-TSHIRT,Cotton Crew T-Shirt,1,2026-06-21 18:00,19.68,20524,United Kingdom
INV500142,TH-JACK,Denim Jacket,1,2026-01-31 19:00,92.73,20018,United Kingdom
INV505938,TH-SHOE,Canvas Sneakers,2,2026-01-06 12:00,75.02,20668,United Kingdom
INV500185,TH-DRESS,Summer Dress,2,2026-02-19 09:00,100.63,20022,United Kingdom
INV500485,TH-HOOD,Fleece Hoodie,3,2025-06-23 16:00,50.46,20056,United Kingdom
INV502033,TH-HOOD,Fleece Hoodie,1,2025-09-04 10:00,58.47,20226,United Kingdom
INV502953,TH-JACK,Denim Jacket,3,2025-06-27 19:00,109.24,20328,United Kingdom
INV503984,TH-JACK,Denim Jacket,2,2026-05-02 11:00,65.62,20445,United Kingdom
INV500151,TH-TSHIRT,Cotton Crew T-Shirt,1,2025-08-06 10:00,12.71,20019,United Kingdom
INV506041,TH-JACK,Denim Jacket,1,2025-07-25 09:00,120.12,20678,United Kingdom
INV504253,TH-SHOE,Canvas Sneakers,3,2025-09-21 10:00,72.62,20479,United Kingdom
INV502032,TH-SHIRT,Oxford Shirt,3,2025-09-07 14:00,48.47,20225,United Kingdom
INV502406,TH-SHOE,Canvas Sneakers,1,2025-09-26 14:00,25.93,20264,United Kingdom
INV503198,TH-CAP,Logo Cap,2,2026-01-09 11:00,24.25,20353,United Kingdom
INV500836,TH-JEAN,Slim Fit Jeans,2,2025-10-09 13:00,81.64,20093,United Kingdom
INV505977,TH-SHOE,Canvas Sneakers,2,2025-07-05 12:00,58.87,20671,United Kingdom
INV504812,TH-SHIRT,Oxford Shirt,2,2026-07-10 15:00,30.36,20540,United Kingdom
INV502861,TH-SHIRT,Oxford Shirt,3,2025-10-14 19:00,55.97,20315,United Kingdom
INV505612,TH-JEAN,Slim Fit Jeans,2,2025-12-02 13:00,86.18,20633,United Kingdom
INV505649,TH-JACK,Denim Jacket,2,2026-04-02 10:00,80.08,20637,United Kingdom
INV501328,TH-HOOD,Fleece Hoodie,3,2026-05-16 20:00,54.8,20148,United Kingdom
INV505791,TH-JACK,Denim Jacket,2,2026-07-02 12:00,101.07,20652,United Kingdom
INV501951,TH-HOOD,Fleece Hoodie,1,2025-06-10 09:00,53.5,20218,United Kingdom
INV502827,TH-CAP,Logo Cap,2,2025-05-21 08:00,19.54,20312,United Kingdom
INV506215,TH-JACK,Denim Jacket,1,2025-11-07 16:00,90.5,20694,United Kingdom
INV501763,TH-JEAN,Slim Fit Jeans,3,2026-05-30 12:00,96.5,20196,United Kingdom
INV503130,TH-SHOE,Canvas Sneakers,2,2025-08-24 18:00,63.34,20344,United Kingdom
INV505842,TH-SHOE,Canvas Sneakers,2,2025-10-25 17:00,45.58,20657,United Kingdom
INV501136,TH-HOOD,Fleece Hoodie,3,2025-12-26 10:00,63.27,20126,United Kingdom
INV500426,TH-SHOE,Canvas Sneakers,3,2025-12-14 14:00,89.46,20051,United Kingdom
INV500906,TH-DRESS,Summer Dress,3,2025-10-12 14:00,108.23,20100,United Kingdom
INV501078,TH-JEAN,Slim Fit Jeans,2,2025-05-13 08:00,29.65,20116,United Kingdom
INV504395,TH-CAP,Logo Cap,1,2025-08-20 19:00,17.92,20492,United Kingdom
INV501767,TH-CAP,Logo Cap,1,2026-04-06 11:00,10.39,20197,United Kingdom
INV502376,TH-JACK,Denim Jacket,1,2025-06-30 13:00,82.46,20261,United Kingdom
INV504999,TH-JACK,Denim Jacket,1,2026-01-02 15:00,109.92,20561,United Kingdom
INV505856,TH-CAP,Logo Cap,1,2026-06-29 09:00,14.31,20659,United Kingdom
INV502451,TH-DRESS,Summer Dress,2,2025-11-21 08:00,109.25,20271,United Kingdom
INV505734,TH-HOOD,Fleece Hoodie,1,2026-05-27 18:00,55.95,20646,United Kingdom
INV503670,TH-JACK,Denim Jacket,2,2026-01-20 14:00,107.38,20407,United Kingdom
INV503289,TH-JEAN,Slim Fit Jeans,1,2025-12-06 20:00,53.62,20364,United Kingdom
INV504570,TH-HOOD,Fleece Hoodie,2,2026-06-17 12:00,66.63,20512,United Kingdom
INV502536,TH-HOOD,Fleece Hoodie,2,2025-12-01 09:00,59.5,20279,United Kingdom
INV500340,TH-JEAN,Slim Fit Jeans,2,2026-03-18 08:00,34.25,20039,United Kingdom
INV501883,TH-DRESS,Summer Dress,2,2025-07-02 11:00,73.37,20209,United Kingdom
INV504610,TH-JACK,Denim Jacket,1,2026-04-30 18:00,64.69,20517,United Kingdom
INV502779,TH-JEAN,Slim Fit Jeans,2,2026-03-15 20:00,55.54,20307,United Kingdom
INV505738,TH-SHIRT,Oxford Shirt,2,2025-12-28 14:00,47.7,20646,United Kingdom
INV501963,TH-SHIRT,Oxford Shirt,3,2026-05-13 13:00,49.11,20218,United Kingdom
INV503535,TH-JEAN,Slim Fit Jeans,2,2026-01-18 15:00,44.45,20390,United Kingdom
INV501676,TH-HOOD,Fleece Hoodie,1,2025-06-24 14:00,63.07,20186,United Kingdom
INV504760,TH-CAP,Logo Cap,3,2026-05-14 08:00,27.74,20536,United Kingdom
INV500516,TH-DRESS,Summer Dress,1,2025-12-31 19:00,38.59,20059,United Kingdom
INV500664,TH-SHOE,Canvas Sneakers,2,2026-05-28 15:00,47.71,20074,United Kingdom
INV505305,TH-DRESS,Summer Dress,1,2026-03-15 09:00,67.95,20596,United Kingdom
INV503707,TH-TSHIRT,Cotton Crew T-Shirt,3,2026-05-10 15:00,21.39,20412,United Kingdom
INV501270,TH-SHIRT,Oxford Shirt,2,2026-04-16 14:00,54.58,20142,United Kingdom
INV505641,TH-JACK,Denim Jacket,1,2026-03-19 11:00,67.47,20636,United Kingdom
INV503441,TH-CAP,Logo Cap,2,2025-10-11 18:00,21.3,20381,United Kingdom
INV505968,TH-JEAN,Slim Fit Jeans,1,2025-08-26 15:00,30.78,20670,United Kingdom
INV504152,TH-JEAN,Slim Fit Jeans,2,2026-03-23 14:00,35.56,20466,United Kingdom
INV504818,TH-SHIRT,Oxford Shirt,2,2025-06-16 10:00,52.78,20541,United Kingdom
INV502343,TH-JACK,Denim Jacket,3,2026-01-02 10:00,98.47,20258,United Kingdom
INV502384,TH-CAP,Logo Cap,2,2026-03-01 14:00,19.48,20261,United Kingdom
INV503949,TH-CAP,Logo Cap,2,2025-08-17 18:00,29.01,20443,United Kingdom
INV505491,TH-DRESS,Summer Dress,3,2025-10-28 12:00,71.69,20617,United Kingdom
INV505819,TH-JACK,Denim Jacket,1,2026-05-18 15:00,62.49,20655,United Kingdom
INV501563,TH-JACK,Denim Jacket,2,2025-05-31 18:00,91.47,20173,United Kingdom
INV501450,TH-SHIRT,Oxford Shirt,2,2026-03-08 19:00,41.51,20161,United Kingdom
INV505526,TH-DRESS,Summer Dress,2,2025-11-11 10:00,66.5,20621,United Kingdom
INV504131,TH-HOOD,Fleece Hoodie,2,2026-05-08 16:00,65.47,20464,United Kingdom
INV501874,TH-JACK,Denim Jacket,1,2025-11-17 13:00,68.82,20208,United Kingdom
INV504130,TH-JEAN,Slim Fit Jeans,2,2026-07-13 08:00,83.58,20464,United Kingdom
INV504003,TH-SHIRT,Oxford Shirt,2,2025-08-26 10:00,65.7,20448,United Kingdom
INV504501,TH-JACK,Denim Jacket,1,2025-08-21 13:00,130.44,20504,United Kingdom
INV502052,TH-SHOE,Canvas Sneakers,2,2025-06-18 17:00,49.96,20227,United Kingdom
INV504278,TH-JEAN,Slim Fit Jeans,2,2026-05-07 10:00,67.54,20482,United Kingdom
INV505829,TH-HOOD,Fleece Hoodie,2,2025-10-06 10:00,67.05,20656,United Kingdom
INV502918,TH-JACK,Denim Jacket,2,2026-04-04 10:00,72.64,20324,United Kingdom
INV505353,TH-DRESS,Summer Dress,1,2026-04-21 11:00,77.24,20602,United Kingdom
INV505343,TH-TSHIRT,Cotton Crew T-Shirt,3,2026-06-12 19:00,20.19,20602,United Kingdom
INV501720,TH-DRESS,Summer Dress,3,2026-02-12 15:00,87.88,20192,United Kingdom
INV502260,TH-JEAN,Slim Fit Jeans,2,2025-11-28 12:00,49.9,20250,United Kingdom
INV500466,TH-HOOD,Fleece Hoodie,2,2026-05-08 17:00,43.17,20053,United Kingdom
INV503773,TH-JACK,Denim Jacket,2,2026-04-13 18:00,69.51,20422,United Kingdom
INV502933,TH-DRESS,Summer Dress,1,2026-07-05 12:00,64.86,20326,United Kingdom
INV504472,TH-TSHIRT,Cotton Crew T-Shirt,1,2025-07-09 17:00,23.38,20501,United Kingdom
INV502942,TH-JEAN,Slim Fit Jeans,1,2025-10-14 17:00,71.02,20328,United Kingdom
INV503940,TH-SHIRT,Oxford Shirt,1,2026-05-29 09:00,54.23,20442,United Kingdom
INV502521,TH-JEAN,Slim Fit Jeans,2,2025-08-25 09:00,59.1,20278,United Kingdom
INV505634,TH-CAP,Logo Cap,1,2025-08-07 18:00,12.83,20635,United Kingdom
INV502880,TH-TSHIRT,Cotton Crew T-Shirt,2,2026-06-19 14:00,20.68,20318,United Kingdom
INV503063,TH-SHOE,Canvas Sneakers,2,2026-04-08 12:00,66.96,20338,United Kingdom
INV501231,TH-HOOD,Fleece Hoodie,2,2025-08-28 14:00,46.1,20139,United Kingdom
INV502733,TH-TSHIRT,Cotton Crew T-Shirt,1,2025-09-05 18:00,22.65,20300,United Kingdom
INV502767,TH-SHIRT,Oxford Shirt,2,2026-06-30 17:00,36.62,20305,United Kingdom
INV505075,TH-DRESS,Summer Dress,1,2026-01-27 12:00,68.55,20569,United Kingdom
INV503447,TH-SHOE,Canvas Sneakers,1,2026-03-19 14:00,53.69,20381,United Kingdom
INV505860,TH-DRESS,Summer Dress,2,2025-06-07 20:00,97.61,20660,United Kingdom
INV501786,TH-TSHIRT,Cotton Crew T-Shirt,1,2026-01-10 13:00,22.39,20199,United Kingdom
INV502956,TH-DRESS,Summer Dress,2,2025-05-17 10:00,58.0,20329,United Kingdom
INV501107,TH-TSHIRT,Cotton Crew T-Shirt,2,2025-05-19 19:00,10.26,20122,United Kingdom
INV501980,TH-JEAN,Slim Fit Jeans,3,2025-10-06 12:00,74.93,20220,United Kingdom
INV502517,TH-SHIRT,Oxford Shirt,1,2025-12-31 16:00,39.05,20278,United Kingdom
INV505068,TH-DRESS,Summer Dress,2,2025-09-24 08:00,104.01,20568,United Kingdom
INV505628,TH-JACK,Denim Jacket,2,2026-02-19 08:00,47.82,20634,United Kingdom
INV501482,TH-HOOD,Fleece Hoodie,2,2026-04-13 15:00,43.46,20165,United Kingdom
INV504282,TH-SHOE,Canvas Sneakers,2,2025-10-23 08:00,60.21,20482,United Kingdom
INV500883,TH-HOOD,Fleece Hoodie,2,2026-01-11 20:00,51.47,20097,United Kingdom
INV501215,TH-CAP,Logo Cap,2,2025-11-10 15:00,13.48,20137,United Kingdom
INV501526,TH-SHOE,Canvas Sneakers,2,2025-05-30 16:00,40.0,20169,United Kingdom
INV504420,TH-TSHIRT,Cotton Crew T-Shirt,2,2025-07-19 14:00,22.37,20496,United Kingdom
INV502804,TH-HOOD,Fleece Hoodie,2,2026-07-13 17:00,68.71,20310,United Kingdom
INV506173,TH-CAP,Logo Cap,2,2025-08-09 13:00,22.54,20689,United Kingdom
INV501502,TH-SHOE,Canvas Sneakers,1,2026-03-30 09:00,75.7,20167,United Kingdom
INV505086,TH-JEAN,Slim Fit Jeans,3,2026-06-28 19:00,81.01,20570,United Kingdom
INV501833,TH-TSHIRT,Cotton Crew T-Shirt,3,2025-06-18 08:00,19.89,20203,United Kingdom
INV501773,TH-CAP,Logo Cap,3,2025-12-06 14:00,29.43,20198,United Kingdom
INV506070,TH-CAP,Logo Cap,1,2025-11-17 18:00,25.42,20681,United Kingdom
INV503554,TH-JACK,Denim Jacket,2,2026-05-07 18:00,67.06,20393,United Kingdom
INV500990,TH-HOOD,Fleece Hoodie,1,2025-07-07 20:00,43.28,20108,United Kingdom
INV500360,TH-JEAN,Slim Fit Jeans,2,2025-07-12 08:00,52.24,20042,United Kingdom
INV505427,TH-JACK,Denim Jacket,2,2026-06-06 14:00,119.3,20610,United Kingdom
INV501358,TH-CAP,Logo Cap,2,2025-09-19 19:00,17.2,20151,United Kingdom
INV504761,TH-HOOD,Fleece Hoodie,1,2026-01-04 14:00,69.98,20536,United Kingdom
INV501465,TH-SHIRT,Oxford Shirt,1,2026-04-06 14:00,42.01,20163,United Kingdom
INV500477,TH-HOOD,Fleece Hoodie,1,2025-12-22 15:00,28.52,20055,United Kingdom
INV500204,TH-SHOE,Canvas Sneakers,1,2026-05-09 15:00,32.45,20025,United Kingdom
INV505550,TH-SHIRT,Oxford Shirt,2,2025-05-18 10:00,26.28,20625,United Kingdom
INV502715,TH-DRESS,Summer Dress,2,2025-06-05 18:00,52.16,20299,United Kingdom
INV506209,TH-TSHIRT,Cotton Crew T-Shirt,2,2025-11-25 16:00,21.03,20693,United Kingdom
INV502671,TH-DRESS,Summer Dress,1,2026-06-22 13:00,102.62,20294,United Kingdom
INV505730,TH-HOOD,Fleece Hoodie,3,2025-05-12 20:00,59.53,20646,United Kingdom
INV501226,TH-JACK,Denim Jacket,2,2026-05-11 12:00,91.31,20138,United Kingdom
INV500891,TH-DRESS,Summer Dress,2,2026-03-30 15:00,85.69,20099,United Kingdom
INV500729,TH-DRESS,Summer Dress,3,2025-09-04 14:00,80.43,20081,United Kingdom
INV500900,TH-JACK,Denim Jacket,2,2026-07-04 14:00,119.46,20100,United Kingdom
INV504051,TH-HOOD,Fleece Hoodie,2,2025-09-02 16:00,52.45,20453,United Kingdom
INV504316,TH-JACK,Denim Jacket,1,2025-10-21 15:00,94.04,20485,United Kingdom
INV504380,TH-TSHIRT,Cotton Crew T-Shirt,1,2026-01-01 10:00,28.56,20491,United Kingdom
INV501543,TH-JEAN,Slim Fit Jeans,3,2025-06-20 08:00,83.16,20172,United Kingdom
INV504550,TH-JACK,Denim Jacket,3,2026-04-27 08:00,97.42,20509,United Kingdom
INV500187,TH-SHIRT,Oxford Shirt,3,2026-01-05 19:00,52.13,20022,United Kingdom
INV501511,TH-HOOD,Fleece Hoodie,3,2026-03-02 14:00,62.85,20167,United Kingdom
INV504458,TH-TSHIRT,Cotton Crew T-Shirt,2,2025-06-27 12:00,17.91,20500,United Kingdom
INV502004,TH-HOOD,Fleece Hoodie,3,2026-02-20 17:00,67.12,20223,United Kingdom
INV501515,TH-SHOE,Canvas Sneakers,1,2025-09-15 18:00,34.07,20168,United Kingdom
INV501786,TH-SHIRT,Oxford Shirt,2,2026-01-10 13:00,49.0,20199,United Kingdom
INV505244,TH-TSHIRT,Cotton Crew T-Shirt,2,2026-01-26 18:00,19.98,20587,United Kingdom
INV504206,TH-DRESS,Summer Dress,1,2025-10-08 19:00,75.74,20474,United Kingdom
INV504980,TH-HOOD,Fleece Hoodie,1,2025-10-13 20:00,39.53,20558,United Kingdom
INV504683,TH-JACK,Denim Jacket,1,2026-02-15 12:00,57.18,20526,United Kingdom
INV505964,TH-HOOD,Fleece Hoodie,2,2026-05-17 13:00,24.48,20670,United Kingdom
INV502040,TH-TSHIRT,Cotton Crew T-Shirt,1,2026-03-22 19:00,21.37,20226,United Kingdom
INV504530,TH-HOOD,Fleece Hoodie,2,2025-05-13 09:00,37.4,20507,United Kingdom
INV502896,TH-JACK,Denim Jacket,1,2025-05-17 20:00,66.82,20321,United Kingdom
INV504736,TH-TSHIRT,Cotton Crew T-Shirt,2,2025-08-23 09:00,18.37,20533,United Kingdom
INV503342,TH-SHOE,Canvas Sneakers,1,2025-06-02 08:00,53.08,20369,United Kingdom
INV500936,TH-SHIRT,Oxford Shirt,2,2026-02-28 15:00,44.82,20102,United Kingdom
INV500474,TH-TSHIRT,Cotton Crew T-Shirt,1,2026-02-07 14:00,18.25,20054,United Kingdom
INV504444,TH-JACK,Denim Jacket,1,2025-10-16 18:00,97.43,20498,United Kingdom
INV506249,TH-HOOD,Fleece Hoodie,2,2026-02-20 13:00,39.88,20698,United Kingdom
INV505497,TH-HOOD,Fleece Hoodie,3,2025-09-22 15:00,55.31,20617,United Kingdom
INV504379,TH-TSHIRT,Cotton Crew T-Shirt,1,2025-07-10 18:00,26.51,20491,United Kingdom
